####
#
# OBJ File Generated by Meshlab
#
####
# Object optimized.obj
#
# Vertices: 4534
# Faces: 9220
#
####
vn -0.8987407957252705 -0.4334878051176920 -0.0659795795178574
v -0.3411647100000000 0.0807692300000000 -0.0807692300000000
vn -0.9458512783042543 -0.3211641283397065 -0.0471058594869541
v -0.3436532000000000 0.0807692300000000 -0.0484615400000000
vn -0.9642690832194879 -0.2645931871101364 -0.0132506785467217
v -0.3443855600000000 0.0807692300000000 -0.0161538500000000
vn -0.9697208298683597 -0.2442140450825586 -0.0010061331094060
v -0.3440242700000000 0.0807692300000000 0.0161538500000000
vn -0.9706717554583280 -0.2401980427316384 0.0100619790964719
v -0.3442061200000000 0.0807692300000000 0.0484615400000000
vn -0.9649890918187495 -0.2563662262942040 0.0554293305614823
v -0.3430970000000000 0.0807692300000000 0.0807692300000000
vn -0.9404244864076732 -0.3246122587224635 0.1011368718715607
v -0.3395756800000000 0.0807692300000000 0.1130769300000000
vn -0.9705829819004274 0.1885962352259700 -0.1496667474887633
v -0.3438770200000000 0.1130769300000000 -0.2099999900000000
vn -0.9900413779446833 0.0671145502144743 -0.1237485640599577
v -0.3484615700000000 0.1130769300000000 -0.1776923100000000
vn -0.9906281109507685 0.0971597326584322 -0.0959996465819222
v -0.3516949400000000 0.1130769300000000 -0.1453846100000000
vn -0.9977476570548357 0.0247910635262696 -0.0623298966052606
v -0.3543077100000000 0.1130769300000000 -0.1130769300000000
vn -0.9905031536075172 0.1346901558730918 -0.0276055176449493
v -0.3553846200000000 0.1130769300000000 -0.0807692300000000
vn -0.9881167438833152 0.1535971491330839 -0.0057633528109988
v -0.3554862400000000 0.1130769300000000 -0.0484615400000000
vn -0.9915312752161326 0.1266057273699668 -0.0289261139006195
v -0.3553846200000000 0.1130769300000000 -0.0161538500000000
vn -0.9969116614964544 0.0783241041342076 0.0056985861362667
v -0.3554352800000000 0.1130769300000000 0.0161538500000000
vn -0.9957611196771751 0.0909510645658765 0.0137002333407985
v -0.3552829900000000 0.1130769300000000 0.0484615400000000
vn -0.9937010222960238 0.0983627160562517 0.0536940814045126
v -0.3552829900000000 0.1130769300000000 0.0807692300000000
vn -0.9661228463455599 0.2452517224399706 0.0803631657501194
v -0.3538356100000000 0.1130769300000000 0.1130769300000000
vn -0.9936850340945553 0.0631362109489751 0.0927570584026296
v -0.3510256700000000 0.1130769300000000 0.1453846100000000
vn -0.9847819686654165 0.1255315629117090 0.1201927656076282
v -0.3476620900000000 0.1130769300000000 0.1776923100000000
vn -0.9874114111530021 0.0901756953165642 0.1299501792958020
v -0.3433874200000000 0.1130769300000000 0.2099999900000000
vn -0.9899172236430995 -0.0700743022896499 0.1230994821002772
v -0.3394275300000000 0.1130769300000000 0.2423076900000000
vn -0.9041882201899107 -0.4251398781948604 -0.0412279812537633
v -0.3090784800000000 -0.0807692300000000 0.0161538500000000
vn -0.8923465566363190 -0.4504328118351436 0.0287733362957944
v -0.3076357800000000 -0.0807692300000000 0.0484615400000000
vn -0.8632618446540822 -0.4957446960766315 -0.0949535880118251
v -0.3072277900000000 -0.0484615400000000 -0.0807692300000000
vn -0.8986483711082356 -0.4190339947588002 -0.1297752531918034
v -0.3124124400000000 -0.0484615400000000 -0.0484615400000000
vn -0.9361253108976106 -0.3354698565028739 -0.1054958656763053
v -0.3173272300000000 -0.0484615400000000 -0.0161538500000000
vn -0.9522949549416881 -0.3046507082872216 -0.0179517334177624
v -0.3195384700000000 -0.0484615400000000 0.0161538500000000
vn -0.9492365023339278 -0.3144637027605495 0.0079146878002833
v -0.3190464100000000 -0.0484615400000000 0.0484615400000000
vn -0.9453969631155881 -0.3255679125111257 0.0151695904681510
v -0.3187179600000000 -0.0484615400000000 0.0807692300000000
vn -0.9476644892067521 -0.3181481977722008 0.0267159156834721
v -0.3185538600000000 -0.0484615400000000 0.1130769300000000
vn -0.9452892205871865 -0.3195715557991476 0.0655919977267199
v -0.3169975300000000 -0.0484615400000000 0.1453846100000000
vn -0.9307805280853249 -0.3503544027067237 0.1044001965573759
v -0.3137665700000000 -0.0484615400000000 0.1776923100000000
vn -0.9113901303242169 -0.3992706358682956 0.0997546474152150
v -0.3093939400000000 -0.0484615400000000 0.2099999900000000
vn -0.8873137517360075 -0.4274222183156978 -0.1731604841476795
v -0.3078366800000000 -0.0161538500000000 -0.2423076900000000
vn -0.8915354354733662 -0.4317309987510316 -0.1370142766749227
v -0.3138291200000000 -0.0161538500000000 -0.2099999900000000
vn -0.9328334352752735 -0.3499954135198593 -0.0855861703056915
v -0.3176923400000000 -0.0161538500000000 -0.1776923100000000
vn -0.9509076697894046 -0.3055201772558390 -0.0493155637222719
v -0.3192073700000000 -0.0161538500000000 -0.1453846100000000
vn -0.9456323262635430 -0.3212517063293823 -0.0507626309982122
v -0.3207030600000000 -0.0161538500000000 -0.1130769300000000
vn -0.9527352124679813 -0.2927345845756094 -0.0812531717346220
v -0.3227935100000000 -0.0161538500000000 -0.0807692300000000
vn -0.9609377695652457 -0.2629557940337928 -0.0863299102688551
v -0.3254176400000000 -0.0161538500000000 -0.0484615400000000
vn -0.9631695225535818 -0.2593998442739973 -0.0708250775822467
v -0.3275999700000000 -0.0161538500000000 -0.0161538500000000
vn -0.9618703405956940 -0.2721774422108258 -0.0269237410828495
v -0.3292523600000000 -0.0161538500000000 0.0161538500000000
vn -0.9600083518269454 -0.2799191794591939 0.0054053115916899
v -0.3295455900000000 -0.0161538500000000 0.0484615400000000
vn -0.9645156953151878 -0.2622560939426427 0.0305158103383740
v -0.3286425800000000 -0.0161538500000000 0.0807692300000000
vn -0.9739860210021823 -0.2190371497022200 0.0580857808991472
v -0.3274766800000000 -0.0161538500000000 0.1130769300000000
vn -0.9785710357354732 -0.1941029799025052 0.0687223487125598
v -0.3257202500000000 -0.0161538500000000 0.1453847400000000
vn -0.9761339462520334 -0.2042561510269891 0.0737695312583194
v -0.3239271300000000 -0.0161538500000000 0.1776923100000000
vn -0.9782207619065005 -0.1986960250521974 0.0600335789664624
v -0.3217079300000000 -0.0161538500000000 0.2099999900000000
vn -0.9619342795282889 -0.2663603577501446 0.0611113875444409
v -0.3198703500000000 -0.0161538500000000 0.2423076900000000
vn -0.9565643720287629 -0.2801422389699688 0.0806531345337036
v -0.3178261200000000 -0.0161538500000000 0.2746153800000000
vn -0.9217343203711301 -0.3490213242228075 0.1690856525188608
v -0.3137351600000000 -0.0161538500000000 0.3069230900000000
vn -0.9556000609346970 -0.2322467740427709 -0.1813558917938138
v -0.3116062900000000 0.0161538500000000 -0.2746153800000000
vn -0.9697669462666357 -0.1955475258734953 -0.1459905306978467
v -0.3172340400000000 0.0161538500000000 -0.2423076900000000
vn -0.9858342359695513 -0.1404634438662794 -0.0916563152628113
v -0.3214058600000000 0.0161538500000000 -0.2099999900000000
vn -0.9933581194216982 -0.1050756112030761 -0.0468909640473213
v -0.3232298200000000 0.0161538500000000 -0.1776923100000000
vn -0.9933432549733351 -0.1050913975497763 -0.0471696508362611
v -0.3245654700000000 0.0161538500000000 -0.1453846100000000
vn -0.9939213063015510 -0.0970059228729784 -0.0520604245793317
v -0.3262473000000000 0.0161538500000000 -0.1130769300000000
vn -0.9923251092149801 -0.0962606680615523 -0.0776193365458732
v -0.3283278000000000 0.0161538500000000 -0.0807692300000000
vn -0.9846989637812974 -0.1337080623799500 -0.1117591373563644
v -0.3313062500000000 0.0161538500000000 -0.0484615400000000
vn -0.9817794485698877 -0.1651912550153384 -0.0939199852654607
v -0.3356809600000000 0.0161538500000000 -0.0161538500000000
vn -0.9871114894668602 -0.1569983028040899 -0.0310232216114355
v -0.3376923200000000 0.0161538500000000 0.0161538500000000
vn -0.9894452249809841 -0.1437232149829516 0.0184874075330789
v -0.3381452900000000 0.0161538500000000 0.0484615400000000
vn -0.9902673486328220 -0.1159789435143230 0.0769380458097463
v -0.3363294300000000 0.0161538500000000 0.0807692300000000
vn -0.9914176798773318 -0.0734897141351041 0.1081214407182465
v -0.3322005000000000 0.0161538500000000 0.1130769300000000
vn -0.9950709518776657 -0.0547602686920718 0.0826747464589288
v -0.3289198000000000 0.0161538500000000 0.1453846100000000
vn -0.9964820397179756 -0.0520292451724344 0.0657000925896573
v -0.3266153900000000 0.0161538500000000 0.1776923100000000
vn -0.9969603507919077 -0.0609540364113991 0.0485248842763600
v -0.3248096700000000 0.0161538500000000 0.2099999900000000
vn -0.9966549177754804 -0.0733790432055837 0.0359790340640699
v -0.3236519700000000 0.0161538500000000 0.2423076900000000
vn -0.9942768636470691 -0.0918521036362117 0.0545592290428487
v -0.3230262700000000 0.0161538500000000 0.2746153800000000
vn -0.9920058977550661 -0.0894185778436054 0.0890427804799054
v -0.3208676000000000 0.0161538500000000 0.3069230900000000
vn -0.9585570398078636 -0.1966372305502768 0.2061606194119119
v -0.3167558600000000 0.0161538500000000 0.3392307800000000
vn -0.8841329877145256 -0.2920199917096221 0.3647371443613860
v -0.3075176800000000 0.0161538500000000 0.3715384600000000
vn -0.9502454872963818 -0.2609708318744934 -0.1700815650903902
v -0.3120242700000000 0.0484615400000000 -0.3069230900000000
vn -0.9753282619263128 -0.1771912701872759 -0.1316739733478773
v -0.3172340400000000 0.0484615400000000 -0.2746153800000000
vn -0.9893446101086762 -0.1153710398456313 -0.0888074637282765
v -0.3209001100000000 0.0484615400000000 -0.2423076900000000
vn -0.9949930729608253 -0.0820542346420360 -0.0570603832556648
v -0.3231275700000000 0.0484615400000000 -0.2099999900000000
vn -0.9954920137596812 -0.0826878497956976 -0.0464582612336997
v -0.3244459000000000 0.0484615400000000 -0.1776923100000000
vn -0.9936860627137807 -0.1007776961889304 -0.0493139404148140
v -0.3261195100000000 0.0484615400000000 -0.1453846100000000
vn -0.9877392653789852 -0.1417956835522900 -0.0653079455695993
v -0.3266710900000000 0.0484615400000000 -0.1130769300000000
vn -0.9678183247242864 -0.2229765746699140 -0.1166582079253225
v -0.3290959300000000 0.0484615400000000 -0.0807692300000000
vn -0.9399408119566885 -0.3261268005783898 -0.1007600117244163
v -0.3392307800000000 0.0755809000000000 -0.0807692300000000
vn -0.9683416129464185 -0.2096852057602270 -0.1354497512792842
v -0.3342236600000000 0.0484615400000000 -0.0484615400000000
vn -0.9621983743223300 -0.2589609042916823 -0.0843417956881361
v -0.3392307800000000 0.0630914700000000 -0.0484615400000000
vn -0.9822028983422246 -0.1723290300370388 -0.0747005481547954
v -0.3383328600000000 0.0484615400000000 -0.0161538500000000
vn -0.9793762269742922 -0.1993598057935809 -0.0328309894999429
v -0.3392307800000000 0.0519590800000000 -0.0161538500000000
vn -0.9915075219160134 -0.1292294877041434 -0.0145799002634037
v -0.3391992200000000 0.0484615400000000 0.0161538500000000
vn -0.9852378358840072 -0.1710550402753075 -0.0068249497442117
v -0.3392307800000000 0.0486169500000000 0.0161538500000000
vn -0.9936094622061248 -0.1088596569559810 0.0298297117297772
v -0.3391958800000000 0.0484615400000000 0.0484615400000000
vn -0.9845662132276525 -0.1714243842577703 0.0352569461582400
v -0.3392307800000000 0.0486522000000000 0.0484615400000000
vn -0.9897503087461739 -0.1037643552760835 0.0981187286454117
v -0.3372071100000000 0.0484615400000000 0.0807692300000000
vn -0.9743809265972295 -0.1969938322688696 0.1085137776116415
v -0.3392307800000000 0.0590644700000000 0.0807692300000000
vn -0.9859495567281374 -0.1207393951254510 0.1154359998108455
v -0.3326406500000000 0.0484615400000000 0.1130769300000000
vn -0.9651977054220284 -0.2312939954546233 0.1220511250037786
v -0.3392307800000000 0.0794637100000000 0.1130769300000000
vn -0.9925902228686008 -0.0900866948350011 0.0815416266661819
v -0.3294961500000000 0.0484615400000000 0.1453846100000000
vn -0.9932334507513609 -0.0920756300598238 0.0707770489468886
v -0.3271548700000000 0.0484615400000000 0.1776923100000000
vn -0.9959820085032829 -0.0733044718927971 0.0514421338815225
v -0.3254840700000000 0.0484615400000000 0.2099999900000000
vn -0.9976174712474225 -0.0574513767744213 0.0381931979365669
v -0.3240965900000000 0.0484615400000000 0.2423076900000000
vn -0.9977570058640532 -0.0426157044213421 0.0516222721881965
v -0.3230769300000000 0.0484615400000000 0.2746153800000000
vn -0.9952573704619507 -0.0458982105639540 0.0857678308469459
v -0.3210931100000000 0.0484615400000000 0.3069230900000000
vn -0.9835084528821292 -0.0888563294558202 0.1575299204120899
v -0.3176473400000000 0.0484615400000000 0.3392307800000000
vn -0.9326598041451275 -0.1990353427075037 0.3008830704530897
v -0.3106122000000000 0.0484615400000000 0.3715384600000000
vn -0.8666274162193494 -0.4407745409703785 -0.2338262720254656
v -0.3096711600000000 0.0807692300000000 -0.3715384600000000
vn -0.9341094521320717 -0.3203175401234528 -0.1575950663148469
v -0.3171400700000000 0.0807692300000000 -0.3392307800000000
vn -0.9665815952343005 -0.2350539135538485 -0.1023214419236497
v -0.3203993100000000 0.0807692300000000 -0.3069230900000000
vn -0.9736673815580170 -0.2128181771344646 -0.0817328182012498
v -0.3232307400000000 0.0807692300000000 -0.2746153800000000
vn -0.9691395352557040 -0.2346572810446882 -0.0755282838218406
v -0.3246978800000000 0.0807692300000000 -0.2423076900000000
vn -0.9496322018230592 -0.3030935083732653 -0.0795801887574658
v -0.3269020000000000 0.0807692300000000 -0.2099999900000000
vn -0.8566350562441557 -0.5018964124520255 -0.1194837712049577
v -0.3392307800000000 0.1060958900000000 -0.2099999900000000
vn -0.9379056633171639 -0.3359676124666200 -0.0863639397611635
v -0.3286311600000000 0.0807692300000000 -0.1776923100000000
vn -0.8327720902423721 -0.5376697455171869 -0.1319162251917241
v -0.3392307800000000 0.0967315600000000 -0.1776922500000000
vn -0.8853321183081174 -0.4510405458956054 -0.1129135343980325
v -0.3321448600000000 0.0807692300000000 -0.1453846100000000
vn -0.7782979539837730 -0.6151745595472358 -0.1257479865068903
v -0.3392307200000000 0.0878826300000000 -0.1453845500000000
vn -0.7785736032425711 -0.6130922240845258 -0.1339442761037931
v -0.3370787500000000 0.0807692300000000 -0.1130769300000000
vn -0.7239357184908829 -0.6827998205097391 -0.0984960943639774
v -0.3392307800000000 0.0818900100000000 -0.1130769300000000
vn -0.8298829156368734 -0.5477874163208462 -0.1059400436783655
v -0.3392307800000000 0.0807692300000000 -0.1023961000000000
vn -0.9237163565248648 -0.3706071354834191 0.0969455714161483
v -0.3392307800000000 0.0807692300000000 0.1160358900000000
vn -0.9498483299295910 -0.2962247997672407 0.1001949007326483
v -0.3360533400000000 0.0807692300000000 0.1453846100000000
vn -0.8854671396491998 -0.4533641426044318 0.1020240109092620
v -0.3392307200000000 0.0858392400000000 0.1453846100000000
vn -0.9459541227921843 -0.3098185398604346 0.0958293792697088
v -0.3320469300000000 0.0807692300000000 0.1776923100000000
vn -0.8965217454209258 -0.4274555342575931 0.1163207901450662
v -0.3392307800000000 0.0952247800000000 0.1776923100000000
vn -0.9632630667965221 -0.2583646685921788 0.0732936707295570
v -0.3293007600000000 0.0807692300000000 0.2099999900000000
vn -0.9015703415485392 -0.4200483458241649 0.1035871923088614
v -0.3392307800000000 0.1050107300000000 0.2099999900000000
vn -0.9690628263336529 -0.2384249853490576 0.0638025468107196
v -0.3273145000000000 0.0807692300000000 0.2423076900000000
vn -0.8948599411133714 -0.4350943229876235 0.0995922481647786
v -0.3392307800000000 0.1127417000000000 0.2423076900000000
vn -0.9838280064724245 -0.1701189082334656 0.0560536416475212
v -0.3254507800000000 0.0807692300000000 0.2746152600000000
vn -0.9800902718277105 -0.1874250663697840 0.0655355137689972
v -0.3237062700000000 0.0807692300000000 0.3069230900000000
vn -0.9756943499593445 -0.1991574535819625 0.0914157762104580
v -0.3226627100000000 0.0807692300000000 0.3392307800000000
vn -0.9646284364475224 -0.2199078303011785 0.1453703056646587
v -0.3197609800000000 0.0807692300000000 0.3715384600000000
vn -0.8837824106245287 -0.3564687564331231 0.3030819631019301
v -0.3117531200000000 0.0807692300000000 0.4038461400000000
vn -0.9506938072640588 0.1564270463753483 -0.2677907093086931
v -0.3170927500000000 0.1130769300000000 -0.4038461400000000
vn -0.9668299556173418 0.2230942691161727 -0.1243735663575255
v -0.3229746800000000 0.1130769300000000 -0.3715384600000000
vn -0.9511466829806717 0.2999536587966788 -0.0731285855828705
v -0.3253517200000000 0.1130769300000000 -0.3392307200000000
vn -0.9393893065012461 0.3317568499322044 -0.0865166073893838
v -0.3285065000000000 0.1130769300000000 -0.3069230900000000
vn -0.9344940257631006 0.3409148429481900 -0.1024596782675232
v -0.3325450100000000 0.1130769300000000 -0.2746153800000000
vn -0.9519122670907292 0.2546392035979723 -0.1703581866338635
v -0.3382933100000000 0.1130769300000000 -0.2423076900000000
vn -0.9854040916414514 -0.0383572858418769 -0.1658538356479307
v -0.3392307800000000 0.1130770400000000 -0.2374280200000000
vn -0.5310661584540994 0.8406211500910244 -0.1064181251688293
v -0.3392308400000000 0.1187938500000000 -0.2099999900000000
vn -0.4724816173664215 0.8758018576803099 -0.0986520518515892
v -0.3392307800000000 0.1246931700000000 -0.1776923700000000
vn -0.3994444552127775 0.9133271136194707 -0.0792320057003102
v -0.3392307800000000 0.1287625600000000 -0.1453846100000000
vn -0.3522066257886270 0.9341731802920578 -0.0571923244291812
v -0.3392307800000000 0.1320416000000000 -0.1130769300000000
vn -0.3369902932942306 0.9410298774063895 -0.0300052004489904
v -0.3392307800000000 0.1336246700000000 -0.0807692300000000
vn -0.3457745773713071 0.9381492358087707 -0.0177750666697357
v -0.3392307800000000 0.1341758100000000 -0.0484615400000000
vn -0.3562901782640052 0.9239845630517209 -0.1389598363367051
v -0.3392307800000000 0.1346604100000000 -0.0161538500000000
vn -0.4161063714378266 0.9058254117964492 -0.0795978077125161
v -0.3392307800000000 0.1438576300000000 0.0161538500000000
vn -0.4734944346226206 0.8798103273548671 0.0416750316271808
v -0.3392307800000000 0.1417142900000000 0.0484615400000000
vn -0.4773640047562941 0.8705167225859065 0.1196839281663357
v -0.3392307800000000 0.1394914500000000 0.0807692300000000
vn -0.4659296117903067 0.8738418575990550 0.1389604431655543
v -0.3392307800000000 0.1327749000000000 0.1130769300000000
vn -0.4829126780544428 0.8709459148555593 0.0908215765702128
v -0.3392307800000000 0.1258886300000000 0.1453846100000000
vn -0.5324530425233465 0.8429950917201341 0.0765051164523907
v -0.3392307800000000 0.1231618600000000 0.1776923100000000
vn -0.6060037631198693 0.7896570233362812 0.0959230138196321
v -0.3392307800000000 0.1184853700000000 0.2099999900000000
vn -0.6714018394013959 0.7353506848939769 0.0920811613435739
v -0.3392307800000000 0.1133501500000000 0.2423076900000000
vn -0.9392277966677454 0.3206803039264245 0.1225368868557880
v -0.3392307800000000 0.1130769300000000 0.2439765300000000
vn -0.9889835515249614 0.1232568740482986 0.0819712011191476
v -0.3359637000000000 0.1130769300000000 0.2746155000000000
vn -0.9446380209672839 0.3201180691550499 0.0719960494989555
v -0.3320164400000000 0.1130769300000000 0.3069230900000000
vn -0.9540689217834187 0.2919722222518858 0.0671171656159604
v -0.3287341900000000 0.1130769300000000 0.3392307800000000
vn -0.9740822371875165 0.2070974385579565 0.0909639826442107
v -0.3260330000000000 0.1130769300000000 0.3715383400000000
vn -0.9818084390325228 0.1471547170711201 0.1199903258110402
v -0.3227682700000000 0.1130769300000000 0.4038461400000000
vn -0.9091420071356376 -0.2234908203746701 0.3514436854883598
v -0.3155187400000000 0.1130769300000000 0.4361538600000000
vn -0.8222107522624835 -0.5625019229991238 -0.0869543873893004
v -0.2766272100000000 -0.1130769300000000 -0.1776923100000000
vn -0.8261972200618487 -0.5620040192205179 -0.0393654155580362
v -0.2784031600000000 -0.1130769300000000 -0.1453846100000000
vn -0.8331893989475826 -0.5507993696480746 -0.0491475317452410
v -0.2798413000000000 -0.1130769300000000 -0.1130769300000000
vn -0.8485298890836086 -0.5235245270705877 -0.0769356671984858
v -0.2831565100000000 -0.1130769300000000 -0.0807692300000000
vn -0.8567159618314132 -0.5080737290522265 -0.0888754554994875
v -0.2858671200000000 -0.1130769300000000 -0.0484615400000000
vn -0.8416903674051518 -0.5287547857143902 -0.1094335506209593
v -0.2895637200000000 -0.1130769300000000 -0.0161538500000000
vn -0.8437139805887075 -0.5351545073302305 -0.0419090949949550
v -0.2929315600000000 -0.1130769300000000 0.0161538500000000
vn -0.8571819536297810 -0.5150072769108656 0.0025696498374653
v -0.3069230900000000 -0.0838121300000000 0.0161538500000000
vn -0.8436087441110750 -0.5361203078903409 0.0299883698606769
v -0.2910308200000000 -0.1130769300000000 0.0484615400000000
vn -0.7913053215228198 -0.6104651294504174 0.0341791435637575
v -0.3069230900000000 -0.0817013200000000 0.0484615400000000
vn -0.8261128553640879 -0.5632664685854415 0.0163840034631223
v -0.2907082700000000 -0.1130769300000000 0.0807692300000000
vn -0.8473120808827893 -0.5295263862205162 0.0407926940311392
v -0.2894757100000000 -0.1130769300000000 0.1130769300000000
vn -0.8536469032036553 -0.5183012000510953 0.0514862183152332
v -0.2877461000000000 -0.1130769300000000 0.1453846100000000
vn -0.8595533590651514 -0.5058650916228788 0.0725846540061433
v -0.2858241800000000 -0.1130769300000000 0.1776923100000000
vn -0.8580560246392616 -0.5052616706963218 0.0919266158706419
v -0.2831565100000000 -0.1130769300000000 0.2099999900000000
vn -0.8442903505568993 -0.5276614430580275 0.0935264960662388
v -0.2790940700000000 -0.1130769300000000 0.2423076900000000
vn -0.8980837792621879 -0.4111380690667705 -0.1562402431839928
v -0.2806833100000000 -0.0807692300000000 -0.2746153800000000
vn -0.9205432283211521 -0.3733913542916588 -0.1148000929107301
v -0.2855184100000000 -0.0807692300000000 -0.2423076900000000
vn -0.9374540779463487 -0.3350182345710338 -0.0945655024132426
v -0.2890364800000000 -0.0807692300000000 -0.2099999900000000
vn -0.9537461573193238 -0.2951734741994940 -0.0569287934847068
v -0.2910778800000000 -0.0807692300000000 -0.1776923100000000
vn -0.9428004210629914 -0.3298229124586051 -0.0484170678662953
v -0.2921978200000000 -0.0807692300000000 -0.1453845500000000
vn -0.9414199473570830 -0.3344770452808457 -0.0430533262174037
v -0.2927530400000000 -0.0807692300000000 -0.1130769300000000
vn -0.9346063552579154 -0.3454145677306386 -0.0848512646397879
v -0.2947601700000000 -0.0807692300000000 -0.0807692300000000
vn -0.8991909109125237 -0.4226138637059482 -0.1133720774081346
v -0.3069230900000000 -0.0489662200000000 -0.0807692300000000
vn -0.9146169294980221 -0.3786163471379396 -0.1418644915245997
v -0.2985747800000000 -0.0807692300000000 -0.0484615400000000
vn -0.9022337680292293 -0.3937399858186690 -0.1759063711048959
v -0.3069230900000000 -0.0604172000000000 -0.0484615400000000
vn -0.8834043906815295 -0.4412552459605338 -0.1577672032993687
v -0.3056714800000000 -0.0807692300000000 -0.0161538500000000
vn -0.9031397816975943 -0.4046299190945211 -0.1435728501102589
v -0.3069230900000000 -0.0784624100000000 -0.0161538500000000
vn -0.8765826557001043 -0.4732659684289109 -0.0873050448301662
v -0.3069230900000000 -0.0807692300000000 -0.0052288800000000
vn -0.8224708745900317 -0.5662588823773507 0.0537823259060286
v -0.3069230900000000 -0.0807692300000000 0.0702197800000000
vn -0.9857427776238581 0.0056652610023944 0.1681638521804725
v -0.3061350600000000 -0.0807692300000000 0.0807692300000000
vn -0.0370704986933284 -0.9678740439990291 0.2486877823287534
v -0.3069231500000000 -0.0801662000000000 0.0807691100000000
vn -0.9825746634138868 0.1844280380070187 0.0230939302408377
v -0.3037693800000000 -0.0807691700000000 0.1130769300000000
vn -0.2126458370829902 -0.9762545899537006 0.0413367096611020
v -0.3069230900000000 -0.0780000000000000 0.1130770400000000
vn -0.9617300274700655 -0.2485520556012181 -0.1153136154963329
v -0.3012323400000000 -0.0807692300000000 0.1453846100000000
vn -0.7822250002882239 -0.6202790594956007 -0.0581200247362384
v -0.3069230900000000 -0.0728288600000000 0.1453846100000000
vn -0.9020965838508886 -0.4169724181163923 0.1111564480123630
v -0.2969752000000000 -0.0807692300000000 0.1776923100000000
vn -0.8810501813531036 -0.4548685521230788 0.1297889757534014
v -0.3069230900000000 -0.0627100900000000 0.1776923100000000
vn -0.9191168456785761 -0.3819682352143277 0.0965634054759703
v -0.2933372600000000 -0.0807691700000000 0.2099999900000000
vn -0.8214341739745893 -0.5533287776933401 0.1381056175652473
v -0.3069230900000000 -0.0529558200000000 0.2099999900000000
vn -0.9329016519790154 -0.3590609629497649 0.0277440555869481
v -0.2920118300000000 -0.0807692300000000 0.2423078100000000
vn -0.9248701455884020 -0.3658355472648873 0.1038246895333116
v -0.2914153900000000 -0.0807692300000000 0.2746153800000000
vn -0.8996111658151600 -0.3884000280315520 0.1996125461131603
v -0.2870414000000000 -0.0807692300000000 0.3069230900000000
vn -0.8058733742458635 -0.4857677307656518 0.3385229924663548
v -0.2749108100000000 -0.0807692300000000 0.3392307800000000
vn -0.8792599838084671 -0.4283442864196227 -0.2083819885805835
v -0.2818297100000000 -0.0484615400000000 -0.3392307800000000
vn -0.9315649790126107 -0.3394459735655163 -0.1302425464561904
v -0.2862874600000000 -0.0484615400000000 -0.3069230900000000
vn -0.9556121142700597 -0.2786324337948220 -0.0957572655096242
v -0.2894002500000000 -0.0484615400000000 -0.2746153800000000
vn -0.9443390928717452 -0.3140979867130142 -0.0978066072256902
v -0.2914532400000000 -0.0484615400000000 -0.2423076900000000
vn -0.8249586071319568 -0.5504763746065937 -0.1281368702555305
v -0.3069230900000000 -0.0171457800000000 -0.2423076900000000
vn -0.9405061877703593 -0.3267995165986924 -0.0930063799775400
v -0.2941682900000000 -0.0484615400000000 -0.2099999900000000
vn -0.8356915664207443 -0.5317375567916724 -0.1373855032762400
v -0.3069230900000000 -0.0260509600000000 -0.2099999900000000
vn -0.9048758771382289 -0.4087756090552703 -0.1187524669841173
v -0.2975941300000000 -0.0484615400000000 -0.1776923100000000
vn -0.8446591844431297 -0.5228024244176245 -0.1150151605612114
v -0.3069230900000000 -0.0364254000000000 -0.1776923100000000
vn -0.8916179705256030 -0.4472382747161873 -0.0706775796465411
v -0.3027664100000000 -0.0484615400000000 -0.1453846100000000
vn -0.8520424934959375 -0.5207526058785447 -0.0532945846022871
v -0.3069230900000000 -0.0422875000000000 -0.1453846800000000
vn -0.8640669096605331 -0.4999846958599162 -0.0583410621737638
v -0.3032277800000000 -0.0484614800000000 -0.1130769300000000
vn -0.8060008253235742 -0.5884879249882093 -0.0635974191362275
v -0.3069230900000000 -0.0447250900000000 -0.1130769300000000
vn -0.8488795918605306 -0.5210358252239625 -0.0890230720424964
v -0.3069230900000000 -0.0484615400000000 -0.0836498700000000
vn 0.8399394416277639 -0.0753683856857681 0.5374210089279738
v -0.2797165800000000 -0.0484615400000000 0.0807692300000000
vn 0.9881076137203773 -0.1404467612665551 -0.0625943364655054
v -0.2793783200000000 -0.0484615400000000 0.1130769300000000
vn -0.7436091860647520 -0.5225439615449788 0.4171249053377137
v -0.3069230900000000 -0.0484615400000000 0.2337408800000000
vn -0.9955965890518772 0.0009350182898167 0.0937366396296840
v -0.3039684300000000 -0.0484615400000000 0.2423076900000000
vn -0.1892013854107428 -0.9765651517268809 0.1025833329118811
v -0.3069230000000000 -0.0470796000000000 0.2423076900000000
vn -0.9777012585832456 0.2000349762728371 0.0639238393110320
v -0.2977996200000000 -0.0484615400000000 0.2746153800000000
vn -0.2387421463444736 -0.9558538054635796 0.1713058380196871
v -0.3069230900000000 -0.0393783300000000 0.2746153800000000
vn -0.9691631589711249 -0.2378929033453090 0.0642630362731922
v -0.2957574100000000 -0.0484614800000000 0.3069230900000000
vn -0.7180871291496207 -0.6841959637056109 0.1273842933748366
v -0.3069230900000000 -0.0270077000000000 0.3069230900000000
vn -0.8888311118697233 -0.3822391183406899 0.2527301149102801
v -0.2884944700000000 -0.0484615400000000 0.3392307800000000
vn -0.8274990113849010 -0.4433120151290444 0.3445574602286785
v -0.2773318000000000 -0.0484615400000000 0.3715384600000000
vn -0.8185084595698154 -0.4861751312070424 -0.3060680372212409
v -0.2785012100000000 -0.0161538500000000 -0.4038461400000000
vn -0.9063019694484415 -0.3660371325432097 -0.2112665562113912
v -0.2881600300000000 -0.0161538500000000 -0.3715384600000000
vn -0.9647244980085871 -0.2311324541751120 -0.1260334541662238
v -0.2932612300000000 -0.0161538500000000 -0.3392307800000000
vn -0.9601401475739846 -0.2510187584774868 -0.1229653606062628
v -0.2966121100000000 -0.0161538500000000 -0.3069230900000000
vn -0.9269002729656728 -0.3343851314308474 -0.1704185079565491
v -0.3009061800000000 -0.0161538500000000 -0.2746153800000000
vn -0.9294581940310888 -0.3109443423141887 -0.1985474289213129
v -0.3069230900000000 0.0011093200000000 -0.2746153800000000
vn -0.8786342336705528 -0.4456003220963954 -0.1715874015472843
v -0.3069230900000000 -0.0161538500000000 -0.2465119200000000
vn 0.8894357450870350 0.4563156293422319 0.0260787610801154
v -0.2752654900000000 -0.0161538500000000 -0.0807692300000000
vn 0.9052204747348271 0.4209144288181971 0.0583689620732197
v -0.2754333600000000 -0.0161538500000000 -0.0484615400000000
vn 0.9273542251721648 0.3597596047221813 0.1028939641838807
v -0.2809144000000000 -0.0161538500000000 -0.0161538500000000
vn 0.9298467995022298 0.3141010826993301 -0.1916388251439899
v -0.2825111400000000 -0.0161538500000000 0.0161538500000000
vn 0.9366055247816060 0.1918627292430347 0.2931872849834833
v -0.2880227900000000 -0.0161538500000000 0.0807692300000000
vn 0.9902821859208798 0.1382622195553243 -0.0149916940803691
v -0.2877777800000000 -0.0161538500000000 0.1130769300000000
vn 0.9694075279632400 0.2361421048326741 -0.0669772428022712
v -0.2865316000000000 -0.0161538500000000 0.1453846100000000
vn 0.9704014214052636 0.2391511204826968 -0.0335830747031068
v -0.2852491400000000 -0.0161538500000000 0.1776923100000000
vn 0.9902923543468901 0.1020341855481937 0.0943932089803607
v -0.2848951200000000 -0.0161538500000000 0.2099999900000000
vn 0.9568713957597969 -0.2773175167863829 -0.0865570728486844
v -0.2819858800000000 -0.0161538500000000 0.2423076900000000
vn 0.9742332106354132 -0.1707303885280290 -0.1473797330981526
v -0.2747318400000000 -0.0161538500000000 0.2746153800000000
vn -0.8422149075040382 -0.4585521182630240 0.2835559987276909
v -0.3069230900000000 -0.0161538500000000 0.3284196900000000
vn -0.8487869359584193 -0.4497055743343359 0.2780748707793343
v -0.3027004900000000 -0.0161538500000000 0.3392307800000000
vn -0.8454387070596775 -0.4379182561166653 0.3057139080333106
v -0.3069230900000000 -0.0085623800000000 0.3392307800000000
vn -0.8697035628390178 -0.4026988891939519 0.2853932680128869
v -0.2921954100000000 -0.0161538500000000 0.3715384600000000
vn -0.8017055920589033 -0.4749249195068826 0.3629248744476800
v -0.3069230900000000 0.0154053800000000 0.3715384600000000
vn -0.8606706913173851 -0.4231584234505917 0.2831658697125490
v -0.2826828100000000 -0.0161538500000000 0.4038461400000000
vn -0.8804136128552457 -0.2636190021909053 -0.3941787563822345
v -0.2817380400000000 0.0161538500000000 -0.4361538600000000
vn -0.9655586124300101 -0.1732354111037762 -0.1941289733706414
v -0.2904079600000000 0.0161538500000000 -0.4038461400000000
vn -0.9919175206171508 -0.0747762282907169 -0.1025092579981860
v -0.2934664800000000 0.0161538500000000 -0.3715384600000000
vn -0.9774051122623845 -0.1251340078144922 -0.1703547082168208
v -0.2974653200000000 0.0161538500000000 -0.3392307800000000
vn -0.9248748040693509 -0.2796890284962424 -0.2576444141379900
v -0.3038967000000000 0.0161538500000000 -0.3069230900000000
vn -0.9401332733155495 -0.2477218023284664 -0.2340584052242655
v -0.3069230900000000 0.0253501900000000 -0.3069230900000000
vn -0.9258360861626760 -0.2973524005277880 -0.2332575646347620
v -0.3069230900000000 0.0161538500000000 -0.2970498800000000
vn 0.9598533284713628 0.2803796943316925 -0.0082954703852673
v -0.2785596800000000 0.0161538500000000 -0.1776923100000000
vn 0.9334615739528094 0.2865612011708412 0.2157131612513906
v -0.2867307700000000 0.0161538500000000 -0.1130769300000000
vn 0.9646735356284770 0.2625134892379954 0.0221729029706611
v -0.2870795400000000 0.0161538500000000 -0.0807692300000000
vn 0.9658299840056274 0.2530146744102838 0.0561784347303070
v -0.2879534100000000 0.0161538500000000 -0.0484615400000000
vn 0.9830489512832835 0.1819507771768953 0.0225538037936066
v -0.2899748100000000 0.0161538500000000 -0.0161538500000000
vn 0.9533685908090592 0.1812063173093809 -0.2413557553196539
v -0.2898629000000000 0.0161538500000000 0.0161538500000000
vn 0.9730010276605975 0.1181992815554674 0.1982370550911019
v -0.2895098000000000 0.0161538500000000 0.0807692300000000
vn 0.9997088789690267 0.0142883129838338 -0.0194422586796850
v -0.2900301200000000 0.0161538500000000 0.1130769300000000
vn 0.9993866490443324 -0.0009680706583617 -0.0350055502905018
v -0.2892806800000000 0.0161538500000000 0.1453846100000000
vn 0.9993855570603809 -0.0098752773423834 -0.0336301536797452
v -0.2879881600000000 0.0161538500000000 0.1776923100000000
vn 0.9990936645368694 -0.0090915074297133 -0.0415835781883295
v -0.2869260600000000 0.0161538500000000 0.2099999900000000
vn 0.9970777427788221 0.0340569054193933 -0.0683820301566396
v -0.2859950100000000 0.0161538500000000 0.2423076900000000
vn 0.9976607884678179 0.0530630809500845 -0.0430959463738385
v -0.2845400000000000 0.0161538500000000 0.2746153800000000
vn 0.9631177192481722 0.2244864955735629 -0.1483579191526344
v -0.2830241900000000 0.0161538500000000 0.3069230900000000
vn -0.8729613692064133 -0.2037426964616131 0.4432012652416678
v -0.3069230900000000 0.0161538500000000 0.3725225600000000
vn -0.9304980227989288 -0.2280419188143994 0.2866536461144898
v -0.2947997500000000 0.0161538500000000 0.4038461400000000
vn -0.9381843597668383 -0.2243953799748438 0.2635466192817377
v -0.2881600300000000 0.0161538500000000 0.4361538600000000
vn -0.9224934831518691 -0.1958697114432957 -0.3326271631744048
v -0.2854740000000000 0.0484615400000000 -0.4361538600000000
vn -0.9857268811097684 -0.1152706495683550 -0.1226996055645579
v -0.2918390600000000 0.0484615400000000 -0.4038461400000000
vn -0.9896818082709801 -0.1263506684869576 -0.0675679432155672
v -0.2927076800000000 0.0484615400000000 -0.3715384600000000
vn -0.7864401893240750 -0.5949858451087862 -0.1658423128640475
v -0.3069230900000000 0.0755385100000000 -0.3715384600000000
vn -0.9370799290557327 0.2280211268152927 -0.2643625773190811
v -0.3024929500000000 0.0484615400000000 -0.3392308400000000
vn -0.2617623612382595 -0.8902908962339534 -0.3726427059824396
v -0.3069230900000000 0.0523921600000000 -0.3392307800000000
vn -0.7739403780539892 -0.2665370663945985 -0.5744338808387002
v -0.3069230000000000 0.0484615400000000 -0.3310033100000000
vn 0.9332470561458842 0.3293787718160124 0.1433860414127402
v -0.2799954100000000 0.0484615400000000 -0.2423076900000000
vn 0.9626134520246613 0.2524178470424135 0.0982882112749934
v -0.2834798400000000 0.0484615400000000 -0.2099999900000000
vn 0.9768034637213557 0.2133389126481501 0.0184797622297162
v -0.2863284900000000 0.0484615400000000 -0.1776923100000000
vn 0.9569746415802476 0.2866501793711426 0.0450689476119463
v -0.2841176400000000 0.0484615400000000 -0.1453846100000000
vn 0.9768568562889542 0.1859705069159785 0.1056676529439133
v -0.2914500200000000 0.0484615400000000 -0.1130769300000000
vn 0.9796624927219212 0.1957573490479631 0.0440506600130533
v -0.2932612300000000 0.0484615400000000 -0.0807692300000000
vn 0.9817463230742347 0.1900743529284301 0.0067747685612802
v -0.2934468400000000 0.0484615400000000 -0.0484615400000000
vn 0.9873735064025442 0.1568695696307432 -0.0220339959655656
v -0.2925517000000000 0.0484615400000000 -0.0161538500000000
vn 0.9866145749084537 0.1381182692645129 -0.0866892396643717
v -0.2920118300000000 0.0484615400000000 0.0161538500000000
vn 0.9755508411656312 0.1934128646368247 -0.1043648412733274
v -0.2869260600000000 0.0484615400000000 0.0484615400000000
vn 0.9994798894834029 0.0297303840865990 0.0124921887716996
v -0.2897427400000000 0.0484615400000000 0.0807692300000000
vn 0.9991372604367477 0.0063759295674739 -0.0410375721638278
v -0.2876708200000000 0.0484615400000000 0.1130769300000000
vn 0.9990884227168140 0.0188132872185684 -0.0383194965684610
v -0.2862461800000000 0.0484615400000000 0.1453846100000000
vn 0.9988274173638207 0.0350054179611436 -0.0334426529403002
v -0.2847850600000000 0.0484615400000000 0.1776923100000000
vn 0.9985298095555158 0.0408842050391636 -0.0355907460913793
v -0.2836120100000000 0.0484615400000000 0.2099999900000000
vn 0.9984620270763440 0.0381969757112566 -0.0401817313354202
v -0.2822489400000000 0.0484615400000000 0.2423076900000000
vn 0.9987000974049830 0.0468786493594209 -0.0200126879132687
v -0.2812055100000000 0.0484615400000000 0.2746153800000000
vn 0.9986884974084911 0.0511600133223213 -0.0019844850289233
v -0.2818783500000000 0.0484615400000000 0.3069230900000000
vn 0.9486330549765644 0.1535379219586227 -0.2766250775444239
v -0.2821668100000000 0.0484615400000000 0.3392307800000000
vn -0.8417123553654586 -0.3103917360117384 0.4417887289652724
v -0.3069230900000000 0.0484615400000000 0.3793663100000000
vn -0.9340708040965678 -0.1768100080057071 0.3102417670195506
v -0.2917124900000000 0.0484615400000000 0.4038461400000000
vn -0.7978908130125263 -0.4350661763118355 0.4172381487107917
v -0.3069230900000000 0.0709592500000000 0.4038461400000000
vn -0.9733267678605884 -0.1177066735939958 0.1969267426163774
v -0.2898688000000000 0.0484615400000000 0.4361538600000000
vn -0.8947171275635933 -0.1905975227375152 0.4039230693717245
v -0.2783637900000000 0.0484615400000000 0.4684615400000000
vn -0.8694292392002089 -0.3553732233793453 -0.3432239358330361
v -0.2821602500000000 0.0807692300000000 -0.4684615400000000
vn -0.9399718631012092 -0.2413462298277723 -0.2412569044109656
v -0.2921440300000000 0.0807692300000000 -0.4361538600000000
vn -0.8845979988043589 -0.3856809151035538 -0.2621766813357149
v -0.2989210200000000 0.0807692300000000 -0.4038461400000000
vn -0.8152296416617304 -0.4859803330375239 -0.3149980115124918
v -0.3069230900000000 0.0933295300000000 -0.4038461400000000
vn -0.8305610789109592 -0.4790746306395364 -0.2839996346403549
v -0.3069230900000000 0.0807692300000000 -0.3793368600000000
vn 0.9182214973686923 -0.3886614277854847 0.0762336954485676
v -0.2761612800000000 0.0807692300000000 -0.3392307800000000
vn 0.9991035722378064 -0.0159809984158953 -0.0392002503982495
v -0.2821375700000000 0.0807692300000000 -0.3069230900000000
vn 0.9727681733267312 0.1914875926738952 0.1305931958967659
v -0.2856521300000000 0.0807692300000000 -0.2746153800000000
vn 0.9888915128955658 0.1196696986411879 0.0881631382735817
v -0.2885769600000000 0.0807692300000000 -0.2423076900000000
vn 0.9927167425751315 0.1016627529435357 0.0646386391793768
v -0.2907692200000000 0.0807692300000000 -0.2099999900000000
vn 0.9941510659775261 0.1030304465127821 0.0323787755655720
v -0.2925640900000000 0.0807692300000000 -0.1776922500000000
vn 0.9885151442403119 0.1189601659132663 0.0932002603721876
v -0.2944208400000000 0.0807692300000000 -0.1453845500000000
vn 0.9939331273412960 0.0728091306558793 0.0824364535062388
v -0.2970415700000000 0.0807692300000000 -0.1130769300000000
vn 0.9969614295907572 0.0576461040710508 0.0523911690438685
v -0.3009218900000000 0.0807692300000000 -0.0807691700000000
vn 0.9993492671134107 0.0336583355428959 -0.0129676045733526
v -0.3016617300000000 0.0807692300000000 -0.0484616000000000
vn 0.9985362987976857 0.0181096374584230 -0.0509637225342048
v -0.3003009900000000 0.0807692300000000 -0.0161538500000000
vn 0.9918317050067497 0.0067427886814789 -0.1273750514983252
v -0.2973372600000000 0.0807692300000000 0.0161538500000000
vn 0.9979105083646528 0.0282973744589607 -0.0580850746244661
v -0.2910778800000000 0.0807692300000000 0.0484615400000000
vn 0.9995721010431667 0.0280759455871872 -0.0082070759430221
v -0.2915083200000000 0.0807691100000000 0.0807691100000000
vn 0.9984725080850931 0.0537410594273607 -0.0128276704778661
v -0.2912903100000000 0.0807692300000000 0.1130769300000000
vn 0.9974484886195961 0.0694969245399841 -0.0163306469549469
v -0.2909221100000000 0.0807692300000000 0.1453846100000000
vn 0.9971340058743393 0.0721263793828994 -0.0228376821526886
v -0.2907692200000000 0.0807692300000000 0.1776923100000000
vn 0.9973294876073329 0.0604561907008901 -0.0409748966421168
v -0.2898629000000000 0.0807692300000000 0.2099999900000000
vn 0.9977684488050373 0.0450804726397559 -0.0492531578253188
v -0.2883287400000000 0.0807692300000000 0.2423076900000000
vn 0.9987344026424732 0.0154915113960178 -0.0478498281402267
v -0.2866912800000000 0.0807692300000000 0.2746153800000000
vn 0.9971305333217748 -0.0352110253117167 -0.0670140523616539
v -0.2844481800000000 0.0807692300000000 0.3069230900000000
vn 0.9886253134848959 -0.0728616678312523 -0.1315719077073050
v -0.2811447400000000 0.0807692300000000 0.3392307800000000
vn 0.9188834778245936 0.1341945376388767 -0.3710053641780231
v -0.2750473600000000 0.0807692300000000 0.3715384600000000
vn -0.8018181205966735 -0.4439232657748791 0.4000247937148204
v -0.3069230000000000 0.0807692300000000 0.4126573500000000
vn -0.8838968052493428 -0.3572989118135015 0.3017679991100665
v -0.2960082900000000 0.0807692300000000 0.4361539800000000
vn -0.7907025404905149 -0.4869846876413423 0.3709924614661461
v -0.3069230900000000 0.0989879100000000 0.4361538600000000
vn -0.9053966793589573 -0.3079899300783386 0.2922311687279671
v -0.2882615900000000 0.0807692300000000 0.4684615400000000
vn -0.8056569138104872 -0.4277842199182136 0.4097774986725440
v -0.2750296000000000 0.0807692300000000 0.5007692600000000
vn -0.9403008931113304 0.1802838800715846 -0.2886727437780870
v -0.2854293900000000 0.1130769300000000 -0.5007692600000000
vn -0.9321751679811963 0.2941327305059176 -0.2110341039840757
v -0.2919617900000000 0.1130769300000000 -0.4684615400000000
vn -0.8885887510040832 0.2787790763514018 -0.3642694856526728
v -0.3019838900000000 0.1130769300000000 -0.4361538600000000
vn -0.8947001341692847 -0.0081274364940471 -0.4465933437630916
v -0.3069230900000000 0.1130769300000000 -0.4270414400000000
vn -0.3765964950557833 0.9152870473736487 -0.1429150125834492
v -0.3069231500000000 0.1238461100000000 -0.4038462000000000
vn -0.3352716360965910 0.9365379978129176 -0.1024183024741508
v -0.3069230900000000 0.1297074700000000 -0.3715384600000000
vn 0.8789954731853875 0.4570578132993400 0.1358863989574472
v -0.2757538000000000 0.1130769300000000 -0.3392307800000000
vn -0.0372219722976328 0.9991401600925310 0.0182610314206428
v -0.3069230900000000 0.1298601800000000 -0.3392307800000000
vn 0.8764484689623842 0.4700933479785219 0.1041648954294905
v -0.2797345200000000 0.1130769300000000 -0.3069230900000000
vn -0.0497776387206042 0.9987534875969866 0.0036956320510873
v -0.3069230900000000 0.1299147800000000 -0.3069230900000000
vn 0.8882357161312207 0.4491810665714774 0.0962999585803004
v -0.2850195200000000 0.1130769300000000 -0.2746153800000000
vn 0.0393850348273390 0.9992192710068811 -0.0031092571663296
v -0.3069230900000000 0.1300251900000000 -0.2746153800000000
vn 0.9097922152918144 0.4104788059080668 0.0615245877247495
v -0.2885924900000000 0.1130769300000000 -0.2423076900000000
vn 0.0438872972517061 0.9982128401001232 -0.0405589817326087
v -0.3069230900000000 0.1301935500000000 -0.2423076900000000
vn 0.9271350202222336 0.3727812933596748 0.0381413371371109
v -0.2904079600000000 0.1130769300000000 -0.2099999900000000
vn 0.3571304424912022 0.9339727826276696 0.0123567130243479
v -0.3069230900000000 0.1303653600000000 -0.2099999900000000
vn 0.9339909170802562 0.3543427773391133 0.0458493506953540
v -0.2916194200000000 0.1130769300000000 -0.1776923100000000
vn 0.3043327111708520 0.9525629102257638 0.0023458417726671
v -0.3069230900000000 0.1296923200000000 -0.1776923100000000
vn 0.9369995127437035 0.3447988558142794 0.0560862028240993
v -0.2938318600000000 0.1130769300000000 -0.1453846100000000
vn 0.3993056225935119 0.9167694924790183 0.0094189927790028
v -0.3069230900000000 0.1276287100000000 -0.1453846100000000
vn 0.9503030079496950 0.3081133328192976 0.0446135318120704
v -0.2951282000000000 0.1130769300000000 -0.1130769800000000
vn 0.4744509848368225 0.8802700918807018 -0.0045638062743808
v -0.3069230900000000 0.1268374900000000 -0.1130769300000000
vn 0.9652215725676931 0.2612789525510290 0.0089791315719519
v -0.2958879200000000 0.1130769300000000 -0.0807692300000000
vn 0.5157293380593562 0.8566472959476993 -0.0133663835929183
v -0.3069230000000000 0.1265182900000000 -0.0807691700000000
vn 0.9686232492867481 0.2476563942001216 -0.0208641163957698
v -0.2955011700000000 0.1130769300000000 -0.0484615400000000
vn 0.5262935612403037 0.8500013710383951 -0.0226441301411017
v -0.3069230900000000 0.1272115400000000 -0.0484615400000000
vn 0.9655810678879939 0.2567165862088467 -0.0418305594219921
v -0.2948077000000000 0.1130769300000000 -0.0161538500000000
vn 0.5425699414271915 0.8355096921571317 -0.0868413091287146
v -0.3069230900000000 0.1284311600000000 -0.0161538500000000
vn 0.9661714189046288 0.2393014587956554 -0.0961644482648727
v -0.2933784400000000 0.1130769300000000 0.0161538500000000
vn 0.5794876748023761 0.8022425468297770 -0.1435302435314895
v -0.3069230900000000 0.1367692400000000 0.0161538500000000
vn 0.9636050690119727 0.2658618754417126 -0.0279773866014362
v -0.2907692200000000 0.1130769300000000 0.0484615400000000
vn 0.5410741716940716 0.8409748032823697 0.0003478070642528
v -0.3069230900000000 0.1383820200000000 0.0484615400000000
vn 0.9621810342456019 0.2724091223374573 0.0009630188992646
v -0.2908198800000000 0.1130769300000000 0.0807692300000000
vn 0.4845923081425429 0.8712862971859556 0.0776561860064561
v -0.3069230900000000 0.1381657100000000 0.0807692300000000
vn 0.9473750704916317 0.3197045171371865 0.0164163800228354
v -0.2909211200000000 0.1130769300000000 0.1130769300000000
vn 0.4206864016479449 0.9000695760007087 0.1135680845414251
v -0.3069230900000000 0.1314719600000000 0.1130769300000000
vn 0.9331577001979950 0.3593072024077184 -0.0107257101922268
v -0.2902481600000000 0.1130769300000000 0.1453846100000000
vn 0.3518392602036194 0.9350467960406671 0.0435502490630439
v -0.3069230900000000 0.1295394900000000 0.1453846100000000
vn 0.9322887156423872 0.3598883324454920 -0.0363061820558326
v -0.2890981700000000 0.1130769300000000 0.1776923100000000
vn 0.2835181126629099 0.9589631155251890 -0.0026875368433744
v -0.3069230900000000 0.1304232800000000 0.1776923100000000
vn 0.9308761031480064 0.3622687941259182 -0.0472334774342853
v -0.2873796500000000 0.1130769300000000 0.2099999900000000
vn 0.2020157290480725 0.9793130921857293 0.0116409918306375
v -0.3069230900000000 0.1306594200000000 0.2099999900000000
vn 0.9262850214640780 0.3731272700287802 -0.0526507300249713
v -0.2852036700000000 0.1130769300000000 0.2423076900000000
vn 0.1147683563587581 0.9933563145878753 0.0084532033633983
v -0.3069230900000000 0.1309635800000000 0.2423076900000000
vn 0.9217601875360539 0.3833157530149647 -0.0585422083976099
v -0.2830191600000000 0.1130769300000000 0.2746153800000000
vn -0.0553898279399793 0.9983896625358258 0.0122494368188629
v -0.3069230900000000 0.1316712500000000 0.2746153800000000
vn 0.9148927468622573 0.3975704859951806 -0.0700640450187513
v -0.2807828200000000 0.1130769300000000 0.3069230900000000
vn 0.0014763406155841 0.9999053519160170 -0.0136787290379247
v -0.3069230900000000 0.1324373300000000 0.3069230900000000
vn 0.9300338307033281 0.3471188187847183 -0.1206051383349614
v -0.2780447000000000 0.1130769300000000 0.3392307800000000
vn 0.0608122328189855 0.9954467621791250 -0.0734003815158081
v -0.3069230900000000 0.1334683900000000 0.3392307800000000
vn -0.2030327290925145 0.9710972289036769 -0.1254905690992166
v -0.3069230900000000 0.1355030200000000 0.3715384600000000
vn -0.3848002564855202 0.9181239549574280 -0.0947479073225812
v -0.3069230900000000 0.1391601700000000 0.4038461400000000
vn -0.6622291450807183 0.7217883461912337 0.2011818647596859
v -0.3069230900000000 0.1421569700000000 0.4361538600000000
vn -0.8723889528764971 0.0624174565088566 0.4848108662375605
v -0.3069230900000000 0.1130769300000000 0.4551294700000000
vn -0.9662942337820210 0.0198596257366135 0.2566730391475088
v -0.3003650000000000 0.1130769300000000 0.4684615400000000
vn -0.9653227847031204 -0.0348242831939857 0.2587260919061665
v -0.2916755700000000 0.1130769300000000 0.5007692600000000
vn -0.8885059629814213 -0.2843288278956515 0.3601586752723617
v -0.2830467500000000 0.1130769300000000 0.5330769400000001
vn -0.8430262759768083 0.5378573931609278 -0.0040153000890638
v -0.2778437700000000 0.1453846100000000 0.5007692600000000
vn -0.8987418843798443 0.3232191221219758 0.2962978642448606
v -0.2818297100000000 0.1453846100000000 0.5330769400000001
vn -0.6809776071328102 -0.7279663939760534 -0.0795891187611298
v -0.2746153800000000 -0.1150887600000000 -0.1776923100000000
vn -0.6838828623063464 -0.7273681422758677 -0.0569193837443075
v -0.2425029100000000 -0.1453846100000000 -0.1453846100000000
vn -0.6829156155381726 -0.7293166277096518 -0.0415152815278906
v -0.2746153800000000 -0.1168647000000000 -0.1453846100000000
vn -0.6856689848248062 -0.7254469854290927 -0.0598724860112026
v -0.2449960700000000 -0.1453846100000000 -0.1130769300000000
vn -0.6954164587233604 -0.7154601014237516 -0.0671773191440078
v -0.2746153800000000 -0.1183862800000000 -0.1130769300000000
vn -0.6703342263767049 -0.7376923890724859 -0.0803863424498996
v -0.2488803000000000 -0.1453846100000000 -0.0807692300000000
vn -0.7039236075524128 -0.7054159082021523 -0.0829454711586435
v -0.2746153800000000 -0.1225308600000000 -0.0807692300000000
vn -0.6436414835563522 -0.7618406557077523 -0.0729688697744458
v -0.2524803900000000 -0.1453846100000000 -0.0484615400000000
vn -0.7020037134604113 -0.7063712153000636 -0.0907220617231758
v -0.2746153800000000 -0.1266843700000000 -0.0484615400000000
vn -0.6061915605815519 -0.7928538358545673 -0.0625666592555632
v -0.2559725600000000 -0.1453846100000000 -0.0161538500000000
vn -0.6824431495284576 -0.7271646983827313 -0.0741811909289037
v -0.2746153800000000 -0.1313282000000000 -0.0161538500000000
vn -0.5735947028499981 -0.8187915745073444 -0.0238636622966030
v -0.2582051200000000 -0.1453846100000000 0.0161538500000000
vn -0.6744484962941396 -0.7383210182049930 0.0011401417965526
v -0.2746153800000000 -0.1338461300000000 0.0161538500000000
vn -0.6964796014763691 -0.7019071061228392 0.1491394619193032
v -0.2576113300000000 -0.1453846100000000 0.0484615400000000
vn -0.5524306844693657 -0.8161465731881385 0.1694848368732924
v -0.2746153800000000 -0.1323387300000000 0.0484615400000000
vn -0.9757621595238245 -0.1557997537754510 0.1536705722150833
v -0.2563279900000000 -0.1453846100000000 0.0807692300000000
vn -0.0446416782254756 -0.9924622899056571 0.1141302925626356
v -0.2746153800000000 -0.1322869200000000 0.0807692300000000
vn -0.9606573396585055 -0.2760262032846895 0.0307735415654760
v -0.2549366400000000 -0.1453846100000000 0.1130769300000000
vn -0.1793594734595540 -0.9831824865553870 0.0343857152183554
v -0.2746153800000000 -0.1311721700000000 0.1130769300000000
vn -0.9461809963808369 -0.3176169316415524 0.0621370004294712
v -0.2524758300000000 -0.1453846100000000 0.1453846100000000
vn -0.2154575545171961 -0.9744791063449981 0.0629961387588423
v -0.2746153800000000 -0.1290084400000000 0.1453846100000000
vn -0.9369705374117158 -0.3415190725861639 0.0738304482059203
v -0.2491608600000000 -0.1453846100000000 0.1776923100000000
vn -0.2384374245392039 -0.9676983490347536 0.0818993275584346
v -0.2746153800000000 -0.1258497500000000 0.1776923100000000
vn -0.7714738403668328 -0.6250675146240028 -0.1188222024346578
v -0.2455985000000000 -0.1453846100000000 0.2099999900000000
vn -0.5679861760094851 -0.8201251234067226 -0.0691844333591782
v -0.2746153800000000 -0.1219867300000000 0.2099999900000000
vn -0.7073738587724683 -0.6960785848805352 0.1228691482678200
v -0.2427096500000000 -0.1453846100000000 0.2423076900000000
vn -0.5990504441455626 -0.7874785954100900 0.1449690558014231
v -0.2746153800000000 -0.1175556700000000 0.2423076900000000
vn -0.7690905453354046 -0.5312439431384371 -0.3553584190003312
v -0.2436792700000000 -0.1130769300000000 -0.3715384600000000
vn -0.8307675525428710 -0.5225493643698053 -0.1917483648916999
v -0.2542239100000000 -0.1130769300000000 -0.3392307800000000
vn -0.8495919268653489 -0.5159906359025258 -0.1093033460884460
v -0.2581178800000000 -0.1130769300000000 -0.3069230900000000
vn -0.9974236960968521 -0.0388254693142771 0.0603204227191810
v -0.2621131200000000 -0.1130769300000000 -0.2746153800000000
vn -0.2837310117087056 -0.9376038184950033 -0.2009870456978344
v -0.2746153800000000 -0.0894314400000000 -0.2746153800000000
vn -0.9956243968575950 -0.0191671934789451 -0.0914586194740054
v -0.2655401800000000 -0.1130769300000000 -0.2423076900000000
vn -0.1567086908671026 -0.9647369301470595 -0.2114829586920572
v -0.2746153800000000 -0.0990544600000000 -0.2423076900000000
vn -0.9667302216521986 -0.2041351906880767 -0.1541476644877679
v -0.2711458200000000 -0.1130769300000000 -0.2099999300000000
vn -0.3217991069141016 -0.9187886151466876 -0.2286324899617700
v -0.2746153800000000 -0.1088818200000000 -0.2099999900000000
vn -0.6194699120990294 -0.6364597598763800 -0.4595389015764839
v -0.2746153800000000 -0.1130769300000000 -0.1891824800000000
vn 0.8809916296623075 -0.0483350078925251 0.4706564304001180
v -0.2463494800000000 -0.1130769300000000 0.0807692300000000
vn 0.9704835388100820 -0.2393453585889330 -0.0295888529786981
v -0.2451960400000000 -0.1130769300000000 0.1130769300000000
vn 0.9619174175630445 -0.2719606760101899 -0.0274275863488580
v -0.2428773900000000 -0.1130769300000000 0.1453846100000000
vn 0.9870897835144394 -0.1596725133909702 0.0125876029818096
v -0.2426615800000000 -0.1130769300000000 0.1776923100000000
vn -0.4064022613199218 -0.6732287286899828 0.6177380357890581
v -0.2746153800000000 -0.1130769300000000 0.2673044200000000
vn -0.9456421948975883 -0.3117553491620839 0.0925712779327306
v -0.2690893100000000 -0.1130769300000000 0.2746153800000000
vn -0.1251075096518361 -0.9865207918552799 0.1054743488529196
v -0.2746153800000000 -0.1115890600000000 0.2746153800000000
vn -0.8573930937469222 -0.5089686889288911 -0.0763410537331480
v -0.2634908900000000 -0.1130769300000000 0.3069230900000000
vn -0.6761873973243461 -0.7243550267461066 0.1344633739252962
v -0.2746153800000000 -0.0983755700000000 0.3069230900000000
vn -0.7933696568223598 -0.5669099575343015 0.2217604285755859
v -0.2554153800000000 -0.1130769300000000 0.3392307800000000
vn -0.7609509277468607 -0.5601921293146537 0.3273201243662027
v -0.2746153800000000 -0.0810721700000000 0.3392307800000000
vn -0.7839092094443808 -0.5715971120136794 0.2424109999276177
v -0.2465978900000000 -0.1130769300000000 0.3715384600000000
vn -0.8267904165136367 -0.4300216688229576 -0.3626278691771023
v -0.2468611300000000 -0.0807692300000000 -0.4038461400000000
vn -0.9105962815548830 -0.3248937004897737 -0.2554574238507886
v -0.2578632500000000 -0.0807692300000000 -0.3715384600000000
vn -0.9747114554124762 0.2003365060010319 0.0990094089013305
v -0.2641800600000000 -0.0807692900000000 -0.3392307800000000
vn -0.2743396558306597 -0.9076736295094615 -0.3175946087889970
v -0.2746153800000000 -0.0621588200000000 -0.3392307800000000
vn -0.8706541694391189 0.4632783633046960 0.1653314106030682
v -0.2689943300000000 -0.0807692300000000 -0.3069231500000000
vn -0.2371888401131073 -0.8194860336619045 -0.5217126553562592
v -0.2746153800000000 -0.0785460900000000 -0.3069230900000000
vn -0.3329916201373292 -0.8819325688805992 -0.3336338185286133
v -0.2746153800000000 -0.0807691700000000 -0.3019775500000000
vn 0.7906640286074816 -0.5602497085186117 -0.2469223723581932
v -0.2459834500000000 -0.0807692300000000 -0.2746153800000000
vn 0.9251546412112119 -0.3795686163487221 0.0040688239664805
v -0.2517687100000000 -0.0807692300000000 -0.2423076900000000
vn 0.9472710282687256 -0.3177939176606391 -0.0410441822992514
v -0.2518099200000000 -0.0807692300000000 -0.2099999900000000
vn 0.8892229849711787 0.1892142652645458 -0.4165098376021206
v -0.2521892200000000 -0.0807692300000000 -0.1776923100000000
vn 0.9239426371348475 0.3356051510585794 0.1835733800616291
v -0.2559695500000000 -0.0807692300000000 -0.0807692300000000
vn 0.9247034524201636 0.3803686139085716 -0.0155962378637321
v -0.2517426900000000 -0.0807692300000000 -0.0484615400000000
vn 0.9204161190146366 0.3841225632258390 0.0726912943814148
v -0.2563161000000000 -0.0807692300000000 -0.0161538500000000
vn 0.9019723948247578 0.3868829756955632 -0.1917481736315564
v -0.2553271900000000 -0.0807692300000000 0.0161538500000000
vn 0.8571035000977753 0.4135336880284546 0.3071863912769049
v -0.2642886900000000 -0.0807692300000000 0.0807692300000000
vn 0.5266296638274107 0.7188109900258827 0.4538413354852539
v -0.2746153800000000 -0.0548490300000000 0.0807692300000000
vn 0.9055731993648429 0.4215252634399765 -0.0474724433116818
v -0.2640271800000000 -0.0807692300000000 0.1130769300000000
vn 0.2099399927824082 0.9712542880700429 -0.1122065387402909
v -0.2746153800000000 -0.0538353500000000 0.1130769300000000
vn 0.9003026645557227 0.4337031061016455 -0.0368337881794751
v -0.2615624100000000 -0.0807692300000000 0.1453846100000000
vn 0.9256323797296712 0.3780218825553093 -0.0174400087536095
v -0.2608495100000000 -0.0807692300000000 0.1776923100000000
vn 0.9116073490270414 0.4110109016861357 -0.0064869018059179
v -0.2614357200000000 -0.0807692300000000 0.2099999900000000
vn 0.9678946951043328 0.2464130504870519 0.0496031021061825
v -0.2601800000000000 -0.0807692300000000 0.2423076900000000
vn 0.9625922295319924 -0.0567442944080009 -0.2649458146428550
v -0.2557035700000000 -0.0807692300000000 0.2746153800000000
vn -0.7746984022852059 -0.5036342993601942 0.3823543879762802
v -0.2746153800000000 -0.0807692300000000 0.3397253500000000
vn -0.8703915549393784 -0.4091566897925281 0.2738783384793917
v -0.2625317900000000 -0.0807692300000000 0.3715384600000000
vn -0.8254844884934416 -0.4365670714741598 0.3577492856194080
v -0.2746153800000000 -0.0527876500000000 0.3715384600000000
vn -0.8739380807846130 -0.4075290737392504 0.2648627663748452
v -0.2556804700000000 -0.0807692300000000 0.4038461400000000
vn -0.8349527615552722 -0.4318237189044667 0.3411482987833014
v -0.2434461000000000 -0.0807692300000000 0.4361538600000000
vn -0.8279064025791438 -0.4533558639225345 -0.3302112190939510
v -0.2493070400000000 -0.0484615400000000 -0.4361538600000000
vn -0.9405251954620903 -0.2957607207492807 -0.1671465008992497
v -0.2582307800000000 -0.0484615400000000 -0.4038461400000000
vn -0.6853361701147082 -0.7027716614996324 -0.1908568199608008
v -0.2746153800000000 -0.0204664600000000 -0.4038461400000000
vn -0.9294704610575417 0.3211903642505323 0.1814425857787837
v -0.2677582200000000 -0.0484615400000000 -0.3715384000000000
vn -0.1183041217937853 -0.9061837239548979 -0.4059990064099107
v -0.2746153800000000 -0.0425251200000000 -0.3715384000000000
vn -0.3089627493652275 -0.8222914495785105 -0.4778899365489415
v -0.2746153800000000 -0.0484615400000000 -0.3598718000000000
vn 0.7893285461489138 -0.5914414129192254 -0.1647953316042423
v -0.2446110000000000 -0.0484615400000000 -0.3392307800000000
vn 0.9818872633946448 -0.1821455606239396 -0.0521574225625276
v -0.2573145000000000 -0.0484615400000000 -0.3069230900000000
vn 0.9840818001285330 0.1732218509773596 0.0397139899753666
v -0.2569573500000000 -0.0484615400000000 -0.2746153800000000
vn 0.9865297393228241 0.1599308142642204 0.0343687078666679
v -0.2577774800000000 -0.0484615400000000 -0.2423076900000000
vn 0.9766083065090970 0.2089407082003606 0.0507936621456389
v -0.2589290100000000 -0.0484615400000000 -0.2099999900000000
vn 0.9253434258332276 0.2804043392516062 -0.2551723942672801
v -0.2610182500000000 -0.0484614800000000 -0.1776922500000000
vn 0.8579222609265129 0.3961186385108949 0.3271993557924820
v -0.2562950300000000 -0.0484615400000000 -0.1130769300000000
vn 0.9427562367161080 0.3288887638295011 0.0551621170694558
v -0.2630260600000000 -0.0484615400000000 -0.0807692300000000
vn 0.9026741117253849 0.4298169445828264 0.0209007696095374
v -0.2746153800000000 -0.0171593900000000 -0.0807692300000000
vn 0.9394734738600498 0.3369731408073493 0.0619571972232491
v -0.2638908000000000 -0.0484614800000000 -0.0484614800000000
vn 0.9148942138956361 0.3925992210734884 0.0939916432071303
v -0.2746153800000000 -0.0177494300000000 -0.0484615400000000
vn 0.9352994920922566 0.3489099621224021 0.0589635346948495
v -0.2670408200000000 -0.0484615400000000 -0.0161538500000000
vn 0.9126402658952412 0.4008005025807200 0.0802913581757452
v -0.2746153800000000 -0.0304207600000000 -0.0161538500000000
vn 0.9102648482081966 0.3584194999552316 -0.2072519437022255
v -0.2678791600000000 -0.0484614800000000 0.0161538500000000
vn 0.8692355786675845 0.3738837974129231 -0.3234817070724741
v -0.2746153800000000 -0.0345265800000000 0.0161538500000000
vn 0.9312035146603922 0.3502338634950474 0.1009765078890385
v -0.2538136200000000 -0.0484615400000000 0.0484615400000000
vn 0.5864352819451391 0.2364880580658462 0.7747044975228750
v -0.2746153800000000 -0.0484615400000000 0.0776250300000000
vn 0.8201340766276084 0.3890359705592616 -0.4195606153646855
v -0.2746153800000000 -0.0484615400000000 0.1342469300000000
vn 0.9099385413652402 0.4059403701811425 -0.0849956869217261
v -0.2730426200000000 -0.0484615400000000 0.1453846100000000
vn 0.8930257251649862 0.4436023579109188 -0.0756439174648141
v -0.2746153800000000 -0.0458602300000000 0.1453846100000000
vn 0.9198417905081963 0.3909719394740735 -0.0321251144520434
v -0.2703442300000000 -0.0484615400000000 0.1776923100000000
vn 0.9018435433154403 0.4312492295516714 -0.0265014224399614
v -0.2746153800000000 -0.0408066000000000 0.1776924300000000
vn 0.9354493235230268 0.3513637793614713 -0.0384455156440239
v -0.2706710700000000 -0.0484614800000000 0.2099999900000000
vn 0.8125493329753041 0.5795859444682137 0.0619976971852762
v -0.2746153800000000 -0.0400293000000000 0.2099999900000000
vn 0.9475756363640332 0.3000074763070691 -0.1099814872110797
v -0.2672196900000000 -0.0484615400000000 0.2423076900000000
vn 0.3413622739473471 0.9183209690518738 -0.2003955980682307
v -0.2746153800000000 -0.0290667400000000 0.2423076900000000
vn 0.9254883019995439 0.3223617925091591 -0.1988825723694334
v -0.2637567800000000 -0.0484615400000000 0.2746153800000000
vn 0.2126710853962707 0.9396182312535598 -0.2681204746607461
v -0.2746153800000000 -0.0162710500000000 0.2746153800000000
vn 0.8233884654937953 0.4196577054754565 -0.3819932527242438
v -0.2508761000000000 -0.0484615400000000 0.3069230900000000
vn -0.8098482466125597 -0.4778067450973404 0.3403623536733281
v -0.2746153800000000 -0.0484615400000000 0.3774194100000000
vn -0.8776107669290883 -0.3734020297114209 0.3006164765569720
v -0.2640068500000000 -0.0484615400000000 0.4038461400000000
vn -0.7859807209025431 -0.5144664244444846 0.3428682027963892
v -0.2746153800000000 -0.0305805500000000 0.4038461400000000
vn -0.8935158250463743 -0.3483012000610374 0.2834003253839670
v -0.2552554000000000 -0.0484615400000000 0.4361538600000000
vn -0.8864148406110074 -0.3322268161897047 0.3223260351709346
v -0.2434766000000000 -0.0484615400000000 0.4684615400000000
vn -0.7810358658588838 -0.4966231161100820 -0.3786138623811541
v -0.2427618500000000 -0.0161538500000000 -0.5007692600000000
vn -0.8537495867717355 -0.4282898113939541 -0.2961072112313750
v -0.2548300300000000 -0.0161538500000000 -0.4684615400000000
vn -0.8509728609339040 -0.4038062154325043 -0.3358358681440154
v -0.2649668500000000 -0.0161538500000000 -0.4361538600000000
vn -0.8057397297248069 -0.4350609278720605 -0.4018774402502547
v -0.2746153800000000 0.0030129500000000 -0.4361538600000000
vn -0.7979567618237586 -0.5051070773546087 -0.3288340716319199
v -0.2746153800000000 -0.0161538500000000 -0.4118886300000000
vn 0.9453070078526870 -0.1339393520151052 0.2974137032592378
v -0.2437283800000000 -0.0161538500000000 -0.3715384600000000
vn 0.9523543277178022 0.1539574825644511 0.2632837405530202
v -0.2559356400000000 -0.0161538500000000 -0.3392307800000000
vn 0.9964733184131394 0.0684328896038159 0.0485578552983781
v -0.2584615300000000 -0.0161538500000000 -0.3069230900000000
vn 0.9904409716723791 0.1209206251149756 0.0663693005423218
v -0.2597713200000000 -0.0161538500000000 -0.2746153800000000
vn 0.9770454262160592 0.1911889668506225 0.0939628334229595
v -0.2625395100000000 -0.0161538500000000 -0.2423076900000000
vn 0.9657106468626608 0.2384505781724291 0.1026852876771329
v -0.2657775000000000 -0.0161538500000000 -0.2099999900000000
vn 0.9585305460208109 0.2783649377443494 -0.0610913560140105
v -0.2700061200000000 -0.0161538500000000 -0.1776922500000000
vn 0.9625683127259731 0.2560634846541194 -0.0888466947199669
v -0.2746153800000000 0.0014460200000000 -0.1776923100000000
vn 0.9146900285670189 0.3983223906412849 -0.0684209379786465
v -0.2571393300000000 -0.0161538500000000 -0.1453846100000000
vn 0.8446008007795013 0.4369916056653036 0.3093344854695076
v -0.2735358200000000 -0.0161538500000000 -0.1130769300000000
vn 0.8594797503066929 0.4639444354001084 0.2145929161785628
v -0.2746153800000000 -0.0143938000000000 -0.1130769300000000
vn 0.8808571193421968 0.4713153588262933 0.0441878698129842
v -0.2746153800000000 -0.0161538500000000 -0.0918186800000000
vn 0.7829306863042630 0.2993890783724314 -0.5453308355433807
v -0.2746153800000000 -0.0161538500000000 0.0258041000000000
vn 0.9441165104980047 0.3294173953315764 -0.0113222903173672
v -0.2606708100000000 -0.0161538500000000 0.0484616600000000
vn 0.7148608520326165 0.2511151176351409 0.6526217586981687
v -0.2746153800000000 -0.0161538500000000 0.0651653000000000
vn 0.7826932224787254 0.3092276106893728 -0.5401570181652833
v -0.2746153800000000 -0.0161538500000000 0.2748994500000000
vn 0.8821765047325291 0.3939183810272577 -0.2580560473749112
v -0.2689984700000000 -0.0161538500000000 0.3069230900000000
vn 0.8623714566082832 0.4288668191460288 -0.2690515234353364
v -0.2746153800000000 -0.0020192300000000 0.3069230900000000
vn 0.8655741023129960 0.4042999057796495 -0.2955047539238881
v -0.2557196600000000 -0.0161538500000000 0.3392307800000000
vn 0.8721683391648366 0.2678779897269170 -0.4093455395852216
v -0.2445014400000000 -0.0161538500000000 0.3715384600000000
vn -0.7659470540077064 -0.5523737006255989 0.3289504602734232
v -0.2746153800000000 -0.0161538500000000 0.4271339800000000
vn -0.7612980819946308 -0.5104828504635494 0.3997905573345948
v -0.2686458800000000 -0.0161538500000000 0.4361537100000000
vn -0.6661407716792180 -0.6010699609622333 0.4415556299442631
v -0.2746153800000000 -0.0112587100000000 0.4361538600000000
vn -0.8617565366149228 -0.3950871981254725 0.3182479811072130
v -0.2519554800000000 -0.0161538500000000 0.4684615400000000
vn -0.8953517886696866 -0.3123831354462402 0.3174302304676871
v -0.2444315000000000 -0.0161538500000000 0.5007692600000000
vn -0.9216925561133933 -0.1652204125402711 -0.3509772745993421
v -0.2556457200000000 0.0161538500000000 -0.5007692600000000
vn -0.9142580096011852 -0.1708348819993879 -0.3673523308383037
v -0.2638013400000000 0.0161538500000000 -0.4684615400000000
vn -0.8298537301336570 -0.2996582938983580 -0.4706885312828228
v -0.2746153800000000 0.0161538500000000 -0.4477794500000000
vn 0.8874215716662174 -0.0879929310283971 0.4524822628904832
v -0.2462932800000000 0.0161538500000000 -0.3715384600000000
vn 0.9762275087122908 0.1065994362710540 0.1887231078063513
v -0.2589290100000000 0.0161538500000000 -0.3392307800000000
vn 0.9864266576652502 0.1384760062835364 0.0882431001899033
v -0.2610707300000000 0.0161538500000000 -0.3069230000000000
vn 0.9686510989582533 0.2052432703136288 0.1399651688025809
v -0.2651298900000000 0.0161538500000000 -0.2746153800000000
vn 0.9589061097438661 0.2462409780114264 0.1409413120552691
v -0.2706906200000000 0.0161538500000000 -0.2423076900000000
vn 0.9476459564967041 0.2854653194876955 0.1430967941822412
v -0.2746153800000000 0.0315259500000000 -0.2423076900000000
vn 0.9486023522821263 0.2886570705502099 0.1297330831599557
v -0.2743106800000000 0.0161538500000000 -0.2099999900000000
vn 0.9402579900287997 0.3135378944325788 0.1326985340604286
v -0.2746153800000000 0.0169474100000000 -0.2099999900000000
vn 0.9481193978763578 0.2903967464851670 0.1293805897397383
v -0.2746153800000000 0.0161538500000000 -0.2079296900000000
vn 0.9178615940723572 0.3327251466561646 -0.2163887032855116
v -0.2746153800000000 0.0161538500000000 -0.1614472000000000
vn 0.9251788154586922 0.3742757901063313 0.0629427705676561
v -0.2706885300000000 0.0161538500000000 -0.1453846800000000
vn 0.9068271502891019 0.3750306247829032 0.1923968554147706
v -0.2746153200000000 0.0244427500000000 -0.1453845500000000
vn 0.8012791061806258 0.3762672841381703 0.4651609666402189
v -0.2746153800000000 0.0161538500000000 -0.1393611900000000
vn 0.7852770093758887 0.3578629306950091 -0.5052466144171968
v -0.2746153800000000 0.0161538500000000 0.0477942900000000
vn 0.8766900734491896 0.4650212030849772 -0.1231657249280622
v -0.2740177800000000 0.0161538500000000 0.0484615400000000
vn 0.9051245031746027 0.4183866877108627 0.0755130008625122
v -0.2746153800000000 0.0171136700000000 0.0484616600000000
vn 0.7836252524998083 0.2834559440494488 0.5527966999066181
v -0.2746153800000000 0.0161538500000000 0.0491623100000000
vn 0.8426294436885211 0.3763670352096758 -0.3851278689430979
v -0.2746153800000000 0.0161538500000000 0.3330441700000000
vn 0.8212698203027884 0.2839637768252068 -0.4948539741287220
v -0.2709857800000000 0.0161538500000000 0.3392307800000000
vn 0.7809007141280950 0.2842445776305982 -0.5562365456906208
v -0.2746153800000000 0.0256698900000000 0.3392307800000000
vn -0.7517477307442444 -0.3168329310579230 0.5783530436663442
v -0.2746153800000000 0.0161538500000000 0.4681027800000000
vn -0.7202717093615818 -0.4171691649708323 0.5542369100762629
v -0.2740662100000000 0.0161538500000000 0.4684615400000000
vn -0.7801651760829513 -0.1406834559929793 0.6095493935993447
v -0.2746153800000000 0.0180329500000000 0.4684615400000000
vn -0.8926919572978456 -0.1955441244102751 0.4060339453596957
v -0.2537075900000000 0.0161538500000000 0.5007692600000000
vn -0.8647474859942211 -0.2882879676356535 0.4112199328621837
v -0.2440395200000000 0.0161538500000000 0.5330769400000001
vn -0.8325998095604189 -0.2416799235279889 -0.4983657007494193
v -0.2430957100000000 0.0484615400000000 -0.5330769400000001
vn -0.9390292174710601 -0.1683249387188439 -0.2998180177057173
v -0.2566666600000000 0.0484615400000000 -0.5007692600000000
vn -0.8545113530164385 -0.2784508856610936 -0.4384922483243783
v -0.2657355400000000 0.0484615400000000 -0.4684615400000000
vn -0.7972742741202673 -0.3859662820701774 -0.4640945603332636
v -0.2746153800000000 0.0643200900000000 -0.4684616000000000
vn -0.8371309326773247 -0.1949391641426534 -0.5110875892038037
v -0.2746153800000000 0.0484615400000000 -0.4565985500000000
vn 0.9330233566562597 0.1904527919424802 0.3052788069539062
v -0.2634718400000000 0.0484615400000000 -0.3392307800000000
vn 0.2349567730650671 0.9661652704765288 0.1063954177390482
v -0.2746153800000000 0.0790080700000000 -0.3392307800000000
vn 0.9496457422816140 0.2811173724134812 0.1383690250516436
v -0.2671537700000000 0.0484615400000000 -0.3069230000000000
vn 0.8205984298060811 0.5698301398378118 0.0437244637727432
v -0.2746153800000000 0.0671608700000000 -0.3069230900000000
vn 0.9227001278339584 0.3395111603321189 0.1826380193309573
v -0.2732380000000000 0.0484615400000000 -0.2746153800000000
vn 0.8852530277522264 0.4263850785922063 0.1858032335817491
v -0.2746154400000000 0.0510299400000000 -0.2746154400000000
vn 0.9164970073131390 0.3576117550978811 0.1792960350980270
v -0.2746153200000000 0.0484615400000000 -0.2673076400000000
vn 0.6677006696964952 0.2951091865542552 -0.6834371834324919
v -0.2746153800000000 0.0484615400000000 0.3495056300000000
vn 0.7344942201212846 0.5448835791803402 -0.4044998464128851
v -0.2746153800000000 0.0799046800000000 0.3715384600000000
vn -0.8097717418577902 -0.2905423438180351 0.5097596223096952
v -0.2746153800000000 0.0484615400000000 0.4744922500000000
vn -0.8830126446387411 -0.2399302749006133 0.4033883148954769
v -0.2586361800000000 0.0484615400000000 0.5007692600000000
vn -0.7904938653572883 -0.3921873805634927 0.4704343815658454
v -0.2746153800000000 0.0800517100000000 0.5007692600000000
vn -0.8754434376333118 -0.2178820013544817 0.4314234821964784
v -0.2522377700000000 0.0484615400000000 0.5330769400000001
vn -0.8547531242531907 -0.3839486685805197 -0.3492570922324352
v -0.2567820300000000 0.0807692300000000 -0.5330769400000001
vn -0.8384765502937757 -0.4227398610198509 -0.3438721921184768
v -0.2656526000000000 0.0807692300000000 -0.5007692600000000
vn -0.7852840766440383 -0.4923417619425276 -0.3754044597719208
v -0.2746153800000000 0.0937043100000000 -0.5007692600000000
vn -0.7888041991029244 -0.4525075177073864 -0.4159625967510700
v -0.2746153800000000 0.0807692300000000 -0.4838273500000000
vn 0.9276856475061523 0.2445274014590813 0.2821448020906290
v -0.2539330700000000 0.0807692300000000 -0.4361538600000000
vn 0.9203282076926652 0.3162471082195378 0.2301820076982266
v -0.2595242900000000 0.0807692300000000 -0.4038461400000000
vn 0.8942914608344990 0.3658229007267800 0.2577137722015304
v -0.2727709100000000 0.0807692300000000 -0.3715384600000000
vn 0.9028074750512105 0.2572980001369963 0.3445814883553092
v -0.2746153800000000 0.0807692300000000 -0.3481925700000000
vn 0.9676314081321487 -0.0575928020042267 -0.2457082154782314
v -0.2746153800000000 0.0863732600000000 0.3715384600000000
vn 0.9357139878437661 0.0988649874322192 -0.3386222780821476
v -0.2746153800000000 0.0807692300000000 0.3723948900000000
vn 0.9431331143547879 0.2342898463549540 -0.2358139022670431
v -0.2666334800000000 0.0807692300000000 0.4038461400000000
vn 0.9536096566990384 0.2692314340028916 -0.1346961677075062
v -0.2591456200000000 0.0807692300000000 0.4361538600000000
vn 0.9552999014159648 0.1996554466689212 -0.2180362377452006
v -0.2553296700000000 0.0807692300000000 0.4684615400000000
vn -0.7441211751049691 -0.4948885412531337 0.4487415832043482
v -0.2746153800000000 0.0807692300000000 0.5012975900000000
vn -0.8310886080366503 -0.3769880932965146 0.4088663633809481
v -0.2598764900000000 0.0807691100000000 0.5330769400000001
vn -0.7296126896801027 -0.5412262671786129 0.4180184813781216
v -0.2746153800000000 0.1030197100000000 0.5330769400000001
vn -0.9088970468381232 0.2105188801371548 -0.3599832764931405
v -0.2581877400000000 0.1130769300000000 -0.5653846300000001
vn -0.8799724313556629 0.2463576532937007 -0.4061482816873957
v -0.2713075900000000 0.1130769300000000 -0.5330769400000001
vn -0.8997945110134029 -0.0244440693013745 -0.4356286554235622
v -0.2746153800000000 0.1130769300000000 -0.5271061700000000
vn -0.3354445354127445 0.9347601191771185 -0.1170490634636061
v -0.2746153800000000 0.1241676600000000 -0.5007692600000000
vn -0.2912304855237910 0.9521167472064058 -0.0930510826947766
v -0.2746153800000000 0.1292814200000000 -0.4684615400000000
vn 0.8918525853370940 0.3796706516590651 0.2458641134779991
v -0.2538970100000000 0.1130769300000000 -0.4361538600000000
vn 0.0877202389823077 0.9961077905990692 -0.0086272348251174
v -0.2746153800000000 0.1292307700000000 -0.4361538600000000
vn 0.8869847189471013 0.3971648963860451 0.2356229051535391
v -0.2601943000000000 0.1130769300000000 -0.4038461400000000
vn 0.4126862796130693 0.8893319977613946 0.1969229097308144
v -0.2746153800000000 0.1274979600000000 -0.4038461400000000
vn 0.8730925663306316 0.4333325451984704 0.2234553107223166
v -0.2713279100000000 0.1130769300000000 -0.3715384000000000
vn 0.4814493370478723 0.8702856249722769 0.1039685857496266
v -0.2746153800000000 0.1163643400000000 -0.3715384000000000
vn 0.9606983622539784 0.2457864534150139 0.1290258736850594
v -0.2746153800000000 0.1130769300000000 -0.3471076200000000
vn 0.8959874469687279 0.4120141562664225 -0.1656829197911752
v -0.2746153800000000 0.1130769300000000 0.3630116900000000
vn 0.9675134723446519 0.1112215131285728 -0.2270406480104060
v -0.2732960000000000 0.1130769300000000 0.3715384600000000
vn 0.7396859456111829 0.6366300961665416 -0.2180981946744863
v -0.2746153800000000 0.1158520100000000 0.3715384600000000
vn 0.9531708157747527 0.2136904774287865 -0.2140134944613296
v -0.2648807800000000 0.1130769300000000 0.4038461400000000
vn 0.6352710789370722 0.7405321207286829 -0.2191867569795392
v -0.2746153800000000 0.1313868000000000 0.4038461400000000
vn 0.9577772475669024 0.2519016163699596 -0.1385940825337446
v -0.2593678800000000 0.1130769300000000 0.4361538600000000
vn 0.5473427317373805 0.8242592981969914 -0.1449570396706044
v -0.2746153800000000 0.1394769100000000 0.4361538600000000
vn 0.9239332732702291 0.2994967798473911 -0.2380104733099024
v -0.2550720300000000 0.1130769300000000 0.4684615400000000
vn -0.0989986433605108 0.9820607673603495 0.1604865035583365
v -0.2746153800000000 0.1440535800000000 0.4684615400000000
vn 0.8795035708404105 0.0198160758899285 -0.4754795390080330
v -0.2446270900000000 0.1130769300000000 0.5007692600000000
vn -0.8220636238121967 -0.1495543535671056 0.5494041260619403
v -0.2746153800000000 0.1130769300000000 0.5455368800000000
vn -0.8234344886726561 -0.2965139557416466 0.4837717611796315
v -0.2629846000000000 0.1130769300000000 0.5653846300000001
vn -0.7799454930882945 -0.2811553093357390 0.5591392669483890
v -0.2431137100000000 0.1130769300000000 0.5976923100000000
vn -0.0371119462694957 0.8963851575411516 -0.4417197672552304
v -0.2746153800000000 0.1453846100000000 0.4778137800000000
vn -0.2259753698700410 0.9539797886571411 -0.1971235527423721
v -0.2746153800000000 0.1484669400000000 0.5007692600000000
vn -0.4792804591547163 0.8724876398491643 0.0951607050356347
v -0.2746153800000000 0.1525989500000000 0.5330769400000001
vn -0.7058984966527305 0.4608454326448955 0.5378929258075011
v -0.2746153800000000 0.1453846100000000 0.5440854400000000
vn -0.8034450717519446 0.3941834737277803 0.4462010821562549
v -0.2568111700000000 0.1453846100000000 0.5653846300000001
vn -0.7925864278414105 0.2461258815621122 0.5578788442187657
v -0.2450135200000000 0.1453846100000000 0.5976923100000000
vn -0.5779808847652954 -0.8142250141251557 -0.0545501899063262
v -0.2423076900000000 -0.1455798300000000 -0.1453846100000000
vn -0.5637018474377136 -0.8232809689423635 -0.0666983760869177
v -0.2423076900000000 -0.1480267200000000 -0.1130769300000000
vn -0.5199776287142128 -0.8517547343851343 -0.0643205883776994
v -0.2423076900000000 -0.1512512100000000 -0.0807692300000000
vn -0.4810635466714613 -0.8752444043204157 -0.0502503409906386
v -0.2423076900000000 -0.1535370200000000 -0.0484615400000000
vn -0.4496737446119577 -0.8927015213980838 -0.0296229151199933
v -0.2423076900000000 -0.1552173900000000 -0.0161538500000000
vn -0.4349802217304707 -0.9004368721163795 -0.0023761390071591
v -0.2423076900000000 -0.1559270900000000 0.0161538500000000
vn -0.4391073188738962 -0.8983309699918507 0.0136466429893594
v -0.2423076900000000 -0.1558350900000000 0.0484615400000000
vn -0.4460279004190785 -0.8947976225798034 0.0199079550250740
v -0.2423076900000000 -0.1551192300000000 0.0807692300000000
vn -0.4577904035273606 -0.8885744275682251 0.0293842323373843
v -0.2423076900000000 -0.1544336800000000 0.1130769300000000
vn -0.4827531009349655 -0.8746896118306540 0.0432148874025440
v -0.2423076900000000 -0.1531645200000000 0.1453846100000000
vn -0.5220466814522577 -0.8510599316443977 0.0562517122772105
v -0.2423076900000000 -0.1511834300000000 0.1776923100000000
vn -0.5629025377064603 -0.8243773471114103 0.0595207746352526
v -0.2423076900000000 -0.1485082400000000 0.2099999900000000
vn -0.5843666826645638 -0.8083081203199808 0.0717883194983173
v -0.2423076900000000 -0.1457865700000000 0.2423076900000000
vn -0.6364659539709334 -0.7260697800669469 -0.2602571111601084
v -0.2423076900000000 -0.1144485000000000 -0.3715384600000000
vn -0.6325297938880550 -0.7580087398903392 -0.1591502751923305
v -0.2423076900000000 -0.1249932100000000 -0.3392307800000000
vn -0.6143113515316789 -0.7803659708869163 -0.1168354178365549
v -0.2150906000000000 -0.1453846100000000 -0.3069230900000000
vn -0.6028353595008018 -0.7922179533849757 -0.0947641475984426
v -0.2423077500000000 -0.1294083000000000 -0.3069230900000000
vn -0.5670731855072564 -0.8166160007996754 -0.1075467782715843
v -0.2219493700000000 -0.1453846100000000 -0.2746153800000000
vn -0.6232103312514580 -0.7785261477324887 -0.0742018889130134
v -0.2423076900000000 -0.1326944800000000 -0.2746153800000000
vn -0.5625209287106636 -0.8217644811832009 -0.0909579145989892
v -0.2277644000000000 -0.1453846800000000 -0.2423077500000000
vn -0.6356690033040955 -0.7674803896359313 -0.0830588331404723
v -0.2423076900000000 -0.1351206000000000 -0.2423076900000000
vn -0.7041584466933631 -0.7057686930421065 0.0777909626629400
v -0.2337541900000000 -0.1453845500000000 -0.2099999300000000
vn -0.5043566078986488 -0.8606416276934296 0.0701455682860485
v -0.2423077500000000 -0.1384473900000000 -0.2099999900000000
vn -0.9822168574097355 -0.1630794118888825 -0.0930330609951078
v -0.2398000500000000 -0.1453846800000000 -0.1776923100000000
vn -0.1181111165119053 -0.9903641942424534 -0.0723085535660021
v -0.2423076900000000 -0.1429784600000000 -0.1776923100000000
vn -0.5613798639528269 -0.7611261495830792 -0.3248686392515311
v -0.2423076900000000 -0.1453846100000000 -0.1476539100000000
vn -0.2147328324153224 0.9336582664387570 0.2866566800084521
v -0.2423076900000000 -0.1200164300000000 0.0807692300000000
vn -0.5060290948105366 0.8615656088144092 -0.0404877378163485
v -0.2423076900000000 -0.1183438800000000 0.1130769300000000
vn -0.5075367186912711 0.8612886585429403 -0.0242554291943036
v -0.2423076900000000 -0.1142603800000000 0.1453846100000000
vn -0.3533449446747688 0.9354642903110734 0.0073424536487732
v -0.2423076900000000 -0.1139231800000000 0.1776923100000000
vn -0.7789329009590976 -0.3316252461489201 0.5322482803355147
v -0.2423076900000000 -0.1453846100000000 0.2454436400000000
vn -0.9840044560513382 -0.0987337805753543 0.1482797054367446
v -0.2384676500000000 -0.1453846100000000 0.2746155000000000
vn -0.1521098349761146 -0.9857624316048721 0.0716590994918943
v -0.2423076900000000 -0.1344205100000000 0.2746153800000000
vn -0.9529586017252814 -0.2427211367970168 0.1815388474948559
v -0.2297381500000000 -0.1453846100000000 0.3069230900000000
vn -0.1107756379966758 -0.9895239960218469 0.0925797997588316
v -0.2423076900000000 -0.1361124700000000 0.3069230900000000
vn -0.9362279615232203 -0.3069889513068694 0.1709824196740234
v -0.2203913800000000 -0.1453846100000000 0.3392307800000000
vn -0.1959886146466111 -0.9590614129634136 0.2044252163837006
v -0.2423076900000000 -0.1285410400000000 0.3392307800000000
vn -0.7525201562012350 -0.6489276209125052 0.1122780358204779
v -0.2104633300000000 -0.1453846100000000 0.3715384600000000
vn -0.5537231871082581 -0.8236522852154911 0.1224236297369606
v -0.2423076900000000 -0.1173671100000000 0.3715384600000000
vn -0.8306093508191568 -0.4801893525455204 -0.2819686011485903
v -0.2208139900000000 -0.1130769300000000 -0.4361538600000000
vn -0.8001383703608140 -0.5263232867647566 -0.2876845252798361
v -0.2299105700000000 -0.1130769300000000 -0.4038461400000000
vn -0.7850647546715528 -0.4754643555053567 -0.3969974529091724
v -0.2423076900000000 -0.0875403200000000 -0.4038461400000000
vn -0.7238803102158380 -0.5784965570791856 -0.3759508344575798
v -0.2423076900000000 -0.1130769300000000 -0.3736986800000000
vn 0.1440094304836164 0.9763652643630962 0.1611587865335477
v -0.2423076900000000 -0.0817007100000000 -0.2746153800000000
vn -0.1404472196259605 0.9874669921806981 0.0719966516786884
v -0.2423076900000000 -0.0863970400000000 -0.2423076900000000
vn -0.2966338830693123 0.9549852347336164 -0.0033971835394945
v -0.2423076900000000 -0.0888933500000000 -0.2099999900000000
vn 0.9917110573065991 0.1108041722100935 -0.0650508588464665
v -0.2119451000000000 -0.1130769300000000 -0.1776923100000000
vn 0.4628048931274084 0.7925361957472797 -0.3971120866049755
v -0.2423076900000000 -0.0906507500000000 -0.1776923100000000
vn 0.9322918456374557 0.2659275425205625 -0.2451824966976253
v -0.2126101300000000 -0.1130769300000000 -0.1453846100000000
vn 0.7116240413737074 0.6821188934912348 0.1682410142659799
v -0.2146827900000000 -0.1130769300000000 -0.1130769300000000
vn 0.4445455556995797 0.8637968722250227 0.2371375390823217
v -0.2289893800000000 -0.1130769800000000 -0.0807692300000000
vn 0.7006908643431143 0.7084163621694434 0.0847264447307410
v -0.2423076900000000 -0.1084700600000000 -0.0807692300000000
vn 0.4145707123080223 0.9100054483591241 -0.0046052636329175
v -0.2219564000000000 -0.1130769300000000 -0.0484615400000000
vn 0.7249571772581413 0.6852251367900647 0.0700257313631557
v -0.2423076300000000 -0.0991511400000000 -0.0484615400000000
vn 0.3411728686844440 0.9339811642792647 0.1062085610729015
v -0.2330162700000000 -0.1130768600000000 -0.0161538500000000
vn 0.6786888954363485 0.7311916266455816 0.0688490256632408
v -0.2423076900000000 -0.1098511300000000 -0.0161538500000000
vn 0.3722005492501027 0.9097314806592309 -0.1839983267192534
v -0.2332226900000000 -0.1130769800000000 0.0161538500000000
vn 0.7095469864031819 0.6107926586352115 -0.3513906689761307
v -0.2423076900000000 -0.1090030300000000 0.0161538500000000
vn 0.6714716640592818 0.7027833717470763 0.2349922057457865
v -0.2153959300000000 -0.1130769300000000 0.0484615400000000
vn 0.3167358078624986 0.1190917690386646 0.9410077462831705
v -0.2423076900000000 -0.1130769300000000 0.0771367300000000
vn 0.7087632844590334 0.5270638469168296 -0.4688905073426802
v -0.2423076900000000 -0.1130769300000000 0.2007966200000000
vn 0.3282895994060915 0.9443691597761574 -0.0198199138611235
v -0.2419999500000000 -0.1130769300000000 0.2099999900000000
vn 0.6003062598080673 0.7995679581780670 -0.0179854021419094
v -0.2423076900000000 -0.1130032200000000 0.2099999900000000
vn 0.4012820306027944 0.9111161601221357 0.0940216713295022
v -0.2392667100000000 -0.1130769800000000 0.2423076900000000
vn 0.4408806334193394 0.8965844514448537 0.0419593672866117
v -0.2423076900000000 -0.1122385000000000 0.2423076900000000
vn 0.8784973506659218 0.3401719462587759 -0.3354481358592902
v -0.2272856500000000 -0.1130769300000000 0.2746153800000000
vn 0.1745344054379080 0.8866264491640381 -0.4282887822033229
v -0.2423076900000000 -0.1050549100000000 0.2746153800000000
vn 0.9359448572974869 -0.2922921617971087 -0.1963988702878909
v -0.2145592900000000 -0.1130769300000000 0.3069230900000000
vn 0.9862708220443878 -0.1357259272023331 -0.0940656061956486
v -0.2121007000000000 -0.1130769300000000 0.3392307800000000
vn -0.6517987644337095 -0.5893764423311850 0.4772774663733086
v -0.2423076900000000 -0.1130769300000000 0.3825320900000000
vn -0.9618244128776123 -0.2185269040026992 0.1647415886157216
v -0.2341665000000000 -0.1130769300000000 0.4038461400000000
vn -0.2130520042620875 -0.9352040043982290 0.2828468024168288
v -0.2423076900000000 -0.1035155300000000 0.4038460300000000
vn -0.8843126587184963 -0.4460746219173725 0.1378715101516536
v -0.2251520600000000 -0.1130769300000000 0.4361538600000000
vn -0.6599361169539985 -0.7063384636274826 0.2560669762777807
v -0.2423076900000000 -0.0820909600000000 0.4361538600000000
vn -0.7469848210632632 -0.5510977523637063 0.3718937273479558
v -0.2127058200000000 -0.1130769300000000 0.4684615400000000
vn -0.8721061101554318 -0.3525776364702896 -0.3392932992126224
v -0.2231624000000000 -0.0807692300000000 -0.4684615400000000
vn -0.8683767441599357 -0.3771923478981905 -0.3219437262771863
v -0.2314907500000000 -0.0807692900000000 -0.4361538600000000
vn -0.7969913672110803 -0.4578175409701391 -0.3939642874310666
v -0.2423076900000000 -0.0603998800000000 -0.4361538600000000
vn -0.8051133879483343 -0.4532291133018161 -0.3825909086766237
v -0.2423076900000000 -0.0807692300000000 -0.4121810200000000
vn 0.7787927625581634 0.5671085433542723 0.2680853092611001
v -0.2143711600000000 -0.0807692300000000 -0.3715384600000000
vn 0.7729102685007208 0.5693567285749139 0.2800761190687550
v -0.2245621500000000 -0.0807692300000000 -0.3392307800000000
vn 0.2978196254690582 0.7794825179844802 0.5510993330081652
v -0.2423076900000000 -0.0493095800000000 -0.3392307800000000
vn 0.7386712459739809 0.6358162159789174 0.2238359440963343
v -0.2368731800000000 -0.0807692300000000 -0.3069230900000000
vn 0.0735486929352130 0.9470604297647550 0.3125174109410856
v -0.2423076900000000 -0.0714651600000000 -0.3069230900000000
vn 0.0618037307744176 0.9358456016583924 0.3469485678295915
v -0.2423076900000000 -0.0807692300000000 -0.2788198000000000
vn 0.7261369098074953 0.4043504864032956 -0.5560808145950007
v -0.2423076900000000 -0.0807692300000000 -0.1660118600000000
vn 0.8383091040591536 0.5338302615254230 -0.1107388727197353
v -0.2282190500000000 -0.0807692300000000 -0.1453846100000000
vn 0.7498810994578752 0.5160635518626920 0.4139525904191333
v -0.2417252400000000 -0.0807692300000000 -0.1130769300000000
vn 0.8174251735572829 0.3882294822934875 0.4255513537905579
v -0.2423076900000000 -0.0797696600000000 -0.1130769300000000
vn 0.6887948925363000 0.5316882525050123 0.4928176114589182
v -0.2423076900000000 -0.0807692300000000 -0.1122823100000000
vn 0.8020199039329516 0.4087353971444407 -0.4355450020566822
v -0.2423076900000000 -0.0807692300000000 0.0397032000000000
vn 0.7945173286175223 0.5886602029914959 -0.1490683733743915
v -0.2371886200000000 -0.0807692300000000 0.0484615400000000
vn 0.8729642665614190 0.4770780619731978 0.1016361751089706
v -0.2423077500000000 -0.0725646200000000 0.0484614100000000
vn 0.6933073936008044 0.3990145813002440 0.6000935109532933
v -0.2423077500000000 -0.0807692900000000 0.0538950000000000
vn 0.5567406091266576 0.2806070117602892 -0.7818565079989034
v -0.2423076900000000 -0.0807692300000000 0.2934544700000000
vn 0.8032586808079476 0.4875325720869798 -0.3421804828755280
v -0.2316285400000000 -0.0807692300000000 0.3069230900000000
vn 0.7740237198036118 0.5002392674087142 -0.3881339414735236
v -0.2423076900000000 -0.0621052100000000 0.3069230900000000
vn 0.9048539022020968 0.4101884656159877 -0.1139510348581345
v -0.2273709500000000 -0.0807692300000000 0.3392307800000000
vn 0.9751253035233229 0.1926458647101187 -0.1096276116616511
v -0.2234911000000000 -0.0807692300000000 0.3715384600000000
vn 0.8676342798744365 -0.3397362316876861 -0.3630289923207491
v -0.2122911100000000 -0.0807692300000000 0.4038461400000000
vn -0.7979516748088532 -0.4771886253628442 0.3681903590455147
v -0.2423076900000000 -0.0807692900000000 0.4385483600000000
vn -0.8205499879636943 -0.4335741343586518 0.3724395081995558
v -0.2291686400000000 -0.0807692300000000 0.4684615400000000
vn -0.8239446232272972 -0.4461340553674235 0.3493990018535308
v -0.2423076900000000 -0.0509035000000000 0.4684615400000000
vn -0.7801428318587724 -0.4385497673691497 0.4461516148573709
v -0.2127163600000000 -0.0807692300000000 0.5007692600000000
vn -0.8293485509342817 -0.4317688632584681 -0.3546218123349115
v -0.2223677900000000 -0.0484615400000000 -0.5007692600000000
vn -0.7582071426910229 -0.5679263234576998 -0.3202836553683861
v -0.2423076900000000 -0.0166136700000000 -0.5007692600000000
vn -0.8362360218405680 -0.4437343260576768 -0.3221942948818318
v -0.2335099700000000 -0.0484615400000000 -0.4684615400000000
vn -0.7709015410023263 -0.5342961615465524 -0.3467541287956917
v -0.2423077500000000 -0.0364095000000000 -0.4684615400000000
vn -0.7832193681466072 -0.4924265468325985 -0.3795833470195342
v -0.2423076900000000 -0.0484615400000000 -0.4499332600000000
vn 0.8956260976922175 0.2804776028810648 0.3452335548794499
v -0.2219957700000000 -0.0484615400000000 -0.4038461400000000
vn 0.8808955331498614 0.3593745810236715 0.3080145616536366
v -0.2301529900000000 -0.0484615400000000 -0.3715384600000000
vn 0.1752520072669416 0.7167143071814644 0.6749869153030311
v -0.2423076900000000 -0.0178396400000000 -0.3715384600000000
vn 0.1137830871401632 0.7455500532893113 0.6566646991586795
v -0.2423076900000000 -0.0484615400000000 -0.3403712800000000
vn 0.7415630986865983 0.3934835320196888 -0.5433736105992276
v -0.2423076900000000 -0.0484615400000000 -0.1461139800000000
vn 0.8547954056212844 0.5067216639503028 -0.1120623478791163
v -0.2415738400000000 -0.0484615400000000 -0.1453846100000000
vn 0.8484677812242730 0.5290703683778530 0.0136736801513788
v -0.2423076900000000 -0.0475563100000000 -0.1453846100000000
vn 0.7802248505833055 0.4702022347102783 0.4125033830233628
v -0.2423076900000000 -0.0484615400000000 -0.1441294400000000
vn 0.8320135451166566 0.4887725650610646 -0.2624020586543492
v -0.2423076900000000 -0.0484615400000000 0.3368652200000000
vn 0.8563103243623995 0.4205092631898616 -0.2998409377684804
v -0.2414009900000000 -0.0484615400000000 0.3392307800000000
vn 0.8141291820542682 0.4608733691736160 -0.3532554493765214
v -0.2423076900000000 -0.0470717800000000 0.3392307800000000
vn 0.8748655040500629 0.3273989195566315 -0.3569597978713846
v -0.2214551700000000 -0.0484615400000000 0.3715384600000000
vn 0.7764038997911170 0.4903536588815013 -0.3959170034371716
v -0.2423076900000000 -0.0202387100000000 0.3715384600000000
vn 0.8523652710504581 0.1162572617776887 -0.5098604650206103
v -0.2180769300000000 -0.0484615400000000 0.4038461400000000
vn -0.8606338386234227 -0.4165097098821297 0.2929659662660775
v -0.2423076900000000 -0.0484615400000000 0.4730562000000000
vn -0.7969318472671998 -0.4215163705685652 0.4326934020227172
v -0.2282947200000000 -0.0484615400000000 0.5007692600000000
vn -0.8268300255894963 -0.3416787478793450 0.4467748225127238
v -0.2423076900000000 -0.0238135900000000 0.5007692600000000
vn -0.8237472222632373 -0.3938964062330048 0.4077819698936238
v -0.2113715900000000 -0.0484615400000000 0.5330769400000001
vn -0.7476852486110686 -0.4443259890593698 -0.4934989204201132
v -0.2110795500000000 -0.0161538500000000 -0.5653846300000001
vn -0.7941093753424606 -0.4331779104351558 -0.4263181885683969
v -0.2294235100000000 -0.0161538500000000 -0.5330769400000001
vn -0.7830473211177962 -0.4912215795987047 -0.3814947609427900
v -0.2423076900000000 -0.0161538500000000 -0.5014933300000000
vn 0.8889588617125667 -0.0795375439252106 0.4510276280773087
v -0.2118426300000000 -0.0161538500000000 -0.4361538600000000
vn 0.9088894224094157 -0.1408783681237921 0.3925217232549759
v -0.2268678500000000 -0.0161538500000000 -0.4038461400000000
vn 0.6199929465834912 0.0127390034036052 0.7845039604610058
v -0.2423076900000000 -0.0161538500000000 -0.3734079000000000
vn -0.1455460480137656 -0.2817993869137796 -0.9483698927331006
v -0.2128457700000000 -0.0161538500000000 0.3715384600000000
vn 0.4911285626011989 -0.1237007226214866 -0.8622591641845289
v -0.2423076900000000 0.0141521200000000 0.3715384600000000
vn 0.6846344057602510 -0.0738548129917590 -0.7251352956843710
v -0.2423076900000000 -0.0161538500000000 0.3767455200000000
vn -0.7982028702440730 -0.3759221119300682 0.4706960204804803
v -0.2423076900000000 -0.0161538500000000 0.5050882100000000
vn -0.8172348037033277 -0.3854969171221948 0.4283916461665271
v -0.2210622600000000 -0.0161538500000000 0.5330769400000001
vn -0.7662190040421079 -0.4127473204057744 0.4924917129684247
v -0.2423076900000000 0.0125641200000000 0.5330769400000001
vn -0.8472503449343568 -0.3815748251437663 0.3695504103977121
v -0.2142140300000000 -0.0161538500000000 0.5653846300000001
vn -0.8502855879141534 -0.1885646705388273 -0.4913835406381315
v -0.2223106600000000 0.0161538500000000 -0.5653846300000001
vn -0.8247370183533947 -0.1373550557070793 -0.5485822082689680
v -0.2402625800000000 0.0161538500000000 -0.5330769400000001
vn -0.8209177222911468 -0.0664109456046926 -0.5671716490906488
v -0.2423076900000000 0.0397370900000000 -0.5330769400000001
vn -0.8461204945542976 -0.2486550843592544 -0.4714347862827718
v -0.2423076900000000 0.0161538500000000 -0.5302441100000000
vn 0.7693908148944317 -0.1400914915952767 0.6232272041067307
v -0.2423076900000000 0.0161538500000000 -0.3828115500000000
vn 0.4121615395776995 -0.5773052660136383 0.7048698426843516
v -0.2423076300000000 0.0254664100000000 -0.3715384000000000
vn 0.2711219693105645 -0.0338454862541875 -0.9619497704232685
v -0.2423076900000000 0.0161538500000000 0.3712477400000000
vn -0.8050412819964020 -0.2278968605713992 0.5476965904798841
v -0.2423076900000000 0.0161538500000000 0.5350815100000000
vn -0.8406807155478121 -0.2859406086805829 0.4598846625115873
v -0.2257303100000000 0.0161538500000000 0.5653846300000001
vn -0.9261362158732687 -0.1183886002254059 -0.3581282577298410
v -0.2249881500000000 0.0484615400000000 -0.5653846300000001
vn -0.6583238133145030 -0.1106117085422030 -0.7445635008220763
v -0.2423076900000000 0.0484615400000000 -0.5338845800000001
vn 0.5004551888574407 0.8434397258920096 0.1953305729599824
v -0.2423076900000000 0.0647086800000000 -0.4361538600000000
vn 0.4031955819178987 0.9045293589345108 0.1387802635370392
v -0.2423076900000000 0.0582580900000000 -0.4038461400000000
vn 0.3199694492905877 0.8816913734470643 0.3467562162524379
v -0.2423076900000000 0.0567542600000000 -0.3715384600000000
vn 0.5320344902929975 0.3708282784282645 0.7612001635947011
v -0.2423076900000000 0.0484615400000000 -0.3614962400000000
vn 0.3054546042295122 0.3724059254297087 -0.8763625456737835
v -0.2423076900000000 0.0484615400000000 0.3662075400000000
vn 0.2094429877655803 0.9244261830409997 -0.3187002776655131
v -0.2423076900000000 0.0531077200000000 0.3715384600000000
vn 0.4825824209505425 0.8754314873971590 -0.0270909184619325
v -0.2423076900000000 0.0511990300000000 0.4038461400000000
vn 0.6235075025332281 0.7815609449285252 -0.0200220789931337
v -0.2423076900000000 0.0499370200000000 0.4361538600000000
vn 0.2251588619868461 0.9713693248351474 -0.0757965806491182
v -0.2122471800000000 0.0484615400000000 0.4684615400000000
vn 0.5452455938399325 0.7829413553374880 -0.2995164043928758
v -0.2423076900000000 0.0508739200000000 0.4684615400000000
vn 0.7583306375078311 0.6257816726177150 -0.1825703766571712
v -0.2127827900000000 0.0484615400000000 0.5007692600000000
vn -0.7092975175911178 -0.0730212659648875 0.7011169134002994
v -0.2423076900000000 0.0484615400000000 0.5479237400000000
vn -0.9065554509458686 -0.0657592062563364 0.4169327777386532
v -0.2310438600000000 0.0484615400000000 0.5653846300000001
vn -0.7922270246666268 -0.4330144043547097 -0.4299707745989257
v -0.2226993700000000 0.0807692300000000 -0.5976923100000000
vn -0.8854954368499470 -0.4639854887601139 -0.0248051917541392
v -0.2382331200000000 0.0807692300000000 -0.5653846300000001
vn -0.4402163029057838 -0.8641989503601726 -0.2436591489198365
v -0.2423076300000000 0.0839573100000000 -0.5653846300000001
vn -0.1523152762008230 -0.5183917363260542 -0.8414689919092240
v -0.2423076300000000 0.0807692300000000 -0.5615677800000000
vn 0.9360056292198158 0.1954603107610044 -0.2927263722079518
v -0.2197873000000000 0.0807692300000000 -0.5330769400000001
vn 0.8837550503282348 0.3821494378100634 0.2700718759900627
v -0.2272808600000000 0.0807692300000000 -0.5007692600000000
vn 0.8497989695271605 0.3836574266977805 0.3614535797723038
v -0.2402515600000000 0.0807692300000000 -0.4684615400000000
vn 0.7826896187026230 0.4673467007782587 0.4110766620070025
v -0.2423076900000000 0.0807692300000000 -0.4648347200000000
vn 0.8707063519266494 0.2284824376312609 -0.4355068591981791
v -0.2423076900000000 0.0807692300000000 0.4966833300000000
vn 0.7648598278560099 0.4385049375197242 -0.4719140424938610
v -0.2401522700000000 0.0807691100000000 0.5007690800000000
vn 0.8562130304652171 0.1085814348858844 -0.5050834767240874
v -0.2423076900000000 0.0962871400000000 0.5007692600000000
vn 0.9577879912313884 0.2862062746431386 0.0269839249894858
v -0.2191363300000000 0.0807692300000000 0.5330769400000001
vn 0.1032817971919837 -0.4321571845826568 0.8958644083690263
v -0.2423076900000000 0.0807692300000000 0.5648253600000001
vn -0.8512169887016380 -0.4244142279889334 -0.3087105460237362
v -0.2415340200000000 0.0807692300000000 0.5653846300000001
vn -0.5022414868530098 -0.7877097360421439 0.3567448116344423
v -0.2423076900000000 0.0812908000000000 0.5653846300000001
vn -0.7409384051440745 -0.4411565975243680 0.5063508035377037
v -0.2195858100000000 0.0807692300000000 0.5976923100000000
vn -0.6694074455660486 -0.5368546837911563 0.5134985105258196
v -0.2423076900000000 0.1122709100000000 0.5976923100000000
vn -0.8994951950710519 0.1795521394049480 -0.3983333067660753
v -0.2239942400000000 0.1130769300000000 -0.6300000000000000
vn -0.8033490471019239 0.2249900049349320 -0.5513708427182292
v -0.2415076500000000 0.1130769300000000 -0.5976923100000000
vn -0.7961456754967204 -0.0494764164560323 -0.6030788900322577
v -0.2423077500000000 0.1130769300000000 -0.5968118300000000
vn -0.3524751699292006 0.9174830893880378 -0.1843530180668679
v -0.2423076900000000 0.1284362100000000 -0.5653846300000001
vn 0.9303468925671883 0.2786254737553938 0.2383747152387584
v -0.2206338000000000 0.1130769300000000 -0.5330769400000001
vn 0.0474226257928203 0.9982681867636294 0.0348097954399287
v -0.2423076900000000 0.1292307700000000 -0.5330769400000001
vn 0.8627263852357584 0.4285654437338287 0.2683930786277252
v -0.2300746700000000 0.1130769300000000 -0.5007692600000000
vn 0.4361949463949114 0.8711320704825700 0.2255280127086012
v -0.2423076900000000 0.1253100000000000 -0.5007692600000000
vn 0.8170936383071572 0.4490395278843973 0.3615542678980988
v -0.2417009000000000 0.1130769300000000 -0.4684615400000000
vn 0.5425155019866460 0.8148762266716840 0.2040922960562099
v -0.2423076900000000 0.1136836600000000 -0.4684615400000000
vn 0.8819091840276068 0.2241391025440510 0.4147262396310464
v -0.2423076900000000 0.1130769300000000 -0.4673925900000000
vn 0.7890183868666963 -0.0183394583453687 -0.6140957982708193
v -0.2423076900000000 0.1310964400000000 0.5007692600000000
vn 0.8114466853550232 -0.0216599680018682 -0.5840249332113350
v -0.2423077500000000 0.1130769300000000 0.5034278599999999
vn 0.9380635072269090 0.0002645738294484 -0.3464632540542209
v -0.2269336700000000 0.1130769300000000 0.5330769400000001
vn -0.7686898114719833 -0.2148357708566361 0.6024629161198236
v -0.2423076900000000 0.1130769300000000 0.5985081799999999
vn -0.7837072019251443 -0.3793318290421775 0.4918438625480422
v -0.2222107800000000 0.1130769300000000 0.6300000000000000
vn 0.5671752569059507 0.5814526686987390 -0.5832881123568209
v -0.2423076900000000 0.1453846100000000 0.4971175200000000
vn 0.8723299612390791 0.2083255096971980 -0.4423131478195390
v -0.2404297600000000 0.1453846100000000 0.5007692600000000
vn 0.4181444099915600 0.8608414168870175 -0.2900125986310979
v -0.2423076900000000 0.1472515200000000 0.5007692600000000
vn 0.7961008065771524 0.4058266776940272 -0.4489189386058863
v -0.2301000700000000 0.1453846100000000 0.5330769400000001
vn 0.2279002854243746 0.9431395662681253 -0.2419694576657580
v -0.2423076900000000 0.1535088600000000 0.5330769400000001
vn -0.2901357989775244 0.9440894275583115 0.1565770446914024
v -0.2423076900000000 0.1554590800000000 0.5653846300000001
vn -0.5536994834066178 0.7785593562956675 0.2954017785994534
v -0.2423076900000000 0.1480904400000000 0.5976923100000000
vn -0.7441884687013587 0.3581730575955806 0.5638222981264220
v -0.2423076900000000 0.1453846100000000 0.6004777600000000
vn -0.8536726347080971 0.1857456688983155 0.4865609717559078
v -0.2249198700000000 0.1453846100000000 0.6300000000000000
vn -0.4961242048733678 -0.8618591852689070 -0.1051642434784003
v -0.2099999900000000 -0.1497882500000000 -0.3069230900000000
vn -0.4505107530332809 -0.8877086358118365 -0.0949391347468183
v -0.2099999900000000 -0.1543161100000000 -0.2746153800000000
vn -0.4166534332091263 -0.9060817359323349 -0.0735921490710429
v -0.2099999900000000 -0.1571918300000000 -0.2423076900000000
vn -0.3923852167747104 -0.9172702313390986 -0.0681847809689244
v -0.2099999900000000 -0.1593291300000000 -0.2099999900000000
vn -0.4011759300052713 -0.9143701724045892 -0.0546357117754264
v -0.2099999900000000 -0.1615914000000000 -0.1776923100000000
vn -0.3758971740757887 -0.9257907726191313 -0.0401591814546565
v -0.2099999900000000 -0.1629669800000000 -0.1453845500000000
vn -0.3932783992530629 -0.9186936097388728 -0.0365260469515672
v -0.2100000700000000 -0.1640461100000000 -0.1130769300000000
vn -0.3810441195826389 -0.9238612693562559 -0.0358571319954536
v -0.2099999900000000 -0.1648911400000000 -0.0807692300000000
vn -0.4521240695706714 -0.8913911783590525 -0.0317110841586128
v -0.1781918700000000 -0.1776923100000000 -0.0484615400000000
vn -0.3568318063905581 -0.9337443469144239 -0.0281523809544997
v -0.2099999900000000 -0.1655769200000000 -0.0484615400000000
vn -0.4314541075087046 -0.9019459493965861 -0.0184623259899187
v -0.1799818100000000 -0.1776923100000000 -0.0161538500000000
vn -0.3447149806834692 -0.9385545747641255 -0.0169378948434266
v -0.2099999300000000 -0.1661863600000000 -0.0161538500000000
vn -0.4273733814523739 -0.9040724907039444 -0.0022190940336288
v -0.1806409200000000 -0.1776923100000000 0.0161538500000000
vn -0.3364842848060633 -0.9416889183471295 -0.0005542028196023
v -0.2100000700000000 -0.1663551500000000 0.0161538500000000
vn -0.4317538120924525 -0.9019108016869757 0.0120644744598243
v -0.1799347400000000 -0.1776923100000000 0.0484615400000000
vn -0.3324483711947355 -0.9430595680829598 0.0108042369998559
v -0.2099999900000000 -0.1660202900000000 0.0484615400000000
vn -0.4399770216163603 -0.8978270440249844 0.0180781488807787
v -0.1786516500000000 -0.1776923100000000 0.0807692300000000
vn -0.3376449814446530 -0.9411020085594702 0.0179687503897940
v -0.2099999900000000 -0.1655375500000000 0.0807692300000000
vn -0.3329209296712468 -0.9427057645557456 0.0216678577667488
v -0.2099999900000000 -0.1649650200000000 0.1130769300000000
vn -0.3336738899907829 -0.9422996994162809 0.0270741873083146
v -0.2099999300000000 -0.1641476600000000 0.1453846100000000
vn -0.3381605343966519 -0.9405454089741834 0.0319653974503210
v -0.2099999900000000 -0.1634272900000000 0.1776923100000000
vn -0.3471550970739953 -0.9371427418790939 0.0353103372807277
v -0.2099999900000000 -0.1626730400000000 0.2099999900000000
vn -0.3608505543594250 -0.9316146722835501 0.0433702640585600
v -0.2099999900000000 -0.1619553400000000 0.2423076900000000
vn -0.3980188074779734 -0.9147646872214108 0.0691852289620151
v -0.2099999900000000 -0.1604039400000000 0.2746153800000000
vn -0.4409771578911763 -0.8921388491552332 0.0981194172740370
v -0.2099999900000000 -0.1578968500000000 0.3069230900000000
vn -0.5210944991348596 -0.8409115487721552 0.1460420833629991
v -0.2099999900000000 -0.1536493600000000 0.3392307800000000
vn -0.5979097245189804 -0.7815176168284225 0.1781408878176485
v -0.2099999900000000 -0.1458479500000000 0.3715384600000000
vn -0.7609534435882525 -0.6331777993965892 -0.1415476281767837
v -0.1792400000000000 -0.1453846100000000 -0.4361538600000000
vn -0.5046423791654961 -0.8560124021458877 -0.1121554123643379
v -0.2099999900000000 -0.1239360800000000 -0.4361538600000000
vn -0.9852535594478270 -0.1057616021353645 -0.1344987253067786
v -0.1905398200000000 -0.1453846100000000 -0.4038461400000000
vn -0.0778723115206408 -0.9829623173638595 -0.1664962033834505
v -0.2099999900000000 -0.1326835200000000 -0.4038461400000000
vn -0.9682268149817780 -0.1238522979929027 -0.2172497250449791
v -0.2008619500000000 -0.1453846100000000 -0.3715384600000000
vn 0.2324879959191281 -0.9630911501483811 -0.1356641745612166
v -0.2099999900000000 -0.1382007200000000 -0.3715384600000000
vn -0.9051467692820574 -0.3797318634881220 -0.1910838504690863
v -0.2095029500000000 -0.1453846100000000 -0.3392307800000000
vn -0.2430892568912450 -0.9520408956597328 -0.1858110496592598
v -0.2099999900000000 -0.1448208400000000 -0.3392307800000000
vn -0.5215256669959486 -0.7359685284939625 -0.4316958463210672
v -0.2099999900000000 -0.1453846100000000 -0.3363533300000000
vn -0.2555624365514885 0.9666387471706712 0.0172445206422736
v -0.2099999900000000 -0.1151054600000000 -0.1776923100000000
vn 0.1626955305966075 0.9729395267213683 -0.1640696244497687
v -0.2099999900000000 -0.1156870500000000 -0.1453846100000000
vn 0.2617851650208663 0.9630098767676736 0.0638788276575859
v -0.2099999900000000 -0.1162416500000000 -0.1130769300000000
vn 0.1590590827525001 0.9872203330548347 0.0098092913625058
v -0.2099999900000000 -0.1178337700000000 -0.0807692300000000
vn 0.1761202746250484 0.9840036232369513 0.0268051920819313
v -0.2099999900000000 -0.1180883300000000 -0.0484615400000000
vn 0.1173690630488285 0.9930878909680457 0.0009715202926606
v -0.2099999900000000 -0.1182495400000000 -0.0161538500000000
vn 0.2009952469835173 0.9793595340868280 -0.0213497935181136
v -0.2099999900000000 -0.1181602500000000 0.0161538500000000
vn 0.3116824819912008 0.9288239214834382 0.2003500768653026
v -0.2099999900000000 -0.1181602500000000 0.0484615400000000
vn -0.0115730101463780 0.9999092559520085 0.0068953098300739
v -0.2099999900000000 -0.1183559600000000 0.0807692300000000
vn 0.0019380375178079 0.9999971901898532 -0.0013651457717507
v -0.2099999900000000 -0.1185314600000000 0.1130769300000000
vn 0.0552680948024396 0.9983792753188679 -0.0135742517539904
v -0.2099999900000000 -0.1189435300000000 0.1453846100000000
vn 0.0833565732636836 0.9965101430899599 0.0043836528790192
v -0.2099999900000000 -0.1191448400000000 0.1776923100000000
vn 0.1154396777789539 0.9933138095900876 -0.0011646767442936
v -0.2099999900000000 -0.1194085900000000 0.2099999900000000
vn -0.0706788303704022 0.9739007396360225 0.2156892493238365
v -0.2099999900000000 -0.1195709000000000 0.2423076900000000
vn -0.3379927313838740 0.9409548822545669 0.0191003427446324
v -0.2099999900000000 -0.1205737400000000 0.2746153800000000
vn -0.3774066358300120 0.9260208795953921 0.0070400131284682
v -0.2099999900000000 -0.1197425800000000 0.3069230900000000
vn -0.2526672372507113 0.9617769491370397 -0.1055668855690119
v -0.2099999900000000 -0.1169111100000000 0.3392307800000000
vn -0.6217949681001367 -0.5419195287413552 0.5654151059302338
v -0.2099999900000000 -0.1453846100000000 0.3730038400000000
vn -0.9789667591245949 -0.1339476963336242 0.1538898930274593
v -0.2009538300000000 -0.1453846100000000 0.4038461400000000
vn -0.1732357505846562 -0.9745790358252239 0.1420741976903186
v -0.2099999900000000 -0.1370527000000000 0.4038461400000000
vn -0.7460392907295164 -0.6656806746014542 0.0171643860931002
v -0.1906519100000000 -0.1453846100000000 0.4361538600000000
vn -0.5612339542065378 -0.8222162739756573 0.0947462266018053
v -0.2099999900000000 -0.1302981800000000 0.4361538600000000
vn -0.6553500651037089 -0.7152601033908816 0.2427329328002896
v -0.1791562000000000 -0.1453846100000000 0.4684615400000000
vn -0.6854610226671818 -0.6462483224828616 0.3354195761909983
v -0.2099999900000000 -0.1157827500000000 0.4684615400000000
vn -0.7660498759792735 -0.4786278824736347 -0.4290488755735692
v -0.1804298600000000 -0.1130769300000000 -0.5330769400000001
vn -0.7967530184773862 -0.5101555281608888 -0.3239227757260340
v -0.1931437800000000 -0.1130769300000000 -0.5007692600000000
vn -0.7035328476692356 -0.6139359417815061 -0.3579443974128818
v -0.2065505800000000 -0.1130769300000000 -0.4684615400000000
vn -0.7904628994873502 -0.4577021647928529 -0.4070345598078710
v -0.2099999900000000 -0.1082917900000000 -0.4684615400000000
vn -0.6684775932871370 -0.6706063888632524 -0.3215972302256744
v -0.2099999900000000 -0.1130769300000000 -0.4622594100000000
vn 0.9359923067162335 0.1621234784770863 0.3124650052318080
v -0.1779224000000000 -0.1130769300000000 -0.4038461400000000
vn 0.9899652407039191 0.0704948813978296 0.1224716044425705
v -0.1814604400000000 -0.1130769300000000 -0.3715384600000000
vn 0.6547055255514568 0.7261035349598970 0.2100817253621373
v -0.2099999900000000 -0.0847329400000000 -0.3715384600000000
vn 0.9970846202227783 -0.0697519202506281 0.0309342809282513
v -0.1830486200000000 -0.1130769300000000 -0.3392307800000000
vn 0.5856925237971949 0.7908948977859062 0.1773401483711269
v -0.2099999900000000 -0.0948588000000000 -0.3392307800000000
vn 0.6873748974036629 0.7190095997904747 -0.1026691084428289
v -0.1851431600000000 -0.1130769300000000 -0.3069230900000000
vn 0.5234091024558519 0.8442280637325814 0.1154204828992490
v -0.2099999900000000 -0.1004675200000000 -0.3069230900000000
vn 0.4500361832373009 0.8901289536480249 0.0716790042807159
v -0.1884615600000000 -0.1130769300000000 -0.2746153800000000
vn 0.4402246481343525 0.8901712173690178 0.1174626023155732
v -0.2099999900000000 -0.1038461300000000 -0.2746153800000000
vn 0.3216722085501263 0.9422059948029466 0.0936741885680009
v -0.1970158100000000 -0.1130769300000000 -0.2423076900000000
vn 0.4188889104173986 0.9004830037724880 0.1168864433807517
v -0.2099999900000000 -0.1092891400000000 -0.2423076900000000
vn 0.2193972124394811 0.9730724954342397 0.0706737702628551
v -0.2077297900000000 -0.1130769300000000 -0.2100000700000000
vn 0.5101369153352991 0.8573859914738013 0.0681878965555646
v -0.2099999900000000 -0.1125921500000000 -0.2099999900000000
vn 0.2798156209848676 0.9106900217737547 0.3038863315362690
v -0.2099999900000000 -0.1130769300000000 -0.2037930600000000
vn 0.7305305995120233 0.3281506771468440 -0.5988674112561740
v -0.2099999900000000 -0.1130769800000000 0.3470678600000000
vn 0.7091226091811473 0.7006872646945538 -0.0786287621865309
v -0.2008469700000000 -0.1130768600000000 0.3715385800000000
vn 0.5758374090115954 0.8064810351998294 -0.1341626559286303
v -0.2099999900000000 -0.1076284900000000 0.3715384600000000
vn 0.8903528362231957 0.1558074391873706 -0.4277801642469939
v -0.1854427000000000 -0.1130769300000000 0.4038461400000000
vn 0.0591413260571191 0.8127239638053912 -0.5796395968260438
v -0.2099999900000000 -0.0826315700000000 0.4038461400000000
vn -0.7567376167403225 -0.5026463227364282 0.4179651344905737
v -0.2099999900000000 -0.1130769300000000 0.4726756200000000
vn -0.7861849116953954 -0.5192911482414396 0.3350372934175992
v -0.1977669700000000 -0.1130769300000000 0.5007692600000000
vn -0.8097934567722849 -0.4211884917969522 0.4084541733739570
v -0.2099999900000000 -0.0849989100000000 0.5007692600000000
vn -0.7385401027000846 -0.5302261593802475 0.4164357532832896
v -0.1826857300000000 -0.1130769300000000 0.5330769400000001
vn -0.8512148638859584 -0.3361552435840851 -0.4030296610803402
v -0.1921750900000000 -0.0807692300000000 -0.5330769400000001
vn -0.7871798340230949 -0.4244520019114564 -0.4474241913226529
v -0.2058050800000000 -0.0807692300000000 -0.5007692600000000
vn -0.7855682425233923 -0.4236965885937015 -0.4509586867472099
v -0.2100000700000000 -0.0744402800000000 -0.5007692600000000
vn -0.7560277124630168 -0.4493291673338075 -0.4759468430098527
v -0.2099999900000000 -0.0807692300000000 -0.4950075100000000
vn 0.7225329966266677 0.4062581113237793 0.5593750224753725
v -0.1885568200000000 -0.0807692300000000 -0.4361538600000000
vn 0.7716015425250579 0.5563308952322398 0.3084266437632227
v -0.2025503200000000 -0.0807692900000000 -0.4038462000000000
vn 0.7968050371793987 0.5092261262707820 0.3252544927418997
v -0.2099999900000000 -0.0687549700000000 -0.4038461400000000
vn 0.7194843515114012 0.6377252626003126 0.2750431918291756
v -0.2099999900000000 -0.0807692300000000 -0.3817740100000000
vn 0.4480338107310415 0.1076386009140269 -0.8875131751332440
v -0.2099999900000000 -0.0807691700000000 0.4055084600000000
vn 0.8372331426973243 0.3292139708095480 -0.4366449658394930
v -0.1820058500000000 -0.0807692300000000 0.4361538600000000
vn -0.7994709649256032 -0.4215801703676474 0.4279209461965030
v -0.2099999300000000 -0.0807691700000000 0.5053237100000000
vn -0.8431345145936077 -0.3656981165469670 0.3941942133707730
v -0.1977736400000000 -0.0807692300000000 0.5330769400000001
vn -0.8073417225711017 -0.4108712348746275 0.4235376858657621
v -0.2099999900000000 -0.0508341700000000 0.5330769400000001
vn -0.7645853387980266 -0.4306628863027757 0.4795192780863658
v -0.1820582300000000 -0.0807692300000000 0.5653846300000001
vn -0.7981586764917260 -0.4345198691221024 -0.4172951119760299
v -0.1893643300000000 -0.0484615400000000 -0.5653846300000001
vn -0.7008028147253165 -0.5726046788115307 -0.4254401211407048
v -0.2099999900000000 -0.0172334000000000 -0.5653846300000001
vn -0.7585228657659678 -0.4871697152512418 -0.4327917867199044
v -0.2051334700000000 -0.0484614800000000 -0.5330769400000001
vn -0.6959475269059431 -0.5724395645616550 -0.4335550538489483
v -0.2099999300000000 -0.0433222000000000 -0.5330769400000001
vn -0.7530477968214339 -0.5074192354983018 -0.4188612361495193
v -0.2099999900000000 -0.0484615400000000 -0.5258228200000000
vn 0.6857034129738651 0.2883389610422152 0.6683348509400726
v -0.2058817400000000 -0.0484615400000000 -0.4361538600000000
vn 0.8269694650211412 0.1380673478414466 0.5450311104723073
v -0.2099999900000000 -0.0273201300000000 -0.4361538600000000
vn 0.8143785716369938 0.3653640358620065 0.4508843126092507
v -0.2099999900000000 -0.0484615400000000 -0.4303758400000000
vn -0.1917341685286625 -0.8131810347219564 -0.5495221682399635
v -0.2099999900000000 -0.0169556700000000 0.3715384600000000
vn 0.2948563404716544 -0.8387655049723083 -0.4577468363104353
v -0.2099999900000000 -0.0167970600000000 0.4038461400000000
vn 0.7302000126021442 -0.0675236620825834 -0.6798885913550732
v -0.2099999900000000 -0.0484615400000000 0.4165990900000000
vn 0.8821860019859166 -0.0610705014397873 -0.4669242462691320
v -0.1862532000000000 -0.0484615400000000 0.4361538600000000
vn 0.9724503462131275 0.0882451347370632 -0.2157617212232187
v -0.1805353600000000 -0.0484615400000000 0.4684615400000000
vn -0.7858370719453617 -0.4674189084329077 0.4049440213112543
v -0.2099999900000000 -0.0484615400000000 0.5357084300000000
vn -0.8112760736211279 -0.4095657457216869 0.4172373812367785
v -0.1942401700000000 -0.0484615400000000 0.5653846300000001
vn -0.7834385092709857 -0.4485097525620689 0.4301896140633423
v -0.2099999900000000 -0.0236095000000000 0.5653846300000001
vn -0.7306878047136752 -0.4637155122708463 0.5010621276070429
v -0.1785761000000000 -0.0484615400000000 0.5976923100000000
vn -0.8212099941264114 -0.3450898119583581 -0.4544526017413088
v -0.1944723000000000 -0.0161538500000000 -0.5976923100000000
vn -0.7617178628641368 -0.4610240674309647 -0.4552391752069468
v -0.2099999900000000 -0.0161538500000000 -0.5667642400000000
vn 0.5552637368291791 -0.0391419637305883 0.8307527244841330
v -0.2099999900000000 -0.0161538500000000 -0.4384770100000000
vn 0.4928584129729306 -0.5574097252416216 0.6681204853676200
v -0.2099999300000000 -0.0081569100000000 -0.4361538600000000
vn 0.5145870003027312 -0.6573650849727185 0.5505191769395935
v -0.2099999900000000 0.0127510800000000 -0.4038461400000000
vn -0.0916646996059383 -0.2259206657848884 -0.9698234043461035
v -0.2099999900000000 -0.0161538500000000 0.3711593700000000
vn -0.7996111476339922 -0.3135610581029543 0.5121537615021544
v -0.2099999900000000 -0.0161538500000000 0.5719557400000000
vn -0.8299272079881572 -0.3502317661709514 0.4342332776351416
v -0.1962582300000000 -0.0161538500000000 0.5976923100000000
vn -0.7517268853166696 -0.3881054715339795 0.5331799254074425
v -0.1798147000000000 -0.0161538500000000 0.6300000000000000
vn -0.8545720329067693 -0.1899109560116471 -0.4833637029818579
v -0.1870766000000000 0.0161538500000000 -0.6300000000000000
vn -0.8510439375665114 -0.1396884378430454 -0.5061732476773712
v -0.2008988000000000 0.0161538500000000 -0.5976923100000000
vn -0.8152496345140847 -0.2155219655602334 -0.5375112238695158
v -0.2099999900000000 0.0161538500000000 -0.5851198399999999
vn 0.4356022910197121 -0.6361605049681827 0.6368284352767274
v -0.2099999900000000 0.0161538500000000 -0.3991555000000000
vn 0.0990269222052483 -0.7143796019162021 0.6927159973933072
v -0.2099999900000000 0.0343573700000000 -0.3715384600000000
vn -0.0268279255986047 -0.0930807453636994 -0.9952970598020541
v -0.2099999900000000 0.0161538500000000 0.3689468800000000
vn 0.2132520363340908 0.9668714691452791 0.1402965828244344
v -0.2099999900000000 0.0481248300000000 0.4684615400000000
vn 0.5474934507278882 0.8115231814471870 -0.2041593676124256
v -0.2099999900000000 0.0419999800000000 0.5007692600000000
vn -0.6597758203415912 -0.0619823981451378 0.7489018955863032
v -0.2099999900000000 0.0161538500000000 0.5888810799999999
vn -0.9291377589824407 -0.0689093995453532 0.3632554466038838
v -0.2024550600000000 0.0161539700000000 0.5976923100000000
vn -0.8184744860969666 -0.1537401087031061 0.5535914509674654
v -0.1863421900000000 0.0161538500000000 0.6300000000000000
vn -0.8712528741027322 -0.2414655708900227 -0.4273321979941183
v -0.1906395900000000 0.0484615400000000 -0.6300000000000000
vn -0.9293464558178685 0.3106908892013668 -0.1994651258391574
v -0.2058362700000000 0.0484615400000000 -0.5976923100000000
vn -0.3394845643166612 -0.5903537104839460 -0.7322791319630542
v -0.2099999900000000 0.0547614100000000 -0.5976923100000000
vn -0.6303418007632934 0.0234058424306669 -0.7759648063866037
v -0.2099999300000000 0.0484615400000000 -0.5929239400000000
vn 0.2996050926471965 0.9422368032891283 0.1497551167317805
v -0.2099999900000000 0.0711516400000000 -0.5330769400000001
vn 0.3636182536078391 0.9183221672030676 0.1564166323210112
v -0.2099999900000000 0.0609539300000000 -0.5007692600000000
vn 0.2688624280937105 0.9543959666739777 0.1297741636690371
v -0.2099999900000000 0.0602970300000000 -0.4684615400000000
vn 0.0715966458843415 0.9966651861385483 0.0391462263510153
v -0.2100000700000000 0.0592307300000000 -0.4361538600000000
vn 0.0366008954239973 0.9967402456168226 0.0718975467027761
v -0.2099999300000000 0.0578458300000000 -0.4038461400000000
vn 0.0122937241020743 0.9322204001576373 0.3616821669333957
v -0.2099999900000000 0.0562414400000000 -0.3715384600000000
vn 0.0443249719256792 0.1776728595670186 0.9830908665210282
v -0.2099999900000000 0.0484615400000000 -0.3621558200000000
vn -0.0241575114845572 0.3568958287416251 -0.9338317739645092
v -0.2099999900000000 0.0484615400000000 0.3654626600000000
vn -0.0064007259334237 0.9491282780996847 -0.3148246216849199
v -0.2099999900000000 0.0537758200000000 0.3715384600000000
vn -0.0032573575517608 0.9983008369893751 0.0581792788550449
v -0.2099999900000000 0.0513358400000000 0.4038461400000000
vn 0.0154296090120038 0.9992704139201265 0.0349366144558367
v -0.2099999900000000 0.0497983700000000 0.4361538600000000
vn 0.0330597108021035 0.9953390053938482 0.0905942595491919
v -0.2099999900000000 0.0484615400000000 0.4663761300000000
vn -0.0101511988777175 0.9916053428225253 0.1289022778975112
v -0.1868825000000000 0.0484615400000000 0.4684615400000000
vn 0.7565072237979447 0.5485440346814523 -0.3560846280828759
v -0.2099999900000000 0.0484615400000000 0.5079205600000000
vn 0.5443240233512432 0.7378126653021834 -0.3991789429847267
v -0.1889149700000000 0.0484615400000000 0.5330769400000001
vn 0.5332925531163371 0.7657035634432736 -0.3595790674120667
v -0.2099999900000000 0.0596207900000000 0.5330769400000001
vn 0.7931615823689929 0.5416218439409586 0.2784609172216300
v -0.1795812700000000 0.0484615400000000 0.5653846300000001
vn -0.1297211504819368 -0.1428395217309328 0.9812080789258316
v -0.2099999900000000 0.0484615400000000 0.5975416900000000
vn -0.9885792945347962 -0.1450845771852142 0.0407608130447893
v -0.2097808700000000 0.0484615400000000 0.5976923100000000
vn -0.6746174508920438 -0.4705644711034627 0.5687357677226209
v -0.2099999900000000 0.0488074800000000 0.5976923100000000
vn -0.8278737962885243 -0.1596631810795093 0.5377105597125640
v -0.1909467100000000 0.0484615400000000 0.6300000000000000
vn -0.8089778673514816 -0.4514214624752535 -0.3765281840077206
v -0.1885520200000000 0.0807692300000000 -0.6623076800000000
vn -0.9010288430890725 -0.4013516614272334 -0.1645109959582240
v -0.2009237600000000 0.0807692300000000 -0.6300000000000000
vn -0.4733563630245026 -0.8399926340242100 -0.2652284456261902
v -0.2099999900000000 0.0899523900000000 -0.6300000000000000
vn -0.1261576894285535 -0.6987482170244134 -0.7041556408942926
v -0.2100000700000000 0.0807692300000000 -0.6192308100000000
vn 0.8484901063837814 -0.3863813635245394 -0.3616268536623863
v -0.1887911700000000 0.0807692300000000 -0.5976923100000000
vn 0.9576439521199852 0.1638898326935631 0.2367660949284995
v -0.1968375900000000 0.0807692300000000 -0.5653846300000001
vn 0.1664088266537075 0.3944528864714522 0.9037228683429871
v -0.2099999900000000 0.0807692300000000 -0.5433793700000000
vn 0.2142956692597029 0.2962920266297396 -0.9307461528753034
v -0.2099999900000000 0.0807692300000000 0.5445282500000000
vn 0.8635572442516102 0.3127959778899864 -0.3955092440340833
v -0.1968056100000000 0.0807692300000000 0.5653846300000001
vn -0.7574779722376804 -0.3968410653878494 0.5184055269733614
v -0.2099999900000000 0.0807692300000000 0.6109897500000000
vn -0.7702109429559054 -0.3772445360161312 0.5142583624958847
v -0.1976526700000000 0.0807692300000000 0.6300001100000000
vn -0.6947785700324306 -0.5535736471386031 0.4591720329216015
v -0.2099999900000000 0.0969649800000000 0.6300000000000000
vn -0.7323194832041144 -0.3320009990200985 0.5945447932404381
v -0.1780387500000000 0.0807692300000000 0.6623076800000000
vn -0.9132472586849588 0.1696341253566519 -0.3704101888702463
v -0.1935314500000000 0.1130769300000000 -0.6946153600000000
vn -0.8458446976743647 0.2064641482779588 -0.4918529281116663
v -0.2074862000000000 0.1130768000000000 -0.6623076800000000
vn -0.8389275777229350 -0.0669720016092231 -0.5401067212471838
v -0.2099999900000000 0.1130768000000000 -0.6590769300000000
vn -0.3465373571576488 0.9222897669602548 -0.1711532817523257
v -0.2099999900000000 0.1272225100000000 -0.6300000000000000
vn 0.9457509426143685 0.2472786527649213 0.2107330596532000
v -0.1911685500000000 0.1130769300000000 -0.5976923100000000
vn 0.1172605724048747 0.9930160404685450 0.0130039044695896
v -0.2100000700000000 0.1291803600000000 -0.5976923100000000
vn 0.8148330139306076 0.4814749284267683 0.3228452457528230
v -0.1993214600000000 0.1130769300000000 -0.5653846300000001
vn 0.4959982038195865 0.8256992129419837 0.2687128421842409
v -0.2099999900000000 0.1237106700000000 -0.5653845700000000
vn 0.6795206966918999 0.1873609841523328 0.7093288971872105
v -0.2099999900000000 0.1130769300000000 -0.5492307500000000
vn 0.6837637993222792 -0.0701981357435539 -0.7263189991143640
v -0.2099999900000000 0.1130769300000000 0.5644118800000000
vn 0.8011626646529522 0.1273087106718106 -0.5847485587440661
v -0.2090744400000000 0.1130769300000000 0.5653846300000001
vn 0.8507777585713271 0.1442091740368592 -0.5053522728196199
v -0.1899253300000000 0.1130769300000000 0.5976923100000000
vn -0.8035448892986272 -0.2848095079139430 0.5226845655688279
v -0.2099999900000000 0.1130769300000000 0.6507114200000000
vn -0.7406366816349875 -0.4173412096494999 0.5265772693014826
v -0.2018376700000000 0.1130769300000000 0.6623076800000000
vn 0.6980255309833978 0.3662981345486022 -0.6152934541513988
v -0.2099999900000000 0.1453846100000000 0.5519498000000000
vn 0.8463070778014155 0.1181152771124951 -0.5194353774781494
v -0.2008315600000000 0.1453846100000000 0.5653846300000001
vn 0.4198822161767004 0.8653721123751213 -0.2735507844294422
v -0.2099999900000000 0.1545118200000000 0.5653846300000001
vn 0.8023359114567266 0.3865301249710461 -0.4548093531104778
v -0.1875049300000000 0.1453846100000000 0.5976923100000000
vn 0.1485088457592572 0.9774913231372172 -0.1498527140985624
v -0.2099999900000000 0.1593291900000000 0.5976923100000000
vn -0.4117089222326533 0.8821068270581955 0.2288740024802943
v -0.2099999900000000 0.1600499200000000 0.6300000000000000
vn -0.7308313937213720 0.4604505254833069 0.5038559194188590
v -0.2099999900000000 0.1453846100000000 0.6596339300000000
vn -0.7914056432076981 0.3706694806989679 0.4860876916538487
v -0.2077327400000000 0.1453847400000000 0.6623078000000000
vn -0.8537424174272239 0.0195351653239954 0.5203289940040668
v -0.1908547100000000 0.1453846100000000 0.6946153600000000
vn -0.4172344362178584 -0.9084052586078524 -0.0267453055238952
v -0.1776923100000000 -0.1779939500000000 -0.0484615400000000
vn -0.4108157268447732 -0.9116000837347026 -0.0146876108296789
v -0.1776923100000000 -0.1790001100000000 -0.0161538500000000
vn -0.4092761441145181 -0.9124059071844753 0.0029152004436847
v -0.1776923100000000 -0.1793561600000000 0.0161538500000000
vn -0.4201737693151120 -0.9073357912009014 0.0139916255440690
v -0.1776923100000000 -0.1790001100000000 0.0484615400000000
vn -0.4305323611666247 -0.9023574498791550 0.0198221753568897
v -0.1776923100000000 -0.1782777800000000 0.0807692300000000
vn -0.5372721442703925 -0.8174223249551359 -0.2077483710069345
v -0.1776923100000000 -0.1469230700000000 -0.4361538600000000
vn -0.4391782620901087 -0.8844738454578334 -0.1575705264589301
v -0.1776923100000000 -0.1550202700000000 -0.4038461400000000
vn -0.4005018440521186 -0.9103081684061627 -0.1045816018421490
v -0.1776923100000000 -0.1589632200000000 -0.3715384600000000
vn -0.4014589026513634 -0.9124008368517702 -0.0797211539941097
v -0.1776923100000000 -0.1616413700000000 -0.3392307800000000
vn -0.3857962184822729 -0.9211660329060946 -0.0511313761288147
v -0.1776923100000000 -0.1632095300000000 -0.3069230900000000
vn -0.4889950797552433 -0.8694503048803160 -0.0702849864387053
v -0.1485882300000000 -0.1776923100000000 -0.2746153800000000
vn -0.3706961825243616 -0.9263013965792894 -0.0674541544837896
v -0.1776923100000000 -0.1652281400000000 -0.2746153800000000
vn -0.4523829749083315 -0.8891437652258650 -0.0690869652905636
v -0.1532474600000000 -0.1776923100000000 -0.2423076900000000
vn -0.3548934855123749 -0.9328241484868266 -0.0623676353624605
v -0.1776922500000000 -0.1670585000000000 -0.2423076300000000
vn -0.4403763022480621 -0.8949437451553368 -0.0717245106338352
v -0.1592418700000000 -0.1776923100000000 -0.2099999900000000
vn -0.3610297776162583 -0.9305710647013100 -0.0607864558518183
v -0.1776923100000000 -0.1689615100000000 -0.2099999900000000
vn -0.4324158000102746 -0.8995905124325811 -0.0612656987453852
v -0.1644129500000000 -0.1776923100000000 -0.1776923100000000
vn -0.3682551156650270 -0.9276886004239147 -0.0614982148525949
v -0.1776922500000000 -0.1711021400000000 -0.1776922500000000
vn -0.4276606039650310 -0.9023279178722171 -0.0539512413634241
v -0.1689861600000000 -0.1776923700000000 -0.1453846100000000
vn -0.3835100118319037 -0.9218586711147232 -0.0556476532774677
v -0.1776923100000000 -0.1731202600000000 -0.1453846100000000
vn -0.4256459546540590 -0.9038114425195188 -0.0441633066857670
v -0.1731433700000000 -0.1776923100000000 -0.1130768600000000
vn -0.4040339533727975 -0.9136330574388191 -0.0450688459686242
v -0.1776923100000000 -0.1751892300000000 -0.1130768600000000
vn -0.4279574653590134 -0.9032312261656396 -0.0320274869885883
v -0.1758416700000000 -0.1776923700000000 -0.0807692300000000
vn -0.4116654186393672 -0.9107163650978880 -0.0335750716956066
v -0.1776923100000000 -0.1766245200000000 -0.0807692300000000
vn -0.4506849682852918 -0.8919845324172618 -0.0353079777110537
v -0.1776923100000000 -0.1776923100000000 -0.0554440500000000
vn -0.4535199657515299 -0.8909431406192527 0.0232370576500857
v -0.1776923100000000 -0.1776923100000000 0.1015738200000000
vn -0.4457519457304360 -0.8948429491785855 0.0236917534788364
v -0.1771378400000000 -0.1776923100000000 0.1130769300000000
vn -0.4339587546093246 -0.9005833136874950 0.0250897270924780
v -0.1776923100000000 -0.1773659000000000 0.1130769300000000
vn -0.4300882234940565 -0.9024658880438613 0.0240715792778803
v -0.1753951000000000 -0.1776922500000000 0.1453847400000000
vn -0.4258359177036067 -0.9042848805640973 0.0305389255983840
v -0.1776922500000000 -0.1763728600000000 0.1453846100000000
vn -0.4290102935153830 -0.9027210522532488 0.0323244470429463
v -0.1731187300000000 -0.1776923100000000 0.1776923100000000
vn -0.4149329288730959 -0.9090262391085853 0.0387551435153499
v -0.1776923100000000 -0.1751463300000000 0.1776923100000000
vn -0.4312326099778674 -0.9013250301572252 0.0406402030476452
v -0.1698995200000000 -0.1776923100000000 0.2099999900000000
vn -0.3995496439966787 -0.9156404358374173 0.0443020794274004
v -0.1776922500000000 -0.1734782200000000 0.2099999900000000
vn -0.4367854160828741 -0.8984517975379342 0.0447534110226874
v -0.1664003100000000 -0.1776923100000000 0.2423076900000000
vn -0.3817265150212314 -0.9231054046954760 0.0464895639014499
v -0.1776923100000000 -0.1717582900000000 0.2423076900000000
vn -0.4457931783397071 -0.8934619863368669 0.0547185628170408
v -0.1625504200000000 -0.1776923100000000 0.2746153800000000
vn -0.3679024230751068 -0.9280920635971665 0.0573840446763570
v -0.1776923100000000 -0.1699414800000000 0.2746153800000000
vn -0.4549457037988939 -0.8875844827915138 0.0722370576826722
v -0.1573180900000000 -0.1776923100000000 0.3069230900000000
vn -0.3590162957846220 -0.9308748250844691 0.0676709641208691
v -0.1776923100000000 -0.1678595200000000 0.3069230900000000
vn -0.4690505336872907 -0.8795555565906995 0.0798349529848461
v -0.1510323400000000 -0.1776923100000000 0.3392307800000000
vn -0.3706617376657120 -0.9255124997815158 0.0776948452524649
v -0.1776923100000000 -0.1656561000000000 0.3392307800000000
vn -0.5101716526327110 -0.8559843030422911 0.0837601205539454
v -0.1455510600000000 -0.1776923100000000 0.3715384600000000
vn -0.4168320512860135 -0.9028305638394315 0.1055841560939349
v -0.1776923100000000 -0.1630874600000000 0.3715384600000000
vn -0.4684693125791913 -0.8741518835165180 0.1280429135723799
v -0.1776923100000000 -0.1595684700000000 0.4038461400000000
vn -0.5211754178667657 -0.8376891629996229 0.1632576185186875
v -0.1776923100000000 -0.1553147000000000 0.4361538600000000
vn -0.5978699436754135 -0.7728168048924922 0.2128513954037365
v -0.1776923100000000 -0.1468485100000000 0.4684615400000000
vn -0.6641492234614985 -0.6698980731728634 -0.3318770563548695
v -0.1776923100000000 -0.1158144800000000 -0.5330769400000001
vn -0.5967233000327983 -0.7735306272322390 -0.2134752255688373
v -0.1521991500000000 -0.1453846100000000 -0.5007692600000000
vn -0.6118288363414810 -0.7549711096023891 -0.2359747840061870
v -0.1776923100000000 -0.1293540700000000 -0.5007692600000000
vn -0.5555841645555059 -0.8023362523754717 -0.2181347616021894
v -0.1664197900000000 -0.1453846100000000 -0.4684614800000000
vn -0.6044889252624422 -0.7697533356295669 -0.2051168972128158
v -0.1776923100000000 -0.1370085200000000 -0.4684615400000000
vn -0.5899587215386871 -0.7673578358696013 -0.2512183484739124
v -0.1776923100000000 -0.1453846100000000 -0.4401923100000000
vn -0.1849054341606116 0.9457741383885883 0.2670604043530220
v -0.1776923100000000 -0.1136099000000000 -0.4038461400000000
vn -0.4554822271105886 0.8901682644340679 -0.0116791172961586
v -0.1776923100000000 -0.1180541400000000 -0.3715384600000000
vn -0.4097455992055302 0.9111957110627340 -0.0427892518347753
v -0.1776923100000000 -0.1178849800000000 -0.3392307800000000
vn 0.1186098126547273 0.9858036866383598 -0.1188394031970424
v -0.1776923100000000 -0.1181960500000000 -0.3069230900000000
vn 0.1983553600993276 0.9798879291417335 0.0217898472273468
v -0.1776923100000000 -0.1184615200000000 -0.2746153800000000
vn 0.1199471570142098 0.9926565311563175 0.0156745231798474
v -0.1776923100000000 -0.1184088300000000 -0.2423076900000000
vn 0.0920062562141656 0.9955271397213368 0.0214607291513465
v -0.1776923100000000 -0.1184965800000000 -0.2099999900000000
vn 0.0405037848559458 0.9991741868022502 0.0032230172827959
v -0.1776923100000000 -0.1186010300000000 -0.1776923100000000
vn 0.0484450994771153 0.9988152859171417 0.0045931421609457
v -0.1776923100000000 -0.1187047400000000 -0.1453846100000000
vn 0.0428184910307021 0.9990777195141317 0.0032073659435182
v -0.1776923100000000 -0.1186356600000000 -0.1130769300000000
vn 0.0239538026493694 0.9996779054763715 0.0083845477522711
v -0.1776923100000000 -0.1187047400000000 -0.0807692300000000
vn 0.0134928677564317 0.9999061667235430 0.0023664885247361
v -0.1776923100000000 -0.1186702300000000 -0.0484615400000000
vn 0.0115641565862826 0.9999321978435212 0.0013674788016771
v -0.1776923100000000 -0.1187390600000000 -0.0161538500000000
vn 0.0120115870817787 0.9999276531755378 -0.0006404612698794
v -0.1776923100000000 -0.1187390600000000 0.0161538500000000
vn 0.0133305197496752 0.9999104022685130 0.0012184738092644
v -0.1776923100000000 -0.1187047400000000 0.0484615400000000
vn 0.0126430388559763 0.9998938202875971 0.0072458070054748
v -0.1776923100000000 -0.1187733900000000 0.0807692300000000
vn 0.0135393038295617 0.9998740272129388 0.0082835352833317
v -0.1776923100000000 -0.1191448400000000 0.1130769300000000
vn 0.0130890731018546 0.9998862813289262 0.0074900317452997
v -0.1776923100000000 -0.1193759300000000 0.1453846100000000
vn 0.0126448739854324 0.9998980481148909 0.0066332901281196
v -0.1776923100000000 -0.1195384900000000 0.1776923100000000
vn 0.0114534627549361 0.9999022928645428 0.0080139200864100
v -0.1776923100000000 -0.1197943400000000 0.2099999900000000
vn 0.0108116286039361 0.9998852650620259 0.0106096841976037
v -0.1776923100000000 -0.1201072000000000 0.2423076900000000
vn 0.0057989028886297 0.9998522803751279 0.0161799305914806
v -0.1776923100000000 -0.1205624000000000 0.2746153800000000
vn 0.0173996896419958 0.9998277385688706 0.0064609588003758
v -0.1776923100000000 -0.1209148800000000 0.3069230900000000
vn 0.0588887278100724 0.9982602054648546 -0.0029461707651853
v -0.1776923100000000 -0.1213416700000000 0.3392307800000000
vn -0.0010269512980489 0.9897324202879377 0.1429289389942181
v -0.1776923100000000 -0.1217268100000000 0.3715384600000000
vn -0.1366069478408267 0.9771788968193570 -0.1626651327498255
v -0.1776923100000000 -0.1215091600000000 0.4038461400000000
vn -0.5021442506566552 -0.5416005152441964 0.6741810093881964
v -0.1776923100000000 -0.1453846100000000 0.4721317600000000
vn -0.9608455232797168 -0.1422421550648275 0.2377878249949749
v -0.1673311100000000 -0.1453846100000000 0.5007692600000000
vn -0.1952323668198107 -0.9398805857545597 0.2801942316815261
v -0.1776923100000000 -0.1366538300000000 0.5007690800000000
vn -0.7604798782293316 -0.6217572739150181 0.1873185712684835
v -0.1507619300000000 -0.1453846100000000 0.5330769400000001
vn -0.5835626335175550 -0.7706936210559523 0.2559023157881152
v -0.1776923100000000 -0.1182338200000000 0.5330769400000001
vn -0.8081599411673687 -0.4322880299385377 -0.4000057107895001
v -0.1518138200000000 -0.1130769300000000 -0.5976923100000000
vn -0.8109637173390319 -0.4432929356340730 -0.3818759253692020
v -0.1631929600000000 -0.1130769300000000 -0.5653846300000001
vn -0.7311513753941765 -0.5090839549621997 -0.4541488666277269
v -0.1776923100000000 -0.1130769300000000 -0.5366135800000000
vn 0.4427535913580147 0.6722400445745795 0.5933486157478988
v -0.1542092600000000 -0.1130769300000000 -0.4361538600000000
vn 0.6184958770706853 0.6008002189505235 0.5064602126086180
v -0.1776923100000000 -0.0965595100000000 -0.4361538600000000
vn 0.3980306929437512 0.3865590369162467 0.8319517284392773
v -0.1776923100000000 -0.1130769300000000 -0.4043031300000000
vn 0.5099760534577044 0.2337575699782936 -0.8278175060830423
v -0.1776923100000000 -0.1130769300000000 0.4180807200000000
vn 0.7166435229364819 0.6062782358290860 -0.3447444876907524
v -0.1653168200000000 -0.1130769300000000 0.4361538600000000
vn 0.7982002071252503 0.4427484134124980 -0.4084730979708743
v -0.1776923100000000 -0.0905413200000000 0.4361538600000000
vn 0.9191979339182675 0.3746256320524624 0.1213704827776556
v -0.1592830300000000 -0.1130769300000000 0.4684615400000000
vn 0.9610883866580894 -0.1653994599887856 -0.2212512862479431
v -0.1551684100000000 -0.1130769300000000 0.5007692600000000
vn -0.7240120295316064 -0.5109388343173035 0.4634092021960715
v -0.1776923100000000 -0.1130769300000000 0.5399124000000000
vn -0.7607853974060758 -0.5095428025587738 0.4019598381110103
v -0.1645522100000000 -0.1130769300000000 0.5653846300000001
vn -0.7564291276406953 -0.4473210449945310 0.4771989706209951
v -0.1776923100000000 -0.0867967900000000 0.5653846300000001
vn -0.6961840499370178 -0.5072849552900612 0.5079269068967035
v -0.1456319700000000 -0.1130769300000000 0.5976923100000000
vn -0.8803607529222937 -0.2532692498956335 -0.4010232309622415
v -0.1605188000000000 -0.0807692300000000 -0.5976923100000000
vn -0.7907591169954209 -0.3530848313609448 -0.5000311197829945
v -0.1735932100000000 -0.0807692300000000 -0.5653846300000001
vn -0.7780793298519473 -0.3900697213811103 -0.4923801061363138
v -0.1776923100000000 -0.0741656900000000 -0.5653846300000001
vn -0.7859479534343611 -0.3408943249661505 -0.5158263987992588
v -0.1776923100000000 -0.0807692300000000 -0.5604831600000000
vn 0.3540539985387027 0.3045636307706183 0.8842436094937723
v -0.1776923100000000 -0.0807692300000000 -0.4466022800000000
vn 0.8545859073152664 0.3814055828378475 -0.3524382334512884
v -0.1776923100000000 -0.0807692300000000 0.4523905200000000
vn 0.8841616946301766 0.3081255942255444 -0.3511647988222191
v -0.1678374100000000 -0.0807691700000000 0.4684616600000000
vn 0.7966274556151859 0.4246129067391724 -0.4302192189925804
v -0.1776923100000000 -0.0585433400000000 0.4684615400000000
vn 0.9685843518517385 0.0426905063571888 -0.2449936203555398
v -0.1579904600000000 -0.0807692300000000 0.5007692600000000
vn 0.8912703824845927 0.1841313801722438 -0.4144064914327872
v -0.1514534700000000 -0.0807692300000000 0.5330769400000001
vn -0.7265355537369341 -0.4563691834439316 0.5136859522693662
v -0.1776923100000000 -0.0807692300000000 0.5710327600000000
vn -0.7784195691143404 -0.3668585718993482 0.5093895980914955
v -0.1621951000000000 -0.0807692300000000 0.5976923100000000
vn -0.7096009655946754 -0.4372042005949180 0.5525567451486434
v -0.1776923100000000 -0.0496483800000000 0.5976923100000000
vn -0.7957015610491882 -0.4060189130397117 -0.4494526315396719
v -0.1540073900000000 -0.0484615400000000 -0.6300000000000000
vn -0.7583900245428696 -0.4674699932834580 -0.4542206248657464
v -0.1702666100000000 -0.0484615400000000 -0.5976923100000000
vn -0.7065065967635632 -0.5546340232061666 -0.4395788086699691
v -0.1776923100000000 -0.0399736000000000 -0.5976923100000000
vn -0.7493698448955973 -0.4853141205591550 -0.4504609194447866
v -0.1776923100000000 -0.0484615400000000 -0.5865335500000000
vn 0.2742766009481800 0.0111011986184485 0.9615867665278816
v -0.1776923100000000 -0.0484615400000000 -0.4507734800000000
vn 0.0132268138947800 -0.7561902819527563 -0.6542180896875321
v -0.1776923100000000 -0.0237114800000000 0.3715384600000000
vn -0.2301409149067127 -0.9691886418237617 -0.0877982678969990
v -0.1776923100000000 -0.0316997300000000 0.4038461400000000
vn 0.1651000074889251 -0.9402919126579321 -0.2976459415433791
v -0.1776923100000000 -0.0281159200000000 0.4361538600000000
vn 0.6443220572847307 -0.7340610476150380 -0.2144841832646063
v -0.1776923100000000 -0.0322153800000000 0.4684615400000000
vn 0.8489963874025768 -0.0646312447777284 -0.5244310596978933
v -0.1776923100000000 -0.0484615400000000 0.4854859700000000
vn 0.9343648803108356 -0.0483002393552907 -0.3530288335532090
v -0.1580213200000000 -0.0484615400000000 0.5007692600000000
vn 0.9563187763258628 -0.0687817548015584 -0.2841187573058543
v -0.1513076600000000 -0.0484615400000000 0.5330769400000001
vn -0.6468135822815502 -0.5241262777627677 0.5540070710150319
v -0.1776922500000000 -0.0484615400000000 0.5986520100000000
vn -0.7183469696208479 -0.4718598800911928 0.5112004350515263
v -0.1530849000000000 -0.0484615400000000 0.6300000000000000
vn -0.6692182530054527 -0.5431846552892869 0.5070476901659137
v -0.1776923100000000 -0.0184506200000000 0.6300000000000000
vn -0.8072934192250062 -0.3926778578755606 -0.4405467457719546
v -0.1564634600000000 -0.0161538500000000 -0.6623076800000000
vn -0.7554750034380057 -0.4005347153874161 -0.5184876671145291
v -0.1747656900000000 -0.0161538500000000 -0.6300000000000000
vn -0.7736232398372334 -0.3006888879486130 -0.5577573625224225
v -0.1776922500000000 -0.0098311800000000 -0.6300000000000000
vn -0.7220763459958225 -0.4659324532489382 -0.5113831240496181
v -0.1776923100000000 -0.0161538500000000 -0.6265658700000000
vn 0.1128900255130050 -0.2800960560067101 0.9533110937931850
v -0.1776923100000000 -0.0161538500000000 -0.4453930300000000
vn 0.1173406797691119 -0.7561793680737237 0.6437576626114416
v -0.1776923100000000 0.0052483500000000 -0.4361538600000000
vn 0.0788005233655005 -0.7608724306192332 0.6440990776587897
v -0.1776923100000000 0.0130346600000000 -0.4038461400000000
vn 0.0618269177324538 -0.1668079887860429 -0.9840490471114027
v -0.1776923100000000 -0.0161538500000000 0.3673115700000000
vn 0.2449207077277157 -0.5235655280027498 -0.8160226619484023
v -0.1557692300000000 -0.0161538500000000 0.3715384600000000
vn -0.7724793921508388 -0.2709860712475510 0.5743188468891544
v -0.1776923100000000 -0.0161538500000000 0.6322968000000000
vn -0.7630366874111624 -0.4042611424655356 0.5043292003811202
v -0.1592487100000000 -0.0161538500000000 0.6623076800000000
vn -0.8365909001218057 -0.2679064041235997 -0.4778512576764336
v -0.1530475600000000 0.0161538500000000 -0.6946153600000000
vn -0.8678814653537643 -0.1973658992276872 -0.4558820723799625
v -0.1656164200000000 0.0161538500000000 -0.6623076800000000
vn -0.7886302903047816 -0.2459529585996247 -0.5635329691951367
v -0.1776923100000000 0.0161538500000000 -0.6431437700000000
vn 0.0384859860319122 -0.7409125691590472 0.6704978700497798
v -0.1776923100000000 0.0161538500000000 -0.4017562600000000
vn 0.0304421724451535 -0.7388440995947499 0.6731884361980996
v -0.1776923100000000 0.0378391300000000 -0.3715384600000000
vn 0.0043475085771494 -0.0619961891282655 -0.9980669174472941
v -0.1776923100000000 0.0161538500000000 0.3691059900000000
vn 0.0191442082786078 0.9925165904736535 0.1205998214092354
v -0.1776923100000000 0.0423379100000000 0.5007692600000000
vn 0.2842853616519992 0.9500506137855950 -0.1287853423181627
v -0.1776923100000000 0.0428205400000000 0.5330769400000001
vn 0.2796917981472182 0.9527180755238521 -0.1187466488760977
v -0.1776923100000000 0.0465725800000000 0.5653846300000001
vn -0.6797350542500249 -0.0172053190223984 0.7332559123669260
v -0.1776922500000000 0.0161538500000000 0.6406180900000000
vn -0.8969847953036912 -0.0155612079608307 0.4417874215058583
v -0.1638791700000000 0.0161538500000000 0.6623076800000000
vn -0.8794276951788192 -0.2496133781857150 -0.4053394754809664
v -0.1584400400000000 0.0484615400000000 -0.6946153600000000
vn -0.9624212731055742 0.2184701695294217 -0.1612950033312614
v -0.1708802400000000 0.0484615400000000 -0.6623077400000000
vn -0.3971881650639728 -0.6157083173713939 -0.6805474483478734
v -0.1776923100000000 0.0597133500000000 -0.6623076800000000
vn -0.6945630914576522 -0.0721629860650080 -0.7158034754225286
v -0.1776923100000000 0.0484615400000000 -0.6530846400000000
vn -0.1085439995877527 0.9758531220713140 0.1895491606342877
v -0.1776923100000000 0.0729441000000000 -0.5976923100000000
vn 0.1995244586800792 0.9731160794749566 0.1150438449275375
v -0.1776923100000000 0.0631868600000000 -0.5653846300000001
vn 0.0907877200023780 0.9953572194828720 0.0319624079208003
v -0.1776923700000000 0.0620400800000000 -0.5330769400000001
vn 0.0354843180289265 0.9964232718831584 0.0766911104606219
v -0.1776923100000000 0.0612626500000000 -0.5007692600000000
vn -0.0019496843075341 0.9994120662267395 0.0342304047814298
v -0.1776923100000000 0.0602970300000000 -0.4684615400000000
vn 0.0040960168114397 0.9991323195651539 0.0414467205775756
v -0.1776923100000000 0.0590040800000000 -0.4361538600000000
vn 0.0061692399195327 0.9988936065721087 0.0466208454254145
v -0.1776923700000000 0.0575627400000000 -0.4038461400000000
vn 0.0061971977234553 0.9324135050883844 0.3613400756478166
v -0.1776923100000000 0.0559470100000000 -0.3715384600000000
vn 0.0195181461701468 0.1095295025948482 0.9937918947301823
v -0.1776923100000000 0.0484615400000000 -0.3624357300000000
vn -0.0007313468493623 0.3624782643031728 -0.9319919382910697
v -0.1776923100000000 0.0484615400000000 0.3653869900000000
vn -0.0002396720839720 0.9504082870045519 -0.3110048722293036
v -0.1776923100000000 0.0538110700000000 0.3715384600000000
vn 0.0071621320602433 0.9979502855914063 0.0635919126334645
v -0.1776923700000000 0.0511990300000000 0.4038461400000000
vn 0.0091994248346007 0.9990372037037493 0.0428956431179923
v -0.1776923100000000 0.0497634900000000 0.4361538600000000
vn 0.0292491116527396 0.9954187383250455 0.0910276049278471
v -0.1750297400000000 0.0484615400000000 0.4684615400000000
vn 0.0053163181335066 0.9989575929791276 0.0453372274279232
v -0.1776923100000000 0.0484997400000000 0.4684616600000000
vn 0.0198062660867172 0.9898655554461363 0.1406196784415839
v -0.1776923100000000 0.0484615400000000 0.4691229800000000
vn 0.0415090546273030 0.5868019707509203 -0.8086658429207850
v -0.1776923100000000 0.0484615400000000 0.5680669000000000
vn 0.6489257893230166 0.6694270671576874 -0.3616112853716781
v -0.1521799900000000 0.0484615400000000 0.5976923100000000
vn 0.8149248509749021 0.5404241696904464 0.2093781365805063
v -0.1465741100000000 0.0484615400000000 0.6300000000000000
vn -0.1959521767825124 -0.1416851976002685 0.9703236826931352
v -0.1776923100000000 0.0484615400000000 0.6499915700000000
vn -0.9970865427543589 -0.0762784801910367 -0.0001404204599766
v -0.1670769300000000 0.0484615400000000 0.6623076800000000
vn -0.6564739349696853 -0.4726092327964959 0.5879476896637362
v -0.1776923100000000 0.0799770200000000 0.6623076800000000
vn -0.7608353038389691 -0.1684721503149989 0.6266951212515571
v -0.1473631100000000 0.0484615400000000 0.6946153600000000
vn -0.7854336448544493 -0.4422775151201599 -0.4329949066095254
v -0.1545895900000000 0.0807692300000000 -0.7269230500000000
vn -0.8740243839331822 -0.4367870856734486 -0.2128342502491474
v -0.1701539000000000 0.0807692300000000 -0.6946153600000000
vn -0.5200402772254903 -0.8058262778958820 -0.2831997879866865
v -0.1776923100000000 0.0877999400000000 -0.6946153600000000
vn -0.2299774618757998 -0.7640694077105223 -0.6027506177765863
v -0.1776923100000000 0.0807692300000000 -0.6834930800000000
vn 0.7955344461025007 -0.4676317291361806 -0.3852862714521412
v -0.1477366100000000 0.0807692300000000 -0.6623076800000000
vn 0.9059675400833194 0.2691803334748501 0.3267487787058240
v -0.1628319800000000 0.0807692300000000 -0.6300000000000000
vn -0.0164450995787135 0.5572739175340153 0.8301658506203069
v -0.1776923100000000 0.0807692300000000 -0.6070689600000000
vn 0.6285675754648299 0.3157020667736467 -0.7107988520735761
v -0.1776923100000000 0.0807692300000000 0.5951812300000000
vn 0.7452741178155541 0.4329501212615885 -0.5070706871963941
v -0.1752537900000000 0.0807692300000000 0.5976923100000000
vn 0.7358548054957749 0.3797973053446854 -0.5605994221203687
v -0.1776923100000000 0.0845863400000000 0.5976923100000000
vn 0.9396596615313756 0.0910371743154955 -0.3297756106557768
v -0.1572460500000000 0.0807692300000000 0.6300000000000000
vn -0.6111421190413908 -0.2945715671838629 0.7346651632821861
v -0.1776923100000000 0.0807692300000000 0.6626541000000000
vn -0.8424360526065940 -0.2176398498694325 0.4928837520322928
v -0.1554111400000000 0.0807692300000000 0.6946153600000000
vn -0.8881835988817244 0.1428699110967083 -0.4367128154528178
v -0.1584041100000000 0.1130769300000000 -0.7592307900000000
vn -0.8078177501425666 0.1926416885253134 -0.5570634276244650
v -0.1747761100000000 0.1130769300000000 -0.7269230500000000
vn -0.7970573698311816 -0.0726086364788666 -0.5995227561206322
v -0.1776923700000000 0.1130769300000000 -0.7238495900000000
vn -0.3468482127718785 0.9183140201985003 -0.1907765121911559
v -0.1776923100000000 0.1289160100000000 -0.6946153600000000
vn 0.8863463314846999 0.3623120867570131 0.2883056233468108
v -0.1577723600000000 0.1130769300000000 -0.6623076800000000
vn 0.1079860338869522 0.9899852415868937 0.0909298516742757
v -0.1776923100000000 0.1291803600000000 -0.6623076800000000
vn 0.7470444031136820 0.5270531855260546 0.4051414560414187
v -0.1718595300000000 0.1130769300000000 -0.6300000000000000
vn 0.5514332560644366 0.7780638055721364 0.3008954611900589
v -0.1776923100000000 0.1189096900000000 -0.6300000000000000
vn 0.6727646908551193 0.2656671713162353 0.6905133053196341
v -0.1776923100000000 0.1130769300000000 -0.6223950400000000
vn 0.8210404052538448 0.0544926707993109 -0.5682633208027420
v -0.1776923100000000 0.1130769300000000 0.6166112400000000
vn 0.8109676723113530 0.2093539573739449 -0.5463536903854264
v -0.1680000300000000 0.1130769300000000 0.6300000000000000
vn 0.9848471469274722 0.1393125639667581 -0.1032865272425491
v -0.1483594200000000 0.1130769300000000 0.6623076800000000
vn -0.0978049881574593 -0.4687003831669197 0.8779260419367351
v -0.1776923100000000 0.1130769300000000 0.6925138199999999
vn -0.9051109252512979 -0.4230120942306801 -0.0428366796719103
v -0.1755529200000000 0.1130769300000000 0.6946153600000000
vn -0.5649217925408231 -0.7355814790810532 0.3738759900627391
v -0.1776923700000000 0.1160291100000000 0.6946152400000000
vn -0.6801120045518234 -0.4687526669038183 0.5636653249358687
v -0.1503960300000000 0.1130769300000000 0.7269230500000000
vn 0.7267886535535091 0.4331878563495130 -0.5330352091346228
v -0.1776923100000000 0.1453846100000000 0.6092230100000000
vn 0.8499953438903670 0.2069282436856017 -0.4844467125803300
v -0.1656164200000000 0.1453846100000000 0.6300000000000000
vn 0.4363841475881457 0.8663091877847577 -0.2430581553733193
v -0.1776923100000000 0.1574604400000000 0.6300000000000000
vn 0.8911752833338730 0.3848090815292732 -0.2402677363846179
v -0.1507621900000000 0.1453846100000000 0.6623076800000000
vn 0.0049154834290022 0.9995021658236546 -0.0311650210409540
v -0.1776923700000000 0.1614878000000000 0.6623076800000000
vn -0.4575088096080638 0.8602831055674497 0.2249414755136027
v -0.1776923100000000 0.1585469500000000 0.6946153600000000
vn -0.7826698198314384 0.3112546687888407 0.5390254950205722
v -0.1776923100000000 0.1453846100000000 0.7167577700000000
vn -0.8192641430537807 0.0230103929114368 0.5729544359933131
v -0.1699414800000000 0.1453846100000000 0.7269230500000000
vn -0.7397328091651657 -0.2536790534675677 0.6232514010224216
v -0.1498445700000000 0.1453846100000000 0.7592307900000000
vn -0.4124765653739589 -0.9088977164647218 -0.0613842326865490
v -0.1453846100000000 -0.1797816000000000 -0.2746153800000000
vn -0.3737620574210089 -0.9251170611809887 -0.0667858334099789
v -0.1453846100000000 -0.1820959400000000 -0.2423076900000000
vn -0.3347598413213499 -0.9405592470305344 -0.0573075166436195
v -0.1453846100000000 -0.1847225900000000 -0.2099999900000000
vn -0.3044328474508932 -0.9516756982456404 -0.0404228494989420
v -0.1453846100000000 -0.1863692400000000 -0.1776923100000000
vn -0.2778152136334431 -0.9601375012813664 -0.0308979887206071
v -0.1453846100000000 -0.1876707100000000 -0.1453846100000000
vn -0.2556298119822515 -0.9665331575460712 -0.0216114458086547
v -0.1453846100000000 -0.1886395200000000 -0.1130769300000000
vn -0.2590669374892047 -0.9656613678231781 -0.0195561906779674
v -0.1453846100000000 -0.1893231000000000 -0.0807692300000000
vn -0.2047931202444365 -0.9787691132406565 -0.0084143250856261
v -0.1453846100000000 -0.1898077000000000 -0.0484615400000000
vn -0.2162058791234669 -0.9763078690837891 -0.0088296431139522
v -0.1453846100000000 -0.1901564700000000 -0.0161538500000000
vn -0.2111789339481716 -0.9774474015779528 0.0001870962907506
v -0.1453846100000000 -0.1901944900000000 0.0161538500000000
vn -0.2140277734732681 -0.9768149058310555 0.0049751309874052
v -0.1453846100000000 -0.1899642100000000 0.0484615400000000
vn -0.2231710884864175 -0.9747553493752362 0.0068318466133736
v -0.1453846100000000 -0.1898470700000000 0.0807692300000000
vn -0.2537416805203047 -0.9672093469392647 0.0110108473812252
v -0.1453846100000000 -0.1896085300000000 0.1130769300000000
vn -0.2512534158447971 -0.9678406824369507 0.0124953769970803
v -0.1453846100000000 -0.1892400200000000 0.1453846100000000
vn -0.2678446082033908 -0.9632991363538198 0.0177211669016767
v -0.1453846100000000 -0.1887274500000000 0.1776923100000000
vn -0.2894815577677702 -0.9569281467745671 0.0221122052934032
v -0.1453846100000000 -0.1880499900000000 0.2099999900000000
vn -0.3148712923287058 -0.9487560278012733 0.0267968091010911
v -0.1453846100000000 -0.1872280700000000 0.2423076900000000
vn -0.3472832720318675 -0.9367675357793026 0.0431382994195759
v -0.1453846100000000 -0.1862060700000000 0.2746153800000000
vn -0.3924921238889031 -0.9174112234764804 0.0656245359950459
v -0.1453846100000000 -0.1842824100000000 0.3069230900000000
vn -0.4576673323921888 -0.8855534563858387 0.0795970397949094
v -0.1453846100000000 -0.1813020000000000 0.3392307800000000
vn -0.5059835878518821 -0.8577883590651562 0.0904419143806866
v -0.1453846100000000 -0.1778297300000000 0.3715384600000000
vn -0.5145322527404281 -0.8363314140202076 -0.1892255976680225
v -0.1453846100000000 -0.1511494200000000 -0.5007692600000000
vn -0.4751819346356957 -0.8592002170291851 -0.1896763455280557
v -0.1453846100000000 -0.1581973700000000 -0.4684615400000000
vn -0.5488518697289041 -0.8255978905324298 -0.1309570473227317
v -0.1139297700000000 -0.1776923100000000 -0.4361538600000000
vn -0.4284311586474397 -0.8969130521717718 -0.1095158396942162
v -0.1453846100000000 -0.1628481700000000 -0.4361538600000000
vn -0.5038318204477593 -0.8563810202155592 -0.1129824982855959
v -0.1207566300000000 -0.1776923100000000 -0.4038461400000000
vn -0.4008832625821615 -0.9086456174528046 -0.1168578267181678
v -0.1453846100000000 -0.1658163800000000 -0.4038461400000000
vn -0.4727872496513615 -0.8738799400939171 -0.1131638938378893
v -0.1293354000000000 -0.1776923100000000 -0.3715384600000000
vn -0.3903865701030951 -0.9142688812536318 -0.1082161663263564
v -0.1453846100000000 -0.1691512500000000 -0.3715384600000000
vn -0.4505782999887809 -0.8875337081334967 -0.0962450648398415
v -0.1373368400000000 -0.1776923100000000 -0.3392307800000000
vn -0.4103147927411661 -0.9062572400997864 -0.1016837530016083
v -0.1453846100000000 -0.1731948900000000 -0.3392307800000000
vn -0.4392939129895941 -0.8951322350150903 -0.0758889968782040
v -0.1439772800000000 -0.1776923100000000 -0.3069230900000000
vn -0.4429157436454128 -0.8934004337717633 -0.0752416704190984
v -0.1453845500000000 -0.1768503000000000 -0.3069230000000000
vn -0.4709524798450415 -0.8789973322890183 -0.0746153573776527
v -0.1453846100000000 -0.1776923100000000 -0.2979085100000000
vn -0.5153212123085891 -0.8505023426858336 0.1053081821641352
v -0.1453846800000000 -0.1776923100000000 0.3724859700000000
vn -0.4923186796871531 -0.8623343014101170 0.1183294986156198
v -0.1390076000000000 -0.1776923100000000 0.4038461400000000
vn -0.4614646726099388 -0.8776634229366159 0.1294498820864078
v -0.1453846100000000 -0.1736898300000000 0.4038460300000000
vn -0.4908516671874065 -0.8602928902903786 0.1376981616985869
v -0.1293522300000000 -0.1776923100000000 0.4361538600000000
vn -0.4317820560219594 -0.8912847851774256 0.1384763077521925
v -0.1453846100000000 -0.1682573600000000 0.4361538600000000
vn -0.5169608966703847 -0.8447714620370667 0.1382483571023858
v -0.1182953900000000 -0.1776923100000000 0.4684615400000000
vn -0.4466789825485462 -0.8841465471110947 0.1369772600869368
v -0.1453846100000000 -0.1639481300000000 0.4684616600000000
vn -0.5113525421868159 -0.8364995795045715 0.1969442334463123
v -0.1453846100000000 -0.1596866000000000 0.5007692600000000
vn -0.5846631562058652 -0.7713952447649618 0.2512336962459468
v -0.1453846100000000 -0.1505927900000000 0.5330769400000001
vn -0.6995968871962751 -0.6704540456076561 -0.2470942495356970
v -0.1210943200000000 -0.1453846100000000 -0.5976923100000000
vn -0.6742600072054885 -0.6696602436911960 -0.3113335842833254
v -0.1453846100000000 -0.1197396200000000 -0.5976923100000000
vn -0.6223057990795077 -0.7542017255974642 -0.2095596562743476
v -0.1295439900000000 -0.1453846100000000 -0.5653846300000001
vn -0.6606841541153993 -0.6912549796456076 -0.2926824245081518
v -0.1453846100000000 -0.1332948700000000 -0.5653846300000001
vn -0.5825932792520081 -0.7879944468730309 -0.1991226322336511
v -0.1425506200000000 -0.1453846100000000 -0.5330769400000001
vn -0.6259586964422029 -0.7480529536114844 -0.2204370407656400
v -0.1453845500000000 -0.1428278500000000 -0.5330769400000001
vn -0.5993827160013592 -0.7772629990565709 -0.1913180337982256
v -0.1453846100000000 -0.1453846100000000 -0.5239175600000000
vn 0.2621558075597493 0.8943324824194668 0.3625517114180126
v -0.1453846100000000 -0.1181602500000000 -0.4361538600000000
vn 0.0598042623215043 0.9981888477592713 0.0065172399985661
v -0.1453846100000000 -0.1183736500000000 -0.4038461400000000
vn 0.0303640792767975 0.9992413495855949 0.0243874551364303
v -0.1453846100000000 -0.1186356600000000 -0.3715384600000000
vn 0.0112820376186242 0.9999344536895641 -0.0019503722016232
v -0.1453846100000000 -0.1185314600000000 -0.3392307800000000
vn 0.0100025736198659 0.9999464222739557 0.0026647893903810
v -0.1453846100000000 -0.1184965800000000 -0.3069230900000000
vn 0.0076089960023533 0.9999708359155787 0.0006561235667508
v -0.1453846100000000 -0.1185314600000000 -0.2746153800000000
vn 0.0053660919279725 0.9999855670169773 -0.0002661111704940
v -0.1453846100000000 -0.1184615200000000 -0.2423076900000000
vn 0.0045587133958768 0.9999892840482422 0.0008061766916701
v -0.1453846100000000 -0.1185662700000000 -0.2099999900000000
vn 0.0046106673465535 0.9999883707199415 0.0014142741942134
v -0.1453846100000000 -0.1184615200000000 -0.1776923100000000
vn 0.0029675741865178 0.9999871693179545 0.0041054479550867
v -0.1453846100000000 -0.1185662700000000 -0.1453846100000000
vn 0.0038543667316625 0.9999869384313590 0.0033566089696981
v -0.1453846100000000 -0.1188075800000000 -0.1130769300000000
vn 0.0054384046371233 0.9999851940021798 0.0001884978141810
v -0.1453846100000000 -0.1188757400000000 -0.0807692300000000
vn 0.0050861736459443 0.9999852494837924 0.0019056895027035
v -0.1453846100000000 -0.1188417200000000 -0.0484615400000000
vn 0.0062810875043440 0.9999797100058889 0.0010618457050748
v -0.1453846100000000 -0.1189772900000000 -0.0161538500000000
vn 0.0061076129292899 0.9999812893203293 0.0003436183321849
v -0.1453846100000000 -0.1189435300000000 0.0161538500000000
vn 0.0069617100683460 0.9999719823052862 0.0027512174324758
v -0.1453846100000000 -0.1189772900000000 0.0484615400000000
vn 0.0082814980461869 0.9999401756525734 0.0071457614018030
v -0.1453846100000000 -0.1191448400000000 0.0807692300000000
vn 0.0074676788121986 0.9999404136623303 0.0079625936707510
v -0.1453846100000000 -0.1194736600000000 0.1130769300000000
vn 0.0056800256006952 0.9999550967731574 0.0075856276313004
v -0.1453846100000000 -0.1196990100000000 0.1453846100000000
vn 0.0065737957340350 0.9999541754484744 0.0069593256001411
v -0.1453846100000000 -0.1199517300000000 0.1776923100000000
vn 0.0063122149469088 0.9999606333172983 0.0062360049816875
v -0.1453846100000000 -0.1201995700000000 0.2099999900000000
vn 0.0043115170459957 0.9999551763800415 0.0084294751629063
v -0.1453846100000000 -0.1203520200000000 0.2423076900000000
vn 0.0013018406218847 0.9999080202876408 0.0135002287182842
v -0.1453846100000000 -0.1207104800000000 0.2746153800000000
vn 0.0015482268226617 0.9998791896233636 0.0154663878081246
v -0.1453846100000000 -0.1212293400000000 0.3069230900000000
vn 0.0055216887165211 0.9998094121689926 0.0187256586536059
v -0.1453846100000000 -0.1217538600000000 0.3392307800000000
vn 0.0133820378356467 0.9996501976092642 0.0228123537392409
v -0.1453846100000000 -0.1223591100000000 0.3715384600000000
vn 0.0267847210107007 0.9991807607333997 0.0303378657885425
v -0.1453846100000000 -0.1231990800000000 0.4038461400000000
vn 0.2637131174454614 0.9640246999790040 -0.0333432079678537
v -0.1453846100000000 -0.1247900400000000 0.4361538600000000
vn 0.0777712932766022 0.9747754616174853 0.2091994870225617
v -0.1453846100000000 -0.1267179400000000 0.4684615400000000
vn -0.0836204971434358 0.9742373485707785 -0.2094497579546560
v -0.1453846100000000 -0.1245917400000000 0.5007692600000000
vn -0.5759008083498754 -0.5600666471222127 0.5955364050360337
v -0.1453846100000000 -0.1453846100000000 0.5450462700000001
vn -0.9466479650012180 -0.1570992755116750 0.2813848752025592
v -0.1361222100000000 -0.1453846100000000 0.5653846300000001
vn -0.2163185889319473 -0.9107290134793766 0.3518223018646950
v -0.1453846100000000 -0.1373937100000000 0.5653846300000001
vn -0.7783268771154312 -0.5746977347121306 0.2528434022799210
v -0.1171008400000000 -0.1453846100000000 0.5976923100000000
vn -0.5827042806156356 -0.7261837106445791 0.3648464605100138
v -0.1453846100000000 -0.1133371500000000 0.5976923100000000
vn -0.8471157862218442 -0.3859551284448643 -0.3652854822749665
v -0.1214806900000000 -0.1130769300000000 -0.6623076800000000
vn -0.8259451778594550 -0.4124854037405690 -0.3842790065456259
v -0.1336064900000000 -0.1130769300000000 -0.6300000500000000
vn -0.7530063636095786 -0.5136220144281605 -0.4113074794581755
v -0.1453846100000000 -0.1130769300000000 -0.6076283500000000
vn 0.1316189149001237 0.5035329867902469 0.8538916748947766
v -0.1453846100000000 -0.1130769300000000 -0.4412640300000000
vn 0.5822084031982349 0.2750224985294412 -0.7651117569009021
v -0.1453846100000000 -0.1130769300000000 0.5176836300000000
vn 0.8262568205102019 0.4137381451417760 -0.3822569996939424
v -0.1343834800000000 -0.1130769300000000 0.5330769400000001
vn 0.7182328068835994 0.3938945767826375 -0.5735753633981616
v -0.1453846100000000 -0.0920644800000000 0.5330769400000001
vn 0.8410411520371214 -0.3519342004454864 -0.4108431563709777
v -0.1155945500000000 -0.1130769300000000 0.5653846300000001
vn -0.7036796554215007 -0.4464480373380863 0.5527378153363934
v -0.1453846800000000 -0.1130769300000000 0.5979649400000000
vn -0.7773011275546790 -0.4155316220827985 0.4723731873756838
v -0.1263800700000000 -0.1130769300000000 0.6300000000000000
vn -0.8488264633689299 -0.2369377705835934 -0.4726035632064906
v -0.1180161200000000 -0.0807692300000000 -0.6946153600000000
vn -0.9173336294248421 -0.1952549003580599 -0.3469503368097669
v -0.1298133400000000 -0.0807692300000000 -0.6623076800000000
vn -0.8138231078335745 -0.2470844953853279 -0.5259669203441222
v -0.1432402300000000 -0.0807692300000000 -0.6300000000000000
vn -0.8038980536033570 -0.2665856981996026 -0.5316765792548744
v -0.1453846100000000 -0.0754910000000000 -0.6300000500000000
vn -0.8109512214739973 -0.2582274966205202 -0.5250492132923648
v -0.1453846100000000 -0.0807692300000000 -0.6275881500000000
vn -0.0068276669473340 0.1077187946873843 0.9941579573866285
v -0.1453846100000000 -0.0807692300000000 -0.4501853000000000
vn 0.7382671672667875 0.3346231772340887 -0.5856525582575702
v -0.1453846100000000 -0.0807692300000000 0.5408673300000000
vn 0.7928735769146635 0.3087619341222186 -0.5253737327537930
v -0.1231178000000000 -0.0807692300000000 0.5653846300000001
vn -0.6824099826158979 -0.3924945603495661 0.6166560108538395
v -0.1453846100000000 -0.0807692300000000 0.6243507300000000
vn -0.6887345729643097 -0.3769956081251904 0.6192891081376999
v -0.1379971200000000 -0.0807692900000000 0.6300000000000000
vn -0.7364217027451203 -0.3205089239928616 0.5957827669267680
v -0.1453846100000000 -0.0687850400000000 0.6300000000000000
vn -0.7252077434202249 -0.2852434545736188 0.6266657007577910
v -0.1131650400000000 -0.0807692300000000 0.6623076800000000
vn -0.8635865606613483 -0.2671940093769520 -0.4275811193190980
v -0.1237106700000000 -0.0484615400000000 -0.6946153600000000
vn -0.8419616443667151 -0.3551942567375464 -0.4061251400688698
v -0.1345260100000000 -0.0484615400000000 -0.6623076800000000
vn -0.7397218302602635 -0.5129496587767230 -0.4355390469260471
v -0.1453846800000000 -0.0325532000000000 -0.6623076800000000
vn -0.7778185042340713 -0.3766495168315928 -0.5031237580770757
v -0.1453846100000000 -0.0484615400000000 -0.6435146899999999
vn -0.0278695638437555 -0.0376395368094924 0.9989026742780929
v -0.1453846100000000 -0.0484615400000000 -0.4512166700000000
vn 0.0843727363099030 -0.9375114814288829 -0.3375699387632153
v -0.1453846100000000 -0.0312980800000000 0.4038461400000000
vn -0.0543544358155503 -0.9960495092822307 -0.0702208684494916
v -0.1453846100000000 -0.0394493200000000 0.4361539800000000
vn -0.0920260799193335 -0.9957541805951166 -0.0021937278838743
v -0.1453846800000000 -0.0409588100000000 0.4684615400000000
vn 0.1573718160479532 -0.9839470476352200 -0.0841565146836735
v -0.1453846100000000 -0.0361103900000000 0.5007692600000000
vn 0.5034432590481663 -0.8634726148536046 -0.0309827099660323
v -0.1453846100000000 -0.0239099000000000 0.5330769400000001
vn 0.7665282797318239 -0.2274576242227954 -0.6005809067513654
v -0.1453846100000000 -0.0484615400000000 0.5643366600000000
vn 0.7205014609078689 -0.0624217617853191 -0.6906382327132227
v -0.1432737600000000 -0.0484615400000000 0.5653846300000001
vn 0.9190641998776049 0.0785167600581709 -0.3862073470213965
v -0.1174581300000000 -0.0484615400000000 0.5976923100000000
vn -0.6970589211786652 -0.4894339414077206 0.5239878599770602
v -0.1453846100000000 -0.0484615400000000 0.6405776700000000
vn -0.6931188243231667 -0.4799853418203313 0.5377735276177983
v -0.1285167500000000 -0.0484615400000000 0.6623076800000000
vn -0.6321260126472590 -0.6033863862646894 0.4861497433971516
v -0.1453846100000000 -0.0335684800000000 0.6623076800000000
vn -0.7783124349426376 -0.3901597791825188 -0.4919401389619580
v -0.1176675800000000 -0.0161538500000000 -0.7269230500000000
vn -0.7933869752281135 -0.3805308294964705 -0.4751140866582600
v -0.1372887200000000 -0.0161538500000000 -0.6946153600000000
vn -0.7708321751181206 -0.3656466955083342 -0.5216514658912619
v -0.1453846100000000 0.0005866400000000 -0.6946153600000000
vn -0.7656032994542629 -0.4543863137226647 -0.4553950655928040
v -0.1453845500000000 -0.0161538500000000 -0.6819988500000000
vn 0.0002801820719842 -0.2772727336358985 0.9607912118041477
v -0.1453846100000000 -0.0161538500000000 -0.4451937400000000
vn 0.0197395982509887 -0.7564425310016004 0.6537622240178630
v -0.1453846100000000 0.0069949600000000 -0.4361538600000000
vn 0.0334363485100125 -0.7741375259283061 0.6321337687134884
v -0.1453846100000000 0.0136299300000000 -0.4038461400000000
vn 0.1913414636516546 -0.0796181022749706 -0.9782890176618435
v -0.1453846100000000 0.0099827700000000 0.3715384600000000
vn 0.1632230433951579 -0.5046915270330641 -0.8477291434449192
v -0.1453846800000000 -0.0161538500000000 0.3750700100000000
vn -0.7468170076036406 -0.2797077223051708 0.6033472857623520
v -0.1453846100000000 -0.0161538500000000 0.6807097800000000
vn -0.7368507074755176 -0.3984388073156554 0.5461662308470810
v -0.1338805900000000 -0.0161538500000000 0.6946154800000000
vn -0.7749064880027601 -0.3523927667838942 -0.5247278082678870
v -0.1159408100000000 0.0161538500000000 -0.7592307900000000
vn -0.8351815158225845 -0.2840253550684452 -0.4709579952676603
v -0.1313885300000000 0.0161538500000000 -0.7269230500000000
vn -0.7684122043863391 -0.3175304450685678 -0.5556231642081568
v -0.1453846100000000 0.0161538500000000 -0.7040841000000000
vn 0.0155215979694325 -0.6538833739909189 0.7564361263284082
v -0.1453846800000000 0.0161538500000000 -0.4027572900000000
vn 0.0004173469051694 -0.7454044469929730 0.6666123582897791
v -0.1453846100000000 0.0379862900000000 -0.3715384600000000
vn 0.0597783611449739 -0.1708779985273602 -0.9834771258947025
v -0.1453846100000000 0.0161538500000000 0.3713395600000000
vn 0.1016376069473989 -0.3387634602195332 -0.9353657652886889
v -0.1419157800000000 0.0161538500000000 0.3715384600000000
vn 0.1020479316468980 0.9804248474851959 0.1683844947737776
v -0.1453846100000000 0.0469076800000000 0.4684615400000000
vn 0.1494744099840644 0.9819494874684173 0.1158991148388472
v -0.1453846100000000 0.0416728900000000 0.5007692600000000
vn 0.1623580251718834 0.9863381488611584 -0.0278734239631467
v -0.1453846100000000 0.0392682700000000 0.5330769400000001
vn 0.1509449731550977 0.9846607980554473 -0.0875141580089558
v -0.1453846100000000 0.0419374900000000 0.5653846300000001
vn 0.3304913202650847 0.9338744340482723 -0.1365797520149314
v -0.1453846100000000 0.0434437800000000 0.5976923100000000
vn 0.1845972991699373 0.9809571016590365 -0.0603904118537665
v -0.1453846100000000 0.0476195400000000 0.6300000000000000
vn -0.7337260785072204 -0.1635093418099649 0.6594776242294264
v -0.1453846100000000 0.0161538500000000 0.6884478900000000
vn -0.7752769072519037 -0.1623002610390518 0.6104132553840705
v -0.1392171700000000 0.0161538500000000 0.6946154800000000
vn -0.7375679764733462 -0.1813831858803276 0.6504564704581822
v -0.1453846100000000 0.0414636200000000 0.6946153600000000
vn -0.7719118199757190 -0.1631329558052895 0.6144426587664652
v -0.1184440200000000 0.0161538500000000 0.7269230500000000
vn -0.8399748771354123 -0.2522966649526215 -0.4804046197062778
v -0.1254171000000000 0.0484615400000000 -0.7592307900000000
vn -0.8139971981788078 -0.3009195615002020 -0.4968460313453020
v -0.1398666100000000 0.0484615400000000 -0.7269230500000000
vn -0.7907980070586939 -0.3504041845983483 -0.5018519895825507
v -0.1453846100000000 0.0594260700000000 -0.7269230500000000
vn -0.8087302200822515 -0.2612584043608027 -0.5269719890815454
v -0.1453846100000000 0.0484615400000000 -0.7194322300000000
vn -0.1191375439187908 0.9658580228816834 0.2300533096134106
v -0.1453846100000000 0.0795488700000000 -0.6623076800000000
vn 0.1747709519562051 0.9758953288513329 0.1307035633732704
v -0.1453846100000000 0.0652057200000000 -0.6300000000000000
vn 0.0887898035545778 0.9959471255048594 0.0143420355370931
v -0.1453846100000000 0.0651904400000000 -0.5976923100000000
vn 0.0199348180021922 0.9970708849142118 0.0738393762677465
v -0.1453846800000000 0.0643522600000000 -0.5653846300000001
vn -0.0275619790419479 0.9989072529207108 0.0377443687679419
v -0.1453846100000000 0.0632370300000000 -0.5330769400000001
vn -0.0209178337209079 0.9988579567877263 0.0429560984526436
v -0.1453846100000000 0.0619034000000000 -0.5007692600000000
vn -0.0076349433505215 0.9989688670222062 0.0447538865396513
v -0.1453846100000000 0.0603777600000000 -0.4684615400000000
vn 0.0001944465189365 0.9989672617348835 0.0454353625765212
v -0.1453846100000000 0.0589120200000000 -0.4361538600000000
vn 0.0019053570051013 0.9989261758280401 0.0462910883459282
v -0.1453846100000000 0.0574054800000000 -0.4038461400000000
vn 0.0007416394344230 0.9338187676843551 0.3577456625752738
v -0.1453846100000000 0.0558571700000000 -0.3715385200000000
vn -0.0020339582696068 0.0885216922785911 0.9960721725908681
v -0.1453846100000000 0.0484615400000000 -0.3624038700000000
vn 0.0094588642660083 0.3392814683896438 -0.9406373451517669
v -0.1453846100000000 0.0484615400000000 0.3653070000000000
vn -0.0018190824067571 0.9521561624809788 -0.3056065005668125
v -0.1453846100000000 0.0539160700000000 0.3715384600000000
vn 0.0013976155117291 0.9974574705971502 0.0712505510211431
v -0.1453846100000000 0.0509431800000000 0.4038461400000000
vn 0.0094627456919772 0.9990586964150741 0.0423341181717759
v -0.1453846100000000 0.0491229900000000 0.4361538600000000
vn 0.0551843373705413 0.9917946688560744 0.1153170574444391
v -0.1453846100000000 0.0484615400000000 0.4559642100000000
vn 0.0848384034831740 0.4778214800101951 -0.8743506610824360
v -0.1453846800000000 0.0484614100000000 0.6309520600000000
vn 0.6660081675253571 0.5038434304643200 -0.5500681033903546
v -0.1214403900000000 0.0484615400000000 0.6623076800000000
vn -0.7706496932616369 -0.1811629069531860 0.6109656712287658
v -0.1453846100000000 0.0484615400000000 0.6966056800000000
vn -0.7851708327114723 -0.1657503719526290 0.5966854930838679
v -0.1251206400000000 0.0484615400000000 0.7269230500000000
vn -0.7181110915778850 -0.4495563134692107 -0.5312396645326771
v -0.1141977000000000 0.0807692300000000 -0.7915384800000000
vn -0.7660330229668294 -0.4298953688374516 -0.4778947369206032
v -0.1345697600000000 0.0807692300000000 -0.7592307900000000
vn -0.7088096090480770 -0.5398868569935863 -0.4539946252619067
v -0.1453846100000000 0.0944178900000000 -0.7592307900000000
vn -0.7524648603952162 -0.4445741548921822 -0.4859531404079097
v -0.1453846100000000 0.0807692300000000 -0.7413511900000000
vn 0.7998750476397748 0.4007639753941048 0.4467528894026108
v -0.1245018900000000 0.0807692300000000 -0.6946153600000000
vn -0.0905705334655956 0.5349016758888375 0.8400459366005353
v -0.1453846100000000 0.0807692300000000 -0.6637142300000000
vn 0.6510179677069160 0.1604613464043067 -0.7419081897599421
v -0.1453846100000000 0.0807692300000000 0.6481605200000000
vn 0.7202791285345745 0.2843451345050481 -0.6327288688536189
v -0.1355031000000000 0.0807692300000000 0.6623076800000000
vn 0.6085266778030319 0.4719230191309297 -0.6379529343269400
v -0.1453846100000000 0.1070629800000000 0.6623076800000000
vn -0.7396731752698242 -0.3446815438104038 0.5779950061572615
v -0.1453846100000000 0.0807692300000000 0.7074316700000000
vn -0.7556525421772540 -0.2774775213077178 0.5932920534357243
v -0.1315924400000000 0.0807692300000000 0.7269230500000000
vn -0.6826499712293219 -0.4331851584273672 0.5885062746469766
v -0.1453846100000000 0.1062431600000000 0.7269230500000000
vn -0.8543923188108443 0.0255435890189745 -0.5190002799778226
v -0.1190781100000000 0.1130769300000000 -0.8238461600000000
vn -0.8245831029311543 0.1259223917613436 -0.5515489621180807
v -0.1359496100000000 0.1130769300000000 -0.7915384800000000
vn -0.8121442889572053 -0.0713334499650456 -0.5790796083702826
v -0.1453846100000000 0.1130768000000000 -0.7792838200000000
vn -0.4576050176711159 0.8539948507448463 -0.2475690665319587
v -0.1453846100000000 0.1267067300000000 -0.7592307900000000
vn 0.7099927269946118 0.5489405340947453 0.4411061296814299
v -0.1209148800000000 0.1130769300000000 -0.7269230500000000
vn 0.0456774129524926 0.9981531592496985 0.0400480289878713
v -0.1453846100000000 0.1292307700000000 -0.7269230500000000
vn 0.7273190414854469 0.5693471988367151 0.3832111416301419
v -0.1363617300000000 0.1130769300000000 -0.6946153600000000
vn 0.5253461732641729 0.7995599972254334 0.2910587725418262
v -0.1453846100000000 0.1220997400000000 -0.6946153600000000
vn 0.6455098430138123 0.3241753081802068 0.6915398847055397
v -0.1453846100000000 0.1130769300000000 -0.6822124100000000
vn 0.0007246391290931 0.0568542223978710 -0.9983822275529879
v -0.1453846100000000 0.1130768000000000 0.6653343400000000
vn -0.6268631935516178 -0.5168610350304028 0.5830070385832128
v -0.1453846100000000 0.1130769300000000 0.7320705100000000
vn -0.6856064970480357 -0.4816132658642754 0.5458867953606028
v -0.1219842100000000 0.1130769300000000 0.7592307900000000
vn -0.6309411401755357 -0.5504957216153856 0.5466879714399714
v -0.1453846100000000 0.1408011600000000 0.7592307900000000
vn 0.2986601941545720 0.4049325961742113 -0.8641942379946576
v -0.1453846100000000 0.1453846100000000 0.6679516400000000
vn 0.0590122332256448 0.9555186762716058 -0.2889664610744305
v -0.1453846100000000 0.1627543900000000 0.6946153600000000
vn -0.3460145301497597 0.9203166632836461 0.1824587191879217
v -0.1453846100000000 0.1644240900000000 0.7269230500000000
vn -0.6407405134170904 0.6544724871583527 0.4013942675459672
v -0.1453846100000000 0.1532599200000000 0.7592307900000000
vn -0.7643619794992207 -0.0044166912926476 0.6447722521433893
v -0.1453846100000000 0.1453846100000000 0.7637889400000000
vn -0.7849657343796317 -0.2602871597677435 0.5622093829792301
v -0.1243407500000000 0.1453846100000000 0.7915384800000000
vn -0.4928524165352682 -0.8633134785535109 -0.1085648804318562
v -0.1130769300000000 -0.1784201300000000 -0.4361538600000000
vn -0.4022376109814893 -0.9099164653871961 -0.1012765043293646
v -0.1130769300000000 -0.1826495500000000 -0.4038461400000000
vn -0.3285562447360991 -0.9415751509457587 -0.0740744839089979
v -0.1130769300000000 -0.1863150700000000 -0.3715384600000000
vn -0.2741930425189289 -0.9604820078445720 -0.0478799335951122
v -0.1130769300000000 -0.1882805800000000 -0.3392307800000000
vn -0.2574760720642003 -0.9653562935827702 -0.0423473582945514
v -0.1130769300000000 -0.1896487000000000 -0.3069230900000000
vn -0.1929083032243281 -0.9808605512455481 -0.0264379567552086
v -0.1130769300000000 -0.1907118100000000 -0.2746153800000000
vn -0.1930585794935481 -0.9806748985035914 -0.0317037589081181
v -0.1130769300000000 -0.1916694200000000 -0.2423076900000000
vn -0.1620978041649345 -0.9863052744891305 -0.0304336557092203
v -0.1130769300000000 -0.1925363800000000 -0.2099999900000000
vn -0.1393225409724557 -0.9900318030179330 -0.0206460308543539
v -0.1130769300000000 -0.1932711000000000 -0.1776923100000000
vn -0.1262912878331563 -0.9919314210856056 -0.0110709746876203
v -0.1130769300000000 -0.1935897500000000 -0.1453846100000000
vn -0.1155985962593959 -0.9932757443079844 -0.0063451014394221
v -0.1130769300000000 -0.1935897500000000 -0.1130769300000000
vn -0.1073082172772668 -0.9942174245940385 -0.0040815607764873
v -0.1130769300000000 -0.1935880800000000 -0.0807692300000000
vn -0.1005435769096701 -0.9949319523946270 0.0011828974702265
v -0.1130769300000000 -0.1935880800000000 -0.0484615400000000
vn -0.0922483696351936 -0.9957351602171011 0.0013149171352584
v -0.1130769300000000 -0.1933250700000000 -0.0161538500000000
vn -0.0873781686283681 -0.9961751408435361 0.0003800164648027
v -0.1130769300000000 -0.1933250700000000 0.0161538500000000
vn -0.0874561793535673 -0.9961675332297063 0.0012893532947189
v -0.1130769300000000 -0.1933250700000000 0.0484615400000000
vn -0.0880711587294084 -0.9961141296704227 -0.0003341721050496
v -0.1130769300000000 -0.1933786900000000 0.0807692300000000
vn -0.0916696535557072 -0.9957891630703039 -0.0007857026923332
v -0.1130769300000000 -0.1934319300000000 0.1130769300000000
vn -0.0990707199059292 -0.9950801773076039 -0.0006581692704053
v -0.1130769300000000 -0.1934848600000000 0.1453846100000000
vn -0.1084075399099047 -0.9941064095662135 0.0005017470021950
v -0.1130769300000000 -0.1935897500000000 0.1776923100000000
vn -0.1207156684350293 -0.9926845856304790 0.0022451828273025
v -0.1130769300000000 -0.1936416900000000 0.2099999900000000
vn -0.1359129135899907 -0.9907069106743508 0.0052437640644385
v -0.1130769300000000 -0.1935897500000000 0.2423076900000000
vn -0.1534191026275216 -0.9880899725967840 0.0118652856119209
v -0.1130769300000000 -0.1934848600000000 0.2746153800000000
vn -0.1790153379926870 -0.9835512603636676 0.0240920526399296
v -0.1130769300000000 -0.1929398200000000 0.3069230900000000
vn -0.2155348996745418 -0.9758195619790313 0.0363440432717232
v -0.1130769300000000 -0.1921750900000000 0.3392307800000000
vn -0.2583535514186830 -0.9649424860619227 0.0462540923809994
v -0.1130769300000000 -0.1909604500000000 0.3715384600000000
vn -0.3260696442946089 -0.9430235122956363 0.0662211622307324
v -0.1130769300000000 -0.1894871900000000 0.4038461400000000
vn -0.3970751375454037 -0.9116813667848286 0.1056807484863987
v -0.1130769300000000 -0.1872280700000000 0.4361538600000000
vn -0.4727695932065025 -0.8717902536144291 0.1283380903794645
v -0.1130769300000000 -0.1816366200000000 0.4684615400000000
vn -0.6394741779437971 -0.7541464853422530 -0.1494518463888346
v -0.1130769300000000 -0.1531724000000000 -0.5976923100000000
vn -0.6562967106314903 -0.7482130531634295 -0.0972206495048507
v -0.0837189600000000 -0.1776923100000000 -0.5653846300000001
vn -0.5649320780832300 -0.8146976584080013 -0.1308414022283577
v -0.1130769300000000 -0.1572738400000000 -0.5653846300000001
vn -0.6043538794705218 -0.7846878229469050 -0.1379181238553400
v -0.0912338200000000 -0.1776923100000000 -0.5330769400000001
vn -0.5211231530478467 -0.8410118826078861 -0.1453604921215170
v -0.1130769300000000 -0.1629846100000000 -0.5330769400000001
vn -0.5639121480899169 -0.8170617362831798 -0.1200550221295685
v -0.0981970500000000 -0.1776923100000000 -0.5007692600000000
vn -0.5209505601509263 -0.8432087365124964 -0.1327009440337011
v -0.1130769300000000 -0.1674825300000000 -0.5007692600000000
vn -0.5289505826754636 -0.8404631052084848 -0.1176139867133125
v -0.1064496600000000 -0.1776923100000000 -0.4684615400000000
vn -0.4937438493102832 -0.8571994039661998 -0.1463768872064717
v -0.1130769300000000 -0.1728805500000000 -0.4684615400000000
vn -0.5536391898355397 -0.8213233293671371 -0.1375195844799137
v -0.1130769300000000 -0.1776923100000000 -0.4399135400000000
vn -0.5333447328414126 -0.8350094040581776 0.1352874387544137
v -0.1130769300000000 -0.1776923100000000 0.4921760300000000
vn -0.5046540048375787 -0.8478469203987417 0.1627265650462856
v -0.1109073300000000 -0.1776923100000000 0.5007692600000000
vn -0.5131618436521422 -0.8391267129885601 0.1803643029220274
v -0.1130769300000000 -0.1761046200000000 0.5007692600000000
vn -0.5132474833489923 -0.8396783313232978 0.1775311824498669
v -0.0981217500000000 -0.1776923100000000 0.5330769400000001
vn -0.4914590394978696 -0.8471860595050701 0.2018509179471406
v -0.1130769300000000 -0.1679178800000000 0.5330769400000001
vn -0.5555162125597477 -0.8091747687661017 0.1914103737408167
v -0.0860980600000000 -0.1776923100000000 0.5653846300000001
vn -0.5360183935718253 -0.8032836472652127 0.2596529679957018
v -0.1130769300000000 -0.1614766000000000 0.5653846300000001
vn -0.6045260715486892 -0.7463659143538923 0.2783633429684798
v -0.1130769300000000 -0.1492313100000000 0.5976923100000000
vn -0.8115828955961972 -0.4925867360396968 -0.3141520508503007
v -0.0914021700000000 -0.1453846100000000 -0.6946153600000000
vn -0.7963801126344277 -0.5433005473394508 -0.2657126859241565
v -0.0997876400000000 -0.1453846100000000 -0.6623076800000000
vn -0.7630764471218860 -0.5607963451487934 -0.3212814889090170
v -0.1130769300000000 -0.1238461700000000 -0.6623076800000000
vn -0.7186494776902256 -0.6462242227461334 -0.2567823633969473
v -0.1106276300000000 -0.1453846100000000 -0.6300000000000000
vn -0.7390880422679290 -0.6071333096450561 -0.2917841841087357
v -0.1130768600000000 -0.1428773400000000 -0.6300000000000000
vn -0.7185456080869410 -0.6480435043031113 -0.2524516302769930
v -0.1130769300000000 -0.1453846100000000 -0.6233353600000000
vn 0.0035874658650494 0.9239597533757550 0.3824728803856306
v -0.1130769300000000 -0.1184615200000000 -0.4361538600000000
vn 0.0038943448076098 0.9999858967044206 0.0036111592010277
v -0.1130769300000000 -0.1184965800000000 -0.4038461400000000
vn 0.0032932152134401 0.9999891009505968 0.0033094884158868
v -0.1130769300000000 -0.1186010300000000 -0.3715384600000000
vn 0.0051334561727865 0.9999867621312524 0.0003509842962872
v -0.1130769300000000 -0.1186010300000000 -0.3392307800000000
vn 0.0056679118973345 0.9999794301051605 0.0030023559552650
v -0.1130769300000000 -0.1186702300000000 -0.3069230900000000
vn 0.0067187306973197 0.9999764164398998 0.0014231028891254
v -0.1130769300000000 -0.1188757400000000 -0.2746153800000000
vn 0.0079773890051546 0.9999659335949193 -0.0021196495705415
v -0.1130769300000000 -0.1188075800000000 -0.2423076900000000
vn 0.0047978173916919 0.9999883568299702 -0.0005168682347478
v -0.1130769300000000 -0.1187390600000000 -0.2099999900000000
vn 0.0016383520034723 0.9999974393065207 0.0015611480116170
v -0.1130769300000000 -0.1188075800000000 -0.1776923100000000
vn 0.0010950132146521 0.9999958953238312 0.0026476936282095
v -0.1130769300000000 -0.1189772900000000 -0.1453846100000000
vn 0.0007130606533462 0.9999922769388193 0.0038649200794193
v -0.1130769300000000 -0.1189772900000000 -0.1130769300000000
vn 0.0034672423933714 0.9999930451792994 0.0013739807921771
v -0.1130769300000000 -0.1190781100000000 -0.0807692300000000
vn 0.0063555398200727 0.9999773468876622 0.0022164893655302
v -0.1130769300000000 -0.1189772900000000 -0.0484615400000000
vn 0.0066593776148767 0.9999772566130536 0.0010672143241235
v -0.1130769300000000 -0.1191781200000000 -0.0161538500000000
vn 0.0046344411517482 0.9999891325571792 -0.0005066781532705
v -0.1130769300000000 -0.1191115100000000 0.0161538500000000
vn 0.0027710256193653 0.9999924210682932 0.0027348168110793
v -0.1130769300000000 -0.1191781200000000 0.0484615400000000
vn 0.0012316096893238 0.9999729053207397 0.0072575313965640
v -0.1130769300000000 -0.1193431500000000 0.0807692300000000
vn 0.0013615452893394 0.9999755226417680 0.0068629666870931
v -0.1130769300000000 -0.1196670300000000 0.1130769300000000
vn 0.0008671792052267 0.9999832190414674 0.0057279695958343
v -0.1130769300000000 -0.1197308700000000 0.1453846100000000
vn -0.0002725203824381 0.9999723722610082 0.0074283542815847
v -0.1130769300000000 -0.1200141500000000 0.1776923100000000
vn -0.0004031516246719 0.9999861817238984 0.0052415484378202
v -0.1130769300000000 -0.1201995700000000 0.2099999900000000
vn -0.0008611627379876 0.9999716869174144 0.0074755442797888
v -0.1130769300000000 -0.1203520200000000 0.2423076900000000
vn -0.0013903173912091 0.9999453957949280 0.0103572412386905
v -0.1130769300000000 -0.1206514400000000 0.2746153800000000
vn -0.0039864446850272 0.9998614573200750 0.0161608918240566
v -0.1130769300000000 -0.1210588200000000 0.3069230900000000
vn -0.0035085467521212 0.9997402119728086 0.0225210715609199
v -0.1130769300000000 -0.1216180500000000 0.3392307800000000
vn -0.0015959751442469 0.9995491424550407 0.0299827397135689
v -0.1130769300000000 -0.1225624000000000 0.3715384600000000
vn 0.0028792835613117 0.9993401774457046 0.0362066218938089
v -0.1130769300000000 -0.1237106700000000 0.4038461400000000
vn 0.0031178963156480 0.9986536848156766 0.0517793059690460
v -0.1130769300000000 -0.1249529000000000 0.4361538600000000
vn 0.0128057625616110 0.9986462172400810 0.0504157241075906
v -0.1130769300000000 -0.1269065100000000 0.4684615400000000
vn 0.0697034373116853 0.9975612541148432 0.0036020987989451
v -0.1130769300000000 -0.1275754100000000 0.5007692600000000
vn 0.1409671260534308 0.9896046100983845 -0.0284777991470609
v -0.1130769300000000 -0.1275474400000000 0.5330769400000001
vn -0.0003748203281262 0.9136151474361440 -0.4065799083636013
v -0.1130769300000000 -0.1161035500000000 0.5653846300000001
vn -0.6868915956768443 -0.6535873629374745 0.3178104699297314
v -0.1130769800000000 -0.1453846800000000 0.6060219999999999
vn -0.6724628932773868 -0.6370167941703205 0.3768332006471477
v -0.1024500200000000 -0.1453846800000000 0.6299998800000000
vn -0.7019065191030832 -0.5686533914558716 0.4289062354714935
v -0.1130769800000000 -0.1331027900000000 0.6300000000000000
vn -0.7136957887809240 -0.5773598148862794 0.3966030323016404
v -0.0842141500000000 -0.1453846100000000 0.6623076800000000
vn -0.7728745350830019 -0.4083221130259245 -0.4857345005600053
v -0.0808862500000000 -0.1130769300000000 -0.7592307900000000
vn -0.8702003414686309 -0.3646354913189264 -0.3313492480427311
v -0.0936923000000000 -0.1130769300000000 -0.7269230500000000
vn -0.8560405433581091 -0.3380286308241631 -0.3910642311312745
v -0.1055914500000000 -0.1130769300000000 -0.6946153600000000
vn -0.8170115588850367 -0.3123040814097250 -0.4847249461117820
v -0.1130769300000000 -0.0928649600000000 -0.6946153600000000
vn -0.8096832720102199 -0.4465511730446936 -0.3807952847387063
v -0.1130769300000000 -0.1130769300000000 -0.6796982300000000
vn -0.0128779241727607 0.4670281131998604 0.8841486869016879
v -0.1130769300000000 -0.1130769300000000 -0.4415666800000000
vn 0.5120929789799652 0.2693192726339509 -0.8156150502947727
v -0.1130769300000000 -0.1130769300000000 0.5684648800000000
vn 0.7569338546079156 0.4654803994059965 -0.4586710558965288
v -0.0868398000000000 -0.1130769300000000 0.5976923100000000
vn -0.7178717297910412 -0.3593474710213990 0.5962630079397372
v -0.1130769300000000 -0.1130769300000000 0.6499344700000000
vn -0.7531545557721414 -0.3927285712181581 0.5277522946123612
v -0.1018626400000000 -0.1130768600000000 0.6623076800000000
vn -0.7404935654107981 -0.2609126105418502 0.6193495695045254
v -0.1130769300000000 -0.0809851500000000 0.6623076800000000
vn -0.7828379990322083 -0.3729645475894754 0.4980583434825946
v -0.0839544800000000 -0.1130769300000000 0.6946153600000000
vn -0.8901419625143232 -0.1769340155655823 -0.4199305189040056
v -0.0900929500000000 -0.0807692300000000 -0.7592307900000000
vn -0.9123412214358727 -0.1637197067826786 -0.3752723721244258
v -0.0992637900000000 -0.0807692300000000 -0.7269230500000000
vn -0.8068834102099836 -0.2515893025779299 -0.5344548485665168
v -0.1130769300000000 -0.0807692300000000 -0.7009027600000000
vn -0.0583557712509798 0.0842003102194094 0.9947386147730762
v -0.1130769300000000 -0.0807692300000000 -0.4484735100000000
vn 0.7222821942124653 0.3588674716980627 -0.5912043383472981
v -0.1130769300000000 -0.0807692300000000 0.5959970999999999
vn 0.5153514574359218 0.4821918005894318 -0.7084517928292601
v -0.1056011200000000 -0.0807692300000000 0.5976923100000000
vn 0.6425827072316816 0.4122551624525124 -0.6458584561636207
v -0.1130769800000000 -0.0768538300000000 0.5976921900000000
vn 0.8971840243317847 0.2583944191199983 -0.3581803325860624
v -0.0839163300000000 -0.0807692300000000 0.6300000000000000
vn -0.7368394107628724 -0.3329515724529483 0.5883969180304499
v -0.1130768600000000 -0.0807692300000000 0.6623964300000000
vn -0.8440384332457830 -0.2748305513083058 0.4605076451825492
v -0.0921719600000000 -0.0807692300000000 0.6946153600000000
vn -0.8970062399039748 -0.1564163952875497 -0.4134171221158864
v -0.0942454800000000 -0.0484615400000000 -0.7592307900000000
vn -0.8765665931252680 -0.2400981323269655 -0.4171137670586575
v -0.1036926300000000 -0.0484614800000000 -0.7269230500000000
vn -0.7930628763161290 -0.3460831364856924 -0.5012761083967736
v -0.1130769300000000 -0.0254598800000000 -0.7269230500000000
vn -0.8262546386770228 -0.2137793589032151 -0.5211541593152961
v -0.1130769300000000 -0.0484615400000000 -0.7122275800000000
vn -0.1278215203783532 -0.0696053059055870 0.9893516868727500
v -0.1130769300000000 -0.0484615400000000 -0.4464359300000000
vn 0.0077695960085949 -0.9356315091092419 -0.3528927776815872
v -0.1130769300000000 -0.0305381500000000 0.4038461400000000
vn 0.0088008740516586 -0.9970561884018897 -0.0761675901248180
v -0.1130769300000000 -0.0370265200000000 0.4361538600000000
vn 0.0732622679510872 -0.9972649325588846 -0.0097618841924372
v -0.1130769300000000 -0.0348868200000000 0.4684615400000000
vn 0.0670229372505210 -0.9968957253190891 -0.0413139047154804
v -0.1130769300000000 -0.0379517800000000 0.5007692600000000
vn -0.1553628862523850 -0.9835513267097424 0.0921366447339709
v -0.1130769300000000 -0.0408724800000000 0.5330769400000001
vn -0.0028600698660548 -0.9921653895021920 -0.1248985983681354
v -0.1130769300000000 -0.0317942600000000 0.5653846300000001
vn 0.4416550632053751 -0.8555916700277174 -0.2700068505135339
v -0.1130769300000000 -0.0307665200000000 0.5976923100000000
vn 0.7844289441441823 -0.1955544722806510 -0.5885827723947411
v -0.1130769300000000 -0.0484615400000000 0.6189113900000000
vn 0.7347133167346490 0.0970707437253975 -0.6713967626712013
v -0.0946478700000000 -0.0484615400000000 0.6300000000000000
vn -0.6508394723598170 -0.5648013634965663 0.5073533295552664
v -0.1130769300000000 -0.0484615400000000 0.6867950600000000
vn -0.6909031449424606 -0.5202767363616082 0.5019611159338246
v -0.1054892800000000 -0.0484616000000000 0.6946152400000000
vn -0.6006778736853274 -0.6268366258229608 0.4962478580223387
v -0.1130769300000000 -0.0434650400000000 0.6946153600000000
vn -0.8270652139893160 -0.3709548053549874 0.4223217543447774
v -0.0915384800000000 -0.0484615400000000 0.7269230500000000
vn -0.7833727452331626 -0.2930542707650610 -0.5481298536042504
v -0.0812815600000000 -0.0161538500000000 -0.7915384800000000
vn -0.8438605501650888 -0.3024045088509719 -0.4432278024917619
v -0.1006126900000000 -0.0161538500000000 -0.7592307900000000
vn -0.7507887073991603 -0.4201618346504115 -0.5096865208587512
v -0.1130769300000000 0.0118218200000000 -0.7592307900000000
vn -0.8031192802628940 -0.3759626623633599 -0.4622245105775603
v -0.1130769300000000 -0.0161538500000000 -0.7336644500000000
vn -0.1130817325657941 -0.2278232205178622 0.9671137998978133
v -0.1130769300000000 -0.0161538500000000 -0.4448608500000000
vn -0.2812090235419883 -0.6925475935446409 0.6643036321999816
v -0.1130769300000000 0.0066603600000000 -0.4361538600000000
vn -0.0322469855854151 -0.7885066460082828 0.6141802676099440
v -0.1130769300000000 0.0154550500000000 -0.4038461400000000
vn 0.0285188943581913 -0.5542451033599266 -0.8318647955444025
v -0.1130769300000000 -0.0161538500000000 0.3795430400000000
vn -0.7243236237697955 -0.3424096177008373 0.5984237142317793
v -0.1130769300000000 -0.0161538500000000 0.7242829200000001
vn -0.7143121853366177 -0.3973531979826772 0.5760803224660298
v -0.1105592900000000 -0.0161538500000000 0.7269230500000000
vn -0.7414870017501505 -0.1739891078520429 0.6480160619802743
v -0.1130768600000000 -0.0065728500000000 0.7269230500000000
vn -0.7522026916175677 -0.3250242109214948 0.5731931376404868
v -0.0874549700000000 -0.0161538500000000 0.7592307900000000
vn -0.8232901544670375 -0.2812436988303674 -0.4930469586417253
v -0.0948426600000000 0.0161538500000000 -0.7915384800000000
vn -0.7544948705451041 -0.3476323340452109 -0.5566769715440054
v -0.1130769300000000 0.0161538500000000 -0.7622860700000000
vn 0.0747859019488526 -0.7587948662133192 0.6470219624386854
v -0.1081263900000000 0.0161538500000000 -0.4038461400000000
vn 0.0254336065785713 -0.6426154824300094 0.7657665919832574
v -0.1130769300000000 0.0161538500000000 -0.4035237400000000
vn 0.0157127026429032 -0.7655034767641224 0.6432398759698410
v -0.1130769300000000 0.0376923500000000 -0.3715384600000000
vn 0.0339626505113389 -0.5179511716876823 -0.8547357030787948
v -0.1130769300000000 0.0184481600000000 0.3715384600000000
vn 0.0694775697004269 -0.4775648499407792 -0.8758451240998967
v -0.1130769300000000 0.0161538500000000 0.3740778000000000
vn 0.1135644396191554 0.9620163272664344 0.2482492781999336
v -0.1130769300000000 0.0416205100000000 0.4684615400000000
vn 0.1810940878877426 0.9717432669507299 0.1513933765659152
v -0.1130769300000000 0.0343042500000000 0.5007692600000000
vn 0.1731985392557985 0.9840033158747444 -0.0417101947629822
v -0.1130769300000000 0.0305027800000000 0.5330769400000001
vn 0.1168843536333022 0.9840008878382890 -0.1344630083301130
v -0.1130769300000000 0.0350518500000000 0.5653846300000001
vn 0.0853252037812031 0.9937461079406060 -0.0720297338089878
v -0.1130769300000000 0.0402399300000000 0.5976923100000000
vn 0.1032169171413523 0.9942193799864173 -0.0295650549679715
v -0.1130769300000000 0.0413372900000000 0.6300000000000000
vn 0.2541046760789061 0.8664616505522049 -0.4297383177204275
v -0.1130769300000000 0.0408209000000000 0.6623076800000000
vn -0.7492210474075988 -0.1551191348791884 0.6438989642139461
v -0.1130769300000000 0.0161538500000000 0.7322902100000001
vn -0.7909277106439789 -0.1481142562346458 0.5937133345609918
v -0.0926047300000000 0.0161538500000000 0.7592307900000000
vn -0.8258698950905394 -0.2365479789573617 -0.5118436968785773
v -0.0869366800000000 0.0484615400000000 -0.8238461600000000
vn -0.8196569160666953 -0.2332557549709458 -0.5232153406743428
v -0.1034361600000000 0.0484615400000000 -0.7915384800000000
vn -0.7662188335113689 -0.2706636089941826 -0.5827949124166422
v -0.1130769300000000 0.0781620000000000 -0.7915384800000000
vn -0.7869214818461689 -0.2529184787488187 -0.5628381867965365
v -0.1130769300000000 0.0484615400000000 -0.7787132900000000
vn 0.3063065340993408 0.9144196321205698 0.2645997799706781
v -0.1130769300000000 0.0683558400000000 -0.6946153600000000
vn 0.0977658422401751 0.9948778847715848 0.0256872435945678
v -0.1130769300000000 0.0675731200000000 -0.6623076800000000
vn 0.0251610657360252 0.9935837295291515 0.1102646506636168
v -0.1130769300000000 0.0671055300000000 -0.6300000000000000
vn 0.0055318473789530 0.9991700333474905 0.0403564508468047
v -0.1130769300000000 0.0653960100000000 -0.5976923100000000
vn 0.0292755267700059 0.9994330117481064 0.0166312525219253
v -0.1130769300000000 0.0647785600000000 -0.5653846300000001
vn 0.0016057677721340 0.9995955769454559 0.0283919717691990
v -0.1130769300000000 0.0638157800000000 -0.5330769400000001
vn -0.0147878850911072 0.9987555273270792 0.0476310307272509
v -0.1130769300000000 0.0625356400000000 -0.5007692600000000
vn -0.0119333118571357 0.9983985117952474 0.0552992559909776
v -0.1130769300000000 0.0606945000000000 -0.4684615400000000
vn -0.0035197970013211 0.9987149524570456 0.0505574402812373
v -0.1130769300000000 0.0589581100000000 -0.4361538600000000
vn 0.0004986668475801 0.9989117144397538 0.0466383756836255
v -0.1130769300000000 0.0573789800000000 -0.4038461400000000
vn -0.0004867886332250 0.9352883379279043 0.3538862641766205
v -0.1130769300000000 0.0559470100000000 -0.3715384600000000
vn -0.0011840237764101 0.0892227260944724 0.9960109955396915
v -0.1130769300000000 0.0484615400000000 -0.3622179900000000
vn 0.0006811107872120 0.2399654732152085 -0.9707811842803179
v -0.1130769300000000 0.0484615400000000 0.3650769000000000
vn -0.0018223026061605 0.9547272874081144 -0.2974768661451765
v -0.1130769300000000 0.0539160700000000 0.3715384600000000
vn -0.0000651707145404 0.9974186412949934 0.0718056387063537
v -0.1130769300000000 0.0509324600000000 0.4038461400000000
vn 0.0024387606345635 0.9983294941777051 0.0577258477759738
v -0.1130769300000000 0.0492796300000000 0.4361538600000000
vn 0.0287965753170642 0.9793115629915448 0.2002988263596830
v -0.1130769300000000 0.0484615400000000 0.4467114200000000
vn 0.3240297548452938 0.4617528792459391 -0.8257051510575575
v -0.1130769300000000 0.0484615400000000 0.6713870800000000
vn -0.7521481206050173 -0.1594361200195733 0.6394163966488852
v -0.1130769300000000 0.0484615400000000 0.7409926100000001
vn -0.8068527434634309 -0.1536937667180512 0.5704093937143322
v -0.0982818500000000 0.0484615400000000 0.7592307900000000
vn -0.7971082198300372 -0.3755706651982034 -0.4728267772894931
v -0.0938567000000000 0.0807692300000000 -0.8238461600000000
vn -0.6480652480321002 -0.5779744272414817 -0.4959405163403908
v -0.1130769300000000 0.1068210500000000 -0.8238461600000000
vn -0.7293993116204478 -0.4043351296337117 -0.5518058962639909
v -0.1130769300000000 0.0807692300000000 -0.7927160900000000
vn 0.7194818494189928 0.5356771990071653 0.4420359791017736
v -0.0815535600000000 0.0807692300000000 -0.7592307900000000
vn 0.5196991481282820 0.6718958426939141 0.5277014042101584
v -0.0985618500000000 0.0807692300000000 -0.7269230500000000
vn 0.6677063178155899 0.3872600002334702 0.6357656528692937
v -0.1130769300000000 0.0908518300000000 -0.7269230500000000
vn 0.5187556755545972 0.6909961202740017 0.5034053146781139
v -0.1130769300000000 0.0807692300000000 -0.7193164800000000
vn 0.3276362824462082 0.1775594575499184 -0.9279693451075887
v -0.1130769300000000 0.0807692300000000 0.6819253000000000
vn -0.7220064359813189 -0.2662131234712464 0.6386213896302225
v -0.1130769300000000 0.0807692300000000 0.7493251600000000
vn -0.7694567598357065 -0.2645916574158023 0.5813153615457746
v -0.1037019300000000 0.0807692300000000 0.7592307900000000
vn -0.7156915830163330 -0.3962004283054988 0.5751615239305518
v -0.1130769300000000 0.0977046900000000 0.7592307900000000
vn -0.7839695725491455 -0.2381811876492600 0.5732900061636329
v -0.0847717700000000 0.0807692300000000 0.7915384800000000
vn -0.8387498935115276 0.0084234635766864 -0.5444517071290835
v -0.0967043800000000 0.1130769300000000 -0.8561538500000000
vn -0.7958604026837418 -0.2355102014499421 -0.5578002908327320
v -0.1130769300000000 0.1130769300000000 -0.8308863000000000
vn -0.5258348845705275 0.8122722230925091 -0.2524113899194192
v -0.1130769300000000 0.1213813600000000 -0.8238461600000000
vn -0.2029682641126067 0.9604381840260926 -0.1906892194849420
v -0.1130769300000000 0.1303653600000000 -0.7915384800000000
vn 0.7420496537483642 0.5103404793160884 0.4346434245946421
v -0.0992833200000000 0.1130769300000000 -0.7592307900000000
vn 0.4288325496508738 0.8609520787869732 0.2736131619500795
v -0.1130769300000000 0.1268183900000000 -0.7592307900000000
vn 0.6259442416045478 0.5228346553023258 0.5786516478996719
v -0.1130769300000000 0.1130769300000000 -0.7370346200000000
vn 0.1336429876195590 -0.0248412989228003 -0.9907181545363679
v -0.1130769300000000 0.1130769300000000 0.6821699700000000
vn -0.7007111555663076 -0.4944151702335463 0.5143515489505824
v -0.1130769300000000 0.1130769300000000 0.7712950100000000
vn -0.7365189064825219 -0.4522349995310089 0.5030143194711044
v -0.0983034100000000 0.1130769300000000 0.7915386000000000
vn -0.6807049992425573 -0.5521658747328076 0.4814078840097483
v -0.1130769300000000 0.1306027200000000 0.7915384800000000
vn 0.1678130617977495 0.3821900068597567 -0.9087186445465966
v -0.1130769300000000 0.1453846100000000 0.6801492600000000
vn -0.0815318588483278 0.8818607866694735 -0.4644072662302278
v -0.1130769300000000 0.1628089800000000 0.6946153600000000
vn -0.0912220280996321 0.9917159649386462 -0.0904322203376631
v -0.1130769300000000 0.1649512200000000 0.7269230500000000
vn -0.2531326252652956 0.9674228995275942 -0.0040996946132308
v -0.1130769300000000 0.1685239400000000 0.7592307900000000
vn -0.5865694543357298 0.6654275086308613 0.4616735924845705
v -0.1130769300000000 0.1689709400000000 0.7915384800000000
vn -0.7985857229089039 0.1985760998103843 0.5681798797477428
v -0.1130769300000000 0.1453846100000000 0.8085051200000000
vn -0.8423987422455507 -0.2344786336006648 0.4851640232415007
v -0.1022599800000000 0.1453846100000000 0.8238460399999999
vn -0.6240275883002615 0.7807585014622990 0.0317132690605142
v -0.0849112200000000 0.1776923100000000 0.8238461600000000
vn -0.8729164325310419 0.2537746245833843 0.4166717433842155
v -0.0854708700000000 0.1776923100000000 0.8561538500000000
vn -0.5000330217366726 -0.8609563971442025 -0.0933866124739877
v -0.0807692300000000 -0.1806085100000000 -0.5653846300000001
vn -0.4171440544130823 -0.9029566122737370 -0.1032482165412625
v -0.0807692300000000 -0.1862060700000000 -0.5330769400000001
vn -0.3431017502164723 -0.9366617808382738 -0.0703270738426322
v -0.0807692300000000 -0.1889440600000000 -0.5007692600000000
vn -0.3161264815966168 -0.9461286698764441 -0.0700327614133178
v -0.0807692300000000 -0.1907477400000000 -0.4684615400000000
vn -0.2255252334508946 -0.9736249693210156 -0.0345367657948904
v -0.0807692300000000 -0.1922363300000000 -0.4361538600000000
vn -0.2238317972657538 -0.9737664230017633 -0.0409668154380297
v -0.0807692300000000 -0.1932711000000000 -0.4038461400000000
vn -0.1867152787599334 -0.9820215185020673 -0.0277694414148784
v -0.0807692300000000 -0.1938461500000000 -0.3715384600000000
vn -0.1613792890975932 -0.9867873205498351 -0.0144051745019783
v -0.0807692300000000 -0.1938461500000000 -0.3392307800000000
vn -0.1432362660264340 -0.9895816739740536 -0.0145424423503871
v -0.0807692300000000 -0.1940519100000000 -0.3069230900000000
vn -0.1316842893136300 -0.9911881562749878 -0.0143278333377579
v -0.0807692300000000 -0.1943706100000000 -0.2746153800000000
vn -0.1231620097787808 -0.9922891770848908 -0.0139035386661763
v -0.0807691700000000 -0.1946963500000000 -0.2423076900000000
vn -0.1157167203931432 -0.9932199144531901 -0.0111284390213919
v -0.0807692300000000 -0.1950387200000000 -0.2099999900000000
vn -0.1085266056042102 -0.9940343583988809 -0.0108475895273291
v -0.0807691700000000 -0.1952244500000000 -0.1776922500000000
vn -0.1081490582990326 -0.9940843762847924 -0.0100017006307743
v -0.0807691700000000 -0.1955288100000000 -0.1453846100000000
vn -0.1150688984823944 -0.9933252818788179 -0.0080020611354552
v -0.0807691700000000 -0.1957617400000000 -0.1130768600000000
vn -0.1225842551193288 -0.9924434012966535 -0.0054032971016729
v -0.0807692300000000 -0.1960370100000000 -0.0807692300000000
vn -0.1260915331072973 -0.9920158206972609 0.0023530331471544
v -0.0807692300000000 -0.1961538900000000 -0.0484615400000000
vn -0.1235518078062490 -0.9923125720780125 0.0071211013001581
v -0.0807692300000000 -0.1959661400000000 -0.0161538500000000
vn -0.1167665883156598 -0.9931523064776709 0.0037496654789115
v -0.0807692900000000 -0.1958872700000000 0.0161538500000000
vn -0.1126932916298335 -0.9936245270243799 0.0032436579984095
v -0.0807692300000000 -0.1957754200000000 0.0484615400000000
vn -0.1101738566807442 -0.9939113971709856 0.0013623060265117
v -0.0807692300000000 -0.1956473600000000 0.0807692300000000
vn -0.1093546227047641 -0.9939971387834633 -0.0033547851476924
v -0.0807692300000000 -0.1956156300000000 0.1130769300000000
vn -0.1124078835129529 -0.9936454152719766 -0.0057668390925677
v -0.0807692300000000 -0.1957937800000000 0.1453846100000000
vn -0.1164601551656345 -0.9931839364723783 -0.0047645138290429
v -0.0807692300000000 -0.1959731600000000 0.1776923100000000
vn -0.1199552639502420 -0.9927624166486062 -0.0057895371703726
v -0.0807692300000000 -0.1960712700000000 0.2099999900000000
vn -0.1268707166978631 -0.9919030892328545 -0.0056641693910429
v -0.0807692300000000 -0.1963043200000000 0.2423076900000000
vn -0.1366062046916120 -0.9906220074689570 -0.0026044496399169
v -0.0807692900000000 -0.1964060500000000 0.2746152600000000
vn -0.1510390730143621 -0.9885232557321032 0.0029952128079695
v -0.0807692300000000 -0.1963875700000000 0.3069230900000000
vn -0.1689971839139935 -0.9855803048019564 0.0084507168703263
v -0.0807692300000000 -0.1961538900000000 0.3392306600000000
vn -0.1903228583642741 -0.9816203577330629 0.0140954910544483
v -0.0807692300000000 -0.1957982200000000 0.3715384600000000
vn -0.2191701766803752 -0.9754327047938844 0.0222592019708686
v -0.0807692300000000 -0.1952435500000000 0.4038461400000000
vn -0.2569263029183777 -0.9660044688942842 0.0287095967398696
v -0.0807692300000000 -0.1940720500000000 0.4361538600000000
vn -0.3096435359039369 -0.9479011612094818 0.0748616674314935
v -0.0807692300000000 -0.1931587600000000 0.4684615400000000
vn -0.3524105687732771 -0.9295907245752160 0.1080179420310353
v -0.0807692300000000 -0.1911438400000000 0.5007692600000000
vn -0.4134732374346032 -0.9027608661170027 0.1185862577747830
v -0.0807692300000000 -0.1881407500000000 0.5330769400000001
vn -0.5211725815430405 -0.8326394190952301 0.1873252199158469
v -0.0807692300000000 -0.1822140700000000 0.5653846300000001
vn -0.7939015427989367 -0.5634772581709955 -0.2285032163133931
v -0.0573663500000000 -0.1776923100000000 -0.7269230500000000
vn -0.7235709661094528 -0.6572725590242540 -0.2108028466533164
v -0.0639220800000000 -0.1776923100000000 -0.6946153600000000
vn -0.7245215183294955 -0.6420277075460995 -0.2507368984027331
v -0.0807692300000000 -0.1580162000000000 -0.6946153600000000
vn -0.6371267034699551 -0.7589233287298363 -0.1345546165507999
v -0.0704932700000000 -0.1776923100000000 -0.6623076800000000
vn -0.6965307090018660 -0.6946769889000427 -0.1796353320205358
v -0.0807692300000000 -0.1686577200000000 -0.6623076800000000
vn -0.5872124871708307 -0.8048095952056342 -0.0863887167145694
v -0.0769394200000000 -0.1776923100000000 -0.6300000000000000
vn -0.6669374220400537 -0.7326551865877352 -0.1356865971592565
v -0.0807692300000000 -0.1741825600000000 -0.6300000000000000
vn -0.5663126106089335 -0.8222551488834549 -0.0564490673079900
v -0.0806461100000000 -0.1776923100000000 -0.5976923100000000
vn -0.6440640070769015 -0.7610824286472616 -0.0770395456400876
v -0.0807692300000000 -0.1775791000000000 -0.5976923100000000
vn -0.6032324645685327 -0.7945294632389882 -0.0695235624500016
v -0.0807692300000000 -0.1776923100000000 -0.5965867000000000
vn -0.5358173348483909 -0.7940381179328572 0.2870596644351366
v -0.0807692300000000 -0.1776923100000000 0.5787867900000000
vn -0.5878315477785183 -0.7721083488838199 0.2414596633398902
v -0.0689176500000000 -0.1776923100000000 0.5976923100000000
vn -0.5588855522762747 -0.7923339162838161 0.2446505764620109
v -0.0807692300000000 -0.1691161200000000 0.5976923100000000
vn -0.6896547406365848 -0.7133787623490837 0.1243667163945988
v -0.0629519600000000 -0.1776923100000000 0.6300000000000000
vn -0.6294095499434419 -0.7402846346492282 0.2362673869628485
v -0.0807692300000000 -0.1619627300000000 0.6300000000000000
vn -0.7333002519870546 -0.6340809848665512 0.2453814277128297
v -0.0556190600000000 -0.1776923100000000 0.6623076800000000
vn -0.6954032762109619 -0.6386017222411025 0.3295483633486269
v -0.0807692300000000 -0.1487518800000000 0.6623076800000000
vn -0.7843202477294888 -0.4719307354294833 -0.4026451663171187
v -0.0518504400000000 -0.1453846100000000 -0.7915384800000000
vn -0.8321013135013259 -0.4515189533294859 -0.3220839003328382
v -0.0646698000000000 -0.1453846100000000 -0.7592307900000000
vn -0.7721091743668271 -0.5167257844843327 -0.3699214599176798
v -0.0807692300000000 -0.1132026300000000 -0.7592307900000000
vn -0.7965036310307854 -0.5110690916174900 -0.3230949540739505
v -0.0745358500000000 -0.1453846100000000 -0.7269230500000000
vn -0.7818931838597125 -0.4898888300587256 -0.3855541248870450
v -0.0807692300000000 -0.1368177400000000 -0.7269230500000000
vn -0.7262804593204903 -0.5697986046985452 -0.3845077951001886
v -0.0807692900000000 -0.1453846100000000 -0.7162928000000000
vn 0.0030067640628263 0.9238206794939037 0.3828136772756333
v -0.0807692300000000 -0.1183912700000000 -0.4361538600000000
vn 0.0026654496763442 0.9999848006844122 0.0048263628313245
v -0.0807692300000000 -0.1185314600000000 -0.4038461400000000
vn 0.0049201152546174 0.9999699151292030 0.0059967743309195
v -0.0807692300000000 -0.1187390600000000 -0.3715384600000000
vn 0.0082180595596587 0.9999643521575243 0.0019385332745713
v -0.0807692300000000 -0.1189096900000000 -0.3392307800000000
vn 0.0087146325769895 0.9999590922793211 0.0024225909609862
v -0.0807692300000000 -0.1189435300000000 -0.3069230900000000
vn 0.0094649998965519 0.9999526812205631 0.0022470195292654
v -0.0807692300000000 -0.1190110000000000 -0.2746153800000000
vn 0.0123090370671651 0.9999240791477728 -0.0005688118825690
v -0.0807692300000000 -0.1189772900000000 -0.2423076900000000
vn 0.0159048575495786 0.9998685004257597 -0.0031650217487383
v -0.0807692300000000 -0.1189096900000000 -0.2099999900000000
vn 0.0158852002556000 0.9998715212249230 -0.0021451005100035
v -0.0807692300000000 -0.1187047400000000 -0.1776923100000000
vn 0.0133589593943673 0.9999100312116088 0.0012114810354472
v -0.0807692300000000 -0.1186356600000000 -0.1453846100000000
vn 0.0128384355792960 0.9999025061082267 0.0054911611125439
v -0.0807692300000000 -0.1187047400000000 -0.1130769300000000
vn 0.0156648646528368 0.9998526728233145 0.0070174542023683
v -0.0807692300000000 -0.1190110000000000 -0.0807692300000000
vn 0.0212497079521935 0.9997530523312929 0.0065026353280455
v -0.0807692300000000 -0.1192091800000000 -0.0484615400000000
vn 0.0241345911378983 0.9997086393632046 -0.0003973577436383
v -0.0807692300000000 -0.1194728600000000 -0.0161538500000000
vn 0.0200501030269189 0.9997900179327102 -0.0042324237407237
v -0.0807692300000000 -0.1192757300000000 0.0161538500000000
vn 0.0156297383438613 0.9998777281665806 -0.0004898936004824
v -0.0807692300000000 -0.1192112700000000 0.0484615400000000
vn 0.0125835079075451 0.9999051898539699 0.0055916573425882
v -0.0807692300000000 -0.1192443700000000 0.0807692300000000
vn 0.0112521571475323 0.9999110825552423 0.0071565314734706
v -0.0807692300000000 -0.1195058900000000 0.1130769300000000
vn 0.0104853322135260 0.9999329348162507 0.0049176903249595
v -0.0807692300000000 -0.1197320400000000 0.1453846100000000
vn 0.0077779206641434 0.9999511484190917 0.0060995676471421
v -0.0807692300000000 -0.1199228200000000 0.1776923100000000
vn 0.0049387059841539 0.9999784194600658 0.0043324124169731
v -0.0807692300000000 -0.1201727000000000 0.2099999900000000
vn 0.0023300056632911 0.9999743932118940 0.0067663870797869
v -0.0807692300000000 -0.1202651900000000 0.2423076900000000
vn 0.0012406826952784 0.9999530183267931 0.0096136281177235
v -0.0807692300000000 -0.1206581600000000 0.2746153800000000
vn -0.0002638976675501 0.9999002169563564 0.0141239685872016
v -0.0807692300000000 -0.1208939300000000 0.3069230900000000
vn -0.0014098126262384 0.9997295726674886 0.0232119357753575
v -0.0807692300000000 -0.1215750400000000 0.3392307800000000
vn -0.0011456934207381 0.9995691362893449 0.0293296635568625
v -0.0807692300000000 -0.1224102600000000 0.3715384600000000
vn -0.0031321374948243 0.9992721269708772 0.0380184951544991
v -0.0807692300000000 -0.1234346000000000 0.4038461400000000
vn 0.0019241683452431 0.9983646418627689 0.0571343981713682
v -0.0807692300000000 -0.1248369400000000 0.4361538600000000
vn 0.0386320245256632 0.9944965877198928 0.0973863629803365
v -0.0807692300000000 -0.1269060800000000 0.4684615400000000
vn 0.1373799845588065 0.9871844925012049 0.0812004778788924
v -0.0807691700000000 -0.1295220600000000 0.5007692600000000
vn 0.1912761562168817 0.9814920597920810 -0.0093149679544868
v -0.0807692300000000 -0.1310560100000000 0.5330769400000001
vn 0.7784462671646494 0.6271451464425052 0.0266528503359806
v -0.0486890500000000 -0.1453846100000000 0.5653846300000001
vn 0.3848591953303021 0.9131797633351830 -0.1341123394949602
v -0.0807692300000000 -0.1287591200000000 0.5653846300000001
vn 0.4738875722420110 0.8016828930054739 -0.3643282969204381
v -0.0807692300000000 -0.1203801800000000 0.5976923100000000
vn -0.7434071604999776 -0.5187388751174322 0.4222034736466074
v -0.0807692300000000 -0.1453846100000000 0.6679197500000000
vn -0.7914361062429550 -0.5003289862884275 0.3511407057214876
v -0.0675456400000000 -0.1453846800000000 0.6946153600000000
vn -0.7955239688749492 -0.4114057609141435 0.4448448210692167
v -0.0807692300000000 -0.1182106500000000 0.6946153600000000
vn -0.8074326934969331 -0.4734257854979776 0.3520233956683993
v -0.0549553300000000 -0.1453846100000000 0.7269230500000000
vn -0.8100444445434009 -0.3067294243341753 -0.4997449930834711
v -0.0511249000000000 -0.1130769300000000 -0.8238461600000000
vn -0.8815015770548421 -0.2468356099359661 -0.4025259635320014
v -0.0655462400000000 -0.1130769300000000 -0.7915384800000000
vn -0.7908006614799086 -0.3754250655306669 -0.4834152810723237
v -0.0807692300000000 -0.1130769300000000 -0.7593645999999999
vn -0.0153681058593402 0.4255149317651277 0.9048209017077440
v -0.0807692300000000 -0.1130769300000000 -0.4414960400000000
vn 0.6875017251327366 0.5592581152636553 -0.4632188882712524
v -0.0807692300000000 -0.1130769300000000 0.6218591300000000
vn 0.6022451027826193 0.4512513506378505 -0.6585385749687469
v -0.0807692300000000 -0.0968721100000000 0.6300000000000000
vn -0.8004877076846235 -0.3503450912599932 0.4862897766515801
v -0.0807692300000000 -0.1130769300000000 0.6989252600000000
vn -0.8643068422601046 -0.3423867229147742 0.3684359026941434
v -0.0675021900000000 -0.1130769300000000 0.7269230500000000
vn -0.8464776032520823 -0.3328497400779605 0.4155559140749225
v -0.0555573100000000 -0.1130769300000000 0.7592307900000000
vn -0.8904486606648445 -0.1371163546293601 -0.4339358109367558
v -0.0577754600000000 -0.0807692300000000 -0.8238461600000000
vn -0.8848707921011678 -0.1184466713795210 -0.4505264335478703
v -0.0693472800000000 -0.0807692300000000 -0.7915384800000000
vn -0.8246609379833295 -0.1836642678760883 -0.5349782930829958
v -0.0807692300000000 -0.0807692300000000 -0.7729402800000000
vn -0.0782499250714382 0.0701503496916752 0.9944626074742328
v -0.0807692300000000 -0.0807692300000000 -0.4456814200000000
vn 0.7657040407821148 0.2428100482320413 -0.5956010429872458
v -0.0807692300000000 -0.0807692300000000 0.6423300500000000
vn 0.6691481574452889 0.2644287827065891 -0.6944912974716719
v -0.0555918900000000 -0.0807692300000000 0.6623076800000000
vn -0.7964581555762283 -0.4035965628312779 0.4502934830606486
v -0.0807692300000000 -0.0807692300000000 0.7253127700000001
vn -0.7668295873646647 -0.3753402966821993 0.5206650032685668
v -0.0791498100000000 -0.0807692300000000 0.7269230500000000
vn -0.7278808736861812 -0.4044265864862874 0.5537405257563250
v -0.0807692900000000 -0.0790926800000000 0.7269230500000000
vn -0.8878684616450054 -0.1976673838780223 0.4154722616095448
v -0.0621077400000000 -0.0807692300000000 0.7592307900000000
vn -0.9017571688307805 -0.1206964925547613 -0.4150498345346901
v -0.0611251700000000 -0.0484615400000000 -0.8238461600000000
vn -0.8533323594471408 -0.1494073255166386 -0.4995010864876481
v -0.0739257300000000 -0.0484615400000000 -0.7915384800000000
vn -0.7932443635953143 -0.1851169320507554 -0.5800819779068996
v -0.0807692300000000 -0.0179813100000000 -0.7915384800000000
vn -0.8250771366069614 -0.1442068062410880 -0.5463077115346285
v -0.0807691700000000 -0.0484614800000000 -0.7827179399999999
vn -0.2952310107057579 -0.1558632080431959 0.9426268141190023
v -0.0807692300000000 -0.0484615400000000 -0.4437935700000000
vn -0.2556003278672489 -0.2349260983022206 0.9378049907793464
v -0.0611601800000000 -0.0484615400000000 -0.4361538600000000
vn -0.0705531777106968 -0.9328341482935568 -0.3533308660340299
v -0.0807692300000000 -0.0311256600000000 0.4038461400000000
vn -0.0199452277669981 -0.9970562933326623 -0.0740333425900411
v -0.0807692900000000 -0.0381736200000000 0.4361538600000000
vn -0.0251156767647390 -0.9986749599340828 0.0449168919373007
v -0.0807692300000000 -0.0364345800000000 0.4684615400000000
vn 0.0175042747163932 -0.9998296327263938 -0.0058571229163889
v -0.0807692300000000 -0.0350520900000000 0.5007692600000000
vn 0.0745365190195731 -0.9931977919356504 -0.0894564331202260
v -0.0807692300000000 -0.0359672400000000 0.5330769400000001
vn -0.0790704736895854 -0.9960277828396696 -0.0409452805827037
v -0.0807692300000000 -0.0398648900000000 0.5653846300000001
vn -0.2247061295742619 -0.9739958027579936 0.0289712191936552
v -0.0807692300000000 -0.0413486900000000 0.5976923100000000
vn 0.1757122664105705 -0.9391548175048409 -0.2951498402342609
v -0.0807692300000000 -0.0378374700000000 0.6300000000000000
vn 0.6075178231062497 -0.3951489949948973 -0.6890423545492440
v -0.0807692300000000 -0.0484615400000000 0.6494165100000000
vn 0.5679230989192006 -0.1386930922921790 -0.8113122579281328
v -0.0582095300000000 -0.0484615400000000 0.6623076800000000
vn -0.7511280208965079 -0.3694115797259163 0.5471213585563062
v -0.0807692300000000 -0.0484615400000000 0.7432289100000000
vn -0.8005459538056041 -0.3328666329597973 0.4983231687444232
v -0.0684392800000000 -0.0484615400000000 0.7592307900000000
vn -0.7372497827269764 -0.4085669665798174 0.5380853014985565
v -0.0807692300000000 -0.0273244400000000 0.7592307900000000
vn -0.8852080327560168 -0.2317810705914936 0.4033413864949691
v -0.0573663500000000 -0.0484615400000000 0.7915384800000000
vn -0.8677929827200686 -0.1993029632430601 -0.4552072802409274
v -0.0495528700000000 -0.0161538500000000 -0.8561538500000000
vn -0.8683158392308229 -0.2176551249576866 -0.4457060128835210
v -0.0646701100000000 -0.0161538500000000 -0.8238461600000000
vn -0.7872500474563179 -0.2766544541618155 -0.5510895351686996
v -0.0807692300000000 -0.0161538500000000 -0.7920952999999999
vn -0.5013745165672959 -0.3231179868512558 0.8026321453256789
v -0.0807692300000000 -0.0161538500000000 -0.4362682700000000
vn -0.5237699329832087 -0.2263381932574038 0.8212405735079941
v -0.0807110600000000 -0.0161538500000000 -0.4361538600000000
vn -0.4221558350277086 -0.6012555071285003 0.6784366338131425
v -0.0807692300000000 -0.0160359000000000 -0.4361538000000000
vn -0.3452254127609864 -0.1057469231415029 -0.9325432979921692
v -0.0654098800000000 -0.0161538500000000 0.3715384600000000
vn -0.1622917240408549 -0.4579368709510139 -0.8740453183510803
v -0.0807692900000000 -0.0161538500000000 0.3776821800000000
vn -0.7942163658044464 -0.2211654555840090 0.5659560102558284
v -0.0807692300000000 -0.0161538500000000 0.7670843600000000
vn -0.8570619339691860 -0.2392794706556985 0.4562786169258073
v -0.0660323800000000 -0.0161538500000000 0.7915384800000000
vn -0.8528748124545914 -0.2217459991854614 -0.4726872815358871
v -0.0586749600000000 0.0161538500000000 -0.8561538500000000
vn -0.8081651761028456 -0.2595486927877736 -0.5286809285446323
v -0.0755255700000000 0.0161538500000000 -0.8238461600000000
vn -0.7926369165433437 -0.2643717921534051 -0.5493944612446117
v -0.0807692300000000 0.0307216600000000 -0.8238461600000000
vn -0.7896861773574545 -0.3177322817939775 -0.5248256266576199
v -0.0807692300000000 0.0161538500000000 -0.8169863200000000
vn -0.0047174415217857 -0.7304779020175778 0.6829200395430542
v -0.0807692300000000 0.0161538500000000 -0.4084615100000000
vn 0.0281410313431597 -0.8310752614440605 0.5554475602346542
v -0.0807692300000000 0.0187700700000000 -0.4038461400000000
vn 0.0003542038320813 -0.7454800131775694 0.6665278872578525
v -0.0807692300000000 0.0377674000000000 -0.3715384600000000
vn 0.0181362001876910 -0.5137331091935028 -0.8577583405371985
v -0.0807692300000000 0.0196951400000000 0.3715383400000000
vn 0.0255875627843062 -0.4636991411717777 -0.8856231608914229
v -0.0807692300000000 0.0161538500000000 0.3756968400000000
vn 0.0021694081307243 0.9447008033764426 0.3279263419859196
v -0.0807692300000000 0.0398225000000000 0.4684615400000000
vn 0.0431061957183757 0.9792374602474138 0.1980804188679033
v -0.0807692300000000 0.0285982900000000 0.5007692600000000
vn 0.0789253580266311 0.9935253455202876 -0.0817201056604870
v -0.0807692300000000 0.0257894400000000 0.5330769400000001
vn 0.0432361689054935 0.9819663341774904 -0.1840455167625576
v -0.0807692300000000 0.0350755100000000 0.5653846300000001
vn 0.0244619321798257 0.9970505141194882 -0.0727453515222384
v -0.0807692300000000 0.0394197400000000 0.5976923100000000
vn 0.0454193955101262 0.9989422136869367 -0.0071785949695692
v -0.0807692300000000 0.0395110600000000 0.6300000000000000
vn 0.0406758898438827 0.9076402137616819 -0.4177735204007751
v -0.0807692300000000 0.0399941800000000 0.6623076800000000
vn -0.7981445483750053 -0.1595938159753207 0.5809432793325821
v -0.0807692300000000 0.0161538500000000 0.7766056099999999
vn -0.8575723518458446 -0.1352271314286208 0.4962693666499813
v -0.0700000400000000 0.0161538500000000 0.7915383600000000
vn -0.8604192333301656 -0.1584840908242522 0.4843155333779212
v -0.0557366300000000 0.0161538500000000 0.8238461600000000
vn -0.8284504962885010 -0.2064452983218913 -0.5206247343337826
v -0.0664101900000000 0.0484615400000000 -0.8561538500000000
vn -0.7910367623102115 -0.2552828442418796 -0.5559599896661217
v -0.0807692300000000 0.0484615400000000 -0.8317785900000000
vn 0.2629036851071682 0.9150013735792710 0.3060296369718438
v -0.0807692300000000 0.0799945200000000 -0.7592307900000000
vn 0.0396457240154085 0.9812531308507234 0.1886014574783219
v -0.0807692300000000 0.0758320800000000 -0.7269230500000000
vn -0.1696586838372616 0.9832593128212044 0.0664609264830162
v -0.0807692300000000 0.0737570200000000 -0.6946153600000000
vn -0.1680958859837841 0.9831010016212514 0.0724996119066771
v -0.0807692300000000 0.0703112300000000 -0.6623076800000000
vn -0.1131574801843474 0.9898580220837341 0.0858864412745522
v -0.0807692300000000 0.0686638300000000 -0.6300000000000000
vn -0.0470140217970285 0.9928625711873960 0.1096065531326556
v -0.0807692300000000 0.0651166200000000 -0.5976923100000000
vn 0.0239321536638217 0.9993456629564098 0.0271200654723518
v -0.0807692300000000 0.0619485100000000 -0.5653846300000001
vn 0.0254862353863890 0.9996632053732915 -0.0048915875363652
v -0.0807692300000000 0.0627256900000000 -0.5330769400000001
vn 0.0000881655219281 0.9995528236657604 0.0299022562467430
v -0.0807691700000000 0.0628205800000000 -0.5007692600000000
vn -0.0106354788735844 0.9981647584789490 0.0596154469897772
v -0.0807692300000000 0.0611516100000000 -0.4684615400000000
vn -0.0050248666296829 0.9983343797202273 0.0574736198962873
v -0.0807691700000000 0.0590952800000000 -0.4361538600000000
vn -0.0002793510928335 0.9987808544725858 0.0493632120306044
v -0.0807692300000000 0.0573789800000000 -0.4038461400000000
vn 0.0016965825723945 0.9351112576436612 0.3543501903987991
v -0.0807692300000000 0.0558571700000000 -0.3715385200000000
vn 0.0013846326088708 0.0916785829665116 0.9957876883240679
v -0.0807692300000000 0.0484615400000000 -0.3623765700000000
vn -0.0026231290511450 0.3162047046762362 -0.9486873583718690
v -0.0807692300000000 0.0484615400000000 0.3648119300000000
vn -0.0020515074300044 0.9565185640326161 -0.2916642384287912
v -0.0807692300000000 0.0539857100000000 0.3715384600000000
vn -0.0005559461316679 0.9973789215770094 0.0723531458734200
v -0.0807692300000000 0.0509646200000000 0.4038462600000000
vn -0.0001812528004272 0.9978421924677381 0.0656576429564737
v -0.0807692300000000 0.0492494400000000 0.4361539800000000
vn -0.0032279735358487 0.9757871080560200 0.2186986509755409
v -0.0807692300000000 0.0484615400000000 0.4460000700000000
vn -0.0047001699630524 0.4962796247853225 -0.8681500114756999
v -0.0807692300000000 0.0484615400000000 0.6701375200000000
vn -0.7596446090900282 -0.1914739078474723 0.6215125183727805
v -0.0807692300000000 0.0484615400000000 0.7857725000000000
vn -0.8354200823403104 -0.1738608528345319 0.5213882333483931
v -0.0754269700000000 0.0484615400000000 0.7915384800000000
vn -0.7817398612362814 -0.2100198894196245 0.5871749614914180
v -0.0807692300000000 0.0672641500000000 0.7915384800000000
vn -0.8713349335684984 -0.1503251260790992 0.4670950545793469
v -0.0607812000000000 0.0484615400000000 0.8238461600000000
vn -0.7600609248106949 -0.3586317021750128 -0.5419323691854587
v -0.0535985300000000 0.0807692300000000 -0.8884615300000001
vn -0.7362024716985260 -0.4231359421620246 -0.5281684344180714
v -0.0734941400000000 0.0807692300000000 -0.8561538500000000
vn -0.6996787099598324 -0.5268640680912655 -0.4825597958629242
v -0.0807691700000000 0.0894032200000000 -0.8561538500000000
vn -0.7775416619761275 -0.3733290825649444 -0.5060181419698492
v -0.0807692300000000 0.0807692300000000 -0.8461384800000000
vn 0.2943255595662993 0.7814070278801893 0.5502504173241795
v -0.0807692300000000 0.0807692300000000 -0.7603057000000000
vn -0.0394772303875626 0.1385887258927835 -0.9895628900359705
v -0.0807692300000000 0.0807692300000000 0.6785124500000000
vn -0.7911497118149587 -0.2957701805270107 0.5353523454755077
v -0.0807692300000000 0.0807692300000000 0.7964074600000000
vn -0.8648179131361647 -0.2180731480213634 0.4522544408083368
v -0.0659784700000000 0.0807692300000000 0.8238461600000000
vn -0.8323399495453340 -0.2324421948579886 0.5031707805909160
v -0.0492675500000000 0.0807692300000000 0.8561538500000000
vn -0.7839783370618707 -0.2487210774069040 -0.5687844870170534
v -0.0493026200000000 0.1130769300000000 -0.9207692100000000
vn -0.8461665559298401 0.0818655655336371 -0.5265930010982776
v -0.0740485500000000 0.1130769300000000 -0.8884615300000001
vn -0.7933159481252389 -0.0938785254660022 -0.6015285769657852
v -0.0807692300000000 0.1130769300000000 -0.8805279700000000
vn -0.4200981719110193 0.8758451846139393 -0.2375136597031727
v -0.0807692300000000 0.1324616100000000 -0.8561538500000000
vn -0.1635782295351386 0.9516176363725685 0.2601269631676723
v -0.0807692300000000 0.1317721900000000 -0.8238461600000000
vn 0.1985002424539388 0.6013783458390324 0.7739132631643139
v -0.0789269800000000 0.1130770400000000 -0.7915384800000000
vn 0.3517994364017137 0.8290231486789149 0.4346927368865673
v -0.0807692300000000 0.1136608600000000 -0.7915384800000000
vn 0.4815149439630763 0.5934031292468269 0.6449930890639907
v -0.0807691700000000 0.1130769300000000 -0.7910478700000000
vn -0.0552910971008138 -0.0092933748421032 -0.9984270267603099
v -0.0807692300000000 0.1130769300000000 0.6786143800000000
vn -0.7221955905158798 -0.4808970629767259 0.4971634981168455
v -0.0807692300000000 0.1130769300000000 0.8198152200000000
vn -0.7605252304390608 -0.4203994287487347 0.4948390588598992
v -0.0776901000000000 0.1130770400000000 0.8238461600000000
vn -0.6618786862152163 -0.5594374778884467 0.4989452004657757
v -0.0807692900000000 0.1163221800000000 0.8238461600000000
vn -0.8336001888561136 -0.3424390719049241 0.4334122831345993
v -0.0589120200000000 0.1130769300000000 0.8561538500000000
vn -0.8294744161224374 0.5357959531940346 -0.1577811444350602
v -0.0495005500000000 0.1453846100000000 -0.9207692100000000
vn -0.9663201416373665 0.0932685160774739 -0.2398465504747695
v -0.0496292700000000 0.1453846100000000 -0.1453846100000000
vn -0.8261983209224864 0.4609082725048450 -0.3239751515802776
v -0.0487864700000000 0.1453846100000000 0.0161538500000000
vn -0.9448043926377039 0.3273959225948965 0.0125127743021276
v -0.0490721500000000 0.1453846100000000 0.0484615400000000
vn -0.0603166479309835 0.3072495069741494 -0.9497155587050851
v -0.0807692300000000 0.1453846100000000 0.6781001700000000
vn -0.0906011911935669 0.8632427427785589 -0.4965917751981575
v -0.0807692300000000 0.1676178400000000 0.6946153600000000
vn -0.1445101484813614 0.9843355555694777 -0.1009966882012596
v -0.0807692300000000 0.1702245800000000 0.7269230500000000
vn -0.1416725698064051 0.9834505815474279 -0.1129328854606802
v -0.0807692300000000 0.1748426600000000 0.7592307900000000
vn -0.2796745259897655 0.9591556692850154 0.0424565847756742
v -0.0807692300000000 0.1774388000000000 0.7915384800000000
vn -0.7284788636169892 -0.3211541723456215 0.6051268816110377
v -0.0807692300000000 0.1453846100000000 0.8538184800000000
vn -0.7443638831382661 -0.3633820670190264 0.5602462698209617
v -0.0785699400000000 0.1453846100000000 0.8561537299999999
vn -0.7686780014303307 -0.1694372106063088 0.6167861556317763
v -0.0807692300000000 0.1550820800000000 0.8561538500000000
vn -0.8511059258550222 -0.2973225838120409 0.4326869354739028
v -0.0588656800000000 0.1453846100000000 0.8884615300000001
vn -0.1201353079407272 0.9868684217245229 -0.1079732651582589
v -0.0545781400000000 0.1776923100000000 0.7592307900000000
vn -0.1407131479079624 0.9872971917291686 -0.0737839088794360
v -0.0790940400000000 0.1776923100000000 0.7915384800000000
vn -0.2422126961549002 0.9688402161020623 -0.0517846066382990
v -0.0807692900000000 0.1776921900000000 0.7961784600000000
vn -0.2039881330478913 0.9763289217639729 -0.0719074273134141
v -0.0807692900000000 0.1791389400000000 0.8238461600000000
vn -0.4497113239127053 0.8845340908750176 0.1239321073192419
v -0.0807692300000000 0.1823939400000000 0.8561538500000000
vn -0.7428256621829540 0.3777873886004159 0.5527085349593709
v -0.0807692300000000 0.1776923100000000 0.8629918100000000
vn -0.8650247379936614 0.2888399171336181 0.4102483454314497
v -0.0611331200000000 0.1776923100000000 0.8884615300000001
vn -0.8512116282399054 -0.0395740581918121 0.5233284416763533
v -0.0555841800000000 0.1776923100000000 0.9207692100000000
vn -0.5029931214818555 -0.8534508090886810 -0.1364537878104350
v -0.0484615400000000 -0.1865567600000000 -0.7269230500000000
vn -0.4216046202538268 -0.9033529511636299 -0.0787590617299833
v -0.0484615400000000 -0.1909604500000000 -0.6946153600000000
vn -0.3603514136166683 -0.9319245016293937 -0.0407870318517429
v -0.0484615400000000 -0.1924175800000000 -0.6623076800000000
vn -0.3237220695837159 -0.9459537997954224 -0.0193760242835792
v -0.0484615400000000 -0.1930517300000000 -0.6300000000000000
vn -0.3236871499985807 -0.9458284361461375 -0.0252031407397601
v -0.0484615400000000 -0.1931620800000000 -0.5976923100000000
vn -0.2713333918482520 -0.9623422307357044 -0.0166018496183774
v -0.0484615400000000 -0.1933695100000000 -0.5653846300000001
vn -0.2447296567820674 -0.9685668529555588 -0.0445605929841223
v -0.0484615400000000 -0.1941608600000000 -0.5330769400000001
vn -0.2046699937064873 -0.9783892830241544 -0.0294041585437788
v -0.0484614800000000 -0.1947019500000000 -0.5007692600000000
vn -0.1854867808505540 -0.9823041217317927 -0.0259473805697234
v -0.0484615400000000 -0.1952845300000000 -0.4684615400000000
vn -0.1736873580809566 -0.9844731813990143 -0.0254019044357096
v -0.0484615400000000 -0.1959259700000000 -0.4361538600000000
vn -0.1684241160197538 -0.9853780897956717 -0.0257553352453007
v -0.0484615400000000 -0.1966272100000000 -0.4038461400000000
vn -0.1729598909367625 -0.9846506302751719 -0.0234096652229397
v -0.0484615400000000 -0.1974222100000000 -0.3715384600000000
vn -0.1857995235509146 -0.9824658370346119 -0.0154730768799458
v -0.0484615400000000 -0.1981240200000000 -0.3392307800000000
vn -0.1952981615446746 -0.9806588449219458 -0.0129173516490545
v -0.0484615400000000 -0.1985781000000000 -0.3069230900000000
vn -0.1989785743872075 -0.9799221228520394 -0.0126554367758365
v -0.0484615400000000 -0.1990087200000000 -0.2746153800000000
vn -0.1999960205161571 -0.9797236446747990 -0.0119654436954590
v -0.0484615400000000 -0.1994574500000000 -0.2423076900000000
vn -0.1998348266687187 -0.9797858519415140 -0.0092588544391163
v -0.0484615400000000 -0.1998779000000000 -0.2099999900000000
vn -0.1988444526943238 -0.9799958499116738 -0.0083076945412571
v -0.0484614800000000 -0.2001242600000000 -0.1776923100000000
vn -0.1959822466501045 -0.9805333596946376 -0.0120536104103409
v -0.0484615400000000 -0.2005230200000000 -0.1453846100000000
vn -0.1942395209177610 -0.9808623150918859 -0.0134211529394742
v -0.0484615400000000 -0.2010812000000000 -0.1130769300000000
vn -0.1942774648306856 -0.9808947539949247 -0.0100870334686608
v -0.0484615400000000 -0.2016295000000000 -0.0807691700000000
vn -0.1956488787988034 -0.9806734645108512 0.0010354849372158
v -0.0484614800000000 -0.2019037900000000 -0.0484614800000000
vn -0.1941647033302628 -0.9808526309708817 0.0151057703600502
v -0.0484616000000000 -0.2015837300000000 -0.0161538500000000
vn -0.1838791333555893 -0.9828655039546552 0.0128009941941526
v -0.0484615400000000 -0.2009864900000000 0.0161538500000000
vn -0.1777210537937169 -0.9840640604670523 0.0057577717520255
v -0.0484615400000000 -0.2006344300000000 0.0484615400000000
vn -0.1809218608733419 -0.9834967614902776 -0.0011833833964814
v -0.0484615400000000 -0.2004808200000000 0.0807692300000000
vn -0.1901111510025841 -0.9817365175269445 -0.0071526511546424
v -0.0484615400000000 -0.2004808200000000 0.1130769300000000
vn -0.1988215845276534 -0.9799641663593534 -0.0118410378569930
v -0.0484615400000000 -0.2007901500000000 0.1453846100000000
vn -0.1959140729580527 -0.9805822747422314 -0.0087222977670936
v -0.0484615400000000 -0.2011486100000000 0.1776923100000000
vn -0.3140125166231515 -0.9491519121217923 -0.0225119328255183
v -0.0173541800000000 -0.2099999900000000 0.2099999900000000
vn -0.2210443501306933 -0.9751878840024787 -0.0121649566405911
v -0.0484615400000000 -0.2014194400000000 0.2100001300000000
vn -0.3072103627326592 -0.9513863211794654 -0.0220422526587199
v -0.0198175800000000 -0.2099999900000000 0.2423076900000000
vn -0.2220558043238743 -0.9749355259840702 -0.0138542390711932
v -0.0484615400000000 -0.2018376700000000 0.2423076900000000
vn -0.3082626358008771 -0.9510176457676109 -0.0232289648440670
v -0.0222982400000000 -0.2099999900000000 0.2746153800000000
vn -0.2314744713253993 -0.9727405576351582 -0.0139777199953543
v -0.0484615400000000 -0.2023297800000000 0.2746153800000000
vn -0.3127559365444618 -0.9494678125206449 -0.0263552109355659
v -0.0250464600000000 -0.2099999900000000 0.3069230900000000
vn -0.2463438809430022 -0.9690802123336308 -0.0140795733367510
v -0.0484614800000000 -0.2027810400000000 0.3069232100000000
vn -0.3247097887372259 -0.9454022970416767 -0.0278935448903031
v -0.0283216700000000 -0.2099999900000000 0.3392307800000000
vn -0.2679488343146950 -0.9633744527256799 -0.0106341913135446
v -0.0484615400000000 -0.2032491900000000 0.3392307800000000
vn -0.3431280246559623 -0.9390216104122773 -0.0223958450260493
v -0.0309293900000000 -0.2099999900000000 0.3715384600000000
vn -0.2904013979249380 -0.9568802596306817 -0.0068699936216245
v -0.0484614800000000 -0.2035384300000000 0.3715384600000000
vn -0.3593151507618184 -0.9329953359353066 -0.0203058010424599
v -0.0327245700000000 -0.2099999900000000 0.4038461400000000
vn -0.3118871031967910 -0.9500753551734676 -0.0091243822543440
v -0.0484615400000000 -0.2038012000000000 0.4038461400000000
vn -0.3723161419570989 -0.9277250490377151 -0.0265880391557998
v -0.0349999600000000 -0.2099999300000000 0.4361539800000000
vn -0.3446796263091724 -0.9386467615088617 -0.0117563734329741
v -0.0484615400000000 -0.2043135200000000 0.4361538600000000
vn -0.3841970474810770 -0.9228076581048492 -0.0286121451461954
v -0.0378605800000000 -0.2099999900000000 0.4684615400000000
vn -0.4383662261826020 -0.8984469830110750 0.0250613339772858
v -0.0484616000000000 -0.2050186500000000 0.4684615400000000
vn -0.5076034594506549 -0.8615531384335353 -0.0080571464584479
v -0.0404931900000000 -0.2099999900000000 0.5007693800000000
vn -0.5845887003385728 -0.8070322829268567 0.0833963173666824
v -0.0484615400000000 -0.2010407100000000 0.5007690800000000
vn -0.6485174898839020 -0.7611894295307692 0.0039645536073237
v -0.0415653500000000 -0.2099999900000000 0.5330769400000001
vn -0.6345157960401171 -0.7694736901836668 0.0728007190260280
v -0.0484615400000000 -0.1953147400000000 0.5330768200000000
vn -0.6985300606813920 -0.7153642601006273 0.0175991390452162
v -0.0410554300000000 -0.2099999900000000 0.5653846300000001
vn -0.6356039298627070 -0.7715040144448477 0.0280927043654977
v -0.0484615400000000 -0.1942271600000000 0.5653845100000000
vn -0.6743072602072717 -0.7379011580147710 0.0284885912642744
v -0.0388083200000000 -0.2100000700000000 0.5976923100000000
vn -0.7013414755257550 -0.7093940830762623 0.0698582107110255
v -0.0484615400000000 -0.1968488700000000 0.5976923100000000
vn -0.6533839760528322 -0.7530094166893486 0.0778858023940109
v -0.0349856000000000 -0.2099999900000000 0.6300000000000000
vn -0.7464003857580692 -0.6522728574589090 0.1320097858592126
v -0.0484615400000000 -0.1956818100000000 0.6300000000000000
vn -0.6946882013198246 -0.6857986827078044 0.2169987782068533
v -0.0274805300000000 -0.2099999900000000 0.6623076800000000
vn -0.7198789088085116 -0.6502971344474253 0.2426684849380606
v -0.0484615400000000 -0.1856700800000000 0.6623076800000000
vn -0.7460004844243914 -0.5511743893166118 -0.3737513475561440
v -0.0335185000000000 -0.1776923100000000 -0.7915384800000000
vn -0.7680733335981378 -0.5230793460057996 -0.3693932213747144
v -0.0484615400000000 -0.1495551300000000 -0.7915384800000000
vn -0.6635135532226303 -0.6938618831122341 -0.2798311130911359
v -0.0456186700000000 -0.1776922500000000 -0.7592307900000000
vn -0.7607708360369283 -0.5553415719295050 -0.3358920563552222
v -0.0484615400000000 -0.1746592700000000 -0.7592307900000000
vn -0.6479487331743138 -0.7142958456291341 -0.2644690607514654
v -0.0484615400000000 -0.1776923100000000 -0.7526629000000000
vn 0.5585682348885650 0.8290927457358400 0.0246322134953136
v -0.0484615400000000 -0.1459693500000000 0.5653846300000001
vn -0.7218066041010909 -0.6334841174157279 0.2787348188835896
v -0.0484615400000000 -0.1776923100000000 0.6819308400000000
vn -0.7171711285113199 -0.6475989342491030 0.2574513406242546
v -0.0432764100000000 -0.1776923100000000 0.6946153600000000
vn -0.7681844703078888 -0.5769814054981377 0.2774618483452848
v -0.0484615400000000 -0.1716442900000000 0.6946153600000000
vn -0.7538170218253062 -0.5936563103581408 0.2816595156893952
v -0.0345979400000000 -0.1776923100000000 0.7269230500000000
vn -0.7807119645185989 -0.5245723868087645 0.3395771480168621
v -0.0484615400000000 -0.1538423600000000 0.7269230500000000
vn -0.6858975861084160 -0.6053822053133104 0.4038030297814033
v -0.0193596100000000 -0.1776923100000000 0.7592307900000000
vn -0.7527822371913223 -0.4483326104979282 -0.4819925038144689
v -0.0366667100000000 -0.1453846100000000 -0.8238461600000000
vn -0.7812992378333029 -0.4111291714297077 -0.4696214489997472
v -0.0484615400000000 -0.1174428500000000 -0.8238461600000000
vn -0.7787178541023283 -0.4715516521509894 -0.4138085826272059
v -0.0484615400000000 -0.1453846100000000 -0.7970081600000000
vn 0.0366898594550946 0.9232448645260087 0.3824562384633269
v -0.0484615400000000 -0.1187047400000000 -0.4361538600000000
vn 0.0400230955489641 0.9991918601390630 0.0037119340669817
v -0.0484615400000000 -0.1187047400000000 -0.4038461400000000
vn 0.0385126903614851 0.9992303933824258 0.0074426891593748
v -0.0484615400000000 -0.1189096900000000 -0.3715384600000000
vn 0.0397798357130009 0.9991995814524250 0.0042143915272778
v -0.0484615400000000 -0.1192112700000000 -0.3392307800000000
vn 0.0409160567753399 0.9991592748875141 0.0025728785852467
v -0.0484615400000000 -0.1191781200000000 -0.3069230900000000
vn 0.0407248682179944 0.9991609679931677 0.0043410998126180
v -0.0484615400000000 -0.1193759300000000 -0.2746153800000000
vn 0.0413440745809309 0.9991404100138880 0.0030180414719592
v -0.0484615400000000 -0.1195384900000000 -0.2423076900000000
vn 0.0420850349519871 0.9991138482678372 0.0006066568414248
v -0.0484615400000000 -0.1196990100000000 -0.2099999900000000
vn 0.0443471083074930 0.9990161383964286 0.0002986775037122
v -0.0484615400000000 -0.1196990100000000 -0.1776923100000000
vn 0.0478647412894344 0.9988524428823066 0.0016624949154367
v -0.0484615400000000 -0.1197626700000000 -0.1453846100000000
vn 0.0497043189500069 0.9987436689856413 0.0063690139594398
v -0.0484615400000000 -0.1198278000000000 -0.1130769300000000
vn 0.0500323355728846 0.9987157117916056 0.0079807529537710
v -0.0484615400000000 -0.1201417700000000 -0.0807692300000000
vn 0.0479882229437284 0.9988058587448514 0.0091644419177085
v -0.0484615400000000 -0.1203926300000000 -0.0484615400000000
vn 0.0494884128835473 0.9987737452289912 0.0013794315936682
v -0.0484615400000000 -0.1208307600000000 -0.0161538500000000
vn 0.0538401239122547 0.9985260184853293 -0.0068579490337252
v -0.0484615400000000 -0.1204195500000000 0.0161538500000000
vn 0.0551837074548373 0.9984682608868376 -0.0039862806164219
v -0.0484615400000000 -0.1201886600000000 0.0484615400000000
vn 0.0525439853771576 0.9986131060332549 0.0033157290752129
v -0.0484615400000000 -0.1200897500000000 0.0807692300000000
vn 0.0500085867838777 0.9987341824880407 0.0054012940879255
v -0.0484615400000000 -0.1204195500000000 0.1130769300000000
vn 0.0472444507127534 0.9988798470042632 0.0026482306526785
v -0.0484615400000000 -0.1205076800000000 0.1453846100000000
vn 0.0449847889103825 0.9989851414161082 0.0022485543192439
v -0.0484615400000000 -0.1205633200000000 0.1776923100000000
vn 0.0431321444239867 0.9990683772361406 0.0014127010062696
v -0.0484615400000000 -0.1205811300000000 0.2099999900000000
vn 0.0412646114835310 0.9991441720363569 0.0028557529472961
v -0.0484615400000000 -0.1205508100000000 0.2423076900000000
vn 0.0377335848079308 0.9992528574270846 0.0083608313790605
v -0.0484615400000000 -0.1207391300000000 0.2746153800000000
vn 0.0358217718976310 0.9992957286052218 0.0111735155377775
v -0.0484615400000000 -0.1210458900000000 0.3069230900000000
vn 0.0304135001233360 0.9993252842397305 0.0205911458988897
v -0.0484615400000000 -0.1215429900000000 0.3392307800000000
vn 0.0280394044546063 0.9991091723508786 0.0315381280702169
v -0.0484615400000000 -0.1224519200000000 0.3715384600000000
vn 0.0306469538606499 0.9989083383065738 0.0352547284865862
v -0.0484615400000000 -0.1234763800000000 0.4038461400000000
vn 0.0229630190420463 0.9977767366552858 0.0625642353585764
v -0.0484615400000000 -0.1248500600000000 0.4361538600000000
vn 0.0275248431184933 0.9864871956063348 0.1615097393845067
v -0.0484615400000000 -0.1277622600000000 0.4684615400000000
vn 0.0987509849213633 0.9758440681936157 0.1948758516296847
v -0.0484615400000000 -0.1355301400000000 0.5007692600000000
vn 0.2064967652261814 0.9047473873976960 0.3725469781761309
v -0.0275778300000000 -0.1453846100000000 0.5330769400000001
vn 0.3307482790449854 0.9360760311947176 0.1198634211572763
v -0.0484616000000000 -0.1426028200000000 0.5330769400000001
vn 0.5789184240698489 0.8038361954222648 0.1367509751392692
v -0.0484615400000000 -0.1453846100000000 0.5609664300000000
vn 0.6460878683113207 0.7562278950362646 -0.1033916688614400
v -0.0484615400000000 -0.1453846100000000 0.5720546800000000
vn 0.6128931948007810 0.7595558147837397 -0.2178001285470266
v -0.0435616000000000 -0.1453846100000000 0.5976923100000000
vn 0.5947576972382828 0.7320291105045136 -0.3322599328083142
v -0.0484615400000000 -0.1389019800000000 0.5976923100000000
vn 0.7886616920377187 0.4567468747138464 -0.4115762723376268
v -0.0301927000000000 -0.1453846100000000 0.6300000000000000
vn 0.8697695323222646 0.4608555147374081 -0.1763892150331976
v -0.0217048800000000 -0.1453846100000000 0.6623076800000000
vn -0.7864957687496186 -0.4735322478248350 0.3964739789808476
v -0.0484615400000000 -0.1453846100000000 0.7391619699999999
vn -0.8213082736165620 -0.4425668369600719 0.3599823808357009
v -0.0390265300000000 -0.1453846100000000 0.7592307900000000
vn -0.8106512508954484 -0.4124787651422726 0.4155788947099585
v -0.0484615400000000 -0.1261313100000000 0.7592307900000000
vn -0.7260392576315958 -0.4992016004126024 0.4729320865867082
v -0.0274484300000000 -0.1453846100000000 0.7915384800000000
vn -0.7368456860801726 -0.2995721574672704 -0.6060651428480642
v -0.0316346500000000 -0.1130769300000000 -0.8561538500000000
vn -0.7763812376953060 -0.3313206512172290 -0.5361518440066172
v -0.0484615400000000 -0.1130769300000000 -0.8271783600000000
vn 0.0619477373491402 0.3965503117679292 0.9159204813050531
v -0.0484615400000000 -0.1130769300000000 -0.4418403200000000
vn -0.9249092638296100 -0.0340694480561780 -0.3786583240750377
v -0.0208286200000000 -0.1130769300000000 0.5653846300000001
vn -0.9166919020269479 -0.2421991108202573 -0.3178294314189500
v -0.0314025200000000 -0.1130769300000000 0.5976923100000000
vn 0.0928509784423065 0.3514745286064740 -0.9315816397628086
v -0.0484615400000000 -0.1130769300000000 0.6292355100000000
vn -0.5337294268794903 0.5579992450061639 -0.6354287855105729
v -0.0484615400000000 -0.1111574600000000 0.6300000000000000
vn 0.0221718594060457 0.7847588252307547 -0.6194045486375801
v -0.0484615400000000 -0.0953630500000000 0.6623076800000000
vn -0.8357781059828007 -0.3054900151503004 0.4562354745120896
v -0.0484615400000000 -0.1130769300000000 0.7717211800000000
vn -0.8462315885473130 -0.3167445694370462 0.4284448345783053
v -0.0385315200000000 -0.1130769800000000 0.7915384800000000
vn -0.7270492604043476 -0.3897591964083842 0.5652319362532355
v -0.0194068700000000 -0.1130769300000000 0.8238461600000000
vn -0.7631222646807188 -0.1963052250901468 -0.6157180099289591
v -0.0378732700000000 -0.0807692300000000 -0.8561538500000000
vn -0.8297491352248996 -0.1733416965409259 -0.5305365480660544
v -0.0484615400000000 -0.0807692300000000 -0.8384073399999999
vn -0.0907193726894567 -0.1024635009359705 0.9905913518675478
v -0.0484615400000000 -0.0807692300000000 -0.4421491000000000
vn -0.0479045671869440 -0.2800213378308232 0.9587977903614858
v -0.0484615400000000 -0.0572429900000000 -0.4361538600000000
vn -0.9042551054600912 -0.0899867975359023 -0.4174027797207296
v -0.0331941900000000 -0.0807692900000000 0.5976923100000000
vn -0.9774548466606605 0.2081847130148360 -0.0352299305493937
v -0.0350830300000000 -0.0807692900000000 0.6300000000000000
vn -0.8212105241837131 0.3126294288403121 -0.4773637137371162
v -0.0226154100000000 -0.0807692300000000 0.6623076800000000
vn 0.3323192042485716 0.1765258981450520 -0.9265001639350524
v -0.0484615400000000 -0.0807692300000000 0.6705119000000000
vn -0.8381709757462610 -0.2722670744115329 0.4725886748621317
v -0.0484615400000000 -0.0807692300000000 0.7911863300000000
vn -0.8310602557615970 -0.2858177588280653 0.4771237366050559
v -0.0482017400000000 -0.0807692300000000 0.7915384800000000
vn -0.8259912667186768 -0.2648772652164099 0.4975725692559338
v -0.0484614800000000 -0.0800951500000000 0.7915384800000000
vn -0.7633437636797265 -0.2549564134182056 0.5935516200872464
v -0.0344970000000000 -0.0807691700000000 0.8238462800000000
vn -0.6515906938929585 -0.2999227500745407 -0.6967610147100780
v -0.0194908600000000 -0.0484615400000000 -0.8884615300000001
vn -0.8348771454577549 -0.1898795016073569 -0.5166487461144682
v -0.0430070000000000 -0.0484615400000000 -0.8561538500000000
vn -0.8621209318484336 -0.1724256472983274 -0.4764628999434703
v -0.0484615400000000 -0.0208979400000000 -0.8561538500000000
vn -0.8458034079924324 -0.1384615630129542 -0.5152135388325861
v -0.0484615400000000 -0.0484615400000000 -0.8483761000000000
vn -0.1133471290074670 -0.2446136384942261 0.9629727910010648
v -0.0484615400000000 -0.0484615400000000 -0.4334812500000000
vn -0.1645688390461443 -0.8948882076152648 -0.4148399608115675
v -0.0484615400000000 -0.0207692100000000 0.3715384600000000
vn -0.0614133053466547 -0.9663954537257143 -0.2496161712403051
v -0.0484615400000000 -0.0344174500000000 0.4038461400000000
vn -0.0735998647400400 -0.9959249912073487 -0.0521197831815337
v -0.0484615400000000 -0.0387429400000000 0.4361538600000000
vn -0.0763305916826150 -0.9964861113421443 0.0344829041061454
v -0.0484615400000000 -0.0362985800000000 0.4684615400000000
vn -0.1021205451593669 -0.9946429777863485 0.0160231394133379
v -0.0484615400000000 -0.0359598400000000 0.5007692600000000
vn -0.0828725961869243 -0.9950865321749514 -0.0541749599470860
v -0.0484615400000000 -0.0349868900000000 0.5330770600000000
vn -0.6246836629329449 -0.6707574510422957 -0.3998184127024687
v -0.0188599800000000 -0.0484615400000000 0.5653846300000001
vn -0.1402050579479327 -0.9768647759932374 -0.1614860710696098
v -0.0484615400000000 -0.0399394600000000 0.5653846300000001
vn -0.7377541270120020 -0.6506040317556649 -0.1800923150499002
v -0.0371484100000000 -0.0484615400000000 0.5976923100000000
vn -0.1754154839342390 -0.9827888064628637 -0.0579272810290316
v -0.0484616000000000 -0.0456984100000000 0.5976923100000000
vn -0.7606233053644722 -0.6207430670795931 0.1900795412690293
v -0.0372858900000000 -0.0484615400000000 0.6300000000000000
vn -0.2449046830487680 -0.9649494763622756 0.0943090891110340
v -0.0484615400000000 -0.0449005800000000 0.6300001100000000
vn -0.5800167388912806 -0.7440272016984725 -0.3316686686117103
v -0.0228350300000000 -0.0484615400000000 0.6623076800000000
vn 0.1106494777645013 -0.8641958397330107 -0.4908383070407196
v -0.0484615400000000 -0.0402377700000000 0.6623076800000000
vn 0.0544196969613902 -0.2720448367200436 -0.9607445567873883
v -0.0484615400000000 -0.0484615400000000 0.6681364200000000
vn -0.8277922881591792 -0.2485699679325307 0.5029641127418646
v -0.0484615400000000 -0.0484615400000000 0.8076922900000000
vn -0.7814488160725371 -0.2139766320535511 0.5861328763973656
v -0.0395970900000000 -0.0484615400000000 0.8238462800000000
vn -0.7573134238652025 -0.1939891923890256 -0.6235740303041957
v -0.0348671000000000 -0.0161538500000000 -0.8884615300000001
vn -0.8851623399171287 -0.1926360627476069 -0.4235315564648443
v -0.0484615400000000 -0.0161538500000000 -0.8582408400000000
vn -0.1147135097948835 -0.3978373619059649 0.9102561420513686
v -0.0484615400000000 -0.0161538500000000 -0.4245266300000000
vn -0.9894915996834456 -0.1365509573672967 0.0475416680183891
v -0.0228289900000000 -0.0161538500000000 0.0484615400000000
vn -0.3925813648834984 -0.3945286319817178 -0.8307990313504487
v -0.0484615400000000 -0.0161538500000000 0.3618310100000000
vn -0.1574368293244950 0.5501808228046624 -0.8200699403040173
v -0.0484615400000000 -0.0081395300000000 0.3715384600000000
vn -0.7817072397045410 -0.2302822177752971 0.5795721625216295
v -0.0484615400000000 -0.0161538500000000 0.8234982500000000
vn -0.7597036110177851 -0.2543121262181035 0.5984778741649229
v -0.0481243400000000 -0.0161538500000000 0.8238462800000000
vn -0.7935000027104976 -0.1997206814196873 0.5748646754773648
v -0.0484615400000000 -0.0150224700000000 0.8238461600000000
vn -0.6587427480659132 -0.3071682846667390 0.6868082969544427
v -0.0217512200000000 -0.0161538500000000 0.8561538500000000
vn -0.7295521567697411 -0.1261168764226407 -0.6721965367613966
v -0.0392466400000000 0.0161538500000000 -0.8884615300000001
vn -0.8573787486981798 -0.1792450648144512 -0.4824654267617596
v -0.0484616000000000 0.0161538500000000 -0.8736464400000000
vn 0.0329782877513954 -0.6167353662407062 0.7864794470073123
v -0.0484615400000000 0.0161538500000000 -0.4067088700000000
vn 0.0474534071141452 -0.7800587619594452 0.6239042410847652
v -0.0484615400000000 0.0200424400000000 -0.4038461400000000
vn 0.0047724202853043 -0.7740665266683071 0.6330862787142708
v -0.0484615400000000 0.0377677800000000 -0.3715384600000000
vn 0.0126281967546158 -0.5266850902093853 -0.8499666725218458
v -0.0484614800000000 0.0210735000000000 0.3715384600000000
vn -0.0609116114193902 -0.2615221501052575 -0.9632735543959546
v -0.0484615400000000 0.0161538500000000 0.3773743200000000
vn -0.0388006056236476 0.9494656618292913 0.3114634328621969
v -0.0484615400000000 0.0405205500000000 0.4684615400000000
vn -0.0646752941935702 0.9718233247332911 0.2266639182254366
v -0.0484615400000000 0.0306402000000000 0.5007692600000000
vn -0.0195429477399110 0.9993293495108930 -0.0309665044809772
v -0.0484615400000000 0.0263562400000000 0.5330769400000001
vn 0.0470262085152463 0.9795005433389476 -0.1958755250443169
v -0.0484615400000000 0.0336086600000000 0.5653846300000001
vn 0.0425126466838680 0.9961902358364608 -0.0761425564059234
v -0.0484615400000000 0.0383538000000000 0.5976923100000000
vn 0.0312492278252440 0.9994759944964925 0.0084393237627995
v -0.0484615400000000 0.0385078600000000 0.6300000000000000
vn 0.0343308853054924 0.8957984968691776 -0.4431325347128817
v -0.0484615400000000 0.0376566100000000 0.6623076800000000
vn -0.8348423153266449 -0.1636482837688915 0.5256020811978804
v -0.0484616000000000 0.0161538500000000 0.8346931300000000
vn -0.7365268278949577 -0.2160439282230434 0.6409783560066187
v -0.0358669800000000 0.0161538500000000 0.8561539600000000
vn -0.7156472319582070 -0.1807099107652383 -0.6746799000576317
v -0.0439774300000000 0.0484615400000000 -0.8884615300000001
vn -0.7799219736999625 -0.2185831132090610 -0.5864666551133061
v -0.0484615400000000 0.0632781800000000 -0.8884615300000001
vn -0.8007601804656991 -0.1692819769252911 -0.5745665720078105
v -0.0484615400000000 0.0484615400000000 -0.8836094700000000
vn -0.0212295410261235 0.9782826143458480 0.2061854336670591
v -0.0484615400000000 0.0802444600000000 -0.7592307900000000
vn -0.0588282569306689 0.9970323085452629 0.0496569421471247
v -0.0484615400000000 0.0785570000000000 -0.7269230500000000
vn -0.0970855527627402 0.9952612392930869 0.0054277993277086
v -0.0484615400000000 0.0782915400000000 -0.6946153600000000
vn -0.1384247066450531 0.9888076298125504 0.0556603253199019
v -0.0484615400000000 0.0783712700000000 -0.6623076800000000
vn -0.1271158982349001 0.9788471305544872 0.1603117070621523
v -0.0484615400000000 0.0749767600000000 -0.6300000000000000
vn -0.0429212810982233 0.9842846181801796 0.1712937653354172
v -0.0484615400000000 0.0689177100000000 -0.5976923100000000
vn -0.0104191868505934 0.9971044245178604 0.0753273333676343
v -0.0484615400000000 0.0625961600000000 -0.5653846300000001
vn 0.0054574131689346 0.9999506519978169 -0.0083012174194245
v -0.0484616000000000 0.0627210000000000 -0.5330769400000001
vn 0.0057404518939098 0.9998309129045438 0.0174697685308082
v -0.0484615400000000 0.0628897200000000 -0.5007692600000000
vn -0.0014148689273881 0.9983505668753051 0.0573946318541675
v -0.0484615400000000 0.0615170300000000 -0.4684615400000000
vn -0.0022118375025542 0.9980230918612034 0.0628093614572404
v -0.0484615400000000 0.0592307300000000 -0.4361538600000000
vn -0.0004621700689502 0.9986819994809205 0.0513229998306605
v -0.0484616000000000 0.0573524900000000 -0.4038461400000000
vn -0.0004043315468264 0.9354978464525200 0.3533321607194816
v -0.0484615400000000 0.0558272200000000 -0.3715384000000000
vn -0.0015541322843160 0.0928529492932999 0.9956786200779740
v -0.0484615400000000 0.0484615400000000 -0.3623006900000000
vn -0.0051548195020359 0.3120927725749033 -0.9500376461711458
v -0.0484615400000000 0.0484615400000000 0.3646481300000000
vn -0.0030361651926658 0.9580366211671927 -0.2866297510787599
v -0.0484615400000000 0.0540893600000000 0.3715384600000000
vn -0.0023566164658462 0.9973148807734818 0.0731947740389202
v -0.0484615400000000 0.0509216100000000 0.4038461400000000
vn -0.0018426808376127 0.9978231087255300 0.0659215307820583
v -0.0484615400000000 0.0493095800000000 0.4361538600000000
vn -0.0129835394194857 0.9784191476949948 0.2062217232202824
v -0.0484615400000000 0.0484615400000000 0.4465223600000000
vn 0.0109432297824307 0.4444104023338125 -0.8957564624491570
v -0.0484615400000000 0.0484615400000000 0.6704450199999999
vn -0.8116395798915271 -0.1936908287232093 0.5511125612994334
v -0.0484615400000000 0.0484615400000000 0.8455321800000000
vn -0.7275459088526597 -0.1497682690164503 0.6695120731604273
v -0.0410058900000000 0.0484615400000000 0.8561538500000000
vn -0.7406156192067223 -0.2388065927690687 0.6280604396370398
v -0.0484615400000000 0.0782304000000000 0.8561538500000000
vn -0.6828940227130832 -0.4106982646144727 -0.6041379719777625
v -0.0295518300000000 0.0807692300000000 -0.9207692100000000
vn -0.7101378302755290 -0.4592604070929805 -0.5336517033499977
v -0.0484615400000000 0.1118907000000000 -0.9207692100000000
vn -0.7371497564580229 -0.3340192117248305 -0.5874022495297412
v -0.0484615400000000 0.0807692300000000 -0.8953561200000000
vn 0.1151306775486694 0.6619786870377524 0.7406275345914149
v -0.0484615400000000 0.0970273400000000 -0.7915384800000000
vn 0.0579294614114762 0.9103192228661069 0.4098330025522875
v -0.0484615400000000 0.0807692300000000 -0.7612682000000000
vn -0.0297089418864833 0.9930529560778826 0.1138560722885021
v -0.0308961800000000 0.0807692300000000 -0.7592307900000000
vn -0.0837549958369435 0.9964765203328769 -0.0044322790565488
v -0.0197278000000000 0.0807692300000000 -0.6946153600000000
vn -0.0891613583230714 0.9950396680484225 0.0441170170350406
v -0.0181406000000000 0.0807692300000000 -0.6623076800000000
vn -0.7255938830489895 -0.3746417243134489 -0.5771976223836470
v -0.0472923900000000 0.0807692300000000 0.0161538500000000
vn -0.8993428434008395 -0.1793162330576734 0.3987833228530244
v -0.0217538100000000 0.0807692300000000 0.0484615400000000
vn -0.9461528011443299 -0.3220995427418513 0.0323536930230297
v -0.0333629100000000 0.0807692300000000 0.0807692300000000
vn -0.0013778056349264 0.1269342031830820 -0.9919101822815957
v -0.0484615400000000 0.0807692300000000 0.6785644300000000
vn -0.7618342357666779 -0.3173908216296358 0.5646872263112269
v -0.0484615400000000 0.0807692300000000 0.8574953700000000
vn -0.6233762697923235 -0.1908442648837112 -0.7582746816430073
v -0.0484615400000000 0.1130769300000000 -0.9218568200000000
vn -0.3336918507190043 0.9394492166824201 0.0780058846402818
v -0.0484615400000000 0.1386319500000000 -0.8884615300000001
vn -0.0401110487318794 0.9956447580373882 0.0841583006143753
v -0.0484615400000000 0.1343933300000000 -0.8561538500000000
vn 0.0290155872581059 0.9283052246147372 0.3706851840160997
v -0.0484615400000000 0.1326945400000000 -0.8238461600000000
vn 0.0370737471794683 0.6100489591038495 0.7914959284584998
v -0.0484615400000000 0.1130769300000000 -0.7978046500000000
vn -0.3796843655924599 -0.9141770239774972 -0.1418455193381084
v -0.0484615400000000 0.1436767000000000 -0.1453846100000000
vn -0.9915478287609907 0.1277039584489746 0.0229041977774347
v -0.0481719700000000 0.1130769300000000 0.0161538500000000
vn -0.9642373225304409 -0.2648859430813763 -0.0090456065145499
v -0.0484616000000000 0.1243346600000000 0.0161538500000000
vn -0.8613309715739105 -0.4966871381861788 0.1068215529187206
v -0.0484615400000000 0.1333693100000000 0.0484615400000000
vn 0.0006462027358323 -0.0135005800101454 -0.9999086542086800
v -0.0484615400000000 0.1130769300000000 0.6787701200000000
vn -0.7752829061117612 -0.4356644692041905 0.4573104916399066
v -0.0484615400000000 0.1130769300000000 0.8830733300000000
vn -0.5352965112483939 -0.4587073913898229 0.7092567758785544
v -0.0442977400000000 0.1130769300000000 0.8884615300000001
vn -0.6471151968229117 -0.3903624661914255 0.6548733213605454
v -0.0484615400000000 0.1184947300000000 0.8884615300000001
vn -0.6076791725233492 0.3765419699194864 -0.6992439975934654
v -0.0484615400000000 0.1453846100000000 -0.9228828000000000
vn -0.3160027903787299 0.9385605126864516 -0.1387313969460462
v -0.0484615400000000 0.1464109900000000 -0.9207692100000000
vn -0.2498688013274354 0.9419271873776299 0.2243630000736707
v -0.0484615400000000 0.1453846100000000 -0.9171603900000000
vn -0.4545188970779965 -0.1187737977675539 -0.8827827349709972
v -0.0484615400000000 0.1453846100000000 -0.1474251000000000
vn -0.3140304196838077 0.8879458983041149 -0.3360609724411776
v -0.0484615400000000 0.1465593700000000 -0.1453846800000000
vn -0.7503006891266858 0.6046352800582075 0.2673294858502393
v -0.0484615400000000 0.1453846100000000 -0.1212481300000000
vn -0.4299077592870822 0.2123180020067173 -0.8775536362688242
v -0.0484615400000000 0.1453846100000000 0.0158653300000000
vn -0.4132173503498280 0.8178460479634927 -0.4004737983943069
v -0.0484615400000000 0.1457262500000000 0.0161538500000000
vn -0.4776323789134685 0.8784636689122849 0.0129958845265900
v -0.0484614800000000 0.1458583600000000 0.0484615400000000
vn -0.7720396612636691 0.6345270448593840 0.0364717805693221
v -0.0484615400000000 0.1453846100000000 0.0660307200000000
vn -0.9066343270671794 0.4041556489947079 0.1211297171180922
v -0.0476826400000000 0.1453846100000000 0.0807692300000000
vn -0.8212210430939194 0.0049791041047896 0.5705884742106595
v -0.0458732900000000 0.1453846100000000 0.1130769300000000
vn -0.0094481807365883 0.2885613420246512 -0.9574147919108525
v -0.0484615400000000 0.1453846100000000 0.6775491800000000
vn -0.0100283657678114 0.8563003829673089 -0.5163807568161957
v -0.0484615400000000 0.1700813800000000 0.6946153600000000
vn -0.0292222456807912 0.9921154652017199 -0.1218727371685172
v -0.0484615400000000 0.1744067400000000 0.7269230500000000
vn -0.5004223982286889 -0.4394563271192150 0.7459594894536411
v -0.0484615400000000 0.1453846100000000 0.9020271300000000
vn -0.2498264033615574 -0.5665332783830633 0.7852558899288606
v -0.0484615400000000 0.1679624300000000 0.9207692100000000
vn -0.0459802069153576 0.9910547560805550 -0.1252848395542432
v -0.0484615400000000 0.1776923100000000 0.7539125700000000
vn 0.0508494981615791 0.9919058703989828 -0.1163489269600373
v -0.0348044900000000 0.1776923100000000 0.7592307900000000
vn -0.0031516784729886 0.9937907680540355 -0.1112203949524221
v -0.0484615400000000 0.1783929500000000 0.7592307900000000
vn -0.0578561207641379 0.9936799557613528 -0.0961915526865073
v -0.0484615400000000 0.1817528300000000 0.7915383600000000
vn -0.0549167080122795 0.9952054808539609 -0.0809333433099789
v -0.0484615400000000 0.1849674000000000 0.8238461600000000
vn -0.0738257448133903 0.9964313080894531 -0.0409195266576884
v -0.0484615400000000 0.1868714100000000 0.8561538500000000
vn -0.2798730946318574 0.9457540874079707 0.1649856268051975
v -0.0484614800000000 0.1870766000000000 0.8884615300000001
vn -0.4136299150608095 0.8440530144590357 0.3412986993081025
v -0.0484615400000000 0.1848149400000000 0.9207692100000000
vn -0.3160786807188434 0.2518476134416981 0.9146950569445297
v -0.0484615400000000 0.1776923100000000 0.9278918500000000
vn -0.0591032153252236 -0.9979053997073369 -0.0262987294970787
v -0.0161538500000000 -0.2104418900000000 0.2099999900000000
vn 0.0188898771930954 -0.9994495086491935 -0.0272736539634028
v -0.0161538500000000 -0.2113310400000000 0.2423076900000000
vn 0.0186606467732416 -0.9994204701091582 -0.0284693552577765
v -0.0161538500000000 -0.2121883800000000 0.2746153800000000
vn 0.0176245289066241 -0.9992662761921550 -0.0340041945336626
v -0.0161538500000000 -0.2131647200000000 0.3069230900000000
vn 0.0159359369744270 -0.9992227265055265 -0.0360553567117100
v -0.0161538500000000 -0.2144224300000000 0.3392307800000000
vn 0.0143694953033661 -0.9994575986382017 -0.0296315056837453
v -0.0161538500000000 -0.2155933100000000 0.3715384600000000
vn 0.0157755868230805 -0.9995267253224100 -0.0264093965596889
v -0.0161538500000000 -0.2164292200000000 0.4038461400000000
vn 0.0195970050902365 -0.9994192691219006 -0.0278761887520355
v -0.0161538500000000 -0.2173656800000000 0.4361538600000000
vn 0.0206052397043164 -0.9993838177918948 -0.0284149403030284
v -0.0161538500000000 -0.2181241200000000 0.4684615400000000
vn 0.0098883466733241 -0.9994405882636928 -0.0319488830977199
v -0.0161538500000000 -0.2191272700000000 0.5007692600000000
vn -0.0012496561516595 -0.9996668011875240 -0.0257822606263644
v -0.0161538500000000 -0.2204041500000000 0.5330769400000001
vn -0.0076784192508333 -0.9998666870971111 -0.0144100628470481
v -0.0161538500000000 -0.2213796200000000 0.5653846300000001
vn -0.0165544684249770 -0.9998625731521552 -0.0008856549652712
v -0.0161538500000000 -0.2225400800000000 0.5976923100000000
vn -0.0241071155194331 -0.9977638460132578 0.0623390292687054
v -0.0161538500000000 -0.2230912300000000 0.6300000000000000
vn 0.1687059309472730 -0.9613323087500996 0.2176660309198872
v -0.0161538500000000 -0.2202640800000000 0.6623076800000000
vn -0.1369174972189560 -0.9363491615694478 -0.3232705470399202
v -0.0161538500000000 -0.1933663000000000 -0.7915384800000000
vn 0.0149192255131039 -0.9848026517871088 -0.1730351228599780
v -0.0161538500000000 -0.1967317900000000 -0.7592307900000000
vn 0.0467421668980514 -0.9980529373580754 -0.0412977489046591
v -0.0161538500000000 -0.1976507000000000 -0.7269230500000000
vn -0.0186672853033192 -0.9991296151941430 -0.0373034113910262
v -0.0161538500000000 -0.1980436000000000 -0.6946153600000000
vn -0.0009360522738383 -0.9998051903850773 -0.0197156051187866
v -0.0161538500000000 -0.1984106200000000 -0.6623076800000000
vn 0.0027616395651393 -0.9998772401647036 -0.0154232923699240
v -0.0161538500000000 -0.1987912100000000 -0.6300000000000000
vn 0.0054612504465819 -0.9998883532342425 -0.0139088392784741
v -0.0161538500000000 -0.1993662000000000 -0.5976922500000000
vn 0.0080598836016902 -0.9997642961616086 -0.0201591268861196
v -0.0161538500000000 -0.2001672800000000 -0.5653846300000001
vn 0.0083110622602203 -0.9997159470475002 -0.0223372214705929
v -0.0161538500000000 -0.2009509200000000 -0.5330769400000001
vn 0.0089073668749096 -0.9997184297509109 -0.0219936361643282
v -0.0161538500000000 -0.2016516900000000 -0.5007692600000000
vn 0.0090058931238221 -0.9996900497920861 -0.0232098736691672
v -0.0161538500000000 -0.2024848200000000 -0.4684615400000000
vn 0.0097908933961290 -0.9996664581123613 -0.0238979273492989
v -0.0161538500000000 -0.2033460600000000 -0.4361538600000000
vn 0.0106711697773630 -0.9995833488726467 -0.0268189260062311
v -0.0161538500000000 -0.2041672300000000 -0.4038461400000000
vn 0.0120850422807361 -0.9995067799147598 -0.0289853179644625
v -0.0161538500000000 -0.2052065400000000 -0.3715384600000000
vn 0.0126535085888927 -0.9996192335171907 -0.0245209441680956
v -0.0161538500000000 -0.2062515900000000 -0.3392307800000000
vn 0.0117086699443968 -0.9997665167616009 -0.0181609198695656
v -0.0161538500000000 -0.2070004800000000 -0.3069231500000000
vn 0.0107601770130465 -0.9998356948364007 -0.0145877318888118
v -0.0161538500000000 -0.2075830500000000 -0.2746153800000000
vn 0.0107158144224897 -0.9998774985298329 -0.0114087359066202
v -0.0161538500000000 -0.2080104100000000 -0.2423076900000000
vn 0.0109790071584003 -0.9999015514678246 -0.0087377785537026
v -0.0161538500000000 -0.2083134700000000 -0.2099999900000000
vn 0.0101442440011775 -0.9999317454276707 -0.0057964471546532
v -0.0161538500000000 -0.2084672700000000 -0.1776923100000000
vn 0.0105824333464163 -0.9999119082130775 -0.0080117362756624
v -0.0161538500000000 -0.2086342100000000 -0.1453846100000000
vn 0.0099352454463567 -0.9998972170340490 -0.0103366467234152
v -0.0161538500000000 -0.2087971400000000 -0.1130769300000000
vn 0.0085117065047891 -0.9999315809549227 -0.0080239803941119
v -0.0161538500000000 -0.2090030800000000 -0.0807692300000000
vn 0.0103953983591678 -0.9999399569409277 0.0034667284188241
v -0.0161538500000000 -0.2090748100000000 -0.0484615400000000
vn 0.0130225026750997 -0.9997609734631838 0.0175616162133250
v -0.0161538500000000 -0.2088428600000000 -0.0161538500000000
vn 0.0129058296243278 -0.9996984787295146 0.0208899781618402
v -0.0161538500000000 -0.2078761900000000 0.0161538500000000
vn 0.0160805383347810 -0.9998357102939832 0.0083647299890586
v -0.0161538500000000 -0.2073260400000000 0.0484615400000000
vn 0.0193034566732153 -0.9997890824362868 -0.0070119328058059
v -0.0161538500000000 -0.2073153700000000 0.0807692300000000
vn 0.0183583632260271 -0.9996699836031672 -0.0179692621580414
v -0.0161538500000000 -0.2079881600000000 0.1130769300000000
vn 0.0157636878607114 -0.9996650822606252 -0.0205238752161330
v -0.0161538500000000 -0.2088205500000000 0.1453846100000000
vn -0.0678560716050582 -0.9975164224625541 -0.0188822790953972
v -0.0161538500000000 -0.2096551100000000 0.1776923100000000
vn 0.0547427688635373 -0.9982364229820114 -0.0229624277730390
v -0.0161538500000000 -0.2099999900000000 0.1918309900000000
vn 0.3321597554583299 -0.9430016134823626 -0.0204414731250757
v -0.0150713900000000 -0.2099999900000000 0.2099999900000000
vn 0.3339013823601967 -0.9423651036411668 -0.0213980909737918
v -0.0128448700000000 -0.2099999900000000 0.2423076900000000
vn 0.3381351656418857 -0.9408284962336046 -0.0225022316926246
v -0.0106407700000000 -0.2099999900000000 0.2746153800000000
vn 0.3489920668042076 -0.9367352633025807 -0.0270478056997638
v -0.0082335700000000 -0.2099999900000000 0.3069230900000000
vn 0.3650853895077791 -0.9305588566270703 -0.0278005884986772
v -0.0053134200000000 -0.2099999900000000 0.3392307800000000
vn 0.3814882019575646 -0.9241352113897131 -0.0209967339573313
v -0.0027919700000000 -0.2099999900000000 0.3715384600000000
vn 0.3966552336535792 -0.9177215894420632 -0.0212534676501834
v -0.0011774700000000 -0.2099999900000000 0.4038461400000000
vn 0.4219879864961457 -0.9063843168270265 -0.0198395933157239
v 0.0009023900000000 -0.2099999900000000 0.4361538600000000
vn 0.4921609752304971 -0.8702499577414997 -0.0210377163942253
v 0.0033031900000000 -0.2099999900000000 0.4684615400000000
vn 0.6074362275629086 -0.7941692737946476 -0.0177874676282042
v 0.0063676500000000 -0.2099999900000000 0.5007692600000000
vn 0.6887865413834033 -0.7249531976902571 -0.0039951930817181
v 0.0080074100000000 -0.2099999900000000 0.5330769400000001
vn 0.6900340953124858 -0.7237565703183674 0.0054197995602712
v 0.0071237500000000 -0.2099999900000000 0.5653846300000001
vn 0.6673350538448849 -0.7434886213645626 0.0434579775330910
v 0.0051745300000000 -0.2099999900000000 0.5976923100000000
vn 0.6959275935769108 -0.7061134274114791 0.1307234184355034
v 0.0016317500000000 -0.2099999900000000 0.6300000000000000
vn 0.7285995063962443 -0.6473964265658195 0.2236529144655991
v -0.0056661500000000 -0.2099999900000000 0.6623076800000000
vn 0.2247268874660750 -0.8849756319871117 0.4078185342021894
v -0.0161538500000000 -0.2099999900000000 0.6891819200000000
vn 0.0285425170345783 -0.9220345825698657 0.3860538217224951
v -0.0161538500000000 -0.2071044400000000 0.6946153600000000
vn 0.0312972266089338 -0.9334515501393524 0.3573355386034655
v -0.0161538500000000 -0.1954968900000000 0.7269230500000000
vn 0.1783530469879711 -0.8261930635513977 0.5344110893026666
v -0.0161538500000000 -0.1808980700000000 0.7592307900000000
vn 0.3376481604723318 -0.6788820511885297 -0.6520068100132888
v -0.0161538500000000 -0.1706620300000000 -0.8238461600000000
vn -0.3221365916202050 -0.7414127452908644 -0.5886723685205389
v -0.0161538500000000 -0.1776923100000000 -0.8163386000000000
vn 0.7027391756203814 -0.6237716505653258 -0.3421499364305010
v 0.0014685800000000 -0.1776923100000000 -0.7915384800000000
vn 0.6112978324967596 -0.7486184178288533 -0.2566815623923700
v 0.0140755800000000 -0.1776923100000000 -0.7592307900000000
vn 0.1044832244648489 0.8795834464910638 0.4641295255252890
v -0.0161538500000000 -0.1506462100000000 0.5330769400000001
vn -0.1116519362365436 0.9863666765548905 0.1208909612696121
v -0.0161538500000000 -0.1579898900000000 0.5653846300000001
vn 0.0492725399125925 0.9942178415236097 -0.0954101693044106
v -0.0161538500000000 -0.1566792000000000 0.5976923100000000
vn 0.0240502718034008 0.9917802326585223 -0.1256724095972927
v -0.0161538500000000 -0.1524916700000000 0.6300000000000000
vn -0.1178297727323662 0.9852221288542069 -0.1243121131419761
v -0.0161538500000000 -0.1496017100000000 0.6623076800000000
vn 0.7527505506352541 -0.6137929520110904 0.2379597036891608
v 0.0081963500000000 -0.1776923100000000 0.6946153600000000
vn 0.7756662423293414 -0.5681929774067751 0.2747701238058886
v 0.0012071800000000 -0.1776923100000000 0.7269230500000000
vn 0.6784008017866436 -0.6023961158863856 0.4205844406302199
v -0.0129480200000000 -0.1776922500000000 0.7592307900000000
vn -0.1578428354809962 -0.7569061864992176 0.6341755783113466
v -0.0161538500000000 -0.1776923100000000 0.7624545700000001
vn 0.1239583731168986 -0.7750357641120896 0.6196401262679824
v -0.0161538500000000 -0.1567252900000000 0.7915384800000000
vn 0.3138510783093509 -0.5692506076132107 -0.7599021294719789
v -0.0161538500000000 -0.1343076200000000 -0.8561538500000000
vn -0.3136000334319733 -0.6060026369703222 -0.7310374976815355
v -0.0161538500000000 -0.1453846100000000 -0.8473426700000000
vn 0.7546142383971635 -0.4587537119838174 -0.4691507038781227
v 0.0039991500000000 -0.1453846100000000 -0.8238461600000000
vn 0.0008955360415922 0.9407713096945071 0.3390406183201066
v -0.0161538500000000 -0.1207104800000000 -0.4361538600000000
vn -0.0024652616891448 0.9999720565590490 0.0070575198101100
v -0.0161538500000000 -0.1210874200000000 -0.4038461400000000
vn 0.0002403817830964 0.9999799504259025 0.0063277928859782
v -0.0161538500000000 -0.1212574900000000 -0.3715384600000000
vn -0.0001675294659392 0.9999818880645082 0.0060162676818458
v -0.0161538500000000 -0.1214806900000000 -0.3392307800000000
vn 0.0019442266587104 0.9999929601067061 0.0032093176420049
v -0.0161538500000000 -0.1215906800000000 -0.3069230900000000
vn 0.0038606554761710 0.9999810051088127 0.0048046603275342
v -0.0161538500000000 -0.1217268100000000 -0.2746153800000000
vn 0.0059566681567961 0.9999812343036564 0.0014314834982454
v -0.0161538500000000 -0.1217807900000000 -0.2423076900000000
vn 0.0058946642968866 0.9999826258607478 -0.0000301574315487
v -0.0161538500000000 -0.1217538600000000 -0.2099999900000000
vn 0.0063511987425767 0.9999797154278733 0.0004806322107894
v -0.0161538500000000 -0.1216180500000000 -0.1776923100000000
vn 0.0055821577806823 0.9999785255192467 0.0034333678604034
v -0.0161538500000000 -0.1217538600000000 -0.1453846100000000
vn 0.0055313693567758 0.9999553143144787 0.0076663764107308
v -0.0161538500000000 -0.1218881300000000 -0.1130769300000000
vn 0.0068114645274260 0.9999422700637953 0.0083102641748218
v -0.0161538500000000 -0.1222973000000000 -0.0807692300000000
vn 0.0081452893061353 0.9999462437386331 0.0064159095315802
v -0.0161538500000000 -0.1224102600000000 -0.0484615400000000
vn 0.0050591714525015 0.9999852662765092 0.0019677434063807
v -0.0161538500000000 -0.1226126800000000 -0.0161538500000000
vn 0.0024824250197149 0.9999944938688841 -0.0022022256778187
v -0.0161538500000000 -0.1225624000000000 0.0161538500000000
vn 0.0054193065644698 0.9999851796627974 0.0005211248632634
v -0.0161538500000000 -0.1227125700000000 0.0484615400000000
vn 0.0093716735463488 0.9999556688248519 0.0009122061082921
v -0.0161538500000000 -0.1226627200000000 0.0807692300000000
vn 0.0085576538153359 0.9999553874284635 0.0039987140393331
v -0.0161538500000000 -0.1228115400000000 0.1130769300000000
vn 0.0080287193468326 0.9999669332919136 -0.0012930539104838
v -0.0161538500000000 -0.1227621800000000 0.1453846100000000
vn 0.0034246569533540 0.9999936859419967 0.0009485783527347
v -0.0161538500000000 -0.1227621800000000 0.1776923100000000
vn 0.0024237669694828 0.9999949760948733 0.0020428261530298
v -0.0161538500000000 -0.1228607100000000 0.2099999900000000
vn 0.0036063722546511 0.9999910673700885 0.0022043727434285
v -0.0161538500000000 -0.1229097000000000 0.2423076900000000
vn 0.0038548411510788 0.9999663400296060 0.0072428590690725
v -0.0161538500000000 -0.1230553200000000 0.2746153800000000
vn 0.0053811251859316 0.9999416957161857 0.0093620863044806
v -0.0161538500000000 -0.1232939200000000 0.3069230900000000
vn 0.0054477751932644 0.9998688768717486 0.0152496166729374
v -0.0161538500000000 -0.1236179800000000 0.3392307800000000
vn 0.0010382181460525 0.9995710233372482 0.0292692912043943
v -0.0161538500000000 -0.1241187900000000 0.3715384600000000
vn -0.0019071219089409 0.9993571416415568 0.0358003678199249
v -0.0161538500000000 -0.1255364100000000 0.4038461400000000
vn -0.0004302074280628 0.9985303169824966 0.0541942892600648
v -0.0161538500000000 -0.1265572900000000 0.4361538600000000
vn -0.0236683922858518 0.9890080153737281 0.1459553107397022
v -0.0161538500000000 -0.1287435300000000 0.4684615400000000
vn -0.0224917039452172 0.9673135350413054 0.2525839428378892
v -0.0161538500000000 -0.1372733100000000 0.5007692600000000
vn -0.0710716950592633 0.7971956806373464 0.5995230278601158
v -0.0161538500000000 -0.1453846100000000 0.5296914000000000
vn -0.4188164221430999 0.8021204129500503 0.4256708207900716
v -0.0055129500000000 -0.1453846100000000 0.5330769400000001
vn -0.7063909066522808 0.7075851598889367 -0.0183065153406239
v 0.0135917300000000 -0.1453846100000000 0.5653846300000001
vn -0.2321194326810426 -0.8909160157968373 -0.3903706210366253
v -0.0161538500000000 -0.1219418700000000 0.5653846300000001
vn -0.7798664635418071 0.4634425754607577 -0.4207484739046538
v 0.0078501500000000 -0.1453846100000000 0.5976923100000000
vn -0.4900842839066982 -0.8220061959657863 -0.2900400118285689
v -0.0161538500000000 -0.1256442400000000 0.5976923100000000
vn -0.9658855888466461 0.1588044603649717 -0.2045633706863422
v -0.0031512300000000 -0.1453846100000000 0.6300000000000000
vn -0.5505682945191466 -0.7664150215595362 -0.3308815011422879
v -0.0161538500000000 -0.1270715900000000 0.6300000000000000
vn -0.9828265427056834 0.0983055239890587 -0.1561666126495359
v -0.0106659100000000 -0.1453845500000000 0.6623076800000000
vn 0.3663377685849227 -0.8809334000501853 -0.2995880237663712
v -0.0161538500000000 -0.1285253800000000 0.6623076800000000
vn -0.0051102079248945 0.8653246934958896 -0.5011856548238479
v -0.0161538500000000 -0.1453846100000000 0.6926776200000000
vn 0.8502671685840686 -0.4008197764333266 0.3411586857284589
v 0.0066180800000000 -0.1453846100000000 0.7592307900000000
vn 0.7318532871286872 -0.4723057924251475 0.4912412895518747
v -0.0048592700000000 -0.1453846100000000 0.7915384800000000
vn -0.1388095213446420 -0.6402893495459210 0.7554875681585587
v -0.0161538500000000 -0.1453846100000000 0.8039423800000000
vn 0.1671732663287536 -0.6080897485092495 0.7760669795725967
v -0.0161538500000000 -0.1168504700000000 0.8238461600000000
vn 0.1748126176759764 -0.3529682716251127 -0.9191593702548287
v -0.0161538500000000 -0.1130769300000000 -0.8696643100000000
vn 0.7354962636947604 -0.3393434256435576 -0.5864224463333091
v -0.0002420500000000 -0.1130768600000000 -0.8561538500000000
vn -0.0218236627179603 0.4044532717880505 0.9142982438381438
v -0.0161538500000000 -0.1130769300000000 -0.4464383100000000
vn -0.3289596994527201 -0.2472530283986064 -0.9114008207609285
v -0.0161538500000000 -0.1130769300000000 0.5542866000000000
vn 0.6801521144557982 -0.1956748694428558 -0.7064732455442515
v -0.0019004200000000 -0.1130769300000000 0.5653846300000001
vn 0.0241051825517552 0.6012434287532340 -0.7987022471204157
v -0.0161538500000000 -0.0923446900000000 0.5653846300000001
vn 0.8644484852465529 -0.2729630399604480 0.4221611009679729
v 0.0061273300000000 -0.1130769300000000 0.7915384800000000
vn 0.7309802039749236 -0.3595420330974072 0.5799978170932732
v -0.0128085100000000 -0.1130769300000000 0.8238461600000000
vn -0.1656990126249741 -0.4982510893830432 0.8510521071848182
v -0.0161538500000000 -0.1130768600000000 0.8271540400000000
vn -0.1514394153872733 -0.4176933906434910 -0.8958785268550112
v -0.0161538500000000 -0.0534682100000000 -0.8884615300000001
vn -0.0225550702026168 -0.2986211190099434 -0.9541051808314450
v -0.0161538500000000 -0.0807692300000000 -0.8780573600000000
vn 0.7689415513280075 -0.1695186776534518 -0.6164351616901022
v 0.0060316900000000 -0.0807692300000000 -0.8561538500000000
vn 0.0240489570548180 -0.1659755131683099 0.9858365872156966
v -0.0161538500000000 -0.0807692300000000 -0.4437665600000000
vn -0.0227027322519140 -0.2976316239204992 0.9544108142674959
v -0.0161538500000000 -0.0559229800000000 -0.4361538600000000
vn -0.4868022891213060 -0.4387533790529797 -0.7553270839019667
v -0.0161538500000000 -0.0547938800000000 0.5653846300000001
vn -0.3360280186355359 -0.0604835755738992 -0.9399079251595192
v -0.0161538500000000 -0.0807692300000000 0.5772563200000000
vn 0.8535306008678917 -0.2473192516747683 0.4586051691086009
v 0.0147682100000000 -0.0807692300000000 0.7915384800000000
vn 0.7742345551270654 -0.2198288835108036 0.5934948320091664
v 0.0013555600000000 -0.0807692300000000 0.8238461600000000
vn 0.0059254648066997 -0.2715108701771954 0.9624171321430467
v -0.0161538500000000 -0.0807692300000000 0.8397435500000000
vn 0.2146117990950339 -0.3738310134128419 -0.9023259661008988
v -0.0161538500000000 -0.0484615400000000 -0.8910503400000001
vn 0.6960105400918609 -0.2633992348130764 -0.6679746785477139
v -0.0135651000000000 -0.0484615400000000 -0.8884615300000001
vn 0.8071497113156103 -0.1821074537632759 -0.5615569595392644
v 0.0108924300000000 -0.0484615400000000 -0.8561538500000000
vn -0.0208711307934806 -0.2746014472305078 0.9613315978778144
v -0.0161538500000000 -0.0484615400000000 -0.4337030600000000
vn -0.2050646237489621 -0.9757753685930719 0.0762294571261761
v -0.0161538500000000 -0.0279881700000000 0.0484615400000000
vn -0.0644270972910998 -0.9369062844900502 -0.3435924376608023
v -0.0161538500000000 -0.0271337200000000 0.3715384600000000
vn -0.0153688456441732 -0.9730948200903463 -0.2298918652255926
v -0.0161538500000000 -0.0349130700000000 0.4038461400000000
vn 0.0208138937402602 -0.9968940671297476 -0.0759539383368588
v -0.0161538500000000 -0.0414072900000000 0.4361538600000000
vn -0.0088534755644955 -0.9999592028191590 0.0017912754397058
v -0.0161538500000000 -0.0408616300000000 0.4684616600000000
vn -0.0533164780686605 -0.9981404302513637 -0.0295471599984935
v -0.0161538500000000 -0.0414657100000000 0.5007692600000000
vn -0.1787297727755196 -0.9771631873709438 -0.1149250780755410
v -0.0161538500000000 -0.0423589900000000 0.5330768200000000
vn -0.2006815188989823 -0.8428732625450583 -0.4992910887038208
v -0.0161538500000000 -0.0484615400000000 0.5604528800000000
vn 0.7757061389024003 -0.2290650405242351 0.5880554338485112
v 0.0067695500000000 -0.0484615400000000 0.8238461600000000
vn 0.0321876464325932 -0.3008922856524364 0.9531147820970899
v -0.0161538500000000 -0.0484615400000000 0.8460794100000000
vn 0.1956751740080188 -0.4297792656407241 0.8814766072348441
v -0.0161538500000000 -0.0252703300000000 0.8561538500000000
vn 0.0530415782437240 -0.2436454807567630 -0.9684128616887637
v -0.0161538500000000 -0.0161538500000000 -0.9019281300000001
vn 0.7619279848556730 -0.2085767355487722 -0.6131569874686180
v -0.0015399300000000 -0.0161538500000000 -0.8884615300000001
vn -0.0278680170486860 -0.3415093214392587 0.9394651441090676
v -0.0161538500000000 -0.0161538500000000 -0.4260180600000000
vn -0.1770533334775906 -0.2338256568364677 -0.9560217985534994
v -0.0161538500000000 -0.0161538500000000 0.0356917300000000
vn 0.9739958947234532 -0.2175691795508511 0.0632111475250167
v -0.0040987300000000 -0.0161538500000000 0.0484615400000000
vn -0.3366604151119117 0.9310493345570414 0.1407369941329069
v -0.0161538500000000 0.0101125500000000 0.0484615400000000
vn -0.1680969017933209 -0.1968487526858118 0.9659161455186089
v -0.0161538500000000 -0.0161538500000000 0.0587834800000000
vn -0.1849592633657115 -0.0922032655950798 -0.9784112778933083
v -0.0161538500000000 -0.0161538500000000 0.3489435000000000
vn -0.0045088571702963 0.6440435161959238 -0.7649755678797909
v -0.0161538500000000 -0.0027485900000000 0.3715385800000000
vn 0.7587452495261141 -0.1991051267745628 0.6202118950920242
v 0.0159640500000000 -0.0161538500000000 0.8238461600000000
vn 0.6755611793547017 -0.2871618877819548 0.6790840471947405
v -0.0110526500000000 -0.0161538500000000 0.8561538500000000
vn -0.1327569431945259 -0.3811101952087840 0.9149484210279658
v -0.0161538500000000 -0.0161538500000000 0.8610385100000000
vn 0.0344720226037935 -0.1770608256248055 -0.9835960266728744
v -0.0161538500000000 0.0161538500000000 -0.9069569700000000
vn 0.7419787406358550 -0.1626669317361730 -0.6503898967265481
v 0.0049782000000000 0.0161538500000000 -0.8884615300000001
vn 0.0196324297710007 -0.5768314231733703 0.8166272570402429
v -0.0161538500000000 0.0161538500000000 -0.4108074600000000
vn -0.0107429700644335 -0.8085194230827338 0.5883714227358073
v -0.0161538500000000 0.0224433600000000 -0.4038461400000000
vn 0.0111218488959464 -0.7896379621382129 0.6134722432411641
v -0.0161538500000000 0.0376546300000000 -0.3715384600000000
vn 0.0076218540080433 -0.5366082982678402 -0.8437970381386585
v -0.0161538500000000 0.0211165200000000 0.3715384600000000
vn 0.0151789608669795 -0.2930953928399841 -0.9559627031652302
v -0.0161538500000000 0.0161538500000000 0.3775807600000000
vn 0.0116019888305468 0.9588971896529903 0.2835164431400286
v -0.0161538500000000 0.0420397800000000 0.4684615400000000
vn -0.0030918141110416 0.9749996740912711 0.2221847794233842
v -0.0161538500000000 0.0339141800000000 0.5007692600000000
vn -0.0094608040586515 0.9997629282955461 0.0196107213655788
v -0.0161538500000000 0.0279285800000000 0.5330769400000001
vn 0.0063941301976992 0.9875885561985832 -0.1569329753895361
v -0.0161538500000000 0.0310193000000000 0.5653846300000001
vn 0.0126829716777598 0.9956689769275566 -0.0921001119079335
v -0.0161538500000000 0.0365997900000000 0.5976923100000000
vn 0.0010952637715767 0.9999832904175823 -0.0056762032113001
v -0.0161538500000000 0.0373392600000000 0.6300000000000000
vn -0.0034800028661650 0.8990269041770645 -0.4378795669426179
v -0.0161538500000000 0.0370053900000000 0.6623076800000000
vn 0.7495825381633595 -0.1710004041391307 0.6394410686410669
v 0.0025300800000000 0.0161538500000000 0.8561538500000000
vn 0.0194994330106706 -0.2239585335105527 0.9744035854716796
v -0.0161538500000000 0.0161538500000000 0.8714575800000000
vn 0.2930256238829846 -0.4489779262921212 -0.8441296141294974
v -0.0161538500000000 0.0588139200000000 -0.9207692100000000
vn -0.3676796127127563 -0.3413685694182517 -0.8650313301891057
v -0.0161538500000000 0.0484615400000000 -0.9146369700000000
vn 0.6945691306808034 -0.2266490981105122 -0.6827912631478266
v 0.0119936200000000 0.0484615400000000 -0.8884615300000001
vn 0.0051909570565306 0.9998450132671954 0.0168227051795829
v -0.0161538500000000 0.0804778800000000 -0.7269230500000000
vn 0.0899106029145928 0.9802810166218375 0.1759693494174232
v -0.0161538500000000 0.0782942400000000 -0.6300000000000000
vn 0.0633781525627688 0.9771709089840499 0.2027812230287016
v -0.0161538500000000 0.0668364900000000 -0.5976923100000000
vn 0.0334399340199144 0.9966872088758340 0.0741375645408127
v -0.0161538500000000 0.0613846600000000 -0.5653846300000001
vn 0.0147022156487043 0.9997651828842496 -0.0159192948161087
v -0.0161538500000000 0.0621301700000000 -0.5330769400000001
vn 0.0031957710177243 0.9999062643959641 0.0133135070252168
v -0.0161538500000000 0.0623751800000000 -0.5007692000000000
vn 0.0001719495051600 0.9986575128276638 0.0517990589319174
v -0.0161538500000000 0.0612995000000000 -0.4684615400000000
vn -0.0013925164233876 0.9980297967180276 0.0627262764795042
v -0.0161538500000000 0.0591406400000000 -0.4361538600000000
vn -0.0000041907723766 0.9986518345356656 0.0519087021701281
v -0.0161538500000000 0.0573261200000000 -0.4038461400000000
vn 0.0005837064040091 0.9359501384700406 0.3521320740641865
v -0.0161538500000000 0.0558872400000000 -0.3715384600000000
vn -0.0002879353018311 0.0939029082663206 0.9955813180812449
v -0.0161538500000000 0.0484615400000000 -0.3622591200000000
vn -0.0746692466177466 -0.9903412922352332 -0.1168273448443748
v -0.0161538500000000 0.0574309900000000 0.0161538500000000
vn 0.0717556173307011 -0.9896424657131974 0.1243339110564486
v -0.0161538500000000 0.0789728200000000 0.0484615400000000
vn 0.2472130591245510 -0.9661026939277845 -0.0743726306093769
v -0.0161538500000000 0.0623076400000000 0.0807692300000000
vn 0.0031339158344770 0.3159518309860235 -0.9487700559503981
v -0.0161538500000000 0.0484615400000000 0.3643293100000000
vn 0.0023656011161503 0.9586011812899394 -0.2847423030757670
v -0.0161538500000000 0.0540893600000000 0.3715384600000000
vn 0.0008213528959651 0.9973032666209272 0.0733861006366180
v -0.0161538500000000 0.0510823200000000 0.4038461400000000
vn -0.0002997349007250 0.9978768561977415 0.0651282582593880
v -0.0161538500000000 0.0494286300000000 0.4361538600000000
vn 0.0132152658978935 0.9801224907263502 0.1979526709080327
v -0.0161538500000000 0.0484615400000000 0.4484245200000000
vn 0.0030620977806648 0.4229922061220693 -0.9061281460793316
v -0.0161538500000000 0.0484615400000000 0.6706381400000000
vn 0.7244562099681536 -0.1750432013611300 0.6667256388469138
v 0.0072893900000000 0.0484615400000000 0.8561538500000000
vn -0.1287600220824331 -0.2423454503784174 0.9616077887549649
v -0.0161538500000000 0.0484615400000000 0.8759973599999999
vn 0.0185848422401257 -0.4424155243889314 -0.8966175926327660
v -0.0161538500000000 0.0807692300000000 -0.9328655000000000
vn 0.6924153573362057 -0.3576402229968498 -0.6266214517711137
v -0.0040000100000000 0.0807692300000000 -0.9207692100000000
vn -0.0203586512092648 0.6062425044578404 0.7950192143021606
v -0.0161538500000000 0.1007870200000000 -0.7915384800000000
vn 0.0163209555148597 0.9626891303259629 0.2701171315620746
v 0.0145027500000000 0.0807692300000000 -0.7592307900000000
vn -0.0188426238587951 0.9415570915261844 0.3363260306947238
v -0.0161538500000000 0.0812081000000000 -0.7592307900000000
vn -0.0033201753371083 0.9997374258601872 0.0226727980226922
v -0.0161538500000000 0.0807692300000000 -0.7396797500000000
vn -0.0127374882566452 0.9997450471662738 -0.0186439550368730
v -0.0161538500000000 0.0807692300000000 -0.7114825200000000
vn 0.1017501919626314 0.9947699060977535 -0.0089292977234704
v -0.0129470400000000 0.0807692300000000 -0.6946153600000000
vn 0.0280421770872377 0.9995975668691252 -0.0042825942526364
v -0.0161538500000000 0.0810832500000000 -0.6946153600000000
vn 0.1437417245835093 0.9887118979847358 0.0422740984194811
v -0.0148844300000000 0.0807692300000000 -0.6623076800000000
vn -0.0003575920027803 0.9997587580979768 0.0219612780673273
v -0.0161538500000000 0.0809223000000000 -0.6623076800000000
vn 0.0657622904893848 0.9953891066006900 0.0698272698182435
v -0.0161538500000000 0.0807692300000000 -0.6591242600000000
vn 0.0790148192463805 -0.1626142163499761 -0.9835208564033328
v -0.0161538500000000 0.0807692300000000 0.0065332900000000
vn 0.8000630151409122 -0.5903928056017330 -0.1064683375344371
v 0.0127317300000000 0.0807692300000000 0.0161538500000000
vn 0.8829929513335933 -0.2758436010270404 0.3797811944628454
v -0.0135057000000000 0.0807691100000000 0.0484615400000000
vn 0.0699270955639440 0.8074709180922927 0.5857481692170970
v -0.0161538500000000 0.0854255200000000 0.0484615400000000
vn 0.9964763149853636 0.0829240658559447 -0.0125917820466101
v -0.0045449900000000 0.0807692300000000 0.0807692300000000
vn -0.1338171178783855 0.9896566073651752 -0.0516989212766916
v -0.0161538500000000 0.1028991800000000 0.0807692300000000
vn 0.1667030015239701 -0.0904471011511785 0.9818500044183164
v -0.0161538500000000 0.0807692300000000 0.1098221700000000
vn 0.0025695373222261 0.1210664903253734 -0.9926410743054338
v -0.0161538500000000 0.0807692300000000 0.6783566500000000
vn 0.6877883625306005 -0.2520692293351549 0.6807409727567868
v 0.0155440300000000 0.0807692300000000 0.8561538500000000
vn 0.0354233243690723 -0.4878569450944508 0.8722045569783234
v -0.0161538500000000 0.0807692300000000 0.8871247200000000
vn 0.2700128520023728 -0.5213138880989695 0.8095213955348430
v -0.0161538500000000 0.0827901900000000 0.8884616500000000
vn 0.1686035256426723 0.0770280034014170 -0.9826695974908617
v -0.0161538500000000 0.1130769300000000 -0.9446319900000000
vn 0.8634936232172514 0.0757034607883222 -0.4986459151420117
v 0.0158149200000000 0.1130769300000000 -0.9207692100000000
vn 0.1066927022380947 0.9926032239200425 0.0579267395308200
v -0.0161538500000000 0.1405363200000000 -0.8884615300000001
vn -0.0090302624260656 0.9946484378033723 0.1029220070530465
v -0.0161538500000000 0.1353101600000000 -0.8561538500000000
vn -0.0088347593169288 0.9385878031875178 0.3449273586357588
v -0.0161538500000000 0.1335087000000000 -0.8238461600000000
vn 0.0035011792836389 0.6198524576798857 0.7847105660380961
v -0.0161538500000000 0.1130769300000000 -0.7970625800000000
vn 0.1669160844048366 -0.9168111506599524 -0.3627620911734462
v -0.0161538500000000 0.1430564100000000 -0.1453846100000000
vn -0.0315160192972338 0.0090159777948595 -0.9994625819269368
v -0.0161538500000000 0.1130769300000000 0.0059880600000000
vn 0.9804891381857314 -0.1904281599721989 -0.0487664412214432
v 0.0128510300000000 0.1130769300000000 0.0161538500000000
vn -0.1203782511025827 -0.1239293189240073 0.9849622330691239
v -0.0161538500000000 0.1130769300000000 0.0459960400000000
vn 0.0832041876158382 -0.8849531813853941 0.4581865667160687
v -0.0161538500000000 0.1169141300000000 0.0484615400000000
vn -0.0701220527601791 -0.9966451294747963 0.0422064403955711
v -0.0161538500000000 0.1150148100000000 0.0807692300000000
vn 0.2255165199050011 -0.8130329009815701 0.5367679211460292
v -0.0161538500000000 0.1153634700000000 0.1130770400000000
vn -0.0010265069587723 -0.0084881068840610 -0.9999634484944879
v -0.0161538500000000 0.1130769300000000 0.6785137700000000
vn 0.5330312060071125 -0.4569310915943558 0.7121037220496701
v 0.0106773700000000 0.1130769300000000 0.8884615300000001
vn -0.0529460900035292 -0.3427044886565879 0.9379500759677802
v -0.0161538500000000 0.1130769300000000 0.9012000600000000
vn -0.0905093859315611 0.7092470908083527 -0.6991256076258255
v -0.0161538500000000 0.1453846100000000 -0.9249650200000000
vn 0.0123791591873191 0.9961679188809097 -0.0865807935415955
v -0.0161538500000000 0.1468312600000000 -0.9207692100000000
vn 0.1890520210425463 0.9031299003599603 0.3855070899679239
v -0.0161538500000000 0.1453846100000000 -0.9139913900000000
vn 0.1498244611299552 0.2970595165689837 -0.9430314281416713
v -0.0161538500000000 0.1453846100000000 -0.1471808400000000
vn 0.8412514790852852 0.1068563113019284 -0.5299789407813912
v -0.0114462900000000 0.1453846100000000 -0.1453846100000000
vn 0.1657203634943023 0.9706286333410977 -0.1744041778791703
v -0.0161538500000000 0.1471381300000000 -0.1453846100000000
vn 0.4984580167524889 -0.4896900821153582 0.7153623061169978
v -0.0161538500000000 0.1453846100000000 -0.1396182000000000
vn -0.0285384864440955 0.4312999468144088 -0.9017571239914705
v -0.0161538500000000 0.1453846100000000 0.0079757400000000
vn 0.5710701565553533 0.4328944179231180 -0.6974821139089153
v 0.0135442800000000 0.1453846100000000 0.0161538500000000
vn 0.0906236758734045 0.9345541361280415 -0.3440870762135109
v -0.0161538500000000 0.1552427900000000 0.0161538500000000
vn 0.9684327619404690 0.2058751399618442 0.1405468332835919
v 0.0117164400000000 0.1453846100000000 0.0484615400000000
vn 0.0210821637404778 0.9997375629872099 0.0089636780628284
v -0.0161538500000000 0.1555481900000000 0.0484615400000000
vn 0.9691494356278633 0.2463131741803576 0.0088989688948187
v 0.0125641200000000 0.1453846100000000 0.0807692300000000
vn -0.0364999657551516 0.9989814809674343 0.0265283468008133
v -0.0161538500000000 0.1541624200000000 0.0807692300000000
vn 0.6307647507841954 0.5831922703690174 0.5118814364186132
v 0.0123049300000000 0.1453846100000000 0.1130769300000000
vn -0.0535796901476883 0.9636223160300772 0.2618420303398747
v -0.0161538500000000 0.1532572100000000 0.1130769300000000
vn 0.0070455283265782 0.3061516499985686 0.9519566837486637
v -0.0161538500000000 0.1453846100000000 0.1239252400000000
vn 0.0027061746168201 0.2830918947285714 -0.9590889717632721
v -0.0161538500000000 0.1453846100000000 0.6778239000000000
vn -0.0028409496870515 0.8595828891399423 -0.5109884398914570
v -0.0161538500000000 0.1699851200000000 0.6946153600000000
vn 0.0045215289052580 0.9940085038270055 -0.1092092033482390
v -0.0161538500000000 0.1727003000000000 0.7269230500000000
vn -0.0117536593659376 0.9918934897359279 -0.1265272955175762
v -0.0161538500000000 0.1767009300000000 0.7592307900000000
vn 0.0160891306469401 -0.4138907441432571 0.9101843724144941
v -0.0161538500000000 0.1453846100000000 0.9083050499999999
vn 0.0664904206377057 -0.5567747090564651 0.8279981565912509
v -0.0161538500000000 0.1680903600000000 0.9207692100000000
vn -0.0650194729468863 0.9902450670956791 -0.1232362577749876
v -0.0015966300000000 0.1776923100000000 0.7592307900000000
vn 0.0047356041897754 0.9948185564135005 -0.1015559642183405
v -0.0161538500000000 0.1776923100000000 0.7685560600000000
vn -0.0334984114960953 0.9935510243785098 -0.1083245973159006
v -0.0161538500000000 0.1799354700000000 0.7915384800000000
vn -0.0128616329071777 0.9956378039020963 -0.0924118057391569
v -0.0161538500000000 0.1837602300000000 0.8238461600000000
vn -0.0067874093071392 0.9989982162368068 -0.0442322849350528
v -0.0161538500000000 0.1866626300000000 0.8561538500000000
vn 0.0056452734151628 0.9987780716495044 0.0490967868619250
v -0.0161538500000000 0.1871777900000000 0.8884615300000001
vn 0.0241698557070899 0.9081015224875280 0.4180519619986640
v -0.0161538500000000 0.1844729500000000 0.9207692100000000
vn 0.0367687589826987 0.0822316723524237 0.9959347420514036
v -0.0161538500000000 0.1776923100000000 0.9275835200000000
vn 0.5359941487994343 -0.8281141594545984 -0.1641255963083570
v 0.0161538500000000 -0.1865301400000000 -0.7269230500000000
vn 0.4824900926732173 -0.8731303937376403 -0.0696177132901045
v 0.0161538500000000 -0.1906395900000000 -0.6946153600000000
vn 0.4169563793123096 -0.9080626396171272 -0.0396184336180121
v 0.0161538500000000 -0.1919573100000000 -0.6623076800000000
vn 0.3677775988514700 -0.9294901292635306 -0.0280666596643119
v 0.0161538500000000 -0.1928264900000000 -0.6300000000000000
vn 0.3426703868390864 -0.9391150884958135 -0.0252953858055414
v 0.0161538500000000 -0.1932711000000000 -0.5976923100000000
vn 0.2777607860149707 -0.9600154202487092 -0.0349190297264955
v 0.0161538500000000 -0.1931071300000000 -0.5653846300000001
vn 0.2256067891438122 -0.9737093158782495 -0.0314919809496141
v 0.0161538500000000 -0.1936390400000000 -0.5330769400000001
vn 0.1952878742711656 -0.9804005154364651 -0.0260283594289571
v 0.0161538500000000 -0.1942097200000000 -0.5007692600000000
vn 0.1796473742332474 -0.9834415428023708 -0.0238653058139228
v 0.0161538500000000 -0.1948658100000000 -0.4684615400000000
vn 0.1715717054456866 -0.9849299525478259 -0.0218205972557146
v 0.0161538500000000 -0.1953951400000000 -0.4361538600000000
vn 0.1701991056768296 -0.9851567777910438 -0.0223245962824694
v 0.0161538500000000 -0.1960229000000000 -0.4038461400000000
vn 0.1763448790737025 -0.9841131359257148 -0.0205868725875774
v 0.0161538500000000 -0.1968022300000000 -0.3715384600000000
vn 0.1883835421418485 -0.9819511029848842 -0.0168425769067414
v 0.0161538500000000 -0.1974599200000000 -0.3392307800000000
vn 0.1977667566982526 -0.9801516215924035 -0.0138242046728240
v 0.0161538500000000 -0.1979241800000000 -0.3069230900000000
vn 0.2028066059147320 -0.9791434590933282 -0.0121477204486499
v 0.0161538500000000 -0.1983279900000000 -0.2746153800000000
vn 0.2056478862332173 -0.9785739287796235 -0.0101001386437102
v 0.0161538500000000 -0.1987054800000000 -0.2423076900000000
vn 0.2073671216000106 -0.9782183880860620 -0.0093628035135276
v 0.0161538500000000 -0.1990073000000000 -0.2099999300000000
vn 0.2064667861616912 -0.9784187202418775 -0.0082628138251534
v 0.0161538500000000 -0.1993671200000000 -0.1776923700000000
vn 0.2052301377704414 -0.9786646403067413 -0.0098036913457234
v 0.0161538500000000 -0.1996029500000000 -0.1453846100000000
vn 0.2053248292717645 -0.9785820092474916 -0.0147974883565735
v 0.0161538500000000 -0.2000980800000000 -0.1130769300000000
vn 0.2039839624049236 -0.9788813506510354 -0.0134849704927947
v 0.0161538500000000 -0.2008067400000000 -0.0807692300000000
vn 0.2000652755400605 -0.9797758538524880 0.0036279099641046
v 0.0161538500000000 -0.2012587900000000 -0.0484615400000000
vn 0.1963264855826389 -0.9804366797917397 0.0141360524093453
v 0.0161538500000000 -0.2006307400000000 -0.0161538500000000
vn 0.1862331407913989 -0.9823691866422269 0.0163706568854314
v 0.0161538500000000 -0.1999419900000000 0.0161538500000000
vn 0.1802432412338779 -0.9835763883917296 0.0094795668565417
v 0.0161538500000000 -0.1995218500000000 0.0484615400000000
vn 0.1823428044964856 -0.9832349577226978 -0.0003457750729716
v 0.0161538500000000 -0.1993743900000000 0.0807692300000000
vn 0.1913895652292862 -0.9814558049495501 -0.0107022078177952
v 0.0161538500000000 -0.1995665300000000 0.1130769300000000
vn 0.2017592782035141 -0.9793496451821666 -0.0129408709274694
v 0.0161538500000000 -0.2000426200000000 0.1453846100000000
vn 0.2114238344837346 -0.9773245181411722 -0.0116939493893195
v 0.0161538500000000 -0.2003795100000000 0.1776923100000000
vn 0.2298401933782187 -0.9731433168909359 -0.0128674122639483
v 0.0161538500000000 -0.2007278500000000 0.2099999900000000
vn 0.2281055949037208 -0.9735635041123795 -0.0119139008743716
v 0.0161538500000000 -0.2011218100000000 0.2423078100000000
vn 0.2377191798850125 -0.9712799485236874 -0.0102397807896651
v 0.0161538500000000 -0.2015295600000000 0.2746153800000000
vn 0.2513753701189685 -0.9678415353968288 -0.0096532718940446
v 0.0161538500000000 -0.2018660800000000 0.3069230900000000
vn 0.2711017570293562 -0.9625020877891891 -0.0096730727821151
v 0.0161538500000000 -0.2022043200000000 0.3392307800000000
vn 0.2948096983584821 -0.9555363689591168 -0.0061228547432925
v 0.0161538500000000 -0.2025322800000000 0.3715384600000000
vn 0.3185878200095671 -0.9478807297712368 -0.0048911215379635
v 0.0161538500000000 -0.2026790500000000 0.4038461400000000
vn 0.3417585124920290 -0.9397724616580694 0.0053702372729776
v 0.0161538500000000 -0.2030089200000000 0.4361538600000000
vn 0.3791461903534552 -0.9245951494988834 0.0370401925426812
v 0.0161538500000000 -0.2022242800000000 0.4684615400000000
vn 0.4638471741550673 -0.8824080350255282 0.0787518809346472
v 0.0161538500000000 -0.1993282300000000 0.5007692600000000
vn 0.5854743419191154 -0.8052590930239441 0.0936887829819215
v 0.0161538500000000 -0.1943055400000000 0.5330768200000000
vn 0.7180812295429695 -0.6959241457925772 -0.0069950754769906
v 0.0161538500000000 -0.1919398200000000 0.5653846300000001
vn 0.7131615352921147 -0.6942036845572970 0.0973748885846184
v 0.0161538500000000 -0.1956638800000000 0.5976923100000000
vn 0.7590845036512731 -0.6385259792382976 0.1267883675826518
v 0.0161538500000000 -0.1932338800000000 0.6300000000000000
vn 0.7429839904105782 -0.6241181665623551 0.2417670452324270
v 0.0161538500000000 -0.1816679100000000 0.6623076800000000
vn 0.7655818816499508 -0.4945448696721100 -0.4114726653987072
v 0.0161538500000000 -0.1489221500000000 -0.7915384800000000
vn 0.7802521242083740 -0.5360282955981402 -0.3223046524431084
v 0.0161538500000000 -0.1754571500000000 -0.7592307900000000
vn 0.7482231365069054 -0.6137102075228308 -0.2520355514169634
v 0.0161538500000000 -0.1776923100000000 -0.7542429600000000
vn 0.7851048740059002 -0.5905085130159647 -0.1868422673483001
v 0.0250319800000000 -0.1776922500000000 -0.7269230500000000
vn 0.7133518230962951 -0.6833189010979716 -0.1555778129665429
v 0.0305577500000000 -0.1776923100000000 -0.6946153600000000
vn 0.6110329554356939 -0.7867193605361610 -0.0878144357671046
v 0.0362865000000000 -0.1776923100000000 -0.6623076800000000
vn 0.5868488533375439 -0.8055342631946609 -0.0819937446141151
v 0.0413217600000000 -0.1776923100000000 -0.6300000000000000
vn 0.5961450180138749 -0.7988200871422160 -0.0806076043270059
v 0.0465971000000000 -0.1776923100000000 -0.5976923100000000
vn 0.6618764936275997 -0.7232998453571327 0.1968675719603966
v 0.0338993900000000 -0.1776923100000000 0.5976923100000000
vn 0.7088660952975840 -0.6803920746857101 0.1859448403221555
v 0.0284085000000000 -0.1776923700000000 0.6299998800000000
vn 0.7007841424901933 -0.6755193173320950 0.2292929077522125
v 0.0200414600000000 -0.1776923100000000 0.6623076800000000
vn 0.7158814191070628 -0.6459567339314746 0.2650541296902201
v 0.0161539700000000 -0.1776923100000000 0.6721013800000000
vn 0.7230173361938552 -0.6139193081356481 0.3167791259874755
v 0.0161538500000000 -0.1686171100000000 0.6946153600000000
vn 0.7679590098164456 -0.5648591344369580 0.3019488656790665
v 0.0161538500000000 -0.1509620200000000 0.7269230500000000
vn 0.7628972397413181 -0.4318947135457407 -0.4810974516730687
v 0.0161538500000000 -0.1183037000000000 -0.8238461600000000
vn 0.7745425187342776 -0.4695614510828868 -0.4237876004907351
v 0.0161538500000000 -0.1453846100000000 -0.7959004600000000
vn 0.7857927642211722 -0.4664883050379492 -0.4061014564865171
v 0.0189336200000000 -0.1453846100000000 -0.7915384800000000
vn 0.8528809868973117 -0.4309929669493802 -0.2946847207257922
v 0.0321456300000000 -0.1453846800000000 -0.7592307900000000
vn 0.7945243159760305 -0.5218525038469162 -0.3104852259794742
v 0.0416180400000000 -0.1453846100000000 -0.7269230500000000
vn -0.0420472430557296 0.9333405717667105 0.3565212566532358
v 0.0161538500000000 -0.1187390600000000 -0.4361538600000000
vn -0.0382430696572507 0.9992587084184872 0.0044160245705405
v 0.0161538500000000 -0.1186356600000000 -0.4038461400000000
vn -0.0415349874748100 0.9991136714087391 0.0068349410836998
v 0.0161538500000000 -0.1189096900000000 -0.3715384600000000
vn -0.0423783342798811 0.9990827360663554 0.0061451833030264
v 0.0161538500000000 -0.1191448400000000 -0.3392307800000000
vn -0.0427171725638920 0.9990756050091414 0.0048144203975793
v 0.0161538500000000 -0.1193431500000000 -0.3069230900000000
vn -0.0444421048657855 0.9989938053815725 0.0060229664073290
v 0.0161538500000000 -0.1195061400000000 -0.2746153800000000
vn -0.0455333810484470 0.9989539949467613 0.0041984747472270
v 0.0161538500000000 -0.1198595400000000 -0.2423076900000000
vn -0.0461156380580457 0.9989353269377146 0.0012492086857204
v 0.0161538500000000 -0.1199204200000000 -0.2099999900000000
vn -0.0461535836730916 0.9989318142220683 0.0022532752024664
v 0.0161538500000000 -0.1200795900000000 -0.1776923100000000
vn -0.0454716460375797 0.9989625718173876 0.0024717432358595
v 0.0161538500000000 -0.1201727000000000 -0.1453846100000000
vn -0.0468794351515750 0.9988804759069497 0.0063335149620999
v 0.0161538500000000 -0.1202344400000000 -0.1130769300000000
vn -0.0479520864903214 0.9988010781532803 0.0098490446780136
v 0.0161538500000000 -0.1205685600000000 -0.0807692300000000
vn -0.0461430268932175 0.9988963867853569 0.0087652459344075
v 0.0161538500000000 -0.1208213900000000 -0.0484615400000000
vn -0.0433087114578514 0.9990616965634381 -0.0002863069073316
v 0.0161538500000000 -0.1211834800000000 -0.0161538500000000
vn -0.0445478391290206 0.9989812466668296 -0.0072082478399164
v 0.0161538500000000 -0.1208227500000000 0.0161538500000000
vn -0.0496995679838478 0.9987640456550246 0.0005779697453396
v 0.0161538500000000 -0.1206073200000000 0.0484615400000000
vn -0.0491210452872748 0.9987886380672666 0.0028947154644247
v 0.0161538500000000 -0.1207383300000000 0.0807692300000000
vn -0.0484998300553976 0.9988125849422425 0.0046028953489443
v 0.0161538500000000 -0.1208160400000000 0.1130769300000000
vn -0.0451640488977940 0.9989792696871230 0.0007921000821801
v 0.0161538500000000 -0.1210626400000000 0.1453846100000000
vn -0.0406859548426338 0.9991687613261375 -0.0025376107926910
v 0.0161538500000000 -0.1208227500000000 0.1776923100000000
vn -0.0409571222008832 0.9991593404198607 0.0017682173991962
v 0.0161538500000000 -0.1207539800000000 0.2099999900000000
vn -0.0401373984402651 0.9991919020303748 0.0021288878245841
v 0.0161538500000000 -0.1208371100000000 0.2423076900000000
vn -0.0405251045903131 0.9991408302990583 0.0086785440744562
v 0.0161538500000000 -0.1209055100000000 0.2746153800000000
vn -0.0369140283364154 0.9992336946191138 0.0130145322549109
v 0.0161538500000000 -0.1213527600000000 0.3069230900000000
vn -0.0321003186284105 0.9993083533558689 0.0187719060602900
v 0.0161538500000000 -0.1217355600000000 0.3392307800000000
vn -0.0266112415272063 0.9993057138723496 0.0260755066384983
v 0.0161538500000000 -0.1225451500000000 0.3715384600000000
vn -0.0273627792076985 0.9990407654010053 0.0341881175411017
v 0.0161538500000000 -0.1234763800000000 0.4038461400000000
vn -0.0306074371591915 0.9980213160689847 0.0549239243178947
v 0.0161538500000000 -0.1245192100000000 0.4361538600000000
vn -0.0470464222275150 0.9945445963829737 0.0931003757297379
v 0.0161538500000000 -0.1272560400000000 0.4684615400000000
vn -0.1519501158558183 0.9743938751270111 0.1657339386075461
v 0.0161538500000000 -0.1317890700000000 0.5007692600000000
vn -0.2799612947487398 0.9409034562861210 0.1905842579843380
v 0.0161538500000000 -0.1396743500000000 0.5330769400000001
vn -0.3308280902972362 0.9147306969186425 -0.2319925145021243
v 0.0161538500000000 -0.1404604000000000 0.5653846300000001
vn 0.7992724724219524 -0.4758587659351755 0.3670448878695237
v 0.0347816900000000 -0.1453846100000000 0.6946153600000000
vn 0.8014856740532322 -0.4629349366569256 0.3785656597076448
v 0.0208370000000000 -0.1453846100000000 0.7269230500000000
vn 0.8153354532215413 -0.4597581849529477 0.3519240118104969
v 0.0161538500000000 -0.1453846100000000 0.7362335300000000
vn 0.8362436570473747 -0.3793859037995601 0.3959329261961219
v 0.0161538500000000 -0.1214992400000000 0.7592307900000000
vn 0.8080922324013096 -0.2588875263026493 -0.5291164263728380
v 0.0161538500000000 -0.1130769300000000 -0.8282343700000000
vn 0.8008889984277360 -0.3616518050971539 -0.4772680421601554
v 0.0195224800000000 -0.1130769300000000 -0.8238461600000000
vn 0.8906694654001475 -0.2629215352837476 -0.3709180093873209
v 0.0331291100000000 -0.1130769300000000 -0.7915384800000000
vn 0.8170695758485582 -0.3912635396081489 -0.4234502931820448
v 0.0479248100000000 -0.1130769300000000 -0.7592307900000000
vn -0.0310913081209153 0.4048994964789046 0.9138324399530036
v 0.0161538500000000 -0.1130769300000000 -0.4419049600000000
vn 0.3434199169524206 -0.3342710116616875 -0.8776819762323165
v 0.0161538500000000 -0.1130769300000000 0.5872103000000000
vn 0.6651838705997302 0.2495900949817771 -0.7037294954603999
v 0.0194866100000000 -0.1130769300000000 0.5976923100000000
vn 0.8461747825932824 -0.3188665618709802 0.4269805066086644
v 0.0350215200000000 -0.1130769300000000 0.7269230500000000
vn 0.8566130740597765 -0.3115554069072696 0.4112751752497414
v 0.0203333000000000 -0.1130769300000000 0.7592309100000000
vn 0.8586391363187855 -0.3297003360569421 0.3924748679669433
v 0.0161538500000000 -0.1130769300000000 0.7672126900000000
vn 0.8422937311924500 -0.1435136587090206 -0.5195624121872670
v 0.0161538500000000 -0.0807692300000000 -0.8397185800000000
vn 0.8833299203840235 -0.1349740267084546 -0.4488989461654596
v 0.0260784400000000 -0.0807692300000000 -0.8238461600000000
vn 0.8878030100517326 -0.1567531914623238 -0.4327057340843304
v 0.0369975000000000 -0.0807692300000000 -0.7915384800000000
vn 0.0234330872474776 -0.1476794952175307 0.9887576331509900
v 0.0161538500000000 -0.0807692300000000 -0.4419784200000000
vn 0.1361129254415032 -0.3471369934173964 0.9278842488850030
v 0.0161538500000000 -0.0599303800000000 -0.4361538600000000
vn -0.0875578286056660 -0.5125339054489129 -0.8541912095164325
v 0.0161538500000000 -0.0518744100000000 0.5653846300000001
vn -0.1322558326929994 -0.3827473679733109 -0.9143373814015175
v 0.0161538500000000 -0.0807692300000000 0.5773730900000000
vn 0.7934650466674079 -0.2666042486614580 0.5471155219080770
v 0.0443206600000000 -0.0807692300000000 0.7269230500000000
vn 0.8996574484366753 -0.2075884732680431 0.3840878821814793
v 0.0283354100000000 -0.0807692300000000 0.7592307900000000
vn 0.8715284829997287 -0.2454692744289753 0.4244796092057943
v 0.0161538500000000 -0.0807692300000000 0.7892161600000001
vn 0.8608813395339228 -0.2383483134800892 0.4495257508791638
v 0.0161538500000000 -0.0764964800000000 0.7915386000000000
vn 0.7988443070770882 -0.1931499521470521 -0.5696848857360693
v 0.0161538500000000 -0.0270092500000000 -0.8561538500000000
vn 0.8291623129643719 -0.1748401949256565 -0.5309621125823685
v 0.0161538500000000 -0.0484615400000000 -0.8487666800000000
vn 0.9039786537726778 -0.1185581048284882 -0.4108120851469859
v 0.0290035200000000 -0.0484614800000000 -0.8238461600000000
vn 0.8627493834343920 -0.1549081577635511 -0.4813179448575328
v 0.0415867400000000 -0.0484615400000000 -0.7915384800000000
vn 0.2623301472660574 -0.2959796565062107 0.9184655337952722
v 0.0361663400000000 -0.0484615400000000 -0.4361538600000000
vn 0.0886645703936570 -0.2688856579188277 0.9590824244675049
v 0.0161538500000000 -0.0484615400000000 -0.4324567000000000
vn 0.0898562122235055 -0.9290365084680388 -0.3589108901362008
v 0.0161538500000000 -0.0247591800000000 0.3715384600000000
vn 0.0117595252868443 -0.9804793565093164 -0.1962700818364963
v 0.0161538500000000 -0.0343571200000000 0.4038461400000000
vn 0.0244472045414639 -0.9980670306601450 -0.0571361225438767
v 0.0161538500000000 -0.0383653900000000 0.4361538600000000
vn 0.0222136731463660 -0.9992803077478020 -0.0307476710143195
v 0.0161538500000000 -0.0370587500000000 0.4684615400000000
vn -0.0312994765421913 -0.9962238756944083 -0.0809835308232309
v 0.0161538500000000 -0.0390300400000000 0.5007692600000000
vn -0.0462267677875007 -0.9886633358002750 -0.1428562017701478
v 0.0161538500000000 -0.0421037500000000 0.5330769400000001
vn -0.2140350970485894 -0.8557268000979309 -0.4710845155867009
v 0.0161538500000000 -0.0484615400000000 0.5625867200000000
vn 0.8490882542334938 -0.2950182754471509 0.4381932834662201
v 0.0349131900000000 -0.0484615400000000 0.7592307900000000
vn 0.8850415474551268 -0.2381312968695553 0.3999936808619085
v 0.0234947600000000 -0.0484615400000000 0.7915384800000000
vn 0.8495846138279530 -0.2438348977345409 0.4677077362986356
v 0.0161538500000000 -0.0484615400000000 0.8049939900000000
vn 0.7961245377298719 -0.1975994729698558 -0.5719616846489221
v 0.0161538500000000 -0.0161538500000000 -0.8595292600000000
vn 0.8312818890884786 -0.1905291940689909 -0.5221772180791799
v 0.0190490900000000 -0.0161538500000000 -0.8561538500000000
vn 0.8978547075990138 -0.1789319844053663 -0.4022937595825313
v 0.0329626100000000 -0.0161538500000000 -0.8238461600000000
vn 0.0475273965524605 -0.3955810589734953 0.9172005082632440
v 0.0161538500000000 -0.0161538500000000 -0.4234426300000000
vn 0.3178369715587097 -0.0411308255315866 -0.9472528251219301
v 0.0161538500000000 -0.0161538500000000 0.3473475000000000
vn 0.1062488133027229 0.6265883525303345 -0.7720739771194753
v 0.0161538500000000 -0.0065123400000000 0.3715384600000000
vn 0.8696893945211324 -0.1999599542494874 0.4512830306515069
v 0.0328178000000000 -0.0161538500000000 0.7915384800000000
vn 0.8242632168548827 -0.2098445438690990 0.5258853646455762
v 0.0161538500000000 -0.0161538500000000 0.8236396900000000
vn 0.8106837134595278 -0.1535499046123029 0.5649905694124664
v 0.0161538500000000 -0.0153215800000000 0.8238461600000000
vn 0.7904390870906803 -0.2038442621514332 -0.5776275325737077
v 0.0161538500000000 0.0161538500000000 -0.8727365700000000
vn 0.8490458552118795 -0.2060632375465143 -0.4864761842879639
v 0.0276262700000000 0.0161538500000000 -0.8561538500000000
vn 0.8421884287595189 -0.2651338686815851 -0.4694919404436126
v 0.0411864400000000 0.0161538500000000 -0.8238461600000000
vn -0.0672296872170015 -0.5508086888148179 0.8319194417026237
v 0.0161538500000000 0.0161538500000000 -0.4068260800000000
vn -0.0489138481974077 -0.7683078569344240 0.6382088000234355
v 0.0161538500000000 0.0201385700000000 -0.4038461400000000
vn -0.0095079973694348 -0.7852032482748833 0.6191651289313657
v 0.0161538500000000 0.0377305600000000 -0.3715384600000000
vn 0.0111798059919400 -0.5364755532444679 -0.8438418054997184
v 0.0161538500000000 0.0226154100000000 0.3715384600000000
vn 0.0088508750915643 -0.2717621239358388 -0.9623237552944411
v 0.0161538500000000 0.0161538500000000 0.3792144700000000
vn 0.0575040507706359 0.9528771033400055 0.2978565259908343
v 0.0161538500000000 0.0402624800000000 0.4684615400000000
vn 0.0670524147169643 0.9760056512558831 0.2071640470670612
v 0.0161538500000000 0.0315148600000000 0.5007692600000000
vn 0.0212895983506947 0.9995101996941940 -0.0229371687297778
v 0.0161538500000000 0.0253547500000000 0.5330769400000001
vn -0.0472816728019392 0.9850520053962364 -0.1656411485166152
v 0.0161538500000000 0.0315504800000000 0.5653846300000001
vn -0.0545909928713837 0.9931708734937508 -0.1031088722708995
v 0.0161538500000000 0.0378312400000000 0.5976923100000000
vn -0.0557576414585812 0.9984034596486565 -0.0090342227429982
v 0.0161538500000000 0.0384755700000000 0.6300000000000000
vn -0.0417238033607077 0.9102564450869858 -0.4119372869876194
v 0.0161538500000000 0.0386110100000000 0.6623076800000000
vn 0.8346168637758148 -0.1389767503733437 0.5330104628960755
v 0.0371208700000000 0.0161538500000000 0.7915384800000000
vn 0.8616948756544763 -0.1531181099813935 0.4837734859069299
v 0.0220542800000000 0.0161538500000000 0.8238462800000000
vn 0.8153833931034625 -0.1601626056860205 0.5563253202856658
v 0.0161538500000000 0.0161538500000000 0.8320521100000000
vn 0.7166565300665015 -0.2468380401745827 -0.6522839871066993
v 0.0161538500000000 0.0613299500000000 -0.8884615300000001
vn 0.7554800359676030 -0.2188519233645074 -0.6175384610646086
v 0.0161538500000000 0.0484615400000000 -0.8842318700000000
vn 0.8493463907757278 -0.2003121339439802 -0.4883500358053161
v 0.0339629800000000 0.0484615400000000 -0.8561538500000000
vn 0.0144324722299547 0.9920033252063893 0.1253838367765087
v 0.0161538500000000 0.0807452000000000 -0.7592307900000000
vn 0.0646308749933858 0.9964723991470648 0.0535313715094468
v 0.0161538500000000 0.0789251300000000 -0.7269230500000000
vn 0.1299906268427731 0.9886532699674400 0.0752804670263874
v 0.0161538500000000 0.0776213300000000 -0.6946153600000000
vn 0.2215808566727570 0.9644439639822782 0.1440477847601872
v 0.0161538500000000 0.0741294500000000 -0.6623076800000000
vn 0.1618948393810709 0.9770328137945945 0.1385530286583240
v 0.0161538500000000 0.0650149400000000 -0.6300000000000000
vn 0.0862848277298326 0.9886221032070268 0.1232122784228415
v 0.0161538500000000 0.0614151100000000 -0.5976923100000000
vn 0.0374578878145006 0.9991500994988978 0.0172042236621999
v 0.0161538500000000 0.0605769200000000 -0.5653846300000001
vn 0.0072475593362542 0.9995002761281693 -0.0307680175406324
v 0.0161538500000000 0.0617320900000000 -0.5330769400000001
vn -0.0005995549547343 0.9999753526432630 0.0069953298591163
v 0.0161538500000000 0.0627132400000000 -0.5007692600000000
vn -0.0024942301738093 0.9987611132856696 0.0496992696546941
v 0.0161538500000000 0.0616238800000000 -0.4684615400000000
vn -0.0049681603818893 0.9979688799014547 0.0635093074332868
v 0.0161538500000000 0.0594086900000000 -0.4361538600000000
vn -0.0044375052017507 0.9984493540633265 0.0554905029542057
v 0.0161538500000000 0.0574581100000000 -0.4038461400000000
vn -0.0007205722522183 0.9360284961294703 0.3519234791957361
v 0.0161538500000000 0.0557669600000000 -0.3715384600000000
vn -0.0006222913715388 0.0947955834010022 0.9954965645953343
v 0.0161538500000000 0.0484615400000000 -0.3622580500000000
vn 0.0037032777203048 0.3134972154815303 -0.9495818983212839
v 0.0161538500000000 0.0484615400000000 0.3647314300000000
vn 0.0017350638315646 0.9563401162551609 -0.2922508709902606
v 0.0161538500000000 0.0540549700000000 0.3715384600000000
vn 0.0040109620417181 0.9972119562792090 0.0745132634991432
v 0.0161538500000000 0.0509646200000000 0.4038462600000000
vn 0.0059347580667756 0.9977650848761687 0.0665553457563023
v 0.0161538500000000 0.0491833800000000 0.4361538600000000
vn 0.0217583950720142 0.9764438506270998 0.2146717932482335
v 0.0161538500000000 0.0484615400000000 0.4451753200000000
vn -0.0103285697395348 0.4436389016093252 -0.8961461072983619
v 0.0161538500000000 0.0484615400000000 0.6704161800000000
vn 0.8320729616348106 -0.1727252109303786 0.5270868884968882
v 0.0428391400000000 0.0484615400000000 0.7915384800000000
vn 0.8691546159162923 -0.1631074645172611 0.4668685132348860
v 0.0273626500000000 0.0484615400000000 0.8238461600000000
vn 0.8334276488868295 -0.1706998983750448 0.5256043176817721
v 0.0161538500000000 0.0484615400000000 0.8427200900000000
vn 0.7105707722370851 -0.3683153610848569 -0.5995272908144582
v 0.0161538500000000 0.0807692300000000 -0.8953499800000000
vn 0.7776494164539907 -0.2837494222858811 -0.5610237521185680
v 0.0220205100000000 0.0807692300000000 -0.8884615300000001
vn 0.7856257470869523 -0.3637472672519115 -0.5004798807952568
v 0.0402528700000000 0.0807692300000000 -0.8561538500000000
vn -0.0541778466311281 0.7214364256914217 0.6903580553741658
v 0.0161538500000000 0.0991192800000000 -0.7915384800000000
vn -0.0090119375893143 0.9200553567757845 0.3916847271072365
v 0.0161538500000000 0.0807692300000000 -0.7593120900000000
vn -0.0310984470890848 0.9552042129569667 0.2943090181049657
v 0.0170069400000000 0.0807692300000000 -0.7592307900000000
vn 0.0001860131570065 0.1226953507753142 -0.9924443643334512
v 0.0161538500000000 0.0807692300000000 0.6786153300000000
vn 0.8586875501513170 -0.2193626953831386 0.4631799856312594
v 0.0334373500000000 0.0807692300000000 0.8238461600000000
vn 0.8011892220056587 -0.2215346893541728 0.5558940654069960
v 0.0161538500000000 0.0807692300000000 0.8555166700000000
vn 0.7497594773796120 -0.3465439645155194 0.5637091508369518
v 0.0161538500000000 0.0820348300000000 0.8561539600000000
vn 0.9237729833173755 -0.0151350763059277 -0.3826413526504023
v 0.0161538500000000 0.1369367200000000 -0.9207692100000000
vn 0.7426423604332361 0.1042684061922497 -0.6615212951676460
v 0.0161538500000000 0.1130769300000000 -0.9204408500000000
vn 0.7773906806851086 -0.1944238963696676 -0.5982165812683398
v 0.0408506000000000 0.1130769300000000 -0.8884615300000001
vn 0.4080099171583755 0.8298094512379450 -0.3807153557930072
v 0.0161538500000000 0.1390538200000000 -0.8884615300000001
vn 0.0467166748137995 0.9947434904158650 0.0911204728346148
v 0.0161538500000000 0.1346604100000000 -0.8561538500000000
vn -0.0015930825061965 0.9312438521634752 0.3643931254783218
v 0.0161538500000000 0.1328445400000000 -0.8238461600000000
vn -0.0962460618516339 0.6003921591818339 0.7938929088806795
v 0.0161538500000000 0.1130769300000000 -0.7974388600000000
vn -0.2150139425092550 0.5941167430703832 0.7751092181944859
v 0.0452447500000000 0.1130769300000000 -0.7915384800000000
vn 0.0027021345588301 -0.0086085746115306 -0.9999592946275282
v 0.0161538500000000 0.1130769300000000 0.6787196400000000
vn 0.7552874104530962 -0.4408072669019046 0.4850050319919673
v 0.0418714300000000 0.1130769300000000 0.8238461600000000
vn 0.8513537289035720 -0.3435995484605915 0.3964040597416492
v 0.0265115200000000 0.1130769300000000 0.8561538500000000
vn 0.7473391988934162 -0.4597612427960378 0.4796912771981471
v 0.0161538500000000 0.1130769300000000 0.8813982000000000
vn 0.7432335308875837 -0.3972283051378832 0.5383433775590259
v 0.0161538500000000 0.1200323300000000 0.8884615300000001
vn 0.4475306422614344 0.5789897020718485 -0.6815330139705781
v 0.0161538500000000 0.1453846100000000 -0.9209549400000000
vn 0.9100250910643003 0.3849348499162797 -0.1538814314767810
v 0.0162724100000000 0.1453846100000000 -0.9207692100000000
vn 0.3292165388222677 0.9414577332434021 -0.0726209823816860
v 0.0161538500000000 0.1455009600000000 -0.9207692100000000
vn 0.7553898170046243 0.4292921275163659 0.4950701905974471
v 0.0161537200000000 0.1453846100000000 -0.9202942800000000
vn 0.0051037948747250 0.2853537477739633 -0.9584086758315735
v 0.0161538500000000 0.1453846100000000 0.6779336900000000
vn 0.0498948891240293 0.8587533861934094 -0.5099540388512025
v 0.0161538500000000 0.1695770600000000 0.6946153600000000
vn 0.0496161700108538 0.9899946057499610 -0.1320943460539971
v 0.0161538500000000 0.1740824900000000 0.7269230500000000
vn 0.7873739720504915 -0.3289570039954225 0.5213727243151368
v 0.0440956200000000 0.1453846100000000 0.8561538500000000
vn 0.8109461936574248 -0.3235376615462414 0.4875342578257700
v 0.0266504200000000 0.1453844900000000 0.8884615300000001
vn 0.4160856283272986 -0.4162115204009906 0.8084805008068983
v 0.0161538500000000 0.1453846100000000 0.9009940000000000
vn 0.4353730490441141 -0.5527453162070406 0.7105792873263408
v 0.0161538500000000 0.1718850400000000 0.9207692100000000
vn 0.0154249275634787 0.9883540945575031 -0.1513877649649381
v 0.0161538500000000 0.1776923100000000 0.7518650900000000
vn 0.1356106046584032 0.9827385089544034 -0.1258363497653135
v 0.0241776500000000 0.1776923100000000 0.7592307900000000
vn 0.0385184351056719 0.9905314856509878 -0.1317714160622752
v 0.0161538500000000 0.1788424300000000 0.7592306700000000
vn 0.1821192437706089 0.9791409164704753 -0.0900868844048850
v 0.0467281100000000 0.1776923100000000 0.7915384800000000
vn 0.0935149497234151 0.9907252925475677 -0.0985816863558522
v 0.0161538500000000 0.1834911900000000 0.7915384800000000
vn 0.0497701958609122 0.9952913682200506 -0.0831746352599525
v 0.0161538500000000 0.1865301400000000 0.8238461600000000
vn 0.0268496925831456 0.9991058338177655 -0.0326592535049114
v 0.0161538500000000 0.1878619200000000 0.8561538500000000
vn 0.8240830708373401 0.3379364719871450 0.4546273564802067
v 0.0299999500000000 0.1776923100000000 0.8884615300000001
vn 0.2883295155928547 0.9483326915447139 0.1324054250608649
v 0.0161538500000000 0.1877188200000000 0.8884615300000001
vn 0.8455450967206350 0.2077140634623033 0.4918418010414224
v 0.0207630500000000 0.1776923100000000 0.9207693300000001
vn 0.2628166864942995 0.8616985739362338 0.4340540945278804
v 0.0161538500000000 0.1823015100000000 0.9207693300000001
vn 0.3629325849767033 -0.1068963967701163 0.9256635993273657
v 0.0161538500000000 0.1776923100000000 0.9253785600000000
vn 0.5610996341653041 -0.8234575874158435 -0.0841712674660429
v 0.0484615400000000 -0.1792021100000000 -0.5653846300000001
vn 0.4962410016863689 -0.8617534647708159 -0.1054790699655778
v 0.0484615400000000 -0.1849674000000000 -0.5330769400000001
vn 0.4114675242176595 -0.9085255218821540 -0.0726350645552771
v 0.0484615400000000 -0.1882805800000000 -0.5007692600000000
vn 0.3401253370722040 -0.9387395974450716 -0.0555222772424232
v 0.0484615400000000 -0.1902701100000000 -0.4684615400000000
vn 0.2953244136759846 -0.9539394736621162 -0.0527538745134476
v 0.0484615400000000 -0.1917663500000000 -0.4361538600000000
vn 0.2196894208023780 -0.9746608602015217 -0.0421042275638164
v 0.0484615400000000 -0.1928833100000000 -0.4038461400000000
vn 0.1751176525045067 -0.9841932687010955 -0.0264086657134429
v 0.0484615400000000 -0.1936416900000000 -0.3715384600000000
vn 0.1487988294173662 -0.9887738409150154 -0.0136088164874678
v 0.0484615400000000 -0.1937958200000000 -0.3392307800000000
vn 0.1349407322089837 -0.9907802643991951 -0.0120609480541334
v 0.0484615400000000 -0.1938461500000000 -0.3069230900000000
vn 0.1244926169533321 -0.9921415920292243 -0.0125159773820387
v 0.0484615400000000 -0.1941025700000000 -0.2746153800000000
vn 0.1154584676832545 -0.9932455023628299 -0.0115201682385482
v 0.0484614100000000 -0.1943672900000000 -0.2423077500000000
vn 0.1066121067599521 -0.9942438486939592 -0.0106314639833017
v 0.0484615400000000 -0.1945852500000000 -0.2099999900000000
vn 0.1003595878083335 -0.9948999454163076 -0.0101020664009787
v 0.0484615400000000 -0.1948154100000000 -0.1776923100000000
vn 0.0984024959767110 -0.9951128493676847 -0.0082076676882667
v 0.0484615400000000 -0.1951055800000000 -0.1453846100000000
vn 0.1030901312277292 -0.9946250679999291 -0.0096643131978225
v 0.0484615400000000 -0.1954166600000000 -0.1130769300000000
vn 0.1114099660946949 -0.9937357593797378 -0.0087783816705948
v 0.0484615400000000 -0.1957754200000000 -0.0807692300000000
vn 0.1165921475875112 -0.9931783785132812 0.0017261444497512
v 0.0484615400000000 -0.1959201700000000 -0.0484616000000000
vn 0.1142693039538271 -0.9934257062769565 0.0069204249896969
v 0.0484615400000000 -0.1954883800000000 -0.0161538500000000
vn 0.1058295151087074 -0.9943794218338918 0.0031111356689996
v 0.0484615400000000 -0.1955572800000000 0.0161538500000000
vn 0.0965473720315263 -0.9953162267277886 0.0049207485368770
v 0.0484615400000000 -0.1955015100000000 0.0484615400000000
vn 0.0936957754264111 -0.9955969965098409 0.0027788860766933
v 0.0484614100000000 -0.1953147400000000 0.0807692300000000
vn 0.0958578446766944 -0.9953916797193523 -0.0025840974101615
v 0.0484615400000000 -0.1953045000000000 0.1130769300000000
vn 0.1006224563198643 -0.9949106569795221 -0.0052826047299331
v 0.0484615400000000 -0.1954166600000000 0.1453846100000000
vn 0.1048851889240203 -0.9944733105209215 -0.0046831406055333
v 0.0484615400000000 -0.1955288100000000 0.1776923100000000
vn 0.1098216701798292 -0.9939426980743196 -0.0041368712398303
v 0.0484615400000000 -0.1956535900000000 0.2099999900000000
vn 0.1189572065229109 -0.9928971373230585 -0.0021113294250328
v 0.0484615400000000 -0.1958119600000000 0.2423076900000000
vn 0.1326688360144260 -0.9911573436318254 0.0024698411448834
v 0.0484615400000000 -0.1959083400000000 0.2746153800000000
vn 0.1486728498563214 -0.9888705818541400 0.0055996481187898
v 0.0484615400000000 -0.1957800400000000 0.3069230900000000
vn 0.1663185416886440 -0.9860092645395754 0.0111298217725462
v 0.0484615400000000 -0.1955789000000000 0.3392307800000000
vn 0.1894986358661967 -0.9817254943083870 0.0174734321128893
v 0.0484615400000000 -0.1951648600000000 0.3715384600000000
vn 0.2202903338653824 -0.9750946624641149 0.0257403970340822
v 0.0484615400000000 -0.1945010700000000 0.4038461400000000
vn 0.2760117757023916 -0.9600508893505599 0.0460411721268228
v 0.0484616600000000 -0.1939001400000000 0.4361538600000000
vn 0.3185341057357499 -0.9471740464265730 0.0373811350688874
v 0.0484615400000000 -0.1927986400000000 0.4684615400000000
vn 0.3590019685749111 -0.9286585319769424 0.0933322963703824
v 0.0484615400000000 -0.1910997200000000 0.5007692600000000
vn 0.3680561794863390 -0.9159039801416127 0.1601703714882129
v 0.0484615400000000 -0.1875250900000000 0.5330769400000001
vn 0.4940039668116688 -0.8528666229475974 0.1690520755160862
v 0.0484615400000000 -0.1805666700000000 0.5653846300000001
vn 0.7173763042667307 -0.6308447146555689 -0.2956453687574708
v 0.0484615400000000 -0.1561538700000000 -0.6946153600000000
vn 0.7275482254101101 -0.6690110295061723 -0.1519796766074046
v 0.0484615400000000 -0.1668759100000000 -0.6623076800000000
vn 0.6814057579705003 -0.7195880454167148 -0.1337132674718555
v 0.0484615400000000 -0.1712307500000000 -0.6300000000000000
vn 0.6410949967260624 -0.7603366109196952 -0.1043333276952384
v 0.0484615400000000 -0.1759491400000000 -0.5976923100000000
vn 0.6448202121341076 -0.7609293699245031 -0.0720651650218252
v 0.0484615400000000 -0.1776923100000000 -0.5803187500000000
vn 0.6262133595820784 -0.7721483594379636 -0.1079061596860341
v 0.0500082500000000 -0.1776923700000000 -0.5653846300000001
vn 0.5922582387694690 -0.7973200076038964 -0.1162367587478643
v 0.0568309200000000 -0.1776923100000000 -0.5330769400000001
vn 0.5519110953241884 -0.8269131271131457 -0.1077442484126798
v 0.0637343200000000 -0.1776923700000000 -0.5007692600000000
vn 0.5259404188257474 -0.8426918673830393 -0.1151394480266589
v 0.0710327000000000 -0.1776923100000000 -0.4684615400000000
vn 0.5314069326764744 -0.8403125608997631 -0.1071516304003957
v 0.0793393600000000 -0.1776923100000000 -0.4361538600000000
vn 0.5236838301906876 -0.8377041391074871 0.1549419934007397
v 0.0756743200000000 -0.1776923100000000 0.5007692600000000
vn 0.5565377468933270 -0.8058946694106938 0.2019889058793270
v 0.0632428200000000 -0.1776923100000000 0.5330770600000000
vn 0.6098614101375229 -0.7480278857292552 0.2617696365060172
v 0.0515279700000000 -0.1776922500000000 0.5653846300000001
vn 0.6353669674434917 -0.7066977230895457 0.3112669993136320
v 0.0484615400000000 -0.1776923100000000 0.5726612200000000
vn 0.5605799320986300 -0.7856687415327247 0.2616768394540864
v 0.0484615400000000 -0.1672154500000000 0.5976923100000000
vn 0.6031764875803223 -0.7614642115382445 0.2373823484943750
v 0.0484615400000000 -0.1604530500000000 0.6300000000000000
vn 0.6723590692214636 -0.6752664216264159 0.3032301796647272
v 0.0484615400000000 -0.1477830100000000 0.6623076800000000
vn 0.7730666252743773 -0.5100418993185110 -0.3771276359887343
v 0.0484615400000000 -0.1354968700000000 -0.7269230500000000
vn 0.7535034084728687 -0.5430345571959719 -0.3706023247508627
v 0.0484615400000000 -0.1453846100000000 -0.7142360200000000
vn 0.8071876746315041 -0.5212829154462664 -0.2769696373013213
v 0.0579470200000000 -0.1453846100000000 -0.6946153600000000
vn 0.7879078349076599 -0.5755704914170356 -0.2189060371508191
v 0.0657530500000000 -0.1453846100000000 -0.6623076800000000
vn 0.6977079618370315 -0.6826030278007263 -0.2173860768920042
v 0.0749704800000000 -0.1453846100000000 -0.6300000000000000
vn -0.0061177371503539 0.9235476621731191 0.3834348562490446
v 0.0484615400000000 -0.1183028400000000 -0.4361538600000000
vn -0.0035067500741600 0.9999866458062961 0.0037961708326403
v 0.0484615400000000 -0.1184965800000000 -0.4038461400000000
vn -0.0033650500534655 0.9999836446954280 0.0046245842824573
v 0.0484615400000000 -0.1186356600000000 -0.3715384600000000
vn -0.0059515758023078 0.9999741143975898 0.0040434243192255
v 0.0484615400000000 -0.1187733900000000 -0.3392307800000000
vn -0.0084932070006949 0.9999595800886363 0.0029501904686918
v 0.0484615400000000 -0.1188757400000000 -0.3069230900000000
vn -0.0108459115898491 0.9999390496122305 0.0020647669056592
v 0.0484615400000000 -0.1189772900000000 -0.2746153800000000
vn -0.0149921341231580 0.9998875832829366 0.0002381408019030
v 0.0484615400000000 -0.1189772900000000 -0.2423076900000000
vn -0.0185131034026465 0.9998259210048882 -0.0023222164262296
v 0.0484615400000000 -0.1189096900000000 -0.2099999900000000
vn -0.0202818869505648 0.9997937924036481 0.0010088274657131
v 0.0484615400000000 -0.1187390600000000 -0.1776923100000000
vn -0.0202833576067975 0.9997924856702574 0.0018897093646555
v 0.0484615400000000 -0.1188075800000000 -0.1453846100000000
vn -0.0220835691571152 0.9997495680493111 0.0036217617948385
v 0.0484615400000000 -0.1188417200000000 -0.1130769300000000
vn -0.0268432407623613 0.9995981726429192 0.0091067927565502
v 0.0484615400000000 -0.1191448400000000 -0.0807692300000000
vn -0.0297164697281047 0.9995232102172940 0.0083835352813696
v 0.0484615400000000 -0.1194732900000000 -0.0484615400000000
vn -0.0310295953492795 0.9995121218609518 0.0035612449336626
v 0.0484615400000000 -0.1198314400000000 -0.0161538500000000
vn -0.0251158399197786 0.9996618250290058 -0.0067401902644766
v 0.0484615400000000 -0.1195709000000000 0.0161538500000000
vn -0.0222062139661327 0.9997532381514650 -0.0005889541156775
v 0.0484615400000000 -0.1193748800000000 0.0484615400000000
vn -0.0212364278969753 0.9997626313558965 0.0048677586742308
v 0.0484615400000000 -0.1195058900000000 0.0807692300000000
vn -0.0195380907462121 0.9997980068561666 0.0047125891428560
v 0.0484615400000000 -0.1197000000000000 0.1130769300000000
vn -0.0188468568238027 0.9998089004705200 0.0051921602241362
v 0.0484615400000000 -0.1197959400000000 0.1453846100000000
vn -0.0147344989987227 0.9998865507062935 0.0031273400722752
v 0.0484615400000000 -0.1199857400000000 0.1776923100000000
vn -0.0099039684451836 0.9999431658229695 0.0039467116659414
v 0.0484615400000000 -0.1201107100000000 0.2099999900000000
vn -0.0074195296955503 0.9999629322357324 0.0043686077430802
v 0.0484615400000000 -0.1203264400000000 0.2423076900000000
vn -0.0063649375786352 0.9999498957667233 0.0077261585370216
v 0.0484615400000000 -0.1203873900000000 0.2746153800000000
vn -0.0079891120821208 0.9998200648458347 0.0172049998491717
v 0.0484615400000000 -0.1208939300000000 0.3069230900000000
vn -0.0049474043524359 0.9997209129264125 0.0231002044959263
v 0.0484615400000000 -0.1215197000000000 0.3392307800000000
vn -0.0017409776925383 0.9995297635257945 0.0306140624998288
v 0.0484615400000000 -0.1224519200000000 0.3715384600000000
vn 0.0009126912923320 0.9993635329600127 0.0356608466568940
v 0.0484615400000000 -0.1235274000000000 0.4038461400000000
vn 0.0030437550732022 0.9987674403545150 0.0495412519295240
v 0.0484615400000000 -0.1247957700000000 0.4361538600000000
vn -0.0112833091290427 0.9985981508100802 0.0517147960818446
v 0.0484615400000000 -0.1268887700000000 0.4684615400000000
vn -0.0712387931644604 0.9971365288223011 0.0253727656490898
v 0.0484615400000000 -0.1283409400000000 0.5007692600000000
vn -0.2011860009594806 0.9795477495376530 0.0032248090875846
v 0.0484615400000000 -0.1283206800000000 0.5330769400000001
vn -0.3476404879073203 0.9088769601088738 -0.2304099879580157
v 0.0484615400000000 -0.1248446300000000 0.5653846300000001
vn -0.3752626546014871 0.8462727074924900 -0.3781539958995215
v 0.0484615400000000 -0.1168647000000000 0.5976923100000000
vn 0.7051636956188186 -0.5910462325259747 0.3916739886666736
v 0.0676671600000000 -0.1453846100000000 0.6300000000000000
vn 0.7452182208090661 -0.5103865425892591 0.4291332899204542
v 0.0508882100000000 -0.1453846100000000 0.6623076800000000
vn 0.7444886798320224 -0.5336689311260874 0.4011658977938075
v 0.0484615400000000 -0.1453845500000000 0.6661664800000000
vn 0.7813831574019627 -0.4264471496170993 0.4556129825981595
v 0.0484615400000000 -0.1155010100000000 0.6946153600000000
vn 0.8202156410281692 -0.2710710758490295 -0.5037526913583679
v 0.0484615400000000 -0.1117477300000000 -0.7592307900000000
vn 0.8310714971136856 -0.3836826101220646 -0.4026261558507310
v 0.0484615400000000 -0.1130769300000000 -0.7583591900000000
vn 0.8840873063628505 -0.3328219011216592 -0.3280536798480455
v 0.0606945000000000 -0.1130769300000000 -0.7269230500000000
vn 0.8654505505517893 -0.3661596600981109 -0.3419392458704332
v 0.0715901300000000 -0.1130769300000000 -0.6946153600000000
vn 0.0129550386993542 0.4524956549611629 0.8916725010975535
v 0.0484615400000000 -0.1130769300000000 -0.4414073200000000
vn -0.5843182052222508 0.5307835126886437 -0.6138738451048001
v 0.0751154100000000 -0.1130769300000000 0.5653846300000001
vn -0.8859694291229702 0.0871350024914513 -0.4554839865465449
v 0.0514488500000000 -0.1130769300000000 0.5976923100000000
vn -0.1143491943399871 -0.8112813271333412 -0.5733645175615254
v 0.0484615400000000 -0.0870117200000000 0.5976923100000000
vn -0.5558288556881377 0.4640300148210984 -0.6897321425956215
v 0.0484615400000000 -0.1130769300000000 0.6100148600000000
vn 0.7581955513147332 -0.3168048914231344 0.5698896092550941
v 0.0668396900000000 -0.1130769300000000 0.6623076800000000
vn 0.8270720979617425 -0.3370280540682823 0.4498486807184265
v 0.0499579700000000 -0.1130769300000000 0.6946153600000000
vn 0.8106234024354527 -0.3854247509460247 0.4408372270829278
v 0.0484615400000000 -0.1130769300000000 0.6968223500000000
vn 0.8263615529653722 -0.1699672086211325 -0.5368777624135673
v 0.0484615400000000 -0.0807692300000000 -0.7727101400000000
vn 0.8974888719102326 -0.1939998150961292 -0.3960780182488873
v 0.0575888700000000 -0.0807692900000000 -0.7592307900000000
vn 0.9262657672540143 -0.1675247448482419 -0.3375902668574192
v 0.0660439100000000 -0.0807692300000000 -0.7269230500000000
vn 0.0884234313646809 -0.0116020320509914 0.9960154063256167
v 0.0484615400000000 -0.0807692300000000 -0.4452175200000000
vn -0.2866350244631773 -0.6793498678387613 -0.6755176680283436
v 0.0484615400000000 -0.0742725400000000 0.5653846300000001
vn -0.1840239364486538 -0.4593906909040181 -0.8689622453965826
v 0.0484615400000000 -0.0807692300000000 0.5698954500000000
vn 0.6443336301284777 -0.3627077027524584 0.6732587136082921
v 0.0733643500000000 -0.0807692300000000 0.6623076800000000
vn 0.8963977195748623 -0.2532895132039156 0.3637520458250513
v 0.0578693700000000 -0.0807691700000000 0.6946154800000000
vn 0.8334221575784007 -0.2979499019762691 0.4654388930565376
v 0.0484615400000000 -0.0807692300000000 0.7219669200000000
vn 0.8032315894922211 -0.2836297372237919 0.5238064392541989
v 0.0484615400000000 -0.0734990000000000 0.7269232300000000
vn 0.8048017827837757 -0.1854306772494144 -0.5638346870873411
v 0.0484615400000000 -0.0180232700000000 -0.7915384800000000
vn 0.8007427822825895 -0.1724751330271508 -0.5736404144667667
v 0.0484615400000000 -0.0484615400000000 -0.7825670200000000
vn 0.9059783067804730 -0.1386934975691864 -0.3999592746458236
v 0.0617996300000000 -0.0484616000000000 -0.7592307900000000
vn 0.8977449172933669 -0.2044114872886016 -0.3902178972553511
v 0.0701354900000000 -0.0484615400000000 -0.7269230500000000
vn 0.2438376760492543 -0.2440150997656684 0.9386159059089345
v 0.0484615400000000 -0.0484615400000000 -0.4413540700000000
vn 0.3023391186002116 -0.2399513496196720 0.9225044212250396
v 0.0484615400000000 -0.0313037400000000 -0.4361538600000000
vn 0.1725150553465368 -0.9000913819796892 -0.4000925639957264
v 0.0484615400000000 -0.0170189600000000 0.3715384600000000
vn 0.0973149940976936 -0.9549309519398688 -0.2804223046602783
v 0.0484615400000000 -0.0347107600000000 0.4038461400000000
vn 0.0187697461351749 -0.9968333453251779 -0.0772721054316226
v 0.0484615400000000 -0.0387692600000000 0.4361538600000000
vn -0.0363631085067629 -0.9982039533419864 -0.0476087373509793
v 0.0484615400000000 -0.0380911700000000 0.4684615400000000
vn -0.3596337829477887 -0.8578656543415570 -0.3670559375133375
v 0.0665177800000000 -0.0484615400000000 0.5007692600000000
vn -0.1965270148956720 -0.9655394154559397 -0.1706187844793134
v 0.0484615400000000 -0.0433216400000000 0.5007693800000000
vn -0.4896871736779518 -0.8439797281744245 -0.2188714014345512
v 0.0485151500000000 -0.0484615400000000 0.5330770600000000
vn -0.2788049557143962 -0.9464568708030983 -0.1627488506217512
v 0.0484615400000000 -0.0484315900000000 0.5330769400000001
vn -0.4592839810054854 -0.8186906908813307 -0.3446792385044427
v 0.0484615400000000 -0.0484616000000000 0.5332239300000000
vn 0.7245139578583689 -0.5005060597624520 0.4738915582804430
v 0.0694776100000000 -0.0484615400000000 0.6946153600000000
vn 0.8121467101997599 -0.3666101445652121 0.4538884477639650
v 0.0549879300000000 -0.0484615400000000 0.7269230500000000
vn 0.7576985308986808 -0.3222901121492359 0.5674698405068006
v 0.0484615400000000 -0.0484615400000000 0.7368306500000000
vn 0.7437803573978924 -0.4098016213350380 0.5280657261177225
v 0.0484615400000000 -0.0213335500000000 0.7592307900000000
vn 0.8038491512623028 -0.2599023224062197 -0.5350488994687578
v 0.0484615400000000 -0.0161538500000000 -0.7921317200000000
vn 0.7899411064339209 -0.2181691244135952 -0.5730578343575436
v 0.0489891500000000 -0.0161538500000000 -0.7915384800000000
vn 0.8698279034598319 -0.2735282737955642 -0.4105870209798310
v 0.0672587200000000 -0.0161538500000000 -0.7592307900000000
vn 0.2880785920479353 -0.5290588671128289 0.7981901026277946
v 0.0617036200000000 -0.0161538500000000 -0.4361538600000000
vn 0.2202796585302859 -0.3520746882315490 0.9096814200281537
v 0.0484615400000000 -0.0161538500000000 -0.4334369900000000
vn 0.3968930210893595 0.2130393896149430 -0.8927990525773724
v 0.0484615400000000 -0.0161538500000000 0.3690874000000000
vn 0.2773042861577107 -0.4247109027710890 -0.8618137745162402
v 0.0547371200000000 -0.0161538500000000 0.3715384600000000
vn 0.1926705810637385 0.5376993076049399 -0.8208273276358004
v 0.0484615400000000 -0.0140938200000000 0.3715384600000000
vn 0.7668978642549870 -0.3312113955689711 0.5496968957947590
v 0.0742753700000000 -0.0161538500000000 0.7269230500000000
vn 0.7524211034070983 -0.3290703974459825 0.5705919353376701
v 0.0516263200000000 -0.0161538500000000 0.7592307900000000
vn 0.7743001761631050 -0.3260723053153183 0.5423431468177120
v 0.0484615400000000 -0.0161538500000000 0.7628436700000000
vn 0.7879943788324848 -0.2769043891922111 -0.5498989163241685
v 0.0484615400000000 0.0364210900000000 -0.8238461600000000
vn 0.7832115940404661 -0.3079482230851783 -0.5401365483461320
v 0.0484615400000000 0.0161538500000000 -0.8141225000000000
vn 0.8234391198768440 -0.2749874715068159 -0.4963163369976217
v 0.0614810400000000 0.0161538500000000 -0.7915384800000000
vn 0.7738597834761194 -0.3487025845486877 -0.5287225577250879
v 0.0803704100000000 0.0161538500000000 -0.7592307900000000
vn -0.0001912235700599 -0.6587813448921681 0.7523344356438914
v 0.0484615400000000 0.0161538500000000 -0.4050484000000000
vn -0.0626034732828653 -0.6112052905916384 0.7889923306887795
v 0.0601720700000000 0.0161538500000000 -0.4038461400000000
vn -0.0531633185526951 -0.7625322727661826 0.6447621224533159
v 0.0484615400000000 0.0172497300000000 -0.4038461400000000
vn -0.0142405705037099 -0.7657590709605839 0.6429698681845925
v 0.0484615400000000 0.0378038800000000 -0.3715384600000000
vn -0.0160727940827306 -0.5312231601530523 -0.8470794646356260
v 0.0484615400000000 0.0217172100000000 0.3715384600000000
vn 0.0174417447623861 -0.2703996059585882 -0.9625901716915065
v 0.0484615400000000 0.0161538500000000 0.3781421200000000
vn 0.0042928945551469 0.9481100554049195 0.3179133433758625
v 0.0484615400000000 0.0383690800000000 0.4684615400000000
vn -0.0151403182045795 0.9838405365606800 0.1784056315945693
v 0.0484615400000000 0.0283201300000000 0.5007692600000000
vn -0.0728867344551944 0.9925544210888956 -0.0975871155293835
v 0.0484615400000000 0.0249942700000000 0.5330769400000001
vn -0.1187608700099463 0.9757640012052864 -0.1837946400370004
v 0.0484615400000000 0.0357257400000000 0.5653846300000001
vn -0.0718546455486705 0.9939582514790830 -0.0829692969098742
v 0.0484615400000000 0.0403213900000000 0.5976923100000000
vn -0.0488197987724464 0.9988010042131875 -0.0036305964449526
v 0.0484615400000000 0.0411450300000000 0.6300000000000000
vn -0.0380133555560331 0.9283752985880132 -0.3696948603524104
v 0.0484615400000000 0.0405986900000000 0.6623076800000000
vn 0.8122161237477673 -0.1685894264065007 0.5584644783941758
v 0.0598411600000000 0.0161538500000000 0.7592307900000000
vn 0.8050547138348843 -0.1826118259915738 0.5643933280437109
v 0.0484615400000000 0.0161538500000000 0.7754780100000001
vn 0.8122722830228492 -0.2229170667031907 -0.5390006675369646
v 0.0484615400000000 0.0484615400000000 -0.8296181600000000
vn 0.8109513826933359 -0.2391330849312001 -0.5340161257855928
v 0.0532183900000000 0.0484615400000000 -0.8238461600000000
vn 0.8293316129624357 -0.2432610415649563 -0.5030239968409632
v 0.0689619600000000 0.0484615400000000 -0.7915384800000000
vn -0.0554266165169297 0.9834579748448862 0.1724479686615078
v 0.0484615400000000 0.0768423100000000 -0.7269230500000000
vn 0.1188218061740424 0.9850155420622064 0.1250030410567508
v 0.0484615400000000 0.0744114400000000 -0.6946153600000000
vn 0.0808035400685424 0.9887535102686579 0.1258462706789454
v 0.0484615400000000 0.0661211800000000 -0.6623076800000000
vn 0.0125350205609354 0.9973416122618421 0.0717814858475814
v 0.0484615400000000 0.0626720700000000 -0.6300000000000000
vn -0.0447103348779377 0.9978225353173037 0.0484889056182032
v 0.0484615400000000 0.0646547000000000 -0.5976923100000000
vn -0.0609879659254246 0.9975846586088650 0.0332463068702903
v 0.0484615400000000 0.0603978500000000 -0.5653846300000001
vn -0.0214307241492712 0.9994605763822150 -0.0248853434810244
v 0.0484615400000000 0.0618087500000000 -0.5330769400000001
vn 0.0006048015518638 0.9999592925959272 0.0090026310674077
v 0.0484615400000000 0.0627579800000000 -0.5007692600000000
vn 0.0067994163906254 0.9988066635799678 0.0483633820674269
v 0.0484615400000000 0.0613724600000000 -0.4684615400000000
vn 0.0012146266897367 0.9982342653015241 0.0593875092921982
v 0.0484615400000000 0.0594086900000000 -0.4361538600000000
vn -0.0029139049083756 0.9984973441875741 0.0547225987005930
v 0.0484615400000000 0.0575627400000000 -0.4038461400000000
vn -0.0032549508696461 0.9353245148962279 0.3537759985202107
v 0.0484615400000000 0.0558872400000000 -0.3715384600000000
vn -0.0025532442533967 0.0903141791417542 0.9959100511540857
v 0.0484615400000000 0.0484615400000000 -0.3622311400000000
vn 0.0008544255862876 0.3139296828488908 -0.9494458511064822
v 0.0484615400000000 0.0484615400000000 0.3648369300000000
vn 0.0018261851962302 0.9557198491765659 -0.2942723822201993
v 0.0484615400000000 0.0540549700000000 0.3715384600000000
vn 0.0033822184534712 0.9970484418115976 0.0767004907376630
v 0.0484615400000000 0.0507809900000000 0.4038461400000000
vn 0.0046870360853637 0.9976815540079710 0.0678936557048924
v 0.0484615400000000 0.0490409100000000 0.4361538600000000
vn 0.0054240623834078 0.9749088586764807 0.2225383041666825
v 0.0484615400000000 0.0484615400000000 0.4431544800000000
vn 0.0097501559563613 0.4944001647931530 -0.8691797348715223
v 0.0484615400000000 0.0484615400000000 0.6701328200000000
vn 0.8167703363035370 -0.1467139552365350 0.5579975206696345
v 0.0648461000000000 0.0484615400000000 0.7592307900000000
vn 0.7935644285903281 -0.1586496905040337 0.5874400168349790
v 0.0484615400000000 0.0484615400000000 0.7853714200000000
vn 0.7777065457177696 -0.1977935651980614 0.5966994505728782
v 0.0484615400000000 0.0698404400000000 0.7915384800000000
vn 0.7055067349148674 -0.5252422693154172 -0.4757949195968299
v 0.0484615400000000 0.0906890300000000 -0.8561538500000000
vn 0.7741730008221304 -0.3945066069976719 -0.4949956583983763
v 0.0484615400000000 0.0807692300000000 -0.8443366300000000
vn 0.7864269282156472 -0.4004340944772036 -0.4703033303704358
v 0.0605053200000000 0.0807692300000000 -0.8238461600000000
vn 0.6975095589100937 -0.4557146994969247 -0.5529959564874540
v 0.0787996600000000 0.0807692300000000 -0.7915384800000000
vn -0.4454829654700567 0.7675798192258182 0.4608320177605550
v 0.0484615400000000 0.0817482800000000 -0.7592307900000000
vn -0.2153351992601668 0.9636673394786583 0.1580380042322362
v 0.0484615400000000 0.0807692300000000 -0.7538716800000000
vn -0.4539494125849832 0.7896406840336060 0.4127923460199907
v 0.0585792600000000 0.0807692300000000 -0.7269230500000000
vn 0.0610418654949671 0.1394765743269381 -0.9883421350276009
v 0.0484615400000000 0.0807692300000000 0.6785631200000000
vn 0.7979230536825722 -0.2779732869628234 0.5348360983861905
v 0.0696011000000000 0.0807692300000000 0.7592307900000000
vn 0.7966799179770627 -0.2554906386030931 0.5477459647302246
v 0.0515851600000000 0.0807692300000000 0.7915383600000000
vn 0.7956956721679225 -0.2492004917575638 0.5520575261700779
v 0.0484615400000000 0.0807692300000000 0.7952238300000000
vn 0.7914907441725191 0.1687363832615642 -0.5874269612922431
v 0.0484615400000000 0.1130769300000000 -0.8792576200000000
vn 0.8461638948956464 -0.0856087293640513 -0.5260017190387331
v 0.0634008100000000 0.1130769300000000 -0.8561538500000000
vn 0.5286793671304562 0.8006213833903668 -0.2819636984234593
v 0.0484615400000000 0.1319999400000000 -0.8561538500000000
vn 0.0930081190157265 0.9886552595588181 0.1179417972723942
v 0.0484615400000000 0.1318399800000000 -0.8238461600000000
vn -0.3139889918727161 0.7682312106461059 0.5578814569171249
v 0.0484615400000000 0.1140711300000000 -0.7915384800000000
vn -0.5442348134600528 0.6156439394115220 0.5699043846856804
v 0.0484615400000000 0.1130769300000000 -0.7906512600000000
vn -0.7576416613638497 0.4873707727551385 0.4341069486081567
v 0.0646733100000000 0.1130769300000000 -0.7592307900000000
vn 0.0799805008955840 -0.0140732100672197 -0.9966970774688242
v 0.0484615400000000 0.1130769300000000 0.6785631200000000
vn 0.7577811714734550 -0.4283603516807944 0.4922144911196989
v 0.0634865900000000 0.1130769300000000 0.7915384800000000
vn 0.7560685067340288 -0.4128885741703417 0.5078222508364103
v 0.0484615400000000 0.1130769300000000 0.8142125600000000
vn 0.6851447896375072 -0.5478706619848910 0.4800149528596097
v 0.0484615400000000 0.1207337100000000 0.8238462800000000
vn 0.0509507931217493 0.3023302632841043 -0.9518405478770218
v 0.0484615400000000 0.1453846100000000 0.6781001700000000
vn 0.1203386798530374 0.8664437167253671 -0.4845553506859253
v 0.0484615400000000 0.1672418300000000 0.6946153600000000
vn 0.1214047939296970 0.9859444708915623 -0.1147796860478584
v 0.0484615400000000 0.1696727000000000 0.7269230500000000
vn 0.1612901942957440 0.9814367622781398 -0.1037658656449375
v 0.0484615400000000 0.1744087200000000 0.7592307900000000
vn 0.3505110441887989 0.9320656698241216 0.0916274797044487
v 0.0484615400000000 0.1772941100000000 0.7915384800000000
vn 0.8680813562384964 -0.1365805517174653 0.4772635664323076
v 0.0669230100000000 0.1453846100000000 0.8238461600000000
vn 0.7192028362111521 -0.4254495211978426 0.5493086430217178
v 0.0484615400000000 0.1453846100000000 0.8510092500000001
vn 0.7913682467451437 -0.2302655515944568 0.5663162312634327
v 0.0484615400000000 0.1595547200000000 0.8561538500000000
vn 0.2782065341993086 0.9585299416942611 -0.0618180815328786
v 0.0484615400000000 0.1776923100000000 0.7973749000000000
vn 0.6480484285202071 0.7600748659386806 0.0481604865090341
v 0.0525713600000000 0.1776923100000000 0.8238462800000000
vn 0.3562264087584796 0.9316548758037674 -0.0715677168428869
v 0.0484615400000000 0.1794129200000000 0.8238461600000000
vn 0.8528460606246855 0.4410702357634055 0.2794828152151207
v 0.0538460700000000 0.1776923100000000 0.8561537299999999
vn 0.4559380298778135 0.8746146491041548 0.1648324254616017
v 0.0484615400000000 0.1830769600000000 0.8561537299999999
vn 0.8092343904341548 0.1293908103055859 0.5730599615634701
v 0.0484615400000000 0.1776923100000000 0.8642307500000000
vn 0.4833787349002954 -0.8709704146047133 -0.0880655183910481
v 0.0807692300000000 -0.1802276200000000 -0.4038461400000000
vn 0.4144117808484982 -0.9058876412048936 -0.0873524894104929
v 0.0807692300000000 -0.1843780600000000 -0.3715384600000000
vn 0.3431931949656919 -0.9374312661287332 -0.0586604825544478
v 0.0807692300000000 -0.1870256400000000 -0.3392307800000000
vn 0.2893859600739168 -0.9562624120829540 -0.0426376048739623
v 0.0807692300000000 -0.1886395200000000 -0.3069230900000000
vn 0.2656136603834992 -0.9633107371619782 -0.0384942474419913
v 0.0807692300000000 -0.1899253300000000 -0.2746153800000000
vn 0.2150835209222185 -0.9760499443382434 -0.0326433022994528
v 0.0807692300000000 -0.1909253300000000 -0.2423076900000000
vn 0.1820989188913859 -0.9827574987076787 -0.0320574869947002
v 0.0807692300000000 -0.1918305000000000 -0.2099999900000000
vn 0.1505322119105740 -0.9883073683484144 -0.0242610561505803
v 0.0807692300000000 -0.1927039900000000 -0.1776923100000000
vn 0.1284347568267589 -0.9916006990968446 -0.0152501406387142
v 0.0807692300000000 -0.1932711000000000 -0.1453846100000000
vn 0.1139429076060000 -0.9934549241054308 -0.0080204474291225
v 0.0807692300000000 -0.1934319300000000 -0.1130769300000000
vn 0.1067633706939413 -0.9942682137597030 -0.0056834659458562
v 0.0807692300000000 -0.1934825800000000 -0.0807692300000000
vn 0.1005431763890481 -0.9949326608061705 -0.0002648447739366
v 0.0807692300000000 -0.1934825800000000 -0.0484615400000000
vn 0.0933436431079577 -0.9956251492151443 0.0041864712653483
v 0.0807692300000000 -0.1932711000000000 -0.0161538500000000
vn 0.0938206717224580 -0.9955891029060928 0.0001404713065394
v 0.0807692300000000 -0.1932711000000000 0.0161538500000000
vn 0.0968809048690787 -0.9952943701430728 0.0017908191568865
v 0.0807692300000000 -0.1933250700000000 0.0484615400000000
vn 0.0989057689645464 -0.9950920926991456 0.0030620112943495
v 0.0807692300000000 -0.1932711000000000 0.0807692300000000
vn 0.1039491164139208 -0.9945818508051673 0.0012341984172736
v 0.0807692300000000 -0.1932711000000000 0.1130769300000000
vn 0.1128366532007478 -0.9936135467660550 0.0000968371555443
v 0.0807692300000000 -0.1933786900000000 0.1453846100000000
vn 0.1237608359893951 -0.9923115043096845 0.0010648426442898
v 0.0807692300000000 -0.1934848600000000 0.1776923100000000
vn 0.1364157763382740 -0.9906431576316395 0.0041073353455406
v 0.0807692300000000 -0.1935880800000000 0.2099999900000000
vn 0.1515689470732674 -0.9883717937427261 0.0121676463166580
v 0.0807692300000000 -0.1934825800000000 0.2423076900000000
vn 0.1761088201518443 -0.9840206991012058 0.0262478038147900
v 0.0807692300000000 -0.1929959500000000 0.2746153800000000
vn 0.2119946406703183 -0.9768172471563605 0.0297714290038640
v 0.0807692300000000 -0.1921750900000000 0.3069230900000000
vn 0.2150188742493824 -0.9762648722007703 0.0259573308208266
v 0.0807692300000000 -0.1914056700000000 0.3392307800000000
vn 0.2816640166727620 -0.9582697868229537 0.0488302915622761
v 0.0807692300000000 -0.1901183300000000 0.3715384600000000
vn 0.3022247432720139 -0.9510370319862068 0.0647206948744504
v 0.0807692300000000 -0.1885062900000000 0.4038461400000000
vn 0.3673589546643735 -0.9232068079915672 0.1128564934149578
v 0.0807692300000000 -0.1857881500000000 0.4361538600000000
vn 0.4739398168585057 -0.8702217813049522 0.1345180335068945
v 0.0807692300000000 -0.1795255700000000 0.4684615400000000
vn 0.6697047182048452 -0.7209829993814930 -0.1779862495167388
v 0.0807692300000000 -0.1502875100000000 -0.5976923100000000
vn 0.6101240957803739 -0.7833994957122736 -0.1184644160325645
v 0.0807692300000000 -0.1560614400000000 -0.5653846300000001
vn 0.5404991877419107 -0.8284574204823183 -0.1466933212457819
v 0.0807692300000000 -0.1612918500000000 -0.5330769400000001
vn 0.4978429185837517 -0.8561938540997535 -0.1381467068656433
v 0.0807692300000000 -0.1661727400000000 -0.5007692600000000
vn 0.4858173732211822 -0.8632725782943446 -0.1369011886051588
v 0.0807692300000000 -0.1707239600000000 -0.4684615400000000
vn 0.5131103316482012 -0.8492404690293879 -0.1245327800967207
v 0.0807692300000000 -0.1765773700000000 -0.4361538600000000
vn 0.5282024105026406 -0.8444737114085547 -0.0886925266246322
v 0.0807693500000000 -0.1776922500000000 -0.4266024200000000
vn 0.4846179182616785 -0.8693365176109258 -0.0969509796125112
v 0.0843737500000000 -0.1776922500000000 -0.4038460900000000
vn 0.4598916865125683 -0.8822360660105020 -0.1007926609775667
v 0.0925753900000000 -0.1776923100000000 -0.3715384600000000
vn 0.4458939022804855 -0.8905527700093052 -0.0899688375929930
v 0.1001241000000000 -0.1776923100000000 -0.3392307800000000
vn 0.4386769948889379 -0.8954895099363919 -0.0752398282101407
v 0.1070970000000000 -0.1776923100000000 -0.3069230900000000
vn 0.4548553465504331 -0.8879670520244596 -0.0679788807901108
v 0.1124349500000000 -0.1776923100000000 -0.2746153800000000
vn 0.4691376689691436 -0.8782155910894668 0.0929904463994919
v 0.1104604500000000 -0.1776923100000000 0.3715384600000000
vn 0.4892201951913329 -0.8639975227083382 0.1190457112659201
v 0.1023523500000000 -0.1776923100000000 0.4038461400000000
vn 0.5191247230752232 -0.8414667384809097 0.1498107136434935
v 0.0934785300000000 -0.1776923100000000 0.4361538600000000
vn 0.5576010165596152 -0.8160960967476232 0.1518824124280949
v 0.0829342600000000 -0.1776923700000000 0.4684615400000000
vn 0.5547349391247376 -0.8212155782066525 0.1336941338465789
v 0.0807692300000000 -0.1776923100000000 0.4785331800000000
vn 0.5211205045258090 -0.8359360978171437 0.1721750856802833
v 0.0807692300000000 -0.1738835100000000 0.5007692600000000
vn 0.5330018426596895 -0.8242170661865105 0.1912466039653435
v 0.0807692300000000 -0.1665192500000000 0.5330770600000000
vn 0.5408395261702936 -0.7996984069097097 0.2607202809870470
v 0.0807692300000000 -0.1591060600000000 0.5653846300000001
vn 0.5957918445537963 -0.7412411102702404 0.3091822996365192
v 0.0807692300000000 -0.1468657600000000 0.5976923100000000
vn 0.7560072636607692 -0.5593229397539559 -0.3400159795614739
v 0.0807692300000000 -0.1209455700000000 -0.6623076800000000
vn 0.7424749077059754 -0.6110859951797891 -0.2744174154862080
v 0.0807692300000000 -0.1392055300000000 -0.6300000000000000
vn 0.6996261687680101 -0.6759710249533807 -0.2314873590468213
v 0.0807692300000000 -0.1453846100000000 -0.6122276200000000
vn 0.6773299381560798 -0.7052928154548558 -0.2092515217274270
v 0.0856462400000000 -0.1453846800000000 -0.5976923100000000
vn 0.5934707093356517 -0.7824405417433353 -0.1886248016487612
v 0.0944378600000000 -0.1453846100000000 -0.5653846300000001
vn 0.5833663753568626 -0.7847530788059408 -0.2093950271797131
v 0.1071470400000000 -0.1453846100000000 -0.5330769400000001
vn -0.0063511801488243 0.9228130905010774 0.3851956159025796
v 0.0807692300000000 -0.1183028400000000 -0.4361538600000000
vn -0.0027146961030516 0.9999784990758021 0.0059692387432737
v 0.0807692300000000 -0.1184965800000000 -0.4038461400000000
vn -0.0025067778873583 0.9999927726973462 0.0028584292360105
v 0.0807692300000000 -0.1186702300000000 -0.3715384600000000
vn -0.0046435900213851 0.9999865539584242 0.0023084570754240
v 0.0807692300000000 -0.1187390600000000 -0.3392307800000000
vn -0.0058785828767003 0.9999825855320614 0.0005204766806309
v 0.0807692300000000 -0.1188075800000000 -0.3069230900000000
vn -0.0078197032356492 0.9999691773362329 0.0007047118588251
v 0.0807692300000000 -0.1187733900000000 -0.2746153800000000
vn -0.0078159011086222 0.9999675237207422 -0.0019655008693142
v 0.0807692300000000 -0.1188075800000000 -0.2423076900000000
vn -0.0076704147159268 0.9999679424473780 -0.0022975673315265
v 0.0807692300000000 -0.1186356600000000 -0.2099999900000000
vn -0.0058864995332331 0.9999790704007456 0.0026847502129308
v 0.0807692300000000 -0.1186010300000000 -0.1776923100000000
vn -0.0033643918287628 0.9999880816891700 0.0035379863250983
v 0.0807692300000000 -0.1188417200000000 -0.1453846100000000
vn -0.0022982615917801 0.9999969698686536 0.0008821831818897
v 0.0807692300000000 -0.1189096900000000 -0.1130769300000000
vn -0.0052348451784497 0.9999813918207009 0.0031324763832498
v 0.0807692300000000 -0.1188757400000000 -0.0807692300000000
vn -0.0094798466937575 0.9999472074871207 0.0039641828125952
v 0.0807692300000000 -0.1190445900000000 -0.0484615400000000
vn -0.0134542805543589 0.9999037076762045 0.0033996632397881
v 0.0807692300000000 -0.1190445900000000 -0.0161538500000000
vn -0.0112240406970383 0.9999368522227853 0.0005589966180947
v 0.0807692300000000 -0.1191781200000000 0.0161538500000000
vn -0.0052570981768356 0.9999833087010602 0.0023969226184932
v 0.0807692300000000 -0.1191448400000000 0.0484615400000000
vn -0.0030325785096944 0.9999798444312067 0.0055780103013898
v 0.0807692300000000 -0.1193759300000000 0.0807692300000000
vn -0.0028338672596270 0.9999739296584091 0.0066414757301477
v 0.0807692300000000 -0.1195384900000000 0.1130769300000000
vn -0.0010155585378970 0.9999791446790592 0.0063779971615984
v 0.0807692300000000 -0.1197943400000000 0.1453846100000000
vn -0.0000323925201716 0.9999831837462650 0.0057992392094308
v 0.0807692300000000 -0.1199829700000000 0.1776923100000000
vn 0.0004241044057754 0.9999835961400754 0.0057120562160695
v 0.0807692300000000 -0.1201995700000000 0.2099999900000000
vn 0.0008803253129883 0.9999837567430431 0.0056312767125777
v 0.0807692300000000 -0.1203520200000000 0.2423076900000000
vn 0.0019286434155253 0.9999700518836016 0.0074950430607735
v 0.0807692300000000 -0.1205624000000000 0.2746153800000000
vn 0.0009759206258401 0.9998890864116798 0.0148614418462084
v 0.0807692300000000 -0.1208568300000000 0.3069230900000000
vn -0.0020710142622730 0.9997149868255172 0.0237835240530375
v 0.0807692300000000 -0.1214806900000000 0.3392307800000000
vn -0.0051592252287803 0.9995170768344761 0.0306430336504503
v 0.0807692300000000 -0.1224612200000000 0.3715384600000000
vn -0.0054504126471887 0.9992195011491993 0.0391239252263935
v 0.0807692300000000 -0.1235735000000000 0.4038461400000000
vn -0.0049372495697857 0.9989984066416675 0.0444725431484995
v 0.0807692300000000 -0.1248718100000000 0.4361538600000000
vn -0.0567071928185191 0.9983561191123731 -0.0083278876988448
v 0.0807692300000000 -0.1267231300000000 0.4684615400000000
vn -0.1285545146562198 0.9915398933307217 -0.0179548515784750
v 0.0807692300000000 -0.1269396700000000 0.5007692600000000
vn -0.3542809942187607 0.9052385254557586 -0.2345808797963948
v 0.0807692300000000 -0.1245108900000000 0.5330769400000001
vn 0.6154141456095554 -0.6955838271280216 0.3707135940609618
v 0.1000312900000000 -0.1453846100000000 0.5653846300000001
vn 0.7096213286199976 -0.5969214838044494 0.3743291494664606
v 0.0822503800000000 -0.1453846100000000 0.5976923100000000
vn 0.6823427788207043 -0.6470447432586216 0.3402079252642769
v 0.0807692300000000 -0.1453846100000000 0.6005086900000000
vn 0.7460045149455250 -0.5150960734967218 0.4220820995365142
v 0.0807692300000000 -0.1263313300000000 0.6300000000000000
vn 0.8304335884516293 -0.2860507767242513 -0.4780742707015330
v 0.0807692300000000 -0.0845833300000000 -0.6946153600000000
vn 0.8004448284422709 -0.4276249827335710 -0.4200297022379926
v 0.0807692300000000 -0.1130769300000000 -0.6752612600000000
vn 0.8253289334447419 -0.4324117960535422 -0.3631145690449702
v 0.0875498700000000 -0.1130769300000000 -0.6623076800000000
vn 0.8527658674497400 -0.3838314947982046 -0.3542086375480816
v 0.0990542100000000 -0.1130769300000000 -0.6300000000000000
vn -0.0005430530037570 0.4880059923624908 0.8728401093623824
v 0.0807692300000000 -0.1130769300000000 -0.4414351000000000
vn -0.8391659431103702 0.2172398890536343 -0.4986054056342024
v 0.0959936900000000 -0.1130769300000000 0.5330769400000001
vn -0.5844511549562046 0.5647539567673501 -0.5826403829001046
v 0.0807692300000000 -0.1130769300000000 0.5624010000000000
vn -0.7002825629983123 0.0084571412385159 -0.7138156685885976
v 0.0807692300000000 -0.0853492200000000 0.5653846300000001
vn 0.6923395252387445 -0.4880073349691857 0.5315212345790737
v 0.1088252500000000 -0.1130769300000000 0.5976923100000000
vn 0.7818116951534055 -0.3995288823546437 0.4786931642355128
v 0.0891842100000000 -0.1130769800000000 0.6299998800000000
vn 0.7467517780701859 -0.4042963702902274 0.5281157325048775
v 0.0807692300000000 -0.1130769300000000 0.6419420800000000
vn 0.8250450894949695 -0.2046840092784847 -0.5266925636895997
v 0.0807692300000000 -0.0807692300000000 -0.6965425000000000
vn 0.8270749155468864 -0.2659536595860674 -0.4951926241634551
v 0.0823990100000000 -0.0807691700000000 -0.6946153600000000
vn 0.9231039553076398 -0.1908465761235739 -0.3338512723913145
v 0.0958965800000000 -0.0807692300000000 -0.6623076800000000
vn 0.8602234949064579 -0.2456523643230530 -0.4468450007703044
v 0.1068107000000000 -0.0807692300000000 -0.6300000000000000
vn 0.0763289971497686 0.0738441083935126 0.9943444734344722
v 0.0807692300000000 -0.0807692300000000 -0.4484345600000000
vn -0.2597244570124104 -0.8221786026448726 -0.5065230022245120
v 0.0807692300000000 -0.0582827300000000 0.5007692600000000
vn -0.7321028577698043 -0.3623179645397304 -0.5768458184099736
v 0.0851509300000000 -0.0807692300000000 0.5330769400000001
vn -0.5815359135347279 -0.7293267046509884 -0.3604143992021676
v 0.0807692300000000 -0.0720217400000000 0.5330768200000000
vn -0.9684080528276139 -0.1271236748541495 -0.2145353455964913
v 0.0811139400000000 -0.0807692900000000 0.5653846300000001
vn -0.5889983911326118 -0.5314295216892811 -0.6088214506078909
v 0.0807692300000000 -0.0749607400000000 0.5653846300000001
vn -0.6497328564446655 0.0205369693203863 -0.7598851545775779
v 0.0807692300000000 -0.0807692300000000 0.5666071800000000
vn 0.7609707974089952 -0.3383055653546521 0.5535998464060363
v 0.0996227400000000 -0.0807692300000000 0.6300000000000000
vn 0.6836986465234005 -0.3428392643221095 0.6442184408887601
v 0.0807692300000000 -0.0807692300000000 0.6595821400000000
vn 0.6319331011955525 -0.4393288079079340 0.6384753355890618
v 0.0807692300000000 -0.0772393900000000 0.6623076800000000
vn 0.8065654868235358 -0.3331161692456923 -0.4883500110086904
v 0.0807692300000000 -0.0196620500000000 -0.7269230500000000
vn 0.8017172947966481 -0.2807453215115618 -0.5276660342236501
v 0.0807692300000000 -0.0484615400000000 -0.7091877500000000
vn 0.8586235540951973 -0.2451801790097981 -0.4501691595096838
v 0.0900513600000000 -0.0484615400000000 -0.6946153600000000
vn 0.8742671499769034 -0.3005927977393772 -0.3811835783693688
v 0.0999856900000000 -0.0484615400000000 -0.6623076800000000
vn 0.1187467514010980 -0.1037773629159997 0.9874864393893653
v 0.0807692300000000 -0.0484615400000000 -0.4461726000000000
vn 0.0843844488511719 -0.9302591681722375 -0.3570674233580834
v 0.0807692300000000 -0.0296262700000000 0.4038461400000000
vn 0.0383361239726585 -0.9866377457180187 -0.1583549819968391
v 0.0807692300000000 -0.0354820900000000 0.4361538600000000
vn -0.0988905193677587 -0.9720343986327178 -0.2130018616207511
v 0.0807692300000000 -0.0398021600000000 0.4684614200000000
vn -0.1085881670837210 -0.8881454552876835 -0.4465492808428104
v 0.0807692300000000 -0.0484615400000000 0.4908387100000000
vn 0.7181472388575100 -0.4898646655195780 0.4942642540147189
v 0.0935013300000000 -0.0484614800000000 0.6623078000000000
vn 0.6144964055615647 -0.5518944843992467 0.5637434218167046
v 0.0807692300000000 -0.0484615400000000 0.6806058900000000
vn 0.6425615315979037 -0.5799673188125838 0.5007520216832867
v 0.0807692300000000 -0.0381147100000000 0.6946152400000000
vn 0.7907820237683464 -0.3769420382225673 -0.4822639222515561
v 0.0807692300000000 -0.0161538500000000 -0.7294033200000000
vn 0.7711118322989114 -0.3471450159462735 -0.5337385876927739
v 0.0825912700000000 -0.0161538500000000 -0.7269230500000000
vn 0.8103649775147449 -0.3838870855205632 -0.4426503233795891
v 0.1023989300000000 -0.0161538500000000 -0.6946153600000000
vn 0.2041667785436013 -0.2600423857202728 0.9437657994269748
v 0.0807692300000000 -0.0161538500000000 -0.4437612600000000
vn 0.1922231920767146 -0.7109940144379361 0.6764153722833822
v 0.0807692300000000 0.0007423000000000 -0.4361538600000000
vn 0.0471569629743633 -0.6701430612039759 0.7407324067186467
v 0.0807692300000000 0.0138408000000000 -0.4038461400000000
vn 0.0577262457492514 -0.3257763615104776 -0.9436829143481891
v 0.0807692300000000 -0.0161538500000000 0.3791049100000000
vn 0.7746570329274594 -0.2662905852777033 0.5735815596133503
v 0.0977733400000000 -0.0161538500000000 0.6946153600000000
vn 0.7049181594612552 -0.4307338369398243 0.5635235134196737
v 0.0807692300000000 -0.0161538500000000 0.7192850100000000
vn 0.7584694824164000 -0.1868880861507997 0.6243371585112403
v 0.0807692300000000 0.0111328800000000 0.7269230500000000
vn 0.7723038189443312 -0.2941266120214711 -0.5630598079642809
v 0.0807692300000000 0.0169875900000000 -0.7592307900000000
vn 0.7805948227117929 -0.3604799813085957 -0.5106132644490339
v 0.0807691100000000 0.0161538500000000 -0.7587724900000000
vn 0.8363429449178176 -0.2965579843584811 -0.4610681515778630
v 0.0969230800000000 0.0161538500000000 -0.7269230500000000
vn -0.0380654961792827 -0.6416372797154767 0.7660630648190450
v 0.0807692300000000 0.0161538500000000 -0.4026050900000000
vn -0.0114892682725472 -0.7613431690017091 0.6482473106222628
v 0.0807692300000000 0.0376185300000000 -0.3715384600000000
vn -0.0253923826665738 -0.5208649427140223 -0.8532613540727323
v 0.0807692300000000 0.0202657600000000 0.3715384600000000
vn -0.0655699016348691 -0.5077825160089470 -0.8589863237765878
v 0.0807692300000000 0.0161538500000000 0.3763133000000000
vn -0.1248838939914698 0.9558225573590268 0.2660963206532123
v 0.0807692300000000 0.0388889200000000 0.4684615400000000
vn -0.2179094820185054 0.9687365692438369 0.1185956030218135
v 0.0807692300000000 0.0309660600000000 0.5007692600000000
vn -0.2300823242856419 0.9682170224214143 -0.0980710025681762
v 0.0807692300000000 0.0309011100000000 0.5330769400000001
vn -0.1417811872556646 0.9768446700955745 -0.1602266689607024
v 0.0807692300000000 0.0424484600000000 0.5653846300000001
vn -0.0954218512702996 0.9952620297590795 -0.0186591109109152
v 0.0807692300000000 0.0425002200000000 0.5976923100000000
vn -0.1321189376070891 0.9905742880878916 -0.0361547521736897
v 0.0807692300000000 0.0416789200000000 0.6300000000000000
vn -0.0851694522871026 0.9917424829953606 -0.0958801951359706
v 0.0807692300000000 0.0411864400000000 0.6623076800000000
vn 0.9262616361775984 0.0658878493840909 0.3710770440880677
v 0.1027659600000000 0.0161538500000000 0.6946153600000000
vn 0.7750314660678601 -0.1882959097054936 0.6032171060181267
v 0.0821984900000000 0.0161538500000000 0.7269230500000000
vn 0.7571199002598583 -0.1841173217567833 0.6267936410491185
v 0.0807692300000000 0.0161538500000000 0.7283523700000000
vn 0.7745876695530304 -0.2652429740866084 -0.5741603494443833
v 0.0807692300000000 0.0484615400000000 -0.7738807800000000
vn 0.8485780969866717 -0.2490919028764796 -0.4667637916932431
v 0.0911269100000000 0.0484615400000000 -0.7592307900000000
vn 0.8453968287261086 -0.2750882098058766 -0.4578544297106194
v 0.1043772500000000 0.0484615400000000 -0.7269230500000000
vn -0.3459095286284186 0.8829829582820868 0.3173132417461960
v 0.0807692300000000 0.0673523900000000 -0.6946153600000000
vn -0.2137258015207886 0.9667270483934509 0.1405706074141489
v 0.0807692300000000 0.0653343900000000 -0.6623076800000000
vn -0.0304964344236158 0.9993112402636394 0.0211426717846369
v 0.0807692300000000 0.0674205400000000 -0.6300000000000000
vn -0.0372995329251434 0.9988574188291486 0.0298764404428815
v 0.0807692300000000 0.0652181700000000 -0.5976923100000000
vn -0.0477500534823368 0.9980483777187672 0.0402413733037405
v 0.0807692300000000 0.0638733400000000 -0.5653846300000001
vn -0.0376313277148427 0.9992366554355920 0.0104875930656154
v 0.0807692300000000 0.0638714800000000 -0.5330769400000001
vn -0.0079358255774911 0.9994047638283526 0.0335729163105946
v 0.0807692300000000 0.0628205800000000 -0.5007692600000000
vn 0.0046741223041046 0.9987083144717048 0.0505950114712167
v 0.0807692300000000 0.0609637900000000 -0.4684615400000000
vn 0.0016362142844476 0.9986502344121534 0.0519136986870207
v 0.0807692300000000 0.0593645700000000 -0.4361538600000000
vn -0.0038972285730771 0.9986436654072486 0.0519195642453263
v 0.0807692300000000 0.0576665100000000 -0.4038461400000000
vn -0.0048418397235278 0.9350375113921257 0.3545157385472639
v 0.0807692300000000 0.0560361200000000 -0.3715384600000000
vn -0.0065271082143307 0.0886523711058653 0.9960412410917866
v 0.0807692300000000 0.0484615400000000 -0.3620589700000000
vn 0.0026831430918163 0.3202657827871601 -0.9473239304054746
v 0.0807692300000000 0.0484615400000000 0.3650374700000000
vn 0.0041966487830836 0.9541792007760475 -0.2992063517797955
v 0.0807692300000000 0.0539857100000000 0.3715384600000000
vn 0.0014075467280128 0.9968655102121550 0.0791022968166435
v 0.0807693500000000 0.0507047000000000 0.4038461400000000
vn 0.0034523007519697 0.9977931669021127 0.0663089564310161
v 0.0807692300000000 0.0489034900000000 0.4361538600000000
vn -0.0305811340245303 0.9853648317550027 0.1676930009935090
v 0.0807692300000000 0.0484615400000000 0.4420205100000000
vn -0.5684697253483857 0.7021056955315156 -0.4288236976480401
v 0.1070824600000000 0.0484615400000000 0.6300000000000000
vn -0.8883242857136701 0.4135171083496333 0.1997086991431657
v 0.0881154400000000 0.0484615400000000 0.6623076800000000
vn 0.3051228143906503 0.4653227439944506 -0.8308879660097405
v 0.0807692300000000 0.0484615400000000 0.6704945600000000
vn 0.9822488655422968 -0.1168142059399735 0.1467705945735872
v 0.1095572000000000 0.0484615400000000 0.6946153600000000
vn 0.7901220279644531 -0.1663389000166915 0.5899479225038234
v 0.0903049900000000 0.0484615400000000 0.7269229300000000
vn 0.7636696499179658 -0.1639455751940198 0.6244441641720047
v 0.0807692300000000 0.0484615400000000 0.7374821300000000
vn 0.6974849583085811 -0.5388107412511045 -0.4724380573638328
v 0.0807692300000000 0.1097913600000000 -0.8238461600000000
vn 0.6825616147573079 -0.5628251950333367 -0.4661946394968340
v 0.0807692300000000 0.0823955600000000 -0.7915384800000000
vn 0.6835881799376371 -0.4356316466186871 -0.5856041911682668
v 0.0807692300000000 0.0807692300000000 -0.7898617400000000
vn 0.8019329027445607 -0.3683075062692858 -0.4703755949466158
v 0.1000405300000000 0.0807692300000000 -0.7592307900000000
vn -0.7391968923004861 0.4097588313514341 0.5344957011453043
v 0.0807692300000000 0.1026094300000000 -0.7269230500000000
vn -0.6749051121554458 0.4961267846853460 0.5462245903510987
v 0.0807692300000000 0.0807692300000000 -0.7128477100000000
vn -0.7886586653182276 0.4940002442883161 0.3660345178552918
v 0.0902269800000000 0.0807692300000000 -0.6946153600000000
vn -0.5212154919404755 0.6621418842627356 0.5384259801181981
v 0.1108359800000000 0.0807692300000000 -0.6623076800000000
vn -0.8310375753687022 0.1459544583094247 -0.5367251106711062
v 0.1004991200000000 0.0807692300000000 0.6623076800000000
vn -0.0792312335328049 0.0383522659228077 -0.9961182235716082
v 0.0807692300000000 0.0807692300000000 0.6818142500000000
vn 0.7879710879565713 -0.2643841505549188 0.5560598758046578
v 0.0955225300000000 0.0807692300000000 0.7269230500000000
vn 0.7508026785350055 -0.2405179262453832 0.6151800265444918
v 0.0807692300000000 0.0807692300000000 0.7458291100000000
vn 0.7181776221454819 -0.4053490681800743 0.5656085536614586
v 0.0807692300000000 0.1041644100000000 0.7592307900000000
vn 0.7995390965562227 0.0824167079788187 -0.5949325334220622
v 0.0807692300000000 0.1130769300000000 -0.8274582000000000
vn 0.7954127135086396 -0.1706682036693045 -0.5815418982714105
v 0.0840363100000000 0.1130769300000000 -0.8238461600000000
vn 0.6183113105844504 0.6882329701622316 -0.3795082370450109
v 0.0807692300000000 0.1177292600000000 -0.8238461600000000
vn 0.8578086536456273 0.0912792727738150 -0.5057987822173556
v 0.1015197100000000 0.1130769300000000 -0.7915384800000000
vn 0.2464971776850966 0.9559254347204801 -0.1595170982927634
v 0.0807692300000000 0.1303807600000000 -0.7915384800000000
vn -0.4228071035166361 0.8688435262918058 0.2575753870941332
v 0.0807692300000000 0.1284038000000000 -0.7592307900000000
vn -0.6535326050094543 0.5765658919415481 0.4903742514031543
v 0.0807692300000000 0.1130769300000000 -0.7315313800000000
vn -0.7301440877587456 0.5297407836563112 0.4315834950993221
v 0.0848491000000000 0.1130769300000000 -0.7269230500000000
vn -0.7408914255427780 0.4519622689590135 0.4967997614679485
v 0.1013169700000000 0.1130769300000000 -0.6946153600000000
vn -0.6478808302360141 0.1076563188702606 -0.7540958472369397
v 0.1126662700000000 0.1130769300000000 0.6623076800000000
vn -0.2935486400402940 0.0402200003129351 -0.9550976638571164
v 0.0807692300000000 0.1130769300000000 0.6844020500000000
vn 0.6768880049330848 -0.4935603110898548 0.5460960062979716
v 0.0861538900000000 0.1130769300000000 0.7592306700000000
vn 0.7173697549367438 -0.4882732866204647 0.4969605942877621
v 0.0807692300000000 0.1130769300000000 0.7664605400000000
vn 0.6817342423256861 -0.5500940913378247 0.4823224165595414
v 0.0807692300000000 0.1337167300000000 0.7915384800000000
vn -0.0747506230209684 0.3069450863914298 -0.9487871512083914
v 0.0807692300000000 0.1453846100000000 0.6824677000000000
vn -0.0420096155209614 0.9055896749408168 -0.4220693460136222
v 0.0807692300000000 0.1607225800000000 0.6946153600000000
vn 0.1824879146799196 0.9829928707183029 -0.0205712691092322
v 0.0807692300000000 0.1657509500000000 0.7269230500000000
vn 0.3159499233564990 0.9450910220987874 -0.0835380504877376
v 0.0807692300000000 0.1695117400000000 0.7592307900000000
vn 0.8038956151745461 -0.0412917234695539 0.5933353465588007
v 0.0899116000000000 0.1453846100000000 0.7915384800000000
vn 0.5164068737863471 0.7668940685814827 0.3810478031438468
v 0.0807692300000000 0.1704517200000000 0.7915384800000000
vn 0.7959776018648097 0.0316411024481432 0.6044985508381410
v 0.0807692300000000 0.1453846100000000 0.8040721400000000
vn 0.4323052588687369 -0.8997598143004113 -0.0595351973585677
v 0.1130769300000000 -0.1796819600000000 -0.2423076900000000
vn 0.4006830899270392 -0.9139436565888382 -0.0644984808157808
v 0.1130769300000000 -0.1821522700000000 -0.2099999900000000
vn 0.3582701857711404 -0.9317475840478179 -0.0590670264070143
v 0.1130769300000000 -0.1847534500000000 -0.1776923100000000
vn 0.3253565469826342 -0.9446763249705823 -0.0415903639754670
v 0.1130769300000000 -0.1864231100000000 -0.1453846100000000
vn 0.2951990696023192 -0.9549435186477990 -0.0306657055761960
v 0.1130769300000000 -0.1876707100000000 -0.1130769300000000
vn 0.2715834360219155 -0.9621757450946207 -0.0214539700321778
v 0.1130769300000000 -0.1885062900000000 -0.0807692300000000
vn 0.2544940376910483 -0.9669611358976412 -0.0147968389614405
v 0.1130769300000000 -0.1891563500000000 -0.0484615400000000
vn 0.2400214546240779 -0.9707474882136415 -0.0062462346295773
v 0.1130769300000000 -0.1894871900000000 -0.0161538500000000
vn 0.2334614003440149 -0.9723658610689828 0.0006377907080815
v 0.1130769300000000 -0.1895278100000000 0.0161538500000000
vn 0.2350557818294226 -0.9719650915307547 0.0057131667375084
v 0.1130769300000000 -0.1893231000000000 0.0484615400000000
vn 0.2403941830712603 -0.9706373371482928 0.0085904877144912
v 0.1130769300000000 -0.1890294700000000 0.0807692300000000
vn 0.2482216303668955 -0.9686472573950943 0.0104169553595224
v 0.1130769300000000 -0.1887274500000000 0.1130769300000000
vn 0.2614786763426437 -0.9651062226672533 0.0141025099555015
v 0.1130769300000000 -0.1882805800000000 0.1453846100000000
vn 0.2800500335714950 -0.9598114735403664 0.0182733126957015
v 0.1130769300000000 -0.1877188200000000 0.1776923100000000
vn 0.3033062600328182 -0.9526146900475504 0.0230339951053607
v 0.1130769300000000 -0.1869745000000000 0.2099999900000000
vn 0.3267435120162510 -0.9446310770105263 0.0301795576710320
v 0.1130769300000000 -0.1860406100000000 0.2423076900000000
vn 0.3537006640993295 -0.9339316987196030 0.0516470942300710
v 0.1130769300000000 -0.1846606400000000 0.2746153800000000
vn 0.3933498740298859 -0.9167023884046605 0.0702325258969370
v 0.1130769300000000 -0.1819635200000000 0.3069230900000000
vn 0.4419273786738953 -0.8944689859244824 0.0680104785871082
v 0.1130769300000000 -0.1793106900000000 0.3392307800000000
vn 0.5670757658010128 -0.8020817367411452 -0.1873231524064846
v 0.1130769300000000 -0.1492329100000000 -0.5007692600000000
vn 0.4947319362439155 -0.8529384937381335 -0.1665419981868549
v 0.1130769300000000 -0.1569370800000000 -0.4684615400000000
vn 0.4266712408491242 -0.8930966034947045 -0.1425836914183773
v 0.1130769300000000 -0.1616994700000000 -0.4361538600000000
vn 0.3762008474827881 -0.9219685289372322 -0.0919073120189471
v 0.1130769300000000 -0.1646368200000000 -0.4038461400000000
vn 0.3637085294538964 -0.9271857063159100 -0.0896815009126815
v 0.1130769300000000 -0.1676179000000000 -0.3715384600000000
vn 0.3912200079611027 -0.9157819879173865 -0.0910508428132025
v 0.1130769300000000 -0.1707862000000000 -0.3392307200000000
vn 0.4223973660556671 -0.9023140547486902 -0.0860802634301989
v 0.1130769300000000 -0.1743236200000000 -0.3069230900000000
vn 0.4515156192601657 -0.8892997879177800 -0.0726603934306760
v 0.1130769300000000 -0.1772980500000000 -0.2746153800000000
vn 0.4697356198789676 -0.8806782550465809 -0.0612720042517911
v 0.1130769300000000 -0.1776923100000000 -0.2694971900000000
vn 0.4518779965574392 -0.8900951420038289 -0.0594719632130863
v 0.1162472500000000 -0.1776923100000000 -0.2423076300000000
vn 0.4367535318104725 -0.8968787736901174 -0.0696765222667570
v 0.1212233500000000 -0.1776923100000000 -0.2100000700000000
vn 0.4350949885692300 -0.8980919485085065 -0.0642121713239464
v 0.1271819600000000 -0.1776923100000000 -0.1776923100000000
vn 0.4318136685853994 -0.9001475767659577 -0.0571952416306905
v 0.1319363400000000 -0.1776923100000000 -0.1453846100000000
vn 0.4282734314161084 -0.9024510305052755 -0.0465188723319676
v 0.1365584900000000 -0.1776923100000000 -0.1130769300000000
vn 0.4290568960564854 -0.9025585713471256 -0.0360306152349622
v 0.1398889100000000 -0.1776923100000000 -0.0807692300000000
vn 0.4298280495087993 -0.9024977641511629 -0.0273062915390014
v 0.1425580100000000 -0.1776923100000000 -0.0484615400000000
vn 0.4274075360091026 -0.9039670443168880 -0.0128988740445510
v 0.1445455700000000 -0.1776923100000000 -0.0161538500000000
vn 0.4244589459826395 -0.9054441892653571 0.0023287981679734
v 0.1451059600000000 -0.1776923100000000 0.0161538500000000
vn 0.4213687133077301 -0.9068021123257308 0.0125831842941551
v 0.1445539400000000 -0.1776923100000000 0.0484615400000000
vn 0.4206469050140619 -0.9070523458375592 0.0176698390675099
v 0.1432686400000000 -0.1776923100000000 0.0807692300000000
vn 0.4224731322488872 -0.9060302227265762 0.0250137568918600
v 0.1416991200000000 -0.1776923100000000 0.1130769300000000
vn 0.4270706302412444 -0.9036317814460011 0.0325619462881550
v 0.1393269300000000 -0.1776923100000000 0.1453846100000000
vn 0.4342878893893047 -0.8999595867814668 0.0382984502286273
v 0.1364553400000000 -0.1776923100000000 0.1776923100000000
vn 0.4414194779604362 -0.8964289525104563 0.0395471563850285
v 0.1332106900000000 -0.1776923100000000 0.2099999900000000
vn 0.4477893255459776 -0.8928827197015157 0.0473832120640119
v 0.1301091300000000 -0.1776923100000000 0.2423076900000000
vn 0.4559208896821003 -0.8874627588829379 0.0674239864392966
v 0.1260589700000000 -0.1776923100000000 0.2746153800000000
vn 0.4713171226025968 -0.8788546166822225 0.0739914365176964
v 0.1202441800000000 -0.1776923100000000 0.3069230900000000
vn 0.5116662319669596 -0.8555808662183129 0.0786069235236620
v 0.1153403000000000 -0.1776923700000000 0.3392307800000000
vn 0.4989280187680362 -0.8627922948717934 0.0816105875365828
v 0.1130769300000000 -0.1776923100000000 0.3550334900000000
vn 0.4614314449451344 -0.8818485236091930 0.0970783344734135
v 0.1130769300000000 -0.1760057100000000 0.3715384600000000
vn 0.4476563283854201 -0.8847719726952800 0.1295467791548199
v 0.1130769300000000 -0.1712307500000000 0.4038461400000000
vn 0.4488949550024385 -0.8854930075254462 0.1199810526579047
v 0.1130769300000000 -0.1667010300000000 0.4361538600000000
vn 0.4560611464807086 -0.8773102032467686 0.1494491149181399
v 0.1130769300000000 -0.1627639400000000 0.4684615400000000
vn 0.4985314418578941 -0.8402405760828405 0.2132186103112614
v 0.1130769300000000 -0.1575393800000000 0.5007692600000000
vn 0.5712313251606370 -0.7724129904492814 0.2776201457755196
v 0.1130769300000000 -0.1468657600000000 0.5330769400000001
vn 0.7111843296978995 -0.6124543533724454 -0.3451326038311787
v 0.1130769300000000 -0.1155977000000000 -0.5976923100000000
vn 0.6818419890647163 -0.6880933835913208 -0.2482317413348234
v 0.1130769300000000 -0.1307940600000000 -0.5653846300000001
vn 0.6329335305671476 -0.7367060026047517 -0.2380323751297983
v 0.1130769300000000 -0.1404273700000000 -0.5330769400000001
vn 0.6417702853908845 -0.7397438763376294 -0.2022619544310812
v 0.1130769300000000 -0.1453846100000000 -0.5145239800000000
vn 0.5888628325109103 -0.7807102439699606 -0.2091221639319752
v 0.1173515200000000 -0.1453846800000000 -0.5007692600000000
vn 0.6963172528819831 -0.7151349141800097 -0.0610273533723899
v 0.1312307700000000 -0.1453846100000000 -0.4684615400000000
vn 0.9753661386469497 -0.1624602581827619 -0.1492231888552499
v 0.1448714300000000 -0.1453846100000000 -0.4361538600000000
vn 0.3402472670199670 0.8695615949528820 0.3579028218224096
v 0.1130769300000000 -0.1177377700000000 -0.4361538600000000
vn 0.0321986862657599 0.9959919549650200 -0.0834462117038083
v 0.1130769300000000 -0.1183028400000000 -0.4038461400000000
vn -0.0283840413188876 0.9995467966072153 0.0100273421534173
v 0.1130769300000000 -0.1185314600000000 -0.3715384600000000
vn -0.0138282039690373 0.9999043709285822 0.0001725482740722
v 0.1130769300000000 -0.1184615200000000 -0.3392307800000000
vn -0.0145345834958880 0.9998943673282503 -0.0000082364398321
v 0.1130769300000000 -0.1184965800000000 -0.3069230900000000
vn -0.0140638927851357 0.9999010963665090 -0.0000663685276107
v 0.1130769300000000 -0.1184264600000000 -0.2746153800000000
vn -0.0133027286551845 0.9999112413852613 -0.0007394333723097
v 0.1130769300000000 -0.1184615200000000 -0.2423076900000000
vn -0.0118013963891173 0.9999294778898616 -0.0013290185009080
v 0.1130769300000000 -0.1183559600000000 -0.2099999900000000
vn -0.0108572969618967 0.9999323136455133 0.0041817735725496
v 0.1130769300000000 -0.1183912700000000 -0.1776923100000000
vn -0.0108355450660604 0.9999331848964208 0.0040269971469787
v 0.1130769300000000 -0.1186702300000000 -0.1453846100000000
vn -0.0120649146038936 0.9999268333169284 0.0008751276367087
v 0.1130769300000000 -0.1186702300000000 -0.1130769300000000
vn -0.0115997620431460 0.9999309102648467 0.0019026869047597
v 0.1130769300000000 -0.1187390600000000 -0.0807692300000000
vn -0.0092395092976586 0.9999478351490135 0.0043541300784201
v 0.1130769300000000 -0.1187733900000000 -0.0484615400000000
vn -0.0061406139616772 0.9999803919898195 0.0012282084759387
v 0.1130769300000000 -0.1188757400000000 -0.0161538500000000
vn -0.0085718710076195 0.9999603333741154 0.0024196499243937
v 0.1130769300000000 -0.1189096900000000 0.0161538500000000
vn -0.0097574107355832 0.9999379996366544 0.0053656144459768
v 0.1130769300000000 -0.1190781100000000 0.0484615400000000
vn -0.0084152986236876 0.9999400654903999 0.0070034403066728
v 0.1130769300000000 -0.1193431500000000 0.0807692300000000
vn -0.0070826368452503 0.9999535710296772 0.0065339146240541
v 0.1130769300000000 -0.1195061400000000 0.1130769300000000
vn -0.0066121141136734 0.9999442591068131 0.0082315628087691
v 0.1130769300000000 -0.1197626700000000 0.1453846100000000
vn -0.0053593478265862 0.9999713832126964 0.0053394893538988
v 0.1130769300000000 -0.1200141500000000 0.1776923100000000
vn -0.0059251177434947 0.9999611058342480 0.0065329777646658
v 0.1130769300000000 -0.1201380700000000 0.2099999900000000
vn -0.0044067236220433 0.9999724993558080 0.0059650078807577
v 0.1130769300000000 -0.1203822800000000 0.2423076900000000
vn -0.0040001264961870 0.9999563988493082 0.0084379729993664
v 0.1130769300000000 -0.1205325100000000 0.2746153800000000
vn -0.0043059586006785 0.9999047131151358 0.0131157695415506
v 0.1130769300000000 -0.1209148800000000 0.3069230900000000
vn -0.0085244066475475 0.9997952291412666 0.0183530454603483
v 0.1130769300000000 -0.1214529600000000 0.3392307800000000
vn -0.0325361124418720 0.9994288521979698 0.0091307601774641
v 0.1130769300000000 -0.1222301900000000 0.3715384600000000
vn -0.0583681124861925 0.9975727937412907 0.0379695224093676
v 0.1130769300000000 -0.1230553200000000 0.4038461400000000
vn -0.1617502634463481 0.9865040330637836 0.0254292159518615
v 0.1130769300000000 -0.1247490000000000 0.4361538600000000
vn 0.8934836061385418 -0.2987779228097818 0.3352891265805369
v 0.1439203500000000 -0.1453846100000000 0.4684615400000000
vn 0.3648151031565134 0.9307502514748288 0.0247772050168131
v 0.1130769300000000 -0.1258118000000000 0.4684615400000000
vn 0.9841822501760034 -0.0102561569977641 0.1768618378343268
v 0.1303017600000000 -0.1453846100000000 0.5007692600000000
vn 0.0789713786334313 0.9476652097267936 -0.3093447455998042
v 0.1130769300000000 -0.1177638900000000 0.5007692600000000
vn 0.8331623090030723 -0.5222776714834839 0.1818422413149898
v 0.1145492000000000 -0.1453846800000000 0.5330768200000000
vn 0.6450215061866128 -0.7017124375079778 0.3025672017971641
v 0.1130769300000000 -0.1453846100000000 0.5360988400000000
vn 0.6941076008942149 -0.6105226085694391 0.3814141879983553
v 0.1130769300000000 -0.1336148100000000 0.5653846300000001
vn 0.7880676043155016 -0.3816984680947984 -0.4829655582777205
v 0.1130769300000000 -0.1130769300000000 -0.6011549800000000
vn 0.7619121053367053 -0.5062955654566326 -0.4039241811780249
v 0.1156121800000000 -0.1130769300000000 -0.5976923100000000
vn 0.8239910698730402 -0.4688983697226674 -0.3180770907200131
v 0.1278676800000000 -0.1130769300000000 -0.5653846300000001
vn 0.7030188085226381 -0.5680555377993628 -0.4278755202613102
v 0.1440014500000000 -0.1130769300000000 -0.5330769400000001
vn -0.1271795445421605 0.3203508494037246 0.9387229073248191
v 0.1130769300000000 -0.1130769300000000 -0.4406379500000000
vn -0.8316839643050913 0.1625337515459101 0.5309280206639879
v 0.1195637500000000 -0.1130769300000000 -0.4361538600000000
vn -0.4284421973883883 0.9018700279274657 0.0553871485375588
v 0.1377445900000000 -0.1130769300000000 -0.4038461400000000
vn -0.8601212488426865 0.4798532256347148 -0.1730095926162968
v 0.1304290700000000 -0.1130769300000000 0.4361538600000000
vn -0.9407251076575152 -0.3331072215290102 -0.0638423902119867
v 0.1255218700000000 -0.1130769300000000 0.4684615400000000
vn -0.8940602954381959 -0.1940920431130501 -0.4037133474647175
v 0.1163151600000000 -0.1130769300000000 0.5007692600000000
vn -0.5423606311099596 0.1527148687949606 -0.8261495716097322
v 0.1130769300000000 -0.1130769300000000 0.5054562100000000
vn 0.7667636993891076 -0.4885617422991536 0.4163902655691483
v 0.1285751200000000 -0.1130769300000000 0.5653846300000001
vn 0.6947557789437950 -0.5200009932461360 0.4969037881192220
v 0.1130769300000000 -0.1130769300000000 0.5929935000000000
vn 0.7437327463826412 -0.3942678651029613 0.5398281694255006
v 0.1130769300000000 -0.1066445000000000 0.5976923100000000
vn 0.8051094150960129 -0.2664510275089799 -0.5299081804078560
v 0.1130769300000000 -0.0625777300000000 -0.6300000000000000
vn 0.7973304817632166 -0.2882839836267023 -0.5302418765389585
v 0.1130769300000000 -0.0807692300000000 -0.6215384600000000
vn 0.8717309478716586 -0.2621109398030495 -0.4139843110050691
v 0.1261324100000000 -0.0807692300000000 -0.5976923100000000
vn 0.8220353532028589 -0.3417099119329594 -0.4555131328199226
v 0.1366537700000000 -0.0807692300000000 -0.5653846300000001
vn -0.0524990488180848 0.1755927257775535 0.9830620756224936
v 0.1130769300000000 -0.0807692300000000 -0.4500665100000000
vn -0.8530109989049159 0.1507417860699848 -0.4996490264972687
v 0.1365914000000000 -0.0807692300000000 0.4684615400000000
vn -0.9249647972470805 -0.1160418891910558 -0.3619038598946382
v 0.1170200000000000 -0.0807692300000000 0.5007692600000000
vn -0.4841659170364805 -0.6527851392173321 -0.5826276055914552
v 0.1130769300000000 -0.0514335700000000 0.5007692600000000
vn -0.8160654587974207 -0.0578122318779154 -0.5750607905283140
v 0.1130769300000000 -0.0807692300000000 0.5172215700000000
vn 0.7516793354956118 -0.3519405148700061 0.5577777788527529
v 0.1248132100000000 -0.0807692300000000 0.5976924300000001
vn 0.7196618588837209 -0.3692161791863974 0.5880188958656223
v 0.1130769300000000 -0.0807692300000000 0.6151189200000000
vn 0.7544058420561807 -0.3604117991958624 0.5486120309215851
v 0.1130769300000000 -0.0538425000000000 0.6300000000000000
vn 0.7364805040004911 -0.5213746929895707 -0.4310045205531066
v 0.1130769300000000 -0.0279875000000000 -0.6623076800000000
vn 0.7687752775052850 -0.4281405227693029 -0.4750581706059797
v 0.1130769300000000 -0.0484615400000000 -0.6369500800000000
vn 0.7936519784648756 -0.3703691214397810 -0.4826419490292089
v 0.1181602500000000 -0.0484614800000000 -0.6300000000000000
vn 0.7988712657185192 -0.4178287436015893 -0.4326937044025583
v 0.1348880400000000 -0.0484615400000000 -0.5976923100000000
vn 0.0512648340442617 -0.1073014337547745 0.9929039828223998
v 0.1130769300000000 -0.0484615400000000 -0.4513025900000000
vn -0.0665845647170010 -0.9379205209843768 -0.3403991657713669
v 0.1130769300000000 -0.0287281900000000 0.4038461400000000
vn -0.0385150803874058 -0.9779220323548397 -0.2053900854903461
v 0.1130769300000000 -0.0360431000000000 0.4361538600000000
vn -0.5680106586047081 -0.6115424622969807 -0.5507991544285372
v 0.1297641700000000 -0.0484615400000000 0.4684615400000000
vn -0.1297486531507325 -0.9576675815904970 -0.2569787737852675
v 0.1130769300000000 -0.0427693900000000 0.4684615400000000
vn -0.5059572698004221 -0.7938980120759397 -0.3372435137374385
v 0.1130769300000000 -0.0484615400000000 0.4906067800000000
vn 0.6514669556012473 -0.4961395440982051 0.5739654680742280
v 0.1401218500000000 -0.0484615400000000 0.5976923100000000
vn 0.6999567754438135 -0.5023143015270415 0.5076818442604574
v 0.1158777700000000 -0.0484615400000000 0.6300000000000000
vn 0.7127257005882379 -0.4779927207436559 0.5133663746653871
v 0.1130769300000000 -0.0484615400000000 0.6335507600000000
vn 0.6495780761016245 -0.5989747383529699 0.4682708466935598
v 0.1130769300000000 -0.0282896900000000 0.6623076800000000
vn 0.7822363281663743 -0.3369610011435007 -0.5239881779249965
v 0.1130769300000000 0.0109794400000000 -0.6946153600000000
vn 0.7574745209001604 -0.4276068258858899 -0.4933404024027089
v 0.1130769300000000 -0.0161538500000000 -0.6767430300000000
vn 0.7877385683299717 -0.4251140722811347 -0.4458093465978442
v 0.1222041300000000 -0.0161538500000000 -0.6623076800000000
vn 0.7857844393525032 -0.4057246106314408 -0.4668301138523929
v 0.1376338000000000 -0.0161538500000000 -0.6300000000000000
vn 0.0301764804365532 -0.2804914892324613 0.9593820430342744
v 0.1130769300000000 -0.0161538500000000 -0.4440347600000000
vn 0.0033909073667933 -0.7525605028146305 0.6585143820377960
v 0.1130769300000000 0.0034359200000000 -0.4361538600000000
vn -0.0097451013724696 -0.7567044191931970 0.6536845225127537
v 0.1130769300000000 0.0112328300000000 -0.4038461400000000
vn -0.1414870972971067 -0.2636019682761634 -0.9541988281377062
v 0.1343923500000000 -0.0161538500000000 0.3715384600000000
vn -0.1382162517978744 -0.6359601806788809 -0.7592436475399921
v 0.1130769300000000 -0.0161538500000000 0.3770006300000000
vn 0.7773755366135510 -0.3264651159720758 0.5376874585929382
v 0.1424877600000000 -0.0161538500000000 0.6300000000000000
vn 0.7669276837668821 -0.3613481240295074 0.5303295778403474
v 0.1232503500000000 -0.0161538500000000 0.6623076800000000
vn 0.7245126375608141 -0.3875119203639051 0.5700139906972030
v 0.1130769300000000 -0.0161538500000000 0.6748248300000000
vn 0.8017142729064547 -0.2577583972884300 -0.5392725036986167
v 0.1130769300000000 0.0161538500000000 -0.6977385300000000
vn 0.7959918337300762 -0.2923857734707088 -0.5300071321283952
v 0.1158250200000000 0.0161538500000000 -0.6946154200000000
vn 0.8872236323575839 -0.1998542231362520 -0.4158034579952646
v 0.1303965300000000 0.0161538500000000 -0.6623076800000000
vn -0.0190721170829578 -0.6354458068478294 0.7719098917033550
v 0.1130768000000000 0.0161538500000000 -0.4018832400000000
vn -0.0081468214787203 -0.7449513519838570 0.6670690462592439
v 0.1130769300000000 0.0375496300000000 -0.3715384600000000
vn -0.0731973208325649 -0.2354212097066652 -0.9691331210123741
v 0.1285007900000000 0.0161538500000000 0.3715384600000000
vn -0.0403480393320822 -0.4792280795588676 -0.8767625011851138
v 0.1130769300000000 0.0180041100000000 0.3715384600000000
vn -0.1172713824363086 -0.2995779514928030 -0.9468370893880598
v 0.1130770400000000 0.0161538500000000 0.3732960500000000
vn -0.1302540680588295 0.9814383683943142 0.1407572619712117
v 0.1130769300000000 0.0453050100000000 0.4684615400000000
vn -0.1974363093575342 0.9798170466903300 0.0312643369082989
v 0.1130769300000000 0.0430885900000000 0.5007692600000000
vn -0.2659448057396276 0.9634391787354745 -0.0325316642308099
v 0.1130769300000000 0.0453932500000000 0.5330769400000001
vn -0.1615394750139035 0.9845461232457685 -0.0676308303509596
v 0.1130769300000000 0.0458103100000000 0.5653846300000001
vn -0.2762395023488047 0.9586620076139091 -0.0682560803134344
v 0.1130769300000000 0.0447329100000000 0.5976923100000000
vn 0.8302803602192854 -0.1280726905563059 0.5424314789609859
v 0.1280685800000000 0.0161538500000000 0.6623076800000000
vn 0.6625726759218625 -0.0116354557617672 0.7489072474552230
v 0.1130769300000000 0.0161538500000000 0.6827375900000000
vn 0.7859073648073535 -0.3554292510741150 -0.5059838549029556
v 0.1130769300000000 0.0674120400000000 -0.7269230500000000
vn 0.8021436713444021 -0.3172984027739613 -0.5058529965505956
v 0.1130769300000000 0.0484615400000000 -0.7137089400000000
vn 0.8625361688737907 -0.2526702807156558 -0.4383937575144007
v 0.1240242000000000 0.0484615400000000 -0.6946153600000000
vn 0.8617449273804206 -0.2760744156081084 -0.4256507925292223
v 0.1349511400000000 0.0484615400000000 -0.6623076800000000
vn -0.3321710714948150 0.9141223455299796 0.2324708942314172
v 0.1130769300000000 0.0659430900000000 -0.6300000000000000
vn -0.0959155647233489 0.9919420606903082 0.0827716900713387
v 0.1130769300000000 0.0654711900000000 -0.5976923100000000
vn 0.0036496171202310 0.9996106408146767 0.0276630993373303
v 0.1130769300000000 0.0647712900000000 -0.5653846300000001
vn 0.0061597546606008 0.9996070449624401 0.0273461712855594
v 0.1130769300000000 0.0638714800000000 -0.5330769400000001
vn 0.0058745026243230 0.9990992758882160 0.0420253154486596
v 0.1130769300000000 0.0625356400000000 -0.5007692600000000
vn -0.0011081140468067 0.9987944310473940 0.0490760286898994
v 0.1130769300000000 0.0608876200000000 -0.4684615400000000
vn -0.0050073983922034 0.9988631538198580 0.0474059690586376
v 0.1130769300000000 0.0593645700000000 -0.4361538600000000
vn -0.0073731369619896 0.9987891329918664 0.0486405660811582
v 0.1130770400000000 0.0578458300000000 -0.4038461400000000
vn -0.0076367244250070 0.9349525901382223 0.3546904772247002
v 0.1130770400000000 0.0562705300000000 -0.3715384600000000
vn -0.0081703800571350 0.0833615615830489 0.9964858729255310
v 0.1130769300000000 0.0484615400000000 -0.3618176000000000
vn -0.0099242136035779 0.2500942517237650 -0.9681706333281755
v 0.1130769300000000 0.0484615400000000 0.3653916700000000
vn 0.0010676475538367 0.9518580445946829 -0.3065373110554201
v 0.1130769300000000 0.0537405800000000 0.3715384600000000
vn -0.0076272509684144 0.9971452643259494 0.0751208817506625
v 0.1130769300000000 0.0507373600000000 0.4038461400000000
vn -0.0130916337785225 0.9986626803563491 0.0500145977538699
v 0.1130770400000000 0.0487864100000000 0.4361538600000000
vn -0.0466375923852400 0.9960758375466018 0.0752187531958890
v 0.1130769300000000 0.0484615400000000 0.4450900300000000
vn -0.0917197055346177 0.9925973622370393 0.0796113817033396
v 0.1352121700000000 0.0484615400000000 0.4684615400000000
vn -0.3968474832841224 0.8630624442910810 -0.3124664658253150
v 0.1315151000000000 0.0484615400000000 0.5653846300000001
vn -0.7806469950415280 0.5733061295542098 -0.2488179072096788
v 0.1177160700000000 0.0484615400000000 0.5976923100000000
vn -0.5330426347071828 0.8227716822405491 -0.1972620300196715
v 0.1130769300000000 0.0484615400000000 0.6198045000000000
vn -0.5551818239528328 0.7645565357891754 -0.3274544944484060
v 0.1130769300000000 0.0526284200000000 0.6299998800000000
vn 0.9160024763217367 0.0104649650640761 0.4010360929874687
v 0.1323396000000000 0.0484615400000000 0.6623076800000000
vn 0.1299884180133458 -0.0661403328070343 0.9893070643427966
v 0.1130769300000000 0.0484615400000000 0.6915186000000000
vn 0.6969614742448494 -0.4754212327764135 0.5368606475090174
v 0.1130769300000000 0.0581683600000000 0.6946153600000000
vn 0.7207804412726552 -0.5210711435355304 -0.4571218862112942
v 0.1130769300000000 0.0992946600000000 -0.7592307900000000
vn 0.7483303253447765 -0.4663860006425812 -0.4716840283219257
v 0.1130769300000000 0.0807692300000000 -0.7359287100000000
vn 0.7853636540072548 -0.4146208443459828 -0.4596667123016384
v 0.1195709000000000 0.0807692300000000 -0.7269230500000000
vn 0.7934657207721473 -0.4484097472798920 -0.4115104476242617
v 0.1353022600000000 0.0807692300000000 -0.6946153600000000
vn -0.7044911324031502 0.3535813479380198 0.6153636930756152
v 0.1130769300000000 0.0832385500000000 -0.6623076800000000
vn -0.6532808510960164 0.5464468994227295 0.5240419026209160
v 0.1130769300000000 0.0807692300000000 -0.6609230600000000
vn -0.7889600227011839 0.4398183804698719 0.4290709437612927
v 0.1289349800000000 0.0807692300000000 -0.6300000000000000
vn -0.7461765605795510 0.4605071879912259 -0.4807844322043774
v 0.1393499700000000 0.0807692300000000 0.5976923100000000
vn -0.9626673447274459 0.2339183027217304 0.1362123747946331
v 0.1236297000000000 0.0807692300000000 0.6300000000000000
vn -0.0939491876698616 0.2911493525035320 -0.9520533623032625
v 0.1130769300000000 0.0807692300000000 0.6425748500000000
vn 0.9034073072660754 -0.4257322631210521 0.0510615052273828
v 0.1383773200000000 0.0807692300000000 0.6623076800000000
vn 0.7428054448435625 -0.3589503655292575 0.5651501625206965
v 0.1194085900000000 0.0807692300000000 0.6946153600000000
vn 0.7198374289049216 -0.3139061906601823 0.6191098282314415
v 0.1130769300000000 0.0807692300000000 0.7016153899999999
vn 0.6691092671957591 -0.4626723484191070 0.5815729417374080
v 0.1130769300000000 0.1114710500000000 0.7269230500000000
vn 0.7968368263937550 0.2244997174222844 -0.5609375624613162
v 0.1130769300000000 0.1130769300000000 -0.7743076700000000
vn 0.8456578111098999 -0.1683744103010603 -0.5064710499767811
v 0.1235735000000000 0.1130769300000000 -0.7592307900000000
vn 0.4840794197295952 0.8357262861451207 -0.2592849591479269
v 0.1130769300000000 0.1241826900000000 -0.7592307900000000
vn 0.8718754898294185 0.0373551217716932 -0.4883008551212392
v 0.1382312800000000 0.1130769300000000 -0.7269230500000000
vn 0.0287635499064907 0.9995788019570571 -0.0038570552072006
v 0.1130769300000000 0.1292307700000000 -0.7269230500000000
vn -0.4395281491971392 0.8632510971003199 0.2482187531562257
v 0.1130769300000000 0.1247435700000000 -0.6946153600000000
vn -0.6883355493505582 0.5408779356678881 0.4833686276620662
v 0.1130769300000000 0.1130769300000000 -0.6766337200000000
vn -0.7713964890039862 0.4896172347985904 0.4064756082971095
v 0.1231513800000000 0.1130769300000000 -0.6623076800000000
vn -0.7957769092671008 0.4115332211406521 0.4442741479929929
v 0.1367767600000000 0.1130769300000000 -0.6300000000000000
vn -0.9017243012667380 0.0083533604338181 -0.4322308478978283
v 0.1342214200000000 0.1130769300000000 0.6300000000000000
vn -0.6591480074922443 0.0738845540038627 -0.7483748906120878
v 0.1130769300000000 0.1130769300000000 0.6619020700000000
vn -0.7582658762717375 0.0224236823438098 -0.6515596974583359
v 0.1130769300000000 0.1259020700000000 0.6623078000000000
vn 0.7171354542494709 -0.4457298775983292 0.5357626493836458
v 0.1383084400000000 0.1130769300000000 0.6946153600000000
vn 0.6522104669683543 -0.5088640949875540 0.5618530409363455
v 0.1145091400000000 0.1130769300000000 0.7269230500000000
vn 0.6334196622199096 -0.5138289115567958 0.5785839447837920
v 0.1130769300000000 0.1130769300000000 0.7283466500000000
vn 0.6250735204677471 -0.5644194761600554 0.5391787727101888
v 0.1130769300000000 0.1441817600000000 0.7592307900000000
vn -0.7924942464634602 0.4760331587625198 -0.3812417882143692
v 0.1322577600000000 0.1453846100000000 0.6300000000000000
vn -0.6959655868703605 0.4614142294517311 -0.5502079704545000
v 0.1137004100000000 0.1453846100000000 0.6623076800000000
vn -0.5473775030013682 0.3558800874974417 -0.7574478414589352
v 0.1130769300000000 0.1453847400000000 0.6629235100000000
vn -0.0967558959918614 0.9670574306755252 -0.2354532275549939
v 0.1130769300000000 0.1633332700000000 0.6946153600000000
vn 0.8260880376567051 0.1338556989613884 0.5474131948501538
v 0.1343933300000000 0.1453846100000000 0.7269230500000000
vn 0.3659927990024439 0.9074767480879786 0.2062406913245398
v 0.1130769300000000 0.1648544700000000 0.7269230500000000
vn 0.8103195022706329 -0.0210221238448167 0.5856111120435874
v 0.1142797800000000 0.1453846100000000 0.7592307900000000
vn 0.6707190100162236 0.6344879372342360 0.3841367817680327
v 0.1130769300000000 0.1475649300000000 0.7592307900000000
vn 0.7488939724732186 -0.2115218206166793 0.6280257458068794
v 0.1130769300000000 0.1453846100000000 0.7604408900000000
vn 0.4916635940468891 -0.8561510544082772 -0.1589725835623580
v 0.1453846100000000 -0.1532225600000000 -0.4038461400000000
vn 0.4325900107021259 -0.8951905421305808 -0.1072370081673829
v 0.1453846100000000 -0.1578202500000000 -0.3715384600000000
vn 0.3922947894688091 -0.9161830070936083 -0.0819359241635565
v 0.1453846100000000 -0.1602958600000000 -0.3392307800000000
vn 0.3601066170164370 -0.9299818659585564 -0.0738711944483023
v 0.1453846100000000 -0.1622225300000000 -0.3069230900000000
vn 0.3453265599959244 -0.9364432087804506 -0.0618359417358117
v 0.1453846100000000 -0.1638461500000000 -0.2746153800000000
vn 0.3455672024927315 -0.9368042465978590 -0.0545995615144053
v 0.1453846100000000 -0.1655375500000000 -0.2423076900000000
vn 0.3346745874434321 -0.9407496253553377 -0.0546174231666074
v 0.1453847400000000 -0.1672881700000000 -0.2099999900000000
vn 0.3453746959122276 -0.9366697093709215 -0.0580187467162961
v 0.1453846100000000 -0.1691239500000000 -0.1776923700000000
vn 0.3624874874180831 -0.9304473414713493 -0.0535776652554323
v 0.1453846100000000 -0.1709432800000000 -0.1453846100000000
vn 0.3857719986464889 -0.9212103682283515 -0.0505116078627353
v 0.1453846100000000 -0.1730460700000000 -0.1130769300000000
vn 0.4048993867641993 -0.9134966513409640 -0.0397536738782783
v 0.1453846100000000 -0.1746720200000000 -0.0807691700000000
vn 0.4222232532977327 -0.9058873451022512 -0.0331004887920582
v 0.1453846100000000 -0.1760739200000000 -0.0484615400000000
vn 0.4320615575377380 -0.9016191297490093 -0.0201433703412121
v 0.1453846100000000 -0.1772045000000000 -0.0161538500000000
vn 0.4325879639522179 -0.9015914575644113 -0.0007050464913806
v 0.1453847400000000 -0.1775306200000000 0.0161538500000000
vn 0.4271379000298410 -0.9041027547117467 0.0123054167230869
v 0.1453847400000000 -0.1772197300000000 0.0484615400000000
vn 0.4185599930140977 -0.9079592237943802 0.0204347785587483
v 0.1453846100000000 -0.1765128700000000 0.0807691100000000
vn 0.4105475395637158 -0.9114395852649445 0.0269925947297579
v 0.1453846100000000 -0.1756693900000000 0.1130769300000000
vn 0.3994939753229080 -0.9160677016888592 0.0349932794003502
v 0.1453846100000000 -0.1744252300000000 0.1453846100000000
vn 0.3852607973042799 -0.9219892076043710 0.0388589644938564
v 0.1453846100000000 -0.1729538100000000 0.1776923100000000
vn 0.3699830341820989 -0.9281807591526633 0.0399128144358861
v 0.1453846100000000 -0.1713606400000000 0.2099999900000000
vn 0.3609552964951139 -0.9314097595360513 0.0467668020407563
v 0.1453846100000000 -0.1700000300000000 0.2423076900000000
vn 0.3617452576626727 -0.9305060967176138 0.0574349417159738
v 0.1453846100000000 -0.1683080000000000 0.2746153800000000
vn 0.3704469208597557 -0.9259200996862101 0.0737634585862423
v 0.1453846100000000 -0.1664405600000000 0.3069230900000000
vn 0.3925540747413880 -0.9175077446975858 0.0638814278478679
v 0.1453844900000000 -0.1643891600000000 0.3392307800000000
vn 0.4348977951670595 -0.8933675098282904 0.1129530882359124
v 0.1453846100000000 -0.1621210400000000 0.3715384600000000
vn 0.4460299540455186 -0.8855479985010309 0.1298538503278613
v 0.1453846100000000 -0.1582835900000000 0.4038461400000000
vn 0.4872947040667310 -0.8569827567673866 0.1677033869422069
v 0.1453846100000000 -0.1533951200000000 0.4361538600000000
vn 0.6155016486938056 -0.7425853877591920 -0.2640542791581637
v 0.1453846100000000 -0.1266766600000000 -0.5007692600000000
vn 0.5067213751881214 -0.8529248340461962 -0.1255096625552314
v 0.1453846100000000 -0.1356499900000000 -0.4684615400000000
vn -0.0320073000824706 -0.9894532569031549 -0.1412720253453253
v 0.1453846100000000 -0.1446258600000000 -0.4361538600000000
vn 0.6040719363037297 -0.6062035327549453 -0.5173145780332182
v 0.1453846100000000 -0.1453846100000000 -0.4346780500000000
vn 0.7303759993592164 -0.6830367059905346 -0.0034289691783237
v 0.1552257800000000 -0.1453845500000000 -0.4038461400000000
vn 0.9502718838363707 -0.2521848935336667 -0.1827187080281827
v 0.1656342300000000 -0.1453846100000000 -0.3715384600000000
vn 0.2709195825876849 0.9614435108545792 0.0472118121462749
v 0.1453846100000000 -0.1163423400000000 -0.3715384600000000
vn 0.9763576361735065 -0.1334809670206673 -0.1700252855575026
v 0.1749108100000000 -0.1453846100000000 -0.3392307800000000
vn 0.3426063553640988 0.9394582205345373 -0.0062559678874848
v 0.1453846100000000 -0.1177993900000000 -0.3392307800000000
vn -0.0533239005319850 0.9802302749035611 -0.1905391555417006
v 0.1453846100000000 -0.1178337700000000 -0.3069230900000000
vn -0.3057739795877920 0.9520893610727280 0.0053030122731465
v 0.1453846100000000 -0.1178337700000000 -0.2746153800000000
vn -0.2490684837129468 0.9684633818059796 0.0066006455637968
v 0.1453846100000000 -0.1179252200000000 -0.2423076900000000
vn -0.1887292248327742 0.9820059203670277 0.0067566306785947
v 0.1453846100000000 -0.1178886800000000 -0.2099999900000000
vn -0.1422919647504451 0.9897806479835233 0.0093416082541781
v 0.1453846100000000 -0.1179434600000000 -0.1776923100000000
vn -0.1201002741502947 0.9926294313738456 0.0162091369128573
v 0.1453846100000000 -0.1181602500000000 -0.1453846100000000
vn -0.0614528221823893 0.9979532134330498 0.0176899532071023
v 0.1453846100000000 -0.1181423100000000 -0.1130769300000000
vn -0.0255557249005233 0.9996682684154711 0.0032028187620518
v 0.1453846100000000 -0.1181063300000000 -0.0807692300000000
vn -0.0240972302540453 0.9996744171371853 0.0083894705144121
v 0.1453846100000000 -0.1183028400000000 -0.0484615400000000
vn -0.0190122334561457 0.9998048657604187 0.0053633367226172
v 0.1453846100000000 -0.1187047400000000 -0.0161538500000000
vn -0.0166078888287736 0.9998598046190498 -0.0021328703210704
v 0.1453846100000000 -0.1186702300000000 0.0161538500000000
vn -0.0198771542637669 0.9997916300954146 0.0046470560065508
v 0.1453846100000000 -0.1186010300000000 0.0484615400000000
vn -0.0184036873463280 0.9997954035722409 0.0083937648214694
v 0.1453846100000000 -0.1188075800000000 0.0807692300000000
vn -0.0164695458997436 0.9998366933004258 0.0074391389237263
v 0.1453846100000000 -0.1190781100000000 0.1130769300000000
vn -0.0168523002236939 0.9998207470487104 0.0086298173867703
v 0.1453846100000000 -0.1193431500000000 0.1453846100000000
vn -0.0165663588271063 0.9998416976774687 0.0064911740578071
v 0.1453846100000000 -0.1196670300000000 0.1776923100000000
vn -0.0160310395001620 0.9998523604358310 0.0061857176981486
v 0.1453846100000000 -0.1197626700000000 0.2099999900000000
vn -0.0081388207028839 0.9998433647480350 0.0157164107510009
v 0.1453846100000000 -0.1200762600000000 0.2423076900000000
vn -0.0146613657774146 0.9997843632623709 -0.0147061663800067
v 0.1453846100000000 -0.1202912600000000 0.2746153800000000
vn -0.0504933824870751 0.9986540427183012 0.0118541675122103
v 0.1453846100000000 -0.1206514400000000 0.3069230900000000
vn -0.0454780827007809 0.9961891138913018 0.0744244137250933
v 0.1453846100000000 -0.1210588200000000 0.3392307800000000
vn 0.9043078956307906 -0.3440430192470942 0.2527085887087231
v 0.1757466500000000 -0.1453846100000000 0.3715384600000000
vn 0.3926861475182374 0.9186682961686953 0.0429668612047873
v 0.1453846100000000 -0.1213628600000000 0.3715384600000000
vn 0.9945363642207804 -0.0064091744571526 0.1041937748874134
v 0.1657794100000000 -0.1453846100000000 0.4038461400000000
vn 0.1272094935872941 0.9722967017124592 -0.1961042288690821
v 0.1453846100000000 -0.1189454300000000 0.4038461400000000
vn 0.8026179496501556 -0.5956404391997884 0.0318887768543025
v 0.1551091800000000 -0.1453846100000000 0.4361538600000000
vn 0.4659265745270068 -0.6990335157703396 0.5424615847959080
v 0.1453846100000000 -0.1453846100000000 0.4644839500000000
vn 0.2275034010046127 -0.9041712287184094 0.3615474957584085
v 0.1453846100000000 -0.1439721700000000 0.4684615400000000
vn -0.0517088957873649 -0.9760082979580789 0.2115041191405630
v 0.1453846100000000 -0.1335919500000000 0.5007692600000000
vn 0.6126863611376339 -0.7265376241527485 0.3110602892791116
v 0.1453846100000000 -0.1133289000000000 0.5330769400000001
vn 0.7786030028014034 -0.3833686364518594 -0.4967955843339192
v 0.1453844900000000 -0.1108137300000000 -0.5330769400000001
vn 0.7594311404219936 -0.5269916613814500 -0.3815024662984101
v 0.1453846100000000 -0.1130769300000000 -0.5309685500000000
vn 0.8106935588299367 -0.5076384914664260 -0.2916832454107426
v 0.1579520600000000 -0.1130769800000000 -0.5007692600000000
vn 0.7513476457394135 -0.5573674419896277 -0.3532962635689487
v 0.1694555400000000 -0.1130769300000000 -0.4684615400000000
vn -0.5912754486722496 0.5691202256141731 0.5713978584089223
v 0.1453846100000000 -0.0914323700000000 -0.4361538600000000
vn -0.6219099466341574 0.7467288523532017 0.2358474916991267
v 0.1453846100000000 -0.1112548900000000 -0.4038461400000000
vn -0.2559170638337606 0.8096949972614066 0.5281102800065131
v 0.1453846100000000 -0.1130769300000000 -0.3889573500000000
vn -0.9866465074375349 0.1397215735006506 0.0837051447631314
v 0.1474959100000000 -0.1130769300000000 -0.3715384600000000
vn -0.9908566390729188 0.1248707265673452 0.0510922934664595
v 0.1495640700000000 -0.1130769300000000 -0.3392307800000000
vn -0.6619560028195762 0.7359191791599594 -0.1422575554255754
v 0.1512515200000000 -0.1130769300000000 -0.3069230900000000
vn -0.4564271055978518 0.8891928340602681 0.0317868075061988
v 0.1529083000000000 -0.1130769300000000 -0.2746153800000000
vn -0.3745743689389686 0.9263406479968359 0.0398377459550081
v 0.1554695500000000 -0.1130769300000000 -0.2423076900000000
vn -0.2914291058197594 0.9558079887760089 0.0387319619055908
v 0.1597436500000000 -0.1130768600000000 -0.2099999900000000
vn -0.2409440588489910 0.9699684147793985 0.0332751384026334
v 0.1647863100000000 -0.1130769300000000 -0.1776923100000000
vn -0.2263790313202779 0.9725430014788162 0.0539689211775421
v 0.1699755000000000 -0.1130769300000000 -0.1453846100000000
vn -0.5747450191524521 0.8159939080558232 -0.0618231750659296
v 0.1724959600000000 -0.1130769300000000 0.3392307800000000
vn -0.9795904564773412 -0.0080219985074860 -0.2008436832924054
v 0.1601810500000000 -0.1130769300000000 0.3715384600000000
vn -0.9111568241134972 -0.0824042974069309 -0.4037360197459172
v 0.1496534200000000 -0.1130769300000000 0.4038461400000000
vn -0.5364908490420661 0.4553692691959014 -0.7105043262121026
v 0.1453846100000000 -0.1130769800000000 0.4113873200000000
vn -0.7315058858596408 0.5336174746529582 -0.4244426106056056
v 0.1453846100000000 -0.0904252200000000 0.4361538600000000
vn 0.7476314467988211 -0.5548367079979729 0.3649704744434452
v 0.1771771500000000 -0.1130769300000000 0.4684615400000000
vn 0.7735239536706298 -0.5004862231339962 0.3888113084142811
v 0.1631056400000000 -0.1130769300000000 0.5007692600000000
vn 0.6985330842791220 -0.5348776096964938 0.4753498425505812
v 0.1456381200000000 -0.1130769300000000 0.5330769400000001
vn 0.7068026622491919 -0.5306493549904934 0.4678047228124448
v 0.1453846100000000 -0.1130769300000000 0.5333641800000000
vn 0.7228926652812442 -0.4704544231931348 0.5060620813502963
v 0.1453846100000000 -0.0813147700000000 0.5653846300000001
vn 0.7638464944114988 -0.4171556671403860 -0.4924628740808019
v 0.1453846100000000 -0.0651428100000000 -0.5653845700000000
vn 0.7705449221160788 -0.3828874358378737 -0.5095662218776125
v 0.1453846100000000 -0.0807691700000000 -0.5529747000000000
vn 0.8570339705984603 -0.3375193480218374 -0.3893243672712399
v 0.1574682000000000 -0.0807692300000000 -0.5330769400000001
vn 0.8294412070046931 -0.3889783019674560 -0.4009029367828484
v 0.1688012300000000 -0.0807692300000000 -0.5007692600000000
vn -0.4600359667054562 0.3329679919116424 0.8231034113036496
v 0.1453846100000000 -0.0807692300000000 -0.4438754000000000
vn -0.7478005125751752 0.4560390993721390 0.4825170807713998
v 0.1531062300000000 -0.0807691700000000 -0.4361538600000000
vn -0.8024821022302965 0.4930533410179525 0.3360370195545103
v 0.1677138500000000 -0.0807692300000000 -0.4038461400000000
vn -0.8225391600133252 0.2445364323363107 -0.5134503515480364
v 0.1520055400000000 -0.0807692300000000 0.4361538600000000
vn -0.8454340120917644 0.3620928275952248 -0.3925940847777982
v 0.1453846100000000 -0.0807692300000000 0.4555093300000000
vn 0.8144129775832424 -0.4024316267068175 0.4180673244467951
v 0.1614098000000000 -0.0807691700000000 0.5330769400000001
vn 0.7301772716041582 -0.4610754579711235 0.5042326586898415
v 0.1458663800000000 -0.0807692300000000 0.5653847500000000
vn 0.7168869550232262 -0.4471040661236028 0.5349495749818554
v 0.1453846100000000 -0.0807692300000000 0.5658784500000000
vn 0.7057128369886559 -0.5469294854886441 -0.4503748767555200
v 0.1453846100000000 -0.0350508600000000 -0.5976923100000000
vn 0.7463201743367850 -0.4945548884087971 -0.4454454621262550
v 0.1453846100000000 -0.0484615400000000 -0.5799547400000000
vn 0.7799942257927256 -0.4458665927466253 -0.4391036201200368
v 0.1545378300000000 -0.0484616000000000 -0.5653846300000001
vn 0.7945761798407388 -0.4582082643591121 -0.3983640055310068
v 0.1690154400000000 -0.0484615400000000 -0.5330769400000001
vn -0.3174540073994828 0.0680133816707131 0.9458314506822678
v 0.1453846100000000 -0.0484615400000000 -0.4505736500000000
vn -0.7271628486026794 0.3296749188276204 0.6021201204975952
v 0.1674507300000000 -0.0484615400000000 -0.4361538600000000
vn -0.0301932077927744 -0.8370320906455346 -0.5463200979579168
v 0.1453846100000000 -0.0181874400000000 0.3715384600000000
vn 0.0938267602735470 -0.9486792994453693 -0.3020002083780965
v 0.1453846100000000 -0.0333025200000000 0.4038461400000000
vn -0.7053761029999723 -0.3151719209665195 -0.6349103980490840
v 0.1530235300000000 -0.0484615400000000 0.4361538600000000
vn -0.2465642083510349 -0.9051798242033713 -0.3462016421327047
v 0.1453846100000000 -0.0391205600000000 0.4361538600000000
vn -0.8106107622164779 -0.2884136416147979 -0.5096349316023301
v 0.1453846100000000 -0.0484615400000000 0.4581291400000000
vn 0.8020316081020193 -0.4149366998693317 0.4296194068089071
v 0.1603363500000000 -0.0484615400000000 0.5653846300000001
vn 0.7176469532297280 -0.4482115785123620 0.5330002170802047
v 0.1453846100000000 -0.0484615400000000 0.5927431000000000
vn 0.7176421144664302 -0.4848667162160581 0.4998940518249920
v 0.1453846100000000 -0.0436554500000000 0.5976923100000000
vn 0.7919253312839432 -0.2520770471248700 -0.5561577401993278
v 0.1453846100000000 0.0084731500000000 -0.6300000000000000
vn 0.7500418595707496 -0.3750860318111373 -0.5447455163944229
v 0.1453846100000000 -0.0161538500000000 -0.6197387600000001
vn 0.7995962125605917 -0.3936466922494148 -0.4535285862433058
v 0.1589977900000000 -0.0161538500000000 -0.5976923100000000
vn 0.7620245148768430 -0.4479119015309986 -0.4676468402476350
v 0.1756140400000000 -0.0161538500000000 -0.5653846300000001
vn -0.0786983857800498 -0.2997382024342969 0.9507699901012184
v 0.1453846100000000 -0.0161538500000000 -0.4436791800000000
vn -0.1351159603699177 -0.6733318584487987 0.7268891838865137
v 0.1453846100000000 0.0014492300000000 -0.4361538600000000
vn -0.0256494179444695 -0.8225199262252167 0.5681576174985020
v 0.1453846100000000 0.0112141000000000 -0.4038461400000000
vn -0.0497224657802924 -0.3068042134633240 -0.9504729617395115
v 0.1453846100000000 -0.0161538500000000 0.3702204800000000
vn 0.8427263029912112 -0.2440516526995822 0.4798449427277190
v 0.1594254400000000 -0.0161538500000000 0.5976923100000000
vn 0.7738346846622888 -0.3776725636475486 0.5084715483500571
v 0.1453846100000000 -0.0161538500000000 0.6257593000000000
vn 0.8080126912632010 -0.1502746266171762 0.5696780032199482
v 0.1453846100000000 -0.0016591100000000 0.6300000000000000
vn 0.8191929399970764 -0.1951345808470556 -0.5393008644686101
v 0.1453846100000000 0.0161538500000000 -0.6333754700000001
vn 0.7954032387192886 -0.2203366196247697 -0.5646108942335386
v 0.1482799900000000 0.0161538500000000 -0.6300000000000000
vn 0.8547964375437287 -0.1840379290691792 -0.4852350884122849
v 0.1659381500000000 0.0161538500000000 -0.5976923100000000
vn -0.0302775521312882 -0.6589013847828559 0.7516197409383099
v 0.1453846100000000 0.0161538500000000 -0.4008924400000000
vn -0.0299202431065551 -0.7352639895234983 0.6771201110308522
v 0.1453846100000000 0.0370988100000000 -0.3715384600000000
vn -0.0472342141333814 -0.0889815169567454 -0.9949126688585679
v 0.1453846100000000 0.0161538500000000 0.3703972100000000
vn -0.0521826041499160 0.9975255148807340 0.0471149974642835
v 0.1453846100000000 0.0465299300000000 0.5007692600000000
vn -0.2250294254853274 0.9572708124104671 -0.1816434677403733
v 0.1453846100000000 0.0477035900000000 0.5330769400000001
vn 0.8081878969195985 -0.1461265135563598 0.5705079888209624
v 0.1664404900000000 0.0161538500000000 0.5976923100000000
vn 0.8231460069914858 -0.1574847940816343 0.5455540218961253
v 0.1488535700000000 0.0161538500000000 0.6300000000000000
vn 0.7727987008026272 -0.1473581700903280 0.6173068424579476
v 0.1453847400000000 0.0161538500000000 0.6336751600000000
vn 0.7728681826545301 -0.4391942885501333 -0.4580209047032966
v 0.1453846100000000 0.0673511500000000 -0.6623076800000000
vn 0.7926629813988185 -0.3409070149611259 -0.5054382307169007
v 0.1453846100000000 0.0484615400000000 -0.6459279100000000
vn 0.8542658085653027 -0.2383858823797199 -0.4619546508027731
v 0.1552662000000000 0.0484615400000000 -0.6300000000000000
vn 0.9325873989892495 0.1146224726363802 -0.3422607661026729
v 0.1683080000000000 0.0484615400000000 -0.5976923100000000
vn 0.0966821089871572 0.9311919507765951 0.3514742104488957
v 0.1453846100000000 0.0764411500000000 -0.5976923100000000
vn -0.1810169836502179 0.9826124114182884 0.0413001278074694
v 0.1453846100000000 0.0638261300000000 -0.5653846300000001
vn -0.1084611251414641 0.9906089275034217 0.0832474449071465
v 0.1453846100000000 0.0630055700000000 -0.5330769400000001
vn 0.0055535571536280 0.9994050583542845 0.0340394967473187
v 0.1453846100000000 0.0621749100000000 -0.5007692600000000
vn -0.0022570488510203 0.9992469865580592 0.0387345528581648
v 0.1453846100000000 0.0610393400000000 -0.4684615400000000
vn -0.0116763389308500 0.9989560067323349 0.0441651414869154
v 0.1453846100000000 0.0597133500000000 -0.4361538600000000
vn -0.0136240481572871 0.9987462109721841 0.0481704409416576
v 0.1453846100000000 0.0581962200000000 -0.4038461400000000
vn -0.0108046955511158 0.9340665104660275 0.3569355860374055
v 0.1453846100000000 0.0566421100000000 -0.3715384600000000
vn -0.0115809189199901 0.0793870072904070 0.9967765975334902
v 0.1453846100000000 0.0484615400000000 -0.3615087300000000
vn 0.0034395794159468 0.4468989209871845 -0.8945778466483125
v 0.1453846100000000 0.0484615400000000 0.3655050400000000
vn 0.0024765845668335 0.9497769199365032 -0.3129179906697799
v 0.1453846100000000 0.0537052000000000 0.3715384600000000
vn -0.0052381608399639 0.9979268704627350 0.0641445467632769
v 0.1453846100000000 0.0511142400000000 0.4038462600000000
vn -0.0108868761518418 0.9991611949160333 0.0394763537021715
v 0.1453846100000000 0.0496937300000000 0.4361538600000000
vn -0.0212061302682249 0.9992537514291706 0.0322837465882784
v 0.1453846100000000 0.0488511100000000 0.4684615400000000
vn -0.0015862976849874 0.9972508832546729 0.0740821132759397
v 0.1453846100000000 0.0484615400000000 0.4797422000000000
vn -0.4962798599357197 0.8146923368110566 -0.2999711602196493
v 0.1470616000000000 0.0484615400000000 0.5330769400000001
vn -0.3609791466176026 0.9275725419016988 -0.0964532799714389
v 0.1453846100000000 0.0484615400000000 0.5411359700000000
vn -0.5991915392550952 0.6598905296432652 -0.4533365065514142
v 0.1453847400000000 0.0508683700000000 0.5653847500000000
vn 0.7892562314213895 -0.2094736294501856 0.5772308028228157
v 0.1705240600000000 0.0484615400000000 0.5976923100000000
vn 0.8334945072151523 -0.1941028312665553 0.5173113156857075
v 0.1547689100000000 0.0484615400000000 0.6300001100000000
vn 0.6920532801857857 -0.0409035683456527 0.7206865861667517
v 0.1453846100000000 0.0484615400000000 0.6422675799999999
vn 0.7105805436628825 -0.5529408567400160 -0.4351226262967482
v 0.1453846100000000 0.0927318000000000 -0.6946153600000000
vn 0.7577228413865174 -0.5134165287622690 -0.4028145524119565
v 0.1453846100000000 0.0807692300000000 -0.6761730900000000
vn 0.8007207563153712 -0.4401853519270912 -0.4063042288169824
v 0.1532515300000000 0.0807692300000000 -0.6623076800000000
vn 0.9827735618833895 -0.1847378726438942 0.0052957033568745
v 0.1662719000000000 0.0807692300000000 -0.6300000000000000
vn -0.1503496670884590 0.3775763824404804 0.9136908957790646
v 0.1453846100000000 0.0807692300000000 -0.6025754800000001
vn -0.7850416799672019 -0.4609914471098804 -0.4137589230527988
v 0.1541475200000000 0.0807692300000000 -0.5976923100000000
vn -0.9548454171926464 0.2119809075856017 0.2081689796424661
v 0.1631373000000000 0.0807692300000000 -0.5653846300000001
vn -0.7907377799733588 0.3545853072483189 -0.4990020272568232
v 0.1614169500000000 0.0807692300000000 0.5653846300000001
vn -0.6174139792464575 0.5139413292577841 -0.5955369747646209
v 0.1453846100000000 0.0807692300000000 0.5906564000000000
vn -0.7460176655470179 0.3851394467630666 -0.5432543135943027
v 0.1453846100000000 0.0909388400000000 0.5976923100000000
vn 0.8020620521139736 -0.3596970590130775 0.4767750940391747
v 0.1622956700000000 0.0807692300000000 0.6300000000000000
vn 0.2646982851555492 -0.4466490397381895 0.8546575063361141
v 0.1453846100000000 0.0807692300000000 0.6566824900000000
vn 0.4401997858535405 -0.8059367745408846 0.3958409579327690
v 0.1453846100000000 0.0864293400000000 0.6623076800000000
vn 0.7820253451558151 0.2810967930870508 -0.5562561931790998
v 0.1453846100000000 0.1130769300000000 -0.7178490199999999
vn 0.8933860183683683 -0.1383483228583072 -0.4274589614760778
v 0.1589970400000000 0.1130769300000000 -0.6946153600000000
vn 0.4090479337693578 0.8916162994898382 -0.1941652964951933
v 0.1453846100000000 0.1268387300000000 -0.6946153600000000
vn 0.9096924688464794 0.0609435313986028 -0.4107864385598247
v 0.1706311600000000 0.1130769300000000 -0.6623076800000000
vn -0.0405031030353442 0.9975692392766992 0.0567019531710846
v 0.1453846100000000 0.1291304500000000 -0.6623076800000000
vn -0.4759820549429980 0.8412231212778177 0.2564853672236427
v 0.1453846100000000 0.1216452200000000 -0.6300000500000000
vn -0.6047425151262340 0.4248341593965934 0.6736485934139449
v 0.1453846100000000 0.1130769300000000 -0.6174147100000000
vn -0.9417901814378008 0.2961034383277356 0.1592294192599065
v 0.1570566900000000 0.1130769300000000 -0.5976923100000000
vn -0.8480073718939826 0.3510715905501385 0.3970292628032056
v 0.1660980000000000 0.1130769300000000 -0.5653846300000001
vn -0.8315925558861280 0.0216285198668776 -0.5549648890904227
v 0.1733263900000000 0.1130769300000000 0.5653846300000001
vn -0.8448809682626255 0.1044151137046213 -0.5246652585198103
v 0.1561538000000000 0.1130769300000000 0.5976921900000000
vn -0.7995601143479335 0.2009977973814370 -0.5659536279517345
v 0.1453846100000000 0.1130769300000000 0.6133566499999999
vn 0.7626038843004206 -0.3249177595005023 0.5593422612417950
v 0.1657492200000000 0.1130769300000000 0.6623076800000000
vn 0.6346318806710242 -0.4943074897343060 0.5940559583309706
v 0.1453846100000000 0.1130769300000000 0.6866184500000000
vn 0.7176004648184041 -0.3969448230914457 0.5722625099666334
v 0.1453846100000000 0.1249299200000000 0.6946153600000000
vn -0.8464133163419445 0.3482226500328891 -0.4028963687142185
v 0.1678166400000000 0.1453846100000000 0.5653846300000001
vn -0.7072208283325885 0.5121746013842559 -0.4873560071133279
v 0.1542297200000000 0.1453846100000000 0.5976923100000000
vn -0.7990412540877738 0.2018029720019356 -0.5663997128857178
v 0.1453846100000000 0.1453846100000000 0.6074668200000000
vn -0.4218668284717402 0.8712143766460761 -0.2510256739068421
v 0.1453846100000000 0.1585114600000000 0.6300000000000000
vn 0.7295375073803028 0.4722142178640448 0.4947613139407559
v 0.1711980800000000 0.1453846100000000 0.6623076800000000
vn 0.0520420741457144 0.9985081180281549 0.0165275754569185
v 0.1453844900000000 0.1614367800000000 0.6623075600000000
vn 0.8478838945222168 0.2526224122712358 0.4661274699351026
v 0.1557422900000000 0.1453846100000000 0.6946153600000000
vn 0.5354732776652953 0.8013555346803785 0.2666414745374593
v 0.1453846100000000 0.1557422900000000 0.6946153600000000
vn 0.8240551471005604 0.0121962554024563 0.5663782886827778
v 0.1453846100000000 0.1453846100000000 0.7100535600000000
vn 0.5473262588738612 -0.8304314447295638 -0.1040076052580420
v 0.1776923100000000 -0.1476386200000000 -0.3069230900000000
vn 0.4974980841565866 -0.8616987498577297 -0.0998544979164775
v 0.1776923100000000 -0.1524803900000000 -0.2746153800000000
vn 0.4453237180403786 -0.8921649029839918 -0.0756873307380980
v 0.1776923100000000 -0.1556926200000000 -0.2423076900000000
vn 0.4104916762910261 -0.9096958376265996 -0.0628495560893045
v 0.1776923100000000 -0.1579349300000000 -0.2099999900000000
vn 0.3846399511590208 -0.9210636603196257 -0.0607769825756374
v 0.1776923100000000 -0.1598787900000000 -0.1776923100000000
vn 0.3887829220719307 -0.9202418181466668 -0.0447530517320095
v 0.1776923100000000 -0.1618015900000000 -0.1453846800000000
vn 0.3710450359047688 -0.9276596748109878 -0.0421083015568298
v 0.1776923100000000 -0.1627894500000000 -0.1130769300000000
vn 0.3569494454790569 -0.9335378774038848 -0.0330775577158141
v 0.1776923100000000 -0.1635861500000000 -0.0807692300000000
vn 0.3449213115925528 -0.9382084668366608 -0.0281808723299256
v 0.1776923100000000 -0.1641818000000000 -0.0484614800000000
vn 0.3358815013574902 -0.9417176691139784 -0.0187469657377893
v 0.1776923100000000 -0.1647088500000000 -0.0161538500000000
vn 0.3311910924220567 -0.9435607026362109 -0.0023792311667453
v 0.1776923100000000 -0.1650021700000000 0.0161538500000000
vn 0.3301014208363923 -0.9439056759493837 0.0086675759201941
v 0.1776923100000000 -0.1648178700000000 0.0484615400000000
vn 0.3287658305879292 -0.9442906471602722 0.0151063669842695
v 0.1776923100000000 -0.1645299000000000 0.0807692300000000
vn 0.3288064332333324 -0.9441147577925026 0.0231009433309183
v 0.1776923100000000 -0.1639789300000000 0.1130769300000000
vn 0.3345415676130567 -0.9419053769749349 0.0299366057645832
v 0.1776923100000000 -0.1632712200000000 0.1453846100000000
vn 0.3457242479814808 -0.9377887755132147 0.0320461679310480
v 0.1776923100000000 -0.1625581200000000 0.1776923100000000
vn 0.3378601138686846 -0.9408668837448327 0.0249008138205736
v 0.1776923100000000 -0.1620059300000000 0.2099999900000000
vn 0.3683498254050127 -0.9285415587731914 0.0461408685998467
v 0.1776923100000000 -0.1612278200000000 0.2423076900000000
vn 0.3661664730018311 -0.9280341571560351 0.0683719035941440
v 0.1776923100000000 -0.1591814800000000 0.2746153800000000
vn 0.4024004845867422 -0.9092011916735633 0.1068973482539557
v 0.1776923100000000 -0.1563329400000000 0.3069230900000000
vn 0.4780131831728328 -0.8670851875711286 0.1402379200063829
v 0.1776923100000000 -0.1513858000000000 0.3392307800000000
vn 0.6390805312531544 -0.7167356059758895 -0.2790450603389357
v 0.1776923100000000 -0.1209642400000000 -0.4361538600000000
vn 0.5359113831339823 -0.8402170924758638 -0.0826693833219275
v 0.1776923100000000 -0.1307900500000000 -0.4038461400000000
vn 0.1144462563095243 -0.9761462807346608 -0.1845006586021401
v 0.1776923100000000 -0.1366538300000000 -0.3715384600000000
vn -0.1094954475552454 -0.9856446094796800 -0.1285124537479755
v 0.1776923100000000 -0.1429427100000000 -0.3392307800000000
vn 0.5266990669315998 -0.7438643587456484 -0.4114047990499229
v 0.1776923100000000 -0.1453846100000000 -0.3224307600000000
vn 0.5751913951972774 -0.8110852913589723 -0.1062803322921999
v 0.1802097000000000 -0.1453846800000000 -0.3069230900000000
vn 0.5536591006055760 -0.8272249839632589 -0.0957101155762064
v 0.1869156500000000 -0.1453846800000000 -0.2746153800000000
vn 0.5511556556127662 -0.8298776201035194 -0.0867789083670722
v 0.1928779500000000 -0.1453846100000000 -0.2423076900000000
vn 0.5542528210933015 -0.8273570134644396 -0.0910174850307332
v 0.1984431600000000 -0.1453846100000000 -0.2099999900000000
vn 0.5711525574261609 -0.8171780675757838 -0.0774903995257690
v 0.2045215500000000 -0.1453846100000000 -0.1776923100000000
vn 0.6170695742084538 -0.7850517316011160 -0.0540270237592920
v 0.2081800600000000 -0.1453846100000000 -0.1453846100000000
vn -0.3061524306021168 0.9497134128664096 0.0656895932249000
v 0.1776923100000000 -0.1134542400000000 -0.1130769300000000
vn -0.2307965695023493 0.9714289362806493 0.0553061051114021
v 0.1776923100000000 -0.1170406300000000 -0.0807692300000000
vn -0.2397977703619604 0.9708037873523423 -0.0060857038853984
v 0.1776923100000000 -0.1172718400000000 -0.0484615400000000
vn -0.2400688115969970 0.9706447611211416 0.0146871851110941
v 0.1776923100000000 -0.1176675800000000 -0.0161538500000000
vn -0.1903740615844016 0.9816941242118350 0.0058620102197779
v 0.1776923100000000 -0.1178704400000000 0.0161538500000000
vn -0.2540979945235592 0.9652117755908672 0.0616476880331348
v 0.1776923100000000 -0.1176303600000000 0.0484615400000000
vn -0.0136709293362588 0.9999057100452917 -0.0012948783355125
v 0.1776923100000000 -0.1180883300000000 0.0807692300000000
vn -0.0340903115692352 0.9993754818294560 0.0093003750061665
v 0.1776923100000000 -0.1184965800000000 0.1130769300000000
vn -0.1122698099838109 0.9931119455093604 -0.0335283977071985
v 0.1776923100000000 -0.1187047400000000 0.1453846100000000
vn -0.1157801479864614 0.9932593773673394 0.0055467651904827
v 0.1776923100000000 -0.1189435300000000 0.1776923100000000
vn -0.0078875424292997 0.9916616515699873 0.1286271957243539
v 0.1776923100000000 -0.1191115100000000 0.2099999900000000
vn 0.9125480671107914 -0.3914464545082238 0.1184301417093615
v 0.2091768500000000 -0.1453846100000000 0.2423076900000000
vn 0.3837455897756908 0.9224298108007728 0.0431574613914880
v 0.1776923100000000 -0.1193684100000000 0.2423076900000000
vn 0.9779415088272292 -0.1076806174447269 0.1789840493995055
v 0.2037775400000000 -0.1453846100000000 0.2746153800000000
vn 0.4106337342205685 0.9116529103859285 0.0163983933645261
v 0.1776923100000000 -0.1211159500000000 0.2746153800000000
vn 0.9866695087965310 -0.0683646179511737 0.1476805993473826
v 0.1949019900000000 -0.1453846100000000 0.3069230900000000
vn 0.2302980964966655 0.9681744714236759 -0.0979845887550613
v 0.1776923100000000 -0.1169381600000000 0.3069230900000000
vn 0.8174025456489864 -0.5737087996960211 0.0520700635481454
v 0.1849714700000000 -0.1453846800000000 0.3392307800000000
vn 0.6146713637334182 -0.5401111584103238 0.5748556785548509
v 0.1776923100000000 -0.1453846100000000 0.3645225500000000
vn 0.2565204362530304 -0.9146521792937938 0.3124238414360671
v 0.1776923100000000 -0.1410011900000000 0.3715384600000000
vn 0.0246940285373930 -0.9941754026402821 0.1049069766013077
v 0.1776923100000000 -0.1361432800000000 0.4038461400000000
vn 0.5800895157954150 -0.8030336219778568 0.1365033173126771
v 0.1776923100000000 -0.1272300900000000 0.4361538600000000
vn 0.7835078878376486 -0.4487147757370028 -0.4298493221251817
v 0.1776923100000000 -0.0992307600000000 -0.4684616000000000
vn 0.7526581022837145 -0.5448533463664568 -0.3696493095082847
v 0.1776923100000000 -0.1130769300000000 -0.4518915700000000
vn 0.7914304399122776 -0.5392234833993172 -0.2878817356675567
v 0.1856167800000000 -0.1130769300000000 -0.4361538600000000
vn 0.8877524883494157 -0.4417182290962319 -0.1295396677219358
v 0.1952025700000000 -0.1130769300000000 -0.4038461400000000
vn 0.9574112057566319 -0.0835323393407199 -0.2763804106225679
v 0.2084043600000000 -0.1130769300000000 -0.3715384600000000
vn -0.2001971336869567 0.9542164330765425 0.2222433497547384
v 0.1776923100000000 -0.0828143400000000 -0.3715384600000000
vn -0.4767621646838613 0.8790210907921622 -0.0044452523568579
v 0.1776923100000000 -0.0928925100000000 -0.3392307800000000
vn -0.5719961858484089 0.8135807282985957 0.1044354437726906
v 0.1776923100000000 -0.0988888800000000 -0.3069230900000000
vn -0.5235162560546206 0.8496821862337834 0.0630151731214886
v 0.1776923100000000 -0.1013637500000000 -0.2746153800000000
vn -0.5051706736284967 0.8598488548746528 0.0739089796741853
v 0.1776923100000000 -0.1040279100000000 -0.2423076900000000
vn -0.4502602122973934 0.8894005337470107 0.0789457522127616
v 0.1776923100000000 -0.1072781100000000 -0.2099999900000000
vn -0.3812975724499916 0.9230326876253496 0.0512134632578891
v 0.1776923100000000 -0.1096677500000000 -0.1776923100000000
vn -0.5812362678845959 0.8054312511523543 -0.1159521477280153
v 0.1776923100000000 -0.1111148700000000 -0.1453846100000000
vn -0.5906362601746385 0.8039646213807126 0.0692076277232792
v 0.1776923100000000 -0.1130769300000000 -0.1184988600000000
vn -0.6256856882718339 0.7637157441046983 0.1589203627557161
v 0.1782774800000000 -0.1130769300000000 -0.1130769300000000
vn -0.4839234532953641 0.8732782783726482 0.0565962885107611
v 0.1900230100000000 -0.1130769300000000 -0.0807691700000000
vn -0.5573083257440525 0.8300978467769663 0.0185740365188949
v 0.1849435000000000 -0.1130769300000000 -0.0484615400000000
vn -0.4520433366351283 0.8903645840363412 0.0539233650431162
v 0.1880386500000000 -0.1130769300000000 -0.0161538500000000
vn -0.5496126793089169 0.8047242529782460 -0.2243764234751008
v 0.1919025900000000 -0.1130769300000000 0.0161538500000000
vn -0.7688453343868068 0.5562523252295501 0.3153731162739747
v 0.1822951000000000 -0.1130769300000000 0.0484615400000000
vn -0.2237432555817490 0.9743534307627294 -0.0239655490773645
v 0.2049519300000000 -0.1130769300000000 0.1453846100000000
vn -0.2543762973277049 0.9668419021682058 -0.0225706794229269
v 0.2046786800000000 -0.1130769300000000 0.1776923100000000
vn -0.5295189355078902 0.8452535137994727 0.0718066455715310
v 0.2004431600000000 -0.1130769300000000 0.2099999900000000
vn -0.9913782314373297 0.1085912389441385 -0.0733290191995599
v 0.1940674900000000 -0.1130769300000000 0.2423076900000000
vn -0.9330807147248892 0.0672734006172903 -0.3533195004211848
v 0.1897792200000000 -0.1130769300000000 0.2746155000000000
vn -0.9782557926337961 0.1069666452752911 -0.1776900137232634
v 0.1797816600000000 -0.1130769300000000 0.3069230900000000
vn -0.2865505071268957 0.8644802305172197 -0.4129924187079144
v 0.1776923100000000 -0.1130769300000000 0.3238416600000000
vn -0.6824184132853219 0.7131741525319015 -0.1602739447619210
v 0.1776923100000000 -0.1109667300000000 0.3392307800000000
vn -0.5624948514643202 0.8167242553276530 -0.1286896764920292
v 0.1776923100000000 -0.0999709700000000 0.3715384600000000
vn 0.9832572810122934 -0.1799092390450777 0.0289445166228951
v 0.2002931700000000 -0.1130769300000000 0.4038461400000000
vn -0.2376083303852017 0.8554607040401729 -0.4601404841726583
v 0.1776923100000000 -0.0809646300000000 0.4038461400000000
vn 0.8130764185456226 -0.4927874645592594 0.3099471767548144
v 0.1900586200000000 -0.1130769300000000 0.4361538600000000
vn 0.7452384231557388 -0.5607570632271954 0.3607924731658892
v 0.1776923100000000 -0.1130769300000000 0.4675972200000000
vn 0.8251943387077513 -0.4119904177244214 0.3864171309193393
v 0.1776923100000000 -0.1121946200000000 0.4684615400000000
vn 0.7893859841581686 -0.4606120239448750 0.4058402782031933
v 0.1776923100000000 -0.0825881900000000 0.5007692600000000
vn 0.7772911489470482 -0.4415941056672236 -0.4481217642656322
v 0.1776923100000000 -0.0652231600000000 -0.5007692600000000
vn 0.7751297202238170 -0.4355384503522229 -0.4576900425949110
v 0.1776923100000000 -0.0807692900000000 -0.4860949200000000
vn 0.8448848662073254 -0.3903207559140341 -0.3658131631810518
v 0.1878144600000000 -0.0807692300000000 -0.4684615400000000
vn 0.8788622700795469 -0.3635526644969894 -0.3089183878757709
v 0.1975358300000000 -0.0807692300000000 -0.4361538600000000
vn -0.7717878552430719 0.4938122783971142 0.4006157013941790
v 0.1776923100000000 -0.0620647900000000 -0.4038461400000000
vn -0.6164968797798460 0.5447503729880280 0.5684880195317386
v 0.1776923100000000 -0.0807692300000000 -0.3757823700000000
vn -0.9594482370201496 -0.0868009580558322 0.2681877591530165
v 0.1806200900000000 -0.0807692300000000 -0.3715384600000000
vn -0.8690685967695083 0.4786320658272120 0.1250244762878583
v 0.1909059100000000 -0.0807692300000000 -0.3392307800000000
vn -0.7572932302426149 0.6361502535718069 0.1477153286197189
v 0.2008316200000000 -0.0807692300000000 -0.3069230900000000
vn -0.7409605675237637 0.6638663929409719 0.1012859797721539
v 0.2055400500000000 -0.0807692300000000 -0.2746153800000000
vn -0.7146007542214493 0.6929224199320347 0.0959389494505164
v 0.2099800400000000 -0.0807692300000000 -0.2423076900000000
vn -0.8780442005751808 0.4569301098506371 -0.1423139365915244
v 0.1939583100000000 -0.0807692300000000 -0.1453846100000000
vn -0.7175252548601604 0.5442200971445441 0.4347205936021950
v 0.2085888500000000 -0.0807692300000000 -0.1130769300000000
vn -0.8211801652328335 0.5548416267589551 0.1334687433208712
v 0.2028116700000000 -0.0807692300000000 0.0484615400000000
vn -0.8148435966339010 0.5074365811884679 -0.2802463721379601
v 0.1980108200000000 -0.0807692300000000 0.3069230900000000
vn -0.8758432456183652 0.4691476192916538 -0.1131331976815893
v 0.1933041200000000 -0.0807692300000000 0.3392307800000000
vn -0.9901148259250135 0.1199237500710746 -0.0727387493181642
v 0.1899290800000000 -0.0807692300000000 0.3715384600000000
vn -0.8677290977161879 -0.4392388427156438 0.2326272813460890
v 0.1780688200000000 -0.0807692900000000 0.4038461400000000
vn 0.1314611553985713 0.4893883308021038 -0.8621003574387400
v 0.1776923100000000 -0.0807692900000000 0.4040821800000000
vn 0.8987258304853317 -0.4126900341969754 0.1482525456541984
v 0.2078930100000000 -0.0807692300000000 0.4361538600000000
vn 0.8228565775545373 -0.4403446858949072 0.3591707259498599
v 0.1927961100000000 -0.0807692300000000 0.4684616600000000
vn 0.7700716517153087 -0.4564208958577016 0.4457237003446302
v 0.1790869400000000 -0.0807692300000000 0.5007692600000000
vn 0.7594200896709865 -0.4490453497907331 0.4707859399296341
v 0.1776923100000000 -0.0807692300000000 0.5025134100000000
vn 0.7297568399715660 -0.4875451241819516 0.4793273478543861
v 0.1776923100000000 -0.0493389100000000 0.5330769400000001
vn 0.7069390293378629 -0.5732981275729725 -0.4142058253093066
v 0.1776923100000000 -0.0377529900000000 -0.5330769400000001
vn 0.7536950436728997 -0.5110184352741057 -0.4132843330600744
v 0.1776923100000000 -0.0484615400000000 -0.5178006300000000
vn 0.7999449433924649 -0.4552018315928708 -0.3909979284540031
v 0.1870766000000000 -0.0484614800000000 -0.5007692600000000
vn 0.8452216639063577 -0.4277323596144280 -0.3203831571759690
v 0.1989615300000000 -0.0484615400000000 -0.4684615400000000
vn -0.7009490024397871 0.2562688189984535 0.6655800390545117
v 0.1776923100000000 -0.0176422700000000 -0.4361538600000000
vn -0.7835171852512959 0.3778400024536053 0.4932927659734592
v 0.1776923100000000 -0.0484615400000000 -0.4195470800000000
vn -0.8251652267693170 0.3952737438971780 0.4035604241204156
v 0.1875168400000000 -0.0484615400000000 -0.4038461400000000
vn -0.8619124180045725 0.3884292849592810 0.3259289405308044
v 0.1977497900000000 -0.0484615400000000 -0.3715384600000000
vn -0.8968150795920804 0.4350828728355048 0.0801598826187657
v 0.2051549100000000 -0.0484615400000000 -0.1453846100000000
vn -0.8576337761767043 0.4170985431659188 -0.3008207294216184
v 0.2092113600000000 -0.0484615400000000 0.3392307800000000
vn -0.9129461540306572 -0.0673192564918541 -0.4024890527033199
v 0.1905006900000000 -0.0484614800000000 0.3715384600000000
vn -0.5734298430469092 -0.6492567237616216 -0.4996437948714290
v 0.1776923100000000 -0.0181606900000000 0.3715384600000000
vn -0.9696181491669036 -0.2405780523778680 -0.0443040124618522
v 0.1821998400000000 -0.0484615400000000 0.4038461400000000
vn -0.4414353362638195 -0.7642329541394274 -0.4701944658383087
v 0.1776923100000000 -0.0219943800000000 0.4038461400000000
vn -0.6227283015263857 -0.1716058838523373 -0.7633877671965414
v 0.1776923100000000 -0.0484615400000000 0.4201365400000000
vn 0.7070581460055424 -0.5079688095937560 0.4919720181545972
v 0.2082346500000000 -0.0484615400000000 0.4684615400000000
vn 0.8069146678526568 -0.3853004013622492 0.4476966824919819
v 0.1906022400000000 -0.0484615400000000 0.5007692600000000
vn 0.7927270828451262 -0.4345120447074931 0.4275313498773745
v 0.1783898600000000 -0.0484616000000000 0.5330769400000001
vn 0.7544406193444788 -0.4755630333653453 0.4523926979731996
v 0.1776923100000000 -0.0484615400000000 0.5340353799999999
vn 0.7406370190946434 -0.4755520549385311 0.4746651967338044
v 0.1776923100000000 -0.0190213700000000 0.5653846300000001
vn 0.7905562910920558 -0.2966701915364098 -0.5357308541315523
v 0.1776923100000000 -0.0115384800000000 -0.5653845700000000
vn 0.7704461359801267 -0.4227916094556040 -0.4771373036424970
v 0.1776923100000000 -0.0161538500000000 -0.5626403700000000
vn 0.8042823269092478 -0.4345341878596418 -0.4053516722583089
v 0.1932235200000000 -0.0161538500000000 -0.5330769400000001
vn 0.7823868207188818 -0.4936271605769040 -0.3797408183303235
v 0.2075183500000000 -0.0161538500000000 -0.5007692600000000
vn -0.4516549217380083 -0.0761211424068890 0.8889394823881454
v 0.1776923100000000 -0.0161538500000000 -0.4367051700000000
vn -0.8267388755654937 0.1075648113600324 0.5522070653167920
v 0.1782232400000000 -0.0161538500000000 -0.4361538000000000
vn -0.6378569051430615 -0.3902002371707264 0.6639897163911683
v 0.1776921900000000 -0.0136135400000000 -0.4361539200000000
vn -0.9035789164022439 0.0005515323084296 0.4284213319215789
v 0.1930099400000000 -0.0161538500000000 -0.4038461400000000
vn -0.5038987304115891 -0.6990908082767606 0.5073047518726138
v 0.1776923100000000 0.0109379100000000 -0.4038461400000000
vn -0.3427345996017501 -0.1460595120319884 -0.9280084122360128
v 0.1776923100000000 -0.0161538500000000 0.3698132900000000
vn 0.8123817285208575 -0.4173473328851952 0.4072556088000234
v 0.1881368800000000 -0.0161538500000000 0.5330769400000001
vn 0.8010137133367479 -0.3746268864122130 0.4669386758703600
v 0.1798147000000000 -0.0161538500000000 0.5653846300000001
vn 0.7652197445150534 -0.3604476424207125 0.5334006371177920
v 0.1776924300000000 -0.0161538500000000 0.5678868300000000
vn 0.8289162410305010 -0.1327311861674813 -0.5433969981279230
v 0.1776923100000000 0.0161538500000000 -0.5789230500000000
vn 0.8407185384768772 -0.2076113532098287 -0.5000898570054059
v 0.1871272600000000 0.0161538500000000 -0.5653846300000001
vn 0.8349244051753515 -0.2457376084485493 -0.4924573742331137
v 0.2047033500000000 0.0161538500000000 -0.5330769400000001
vn -0.2845372745146691 -0.6336378407889106 0.7194036600769633
v 0.1776923100000000 0.0161538500000000 -0.3982237600000000
vn -0.1478867392031624 -0.6726797225104314 0.7250044850145029
v 0.1776923100000000 0.0347996900000000 -0.3715384600000000
vn 0.0385469232249257 -0.0941979189370175 -0.9948069595543784
v 0.1776923100000000 0.0161538500000000 0.3690104800000000
vn 0.1290001420802870 -0.1158877078628898 -0.9848497360052200
v 0.1964183700000000 0.0161538500000000 0.3715384600000000
vn -0.4602362810918860 0.8721320238581129 -0.1660370396262904
v 0.1776923100000000 0.0442321700000000 0.5007692600000000
vn 0.7983182930468754 -0.2861757005438194 0.5298975102838070
v 0.2089775700000000 0.0161538500000000 0.5330769400000001
vn 0.8177947947216475 -0.1933630527950347 0.5420538751267838
v 0.1892026800000000 0.0161538500000000 0.5653845100000000
vn 0.7977718019458037 -0.2051986307689566 0.5669688474252276
v 0.1776923100000000 0.0161538500000000 0.5817712500000000
vn 0.2077434002545151 -0.6530703814763967 -0.7282456704223966
v 0.1776923100000000 0.0644930000000000 -0.5976923100000000
vn 0.6225647344041562 -0.0965387400343421 -0.7765908981882702
v 0.1776923100000000 0.0484614100000000 -0.5837702800000000
vn 0.8473271715649978 -0.1979466224539772 -0.4928019876042745
v 0.1890295300000000 0.0484615400000000 -0.5653846300000001
vn 0.8973963959501198 0.1415926246852650 -0.4178890249461855
v 0.2074385000000000 0.0484615400000000 -0.5330769400000001
vn 0.0402501072429711 0.9320344163851397 0.3601274434704206
v 0.1776923100000000 0.0757638000000000 -0.5330769400000001
vn -0.2526178647848741 0.9656686825642852 0.0605657486215479
v 0.1776923100000000 0.0624111600000000 -0.5007692600000000
vn -0.1888107086100225 0.9766914962869062 0.1020991547223855
v 0.1776923100000000 0.0610769200000000 -0.4684615400000000
vn -0.0389770346791168 0.9979962444058429 0.0498426215146850
v 0.1776923100000000 0.0601334900000000 -0.4361538600000000
vn -0.0185809136022567 0.9987085332519449 0.0472865230214100
v 0.1776923100000000 0.0587725100000000 -0.4038461400000000
vn -0.0159293866325026 0.9320367620173510 0.3620134374435900
v 0.1776923100000000 0.0570843100000000 -0.3715384600000000
vn -0.0284533292886651 0.1027133648385512 0.9943039639546517
v 0.1776923100000000 0.0484615400000000 -0.3611554500000000
vn 0.0002963094481515 0.3622384474699746 -0.9320854142058298
v 0.1776923100000000 0.0484615400000000 0.3656733900000000
vn 0.0071220094670774 0.9477223352727616 -0.3190166958111973
v 0.1776923100000000 0.0534910000000000 0.3715385800000000
vn -0.0025834618027097 0.9983515220775137 0.0573372835999894
v 0.1776923100000000 0.0512202300000000 0.4038461400000000
vn -0.0357397595220089 0.9992919502366900 0.0117587321366483
v 0.1776923100000000 0.0497809900000000 0.4361538600000000
vn -0.0563179457100078 0.9976422690439044 0.0392197910235934
v 0.1776923100000000 0.0485982100000000 0.4684615400000000
vn -0.4084098132145723 0.9107532816128955 -0.0610727803639248
v 0.1776923100000000 0.0484615400000000 0.4711358200000000
vn -0.8501277314229593 0.4570554225736563 -0.2615017800353746
v 0.1792769700000000 0.0484615400000000 0.5007692600000000
vn -0.6540903549323172 0.5741230042591284 -0.4924922167557456
v 0.1776923100000000 0.0484615400000000 0.5041472299999999
vn -0.5915571735275669 0.7532773219758593 -0.2874602348933744
v 0.1776923100000000 0.0730134800000000 0.5330769400000001
vn 0.8970291176455323 -0.0974576555220854 0.4310925277434258
v 0.1955725600000000 0.0484615400000000 0.5653846300000001
vn 0.7602396675969426 -0.1817552997821504 0.6236991733305335
v 0.1776923100000000 0.0484615400000000 0.5913382200000000
vn 0.7312898522746590 -0.2728025896275613 0.6251351046394720
v 0.1776923100000000 0.0645588200000000 0.5976923100000000
vn 0.5291925841562800 -0.7973776297486375 -0.2900760666625971
v 0.1776923100000000 0.0957410400000000 -0.6300000000000000
vn 0.3501629942698043 -0.6764152927965424 -0.6479569654807122
v 0.1776923100000000 0.0807692300000000 -0.6127692500000000
vn 0.7830986863407688 -0.4375201286827533 -0.4419644606173545
v 0.1872198100000000 0.0807692300000000 -0.5976923100000000
vn 0.9779178802782722 -0.2080341381487047 -0.0199603806771470
v 0.2022722200000000 0.0807692300000000 -0.5653846300000001
vn -0.1932704776324127 0.2573585698096946 0.9467909426168205
v 0.1776923100000000 0.0807692300000000 -0.5381781500000000
vn -0.8229733136864597 -0.4217749193008666 -0.3805533371403746
v 0.1851133300000000 0.0807692300000000 -0.5330769400000001
vn -0.9641221427881352 0.1442691037159332 0.2228338383159430
v 0.1946845800000000 0.0807692300000000 -0.5007692600000000
vn -0.7764695937987720 0.4126018255834937 -0.4762926657330956
v 0.2019042200000000 0.0807692300000000 0.5007692600000000
vn -0.9581692418298322 0.2651697697328005 0.1076879623314412
v 0.1821288500000000 0.0807692300000000 0.5330769400000001
vn -0.1679142436925571 0.3490993561069134 -0.9219188935751859
v 0.1776923100000000 0.0807692300000000 0.5373409400000000
vn 0.8782503104743125 -0.4734780507217471 0.0670442214997570
v 0.2054216100000000 0.0807692300000000 0.5653846300000001
vn 0.7300939694949102 -0.4395439753576446 0.5232245114995699
v 0.1835927400000000 0.0807692300000000 0.5976923100000000
vn 0.7263678236464709 -0.4105126379678722 0.5512432846209993
v 0.1776923100000000 0.0807692300000000 0.6050140899999999
vn 0.6896394515467951 -0.5558659731598101 0.4641233098577715
v 0.1776923100000000 0.1011388900000000 0.6300000000000000
vn 0.8113404465273857 0.2954490128599056 -0.5044170502955364
v 0.1776923100000000 0.1130769300000000 -0.6514167800000000
vn 0.8717516261656519 -0.1256161764303871 -0.4735711968612021
v 0.1891563500000000 0.1130769300000000 -0.6300000500000000
vn 0.3972329642721862 0.8942419408453788 -0.2062457837838685
v 0.1776923100000000 0.1247289100000000 -0.6300000000000000
vn 0.8705495806071867 0.0622289414303928 -0.4881300918332163
v 0.2050246300000000 0.1130769300000000 -0.5976923100000000
vn -0.0725279850293087 0.9973515503882969 0.0054384120521349
v 0.1776923100000000 0.1291803600000000 -0.5976923100000000
vn -0.4631166329851957 0.8595336538708928 0.2161593905334856
v 0.1776923100000000 0.1246246500000000 -0.5653846300000001
vn -0.5930288129469189 0.3997369222373806 0.6989472226248236
v 0.1776923100000000 0.1130769300000000 -0.5472434200000000
vn -0.9388170816763891 0.3011571571344216 0.1671132964767962
v 0.1874761600000000 0.1130769300000000 -0.5330769400000001
vn -0.8455046162040245 0.4623415453062369 0.2671371173414999
v 0.1964060500000000 0.1130769300000000 -0.5007692600000000
vn -0.8737698270115457 0.2145094267008781 0.4364767980782875
v 0.2075290800000000 0.1130769300000000 -0.4684615400000000
vn -0.9118637905740749 -0.0116579322554160 -0.4103273328154096
v 0.1921516700000000 0.1130769300000000 0.5330769400000001
vn -0.7133191283101150 0.0056393703273257 -0.7008166798023638
v 0.1776923100000000 0.1130769300000000 0.5601055600000000
vn 0.7647566138557952 -0.2898772638182029 0.5754289647602824
v 0.2077023500000000 0.1130769300000000 0.5976923100000000
vn 0.7918519077370422 -0.3487309112997962 0.5013554704171689
v 0.1876706300000000 0.1130769300000000 0.6300000000000000
vn 0.7604181884786952 -0.4046612170800206 0.5079502712097869
v 0.1776923100000000 0.1130769300000000 0.6454514900000000
vn -0.8491002949263504 0.3931671857417758 -0.3527722398543807
v 0.2078996700000000 0.1453846100000000 0.5007692600000000
vn -0.6706822858126612 0.5563635938263923 -0.4905556267760924
v 0.1966212400000000 0.1453846100000000 0.5330769400000001
vn -0.7751554928263716 0.1862635343634503 -0.6036885436278717
v 0.1776923100000000 0.1453846100000000 0.5504075300000000
vn -0.3111669634424516 0.9231052377818092 -0.2259465442129918
v 0.1776923100000000 0.1552173900000000 0.5653846300000001
vn -0.1732477906324317 0.9715021363889993 -0.1617677410134400
v 0.1776923100000000 0.1596180800000000 0.5976923100000000
vn 0.8328990304910223 0.2647431039309187 0.4859941295202420
v 0.1916865400000000 0.1453846100000000 0.6300000000000000
vn 0.4073623026997983 0.8822760962407826 0.2358915944692462
v 0.1776923100000000 0.1593291900000000 0.6300000000000000
vn 0.8158152268910508 0.1571785482161160 0.5565432773409247
v 0.1776923100000000 0.1453846100000000 0.6543435500000000
vn 0.5947683729927423 -0.8020764701412502 -0.0540732700446207
v 0.2099999900000000 -0.1457957600000000 -0.1130769300000000
vn 0.5702332134276853 -0.8190115320750472 -0.0636725422142064
v 0.2099999900000000 -0.1489943100000000 -0.0807692300000000
vn 0.5291002180846781 -0.8467731993341076 -0.0550282483114437
v 0.2099999900000000 -0.1514858200000000 -0.0484615400000000
vn 0.4829257890467162 -0.8745510877329894 -0.0440803495749685
v 0.2099999900000000 -0.1536772700000000 -0.0161538500000000
vn 0.4489658748124711 -0.8933563740322582 -0.0185481058280437
v 0.2099999900000000 -0.1547689100000000 0.0161538500000000
vn 0.4392887359831786 -0.8983211935486392 0.0066663077973827
v 0.2099999900000000 -0.1547179500000000 0.0484615400000000
vn 0.4459784445471999 -0.8948916627970920 0.0164966316415251
v 0.2099999900000000 -0.1541958300000000 0.0807692300000000
vn 0.4549576879187762 -0.8901306385430995 0.0260949905241486
v 0.2099999900000000 -0.1534804600000000 0.1130769300000000
vn 0.4730890945212426 -0.8799684196148339 0.0429218956436261
v 0.2099999900000000 -0.1521020400000000 0.1453846100000000
vn 0.5061323698357511 -0.8606161928141016 0.0563009135859044
v 0.2099999900000000 -0.1500308500000000 0.1776923100000000
vn 0.5375375299741930 -0.8414246268088574 0.0552991977231025
v 0.2099999900000000 -0.1474075500000000 0.2099999900000000
vn 0.5972913963820048 -0.7772281840476735 -0.1978871843500502
v 0.2099999900000000 -0.1234346000000000 -0.3392307800000000
vn 0.6040234504790568 -0.7906677837960828 -0.1000006346898129
v 0.2099999900000000 -0.1279740500000000 -0.3069230900000000
vn 0.6168314706243366 -0.7825980953499212 -0.0840187955287009
v 0.2099998700000000 -0.1319330800000000 -0.2746153800000000
vn 0.6227286822648629 -0.7794068691540560 -0.0688034926449210
v 0.2099999900000000 -0.1342623400000000 -0.2423076900000000
vn 0.6321165626399771 -0.7704150994230968 -0.0830013603329475
v 0.2099999900000000 -0.1369809100000000 -0.2099999900000000
vn 0.6526162237735118 -0.7531407103557637 -0.0828923088857903
v 0.2099999900000000 -0.1407568600000000 -0.1776923100000000
vn 0.6832616721875745 -0.7281045516736845 -0.0549294925472889
v 0.2099999900000000 -0.1436076800000000 -0.1453846100000000
vn 0.7017284103704355 -0.7107759038875060 -0.0487324587095754
v 0.2099999900000000 -0.1453846100000000 -0.1189349000000000
vn 0.6950811190596012 -0.7156870506422008 -0.0682223091805037
v 0.2104112700000000 -0.1453845500000000 -0.1130769300000000
vn 0.6713665412970377 -0.7372741893292095 -0.0754568550617496
v 0.2137556200000000 -0.1453846800000000 -0.0807692900000000
vn 0.6329154404519205 -0.7708056446429512 -0.0726409211403315
v 0.2171527100000000 -0.1453846100000000 -0.0484615400000000
vn 0.5972778936468370 -0.7999030074268664 -0.0584319815704728
v 0.2210355300000000 -0.1453846100000000 -0.0161538500000000
vn 0.5776760971833286 -0.8162040308644374 -0.0100651251200469
v 0.2236087300000000 -0.1453846100000000 0.0161538500000000
vn 0.7203316715331400 -0.6743138165586464 0.1625520217788284
v 0.2234615800000000 -0.1453846100000000 0.0484615400000000
vn 0.9366058090155716 -0.2979014592634523 0.1844567133150550
v 0.2222688200000000 -0.1453845500000000 0.0807692300000000
vn 0.2785770270573505 0.8641352041739900 0.4191243119923546
v 0.2099999900000000 -0.1188757400000000 0.0807692300000000
vn 0.9847174876774620 -0.1729189733858247 0.0207484482643849
v 0.2209396400000000 -0.1453846100000000 0.1130769300000000
vn 0.3091953644993602 0.9482760547566892 -0.0719079310451663
v 0.2099999900000000 -0.1166815700000000 0.1130769300000000
vn 0.7346341822233398 -0.6731516856881354 -0.0847314957041744
v 0.2184543000000000 -0.1453846100000000 0.1453846100000000
vn 0.6540353773450868 -0.7527185897706044 0.0751827759185739
v 0.2152663500000000 -0.1453846100000000 0.1776923100000000
vn 0.7597611075794984 -0.6450532525548640 0.0816661544213064
v 0.2120348800000000 -0.1453845500000000 0.2099999900000000
vn 0.7175755056585272 -0.5514788820270506 0.4253897464174509
v 0.2099999900000000 -0.1453846100000000 0.2335090500000000
vn 0.3220290768569353 -0.9261685665421584 0.1962372543833451
v 0.2099999900000000 -0.1421538900000000 0.2423076900000000
vn 0.0534400996638673 -0.9936423754652940 0.0990907938589851
v 0.2099999900000000 -0.1356625700000000 0.2746153800000000
vn -0.0510907766759746 -0.9974609418773051 0.0496125182578446
v 0.2099999900000000 -0.1354062300000000 0.3069230900000000
vn 0.5605481156914248 -0.8238633408605456 0.0838749401245290
v 0.2099999900000000 -0.1266132400000000 0.3392307800000000
vn 0.6763780502620610 -0.6966099139234021 0.2392642074095558
v 0.2099999900000000 -0.1147180400000000 0.3715384600000000
vn 0.7188650057187992 -0.6152119811188044 -0.3236469092093834
v 0.2099999900000000 -0.0809761600000000 -0.4038461400000000
vn 0.1785751874335886 -0.8677850180039773 -0.4637456899647643
v 0.2099999900000000 -0.1107778700000000 -0.3715384000000000
vn 0.6750716244863503 -0.4408045587369855 -0.5915823212453628
v 0.2099998700000000 -0.1130769800000000 -0.3683342300000000
vn 0.8343186736158519 -0.5208793364504665 -0.1805465804572531
v 0.2203576700000000 -0.1130769300000000 -0.3392307800000000
vn 0.8618368963115826 -0.4974339319035603 -0.0989780154730470
v 0.2239942400000000 -0.1130769300000000 -0.3069230900000000
vn 0.8333864479299002 -0.5391837790085240 -0.1214408533438022
v 0.2282456600000000 -0.1130769300000000 -0.2746153800000000
vn 0.8674563603777495 -0.4783485839228541 0.1367556035385319
v 0.2313604200000000 -0.1130769300000000 -0.2423076900000000
vn 0.9921549160524307 -0.0742743698805507 -0.1005581450298365
v 0.2354642000000000 -0.1130769300000000 -0.2099999900000000
vn -0.0566709570933470 0.9949322063217885 0.0830560500251624
v 0.2099999900000000 -0.0843190300000000 -0.2099999900000000
vn 0.9983109862215603 0.0136021819041242 -0.0564814610007808
v 0.2409014700000000 -0.1130769300000000 -0.1776923100000000
vn -0.0882634611933418 0.9893704498416569 -0.1155667529970834
v 0.2099999900000000 -0.0891730000000000 -0.1776923100000000
vn -0.6996531900083158 0.6930323213444686 0.1737573459830824
v 0.2099999900000000 -0.1043855700000000 -0.0807692300000000
vn -0.7477543822665100 0.6570802978150058 -0.0954403794238754
v 0.2099999900000000 -0.0897984600000000 -0.0484615400000000
vn -0.7461621510495420 0.6548795648987122 0.1198949532682423
v 0.2099999900000000 -0.0984506900000000 -0.0161538500000000
vn -0.7220868508599960 0.6752547722600729 -0.1504046952561356
v 0.2099999900000000 -0.1035589100000000 0.0161538500000000
vn -0.3897567325272359 0.0721295792348677 0.9180887828794629
v 0.2099999900000000 -0.1130769300000000 0.0782912800000000
vn -0.8184162760354821 -0.4490317027462882 0.3585600773217544
v 0.2131497400000000 -0.1130769800000000 0.0807692300000000
vn -0.9644692291852240 0.2598147000886790 -0.0479106206669213
v 0.2117981300000000 -0.1130768600000000 0.1130769300000000
vn -0.0214292241694991 0.8614599283156028 -0.5073732159446043
v 0.2099999900000000 -0.1130769300000000 0.1298147000000000
vn -0.5650059270014945 0.8238404433811916 -0.0453346038105938
v 0.2099999900000000 -0.1118550200000000 0.1453846100000000
vn -0.5765064910987148 0.8166004998696821 -0.0283529422394360
v 0.2099999900000000 -0.1116722500000000 0.1776923100000000
vn -0.6121304370971585 0.7872612591389327 -0.0742700332450688
v 0.2099999900000000 -0.1096941800000000 0.2099999900000000
vn -0.5070915660755907 0.8610641481662686 0.0377713695502713
v 0.2099999900000000 -0.1047095100000000 0.2423076900000000
vn 0.9983779577766992 -0.0338307885248463 -0.0457922610646663
v 0.2346595400000000 -0.1130769300000000 0.2746153800000000
vn -0.0648560536684881 0.9352945931932634 -0.3478760069996183
v 0.2099999900000000 -0.0978395800000000 0.2746153800000000
vn 0.8652795058913935 -0.4935464138660706 0.0877685253623839
v 0.2308017500000000 -0.1130769300000000 0.3069230900000000
vn 0.7730541358634154 -0.5902928470992719 0.2322534341789236
v 0.2217187900000000 -0.1130769300000000 0.3392307800000000
vn 0.7829951643349162 -0.5598170975586053 0.2711519682930527
v 0.2116509800000000 -0.1130769300000000 0.3715384600000000
vn 0.6266296598268215 -0.6059047376348683 0.4901170455482483
v 0.2099999900000000 -0.1130769300000000 0.3751994400000000
vn 0.3735293540001270 -0.8114968015113696 0.4493870968742476
v 0.2099999900000000 -0.0984015800000000 0.4038461400000000
vn 0.8162792213631361 -0.4374676799379598 -0.3772403236406351
v 0.2099999900000000 -0.0529880400000000 -0.4361538600000000
vn 0.7853087896750568 -0.4699040556002463 -0.4030884312276129
v 0.2099999900000000 -0.0807692300000000 -0.4040928800000000
vn 0.7967001813596032 -0.4535991155140631 -0.3993953723147466
v 0.2101554100000000 -0.0807692900000000 -0.4038461400000000
vn 0.9021732090526327 -0.3310082896337055 -0.2766170874357616
v 0.2230555000000000 -0.0807692300000000 -0.3715384600000000
vn 0.9990961026631163 -0.0213974250527612 -0.0367304756909454
v 0.2304047800000000 -0.0807692300000000 -0.3392307800000000
vn 0.0724015518036268 0.8807210201029430 0.4680689052321872
v 0.2099999900000000 -0.0487299600000000 -0.3392307800000000
vn 0.9901087905426078 0.0499538683828379 -0.1311075662341600
v 0.2332948600000000 -0.0807692300000000 -0.3069230900000000
vn -0.2675258178491039 0.9330219969353518 0.2406239597773597
v 0.2099999900000000 -0.0625554800000000 -0.3069230900000000
vn -0.7596369509993430 0.6493455991701373 -0.0360831749544987
v 0.2099999900000000 -0.0727021000000000 -0.2746153800000000
vn -0.8827870968582063 0.4615492827515067 0.0875168624450718
v 0.2099998700000000 -0.0807373100000000 -0.2423076900000000
vn -0.8115170809054675 0.4578663312372052 0.3630405626346053
v 0.2099999900000000 -0.0807691700000000 -0.2421471600000000
vn -0.9681448267573101 -0.2437091724382839 0.0574581038018576
v 0.2155125900000000 -0.0807691700000000 -0.2099999900000000
vn -0.9566923680557206 -0.1562240364001117 -0.2456293210404543
v 0.2189854800000000 -0.0807692300000000 -0.1776922500000000
vn -0.6279150627587665 0.3040656599473066 -0.7164263733290835
v 0.2099999900000000 -0.0807692900000000 -0.1685716400000000
vn -0.8244143647862553 0.3459944758841628 0.4479160387748115
v 0.2099999900000000 -0.0778037900000000 -0.1130769300000000
vn -0.8128433073765235 0.4047520440376251 0.4188812964320068
v 0.2099998700000000 -0.0807692900000000 -0.1108976000000000
vn -0.9283328494103159 0.3667173120394908 0.0609633804529790
v 0.2223106000000000 -0.0807692900000000 -0.0807692900000000
vn -0.9109655784164727 0.4124471487018606 -0.0053911471920676
v 0.2153846600000000 -0.0807692300000000 -0.0484616000000000
vn -0.9105510928076826 0.4055403282994617 0.0802106570818354
v 0.2196355900000000 -0.0807692300000000 -0.0161538500000000
vn -0.8955023044900543 0.3884306775839154 -0.2172492378921098
v 0.2213478200000000 -0.0807692300000000 0.0161538500000000
vn -0.6862121688017262 0.5250877275553181 -0.5033842843784689
v 0.2099999900000000 -0.0807692300000000 0.0371971500000000
vn -0.8645702316993684 0.4708502699104750 0.1755515245861824
v 0.2099999900000000 -0.0691486100000000 0.0484615400000000
vn -0.6733335512906893 0.4177163435906531 0.6100286755583907
v 0.2100001300000000 -0.0807692300000000 0.0565607700000000
vn -0.8208522497350212 0.4373478284181631 0.3673260963815003
v 0.2323890000000000 -0.0807692300000000 0.0807692300000000
vn -0.8900406480324645 0.4551536361143095 -0.0257451428792569
v 0.2347925200000000 -0.0807692300000000 0.1130769300000000
vn -0.8868235086770001 0.4585135143777972 -0.0575275724391038
v 0.2322859800000000 -0.0807692300000000 0.1453846100000000
vn -0.8861534402762082 0.4601386567768084 -0.0548132905988610
v 0.2301432600000000 -0.0807692300000000 0.1776923100000000
vn -0.8940715232040694 0.4434469989284123 -0.0631733372313040
v 0.2279563000000000 -0.0807692300000000 0.2099999900000000
vn -0.9630417081101857 0.2489634086187155 0.1028002412894357
v 0.2253703800000000 -0.0807692300000000 0.2423076900000000
vn -0.9423814165847852 0.0519590199822726 -0.3304807496937386
v 0.2210663300000000 -0.0807692300000000 0.2746153800000000
vn -0.4588307972407728 0.3622593944765707 -0.8113214101802474
v 0.2099999900000000 -0.0807692300000000 0.2888155600000000
vn -0.7649260885890283 0.5007182141912326 -0.4051781694181376
v 0.2099999900000000 -0.0604432000000000 0.3069230900000000
vn 0.7780706899263137 -0.5052731233776036 0.3732359471833218
v 0.2402799600000000 -0.0807692300000000 0.3392307800000000
vn 0.8725721044216641 -0.4124967927005679 0.2616568718701903
v 0.2287905400000000 -0.0807692300000000 0.3715384600000000
vn 0.8816008622494732 -0.3737096589970055 0.2883071460323646
v 0.2208591600000000 -0.0807692300000000 0.4038461400000000
vn 0.2535149661980708 -0.7588992082237882 0.5998351054005578
v 0.2099999900000000 -0.0807692300000000 0.4329050200000000
vn 0.6893449310616655 -0.6614659679898647 0.2954087663066537
v 0.2100001300000000 -0.0773484000000000 0.4361538600000000
vn 0.7689964682786165 -0.5496566803568330 -0.3263770296974359
v 0.2099999900000000 -0.0319038200000000 -0.4684615400000000
vn 0.7804125892114955 -0.5082826218567509 -0.3641496490711433
v 0.2099999900000000 -0.0484615400000000 -0.4415316000000000
vn 0.7935589190508899 -0.4854994082724111 -0.3668168024531070
v 0.2129993900000000 -0.0484615400000000 -0.4361538600000000
vn 0.9453994327574974 -0.2845883398999314 -0.1588376193941574
v 0.2239297800000000 -0.0484614800000000 -0.4038461400000000
vn 0.9098513380565781 0.3559099450751514 0.2133041341213458
v 0.2318021200000000 -0.0484615400000000 -0.3715384600000000
vn -0.3262991668671810 0.6583098441823440 0.6783487324042125
v 0.2099999900000000 -0.0185466300000000 -0.3715384600000000
vn -0.1389878210199360 0.7707250619719518 0.6218241427095454
v 0.2099999900000000 -0.0484615400000000 -0.3396133200000000
vn -0.7778708897359033 -0.5934588053905061 -0.2066966985850218
v 0.2118194600000000 -0.0484615400000000 -0.3392308400000000
vn -0.9649070449649730 -0.2508384295351715 0.0776818952220667
v 0.2234903000000000 -0.0484616000000000 -0.3069230900000000
vn -0.9845516047538926 0.1128045323177030 -0.1339151786210930
v 0.2234469200000000 -0.0484616000000000 -0.2746153800000000
vn -0.9647813356361961 0.2580897088595765 0.0508593805390553
v 0.2230410700000000 -0.0484615400000000 -0.2423076900000000
vn -0.9737278610556426 0.2188697293754646 0.0628497745987547
v 0.2241559300000000 -0.0484616000000000 -0.2100000700000000
vn -0.9363405354437752 0.2606860040215961 -0.2351790998199388
v 0.2264295400000000 -0.0484615400000000 -0.1776923100000000
vn -0.7464458129236419 0.3193938068707367 -0.5837861290758647
v 0.2099999900000000 -0.0484615400000000 -0.1504762000000000
vn -0.8596377407209703 0.4729839332885283 -0.1931557754224774
v 0.2099999900000000 -0.0413912700000000 -0.1453846100000000
vn -0.8261699590364006 0.4059033064141880 0.3907501818653727
v 0.2099999900000000 -0.0484615400000000 -0.1362300500000000
vn -0.8717201846931484 0.3471079462073950 0.3458612341362174
v 0.2208204600000000 -0.0484614800000000 -0.1130768600000000
vn -0.9515679641272781 0.3035532000679595 0.0487223190659962
v 0.2290394800000000 -0.0484615400000000 -0.0807692300000000
vn -0.9382383627518222 0.3431285929572837 0.0444020647710762
v 0.2284440800000000 -0.0484615400000000 -0.0484615400000000
vn -0.9415519833127883 0.3325060657684128 0.0540331282359869
v 0.2308858000000000 -0.0484615400000000 -0.0161538500000000
vn -0.9227319829434363 0.3075778040521279 -0.2322963239221504
v 0.2323397100000000 -0.0484615400000000 0.0161538500000000
vn -0.9320037117240325 0.3427536843409986 0.1178515727654814
v 0.2208585400000000 -0.0484615400000000 0.0484615400000000
vn -0.9289267146197652 0.3661995137222895 -0.0547090030551470
v 0.2416281300000000 -0.0484615400000000 0.1776923100000000
vn -0.9333163003447104 0.3503002325397712 -0.0788062852407374
v 0.2404744300000000 -0.0484615400000000 0.2099999900000000
vn -0.9406585344801149 0.3171959277053404 -0.1206161886185711
v 0.2371172800000000 -0.0484615400000000 0.2423076900000000
vn -0.9152628828782342 0.3307806046157740 -0.2299522707768866
v 0.2325238400000000 -0.0484615400000000 0.2746153800000000
vn -0.8341890680221774 0.4351375323694135 -0.3387977666923863
v 0.2184543000000000 -0.0484615400000000 0.3069230900000000
vn -0.8233877155670529 0.5086703343096604 -0.2515693956874891
v 0.2099999900000000 -0.0484615400000000 0.3371005100000000
vn -0.8035464795133386 0.3950215122982067 -0.4452763861730795
v 0.2099999900000000 -0.0471964400000000 0.3392307800000000
vn 0.7207666522136194 -0.5479205004313482 0.4245922258636309
v 0.2422714500000000 -0.0484615400000000 0.3715384600000000
vn 0.8619894591090438 -0.3891364615863072 0.3248799572903607
v 0.2295976600000000 -0.0484615400000000 0.4038461400000000
vn 0.8973928775825032 -0.3270757522603431 0.2961544791954449
v 0.2204041500000000 -0.0484615400000000 0.4361538600000000
vn 0.7423059059304224 -0.4871827657048263 0.4600379275896836
v 0.2099999900000000 -0.0484615400000000 0.4669061900000000
vn 0.7688351309497135 -0.4765685274363178 0.4263507711670244
v 0.2100001300000000 -0.0470316000000000 0.4684616600000000
vn 0.7628572904954287 -0.4615398039961764 0.4528021241835601
v 0.2099999900000000 -0.0186351800000000 0.5007692600000000
vn 0.7938517948307962 -0.4256564898892857 -0.4342992982484036
v 0.2100001300000000 -0.0122549000000000 -0.5007692600000000
vn 0.8032453694123651 -0.4852357553462333 -0.3454607622453865
v 0.2099999900000000 -0.0161538500000000 -0.4960590900000000
vn 0.8452594981458518 -0.4365368586070334 -0.3081751967172661
v 0.2205882700000000 -0.0161538500000000 -0.4684615400000000
vn 0.8581186312468876 -0.4149522961846429 -0.3024020611670172
v 0.2304657800000000 -0.0161538500000000 -0.4361538600000000
vn -0.5953296472878352 -0.1814586842954203 0.7827230397490014
v 0.2099999900000000 -0.0161538500000000 -0.3739312600000000
vn -0.8894098461396013 -0.4221657370434213 0.1752889501837350
v 0.2125134500000000 -0.0161538500000000 -0.3715384600000000
vn -0.9621869043593290 0.1419036812792270 0.2325074328248778
v 0.2221730600000000 -0.0161538500000000 -0.3392307800000000
vn -0.9959593608991337 0.0754457797368780 0.0487122752217898
v 0.2241922900000000 -0.0161538500000000 -0.3069231500000000
vn -0.9906542413291710 0.1230042977343112 0.0589416395718128
v 0.2259938700000000 -0.0161538500000000 -0.2746153800000000
vn -0.9822290074634819 0.1734215725150266 0.0717714085393250
v 0.2285610400000000 -0.0161538500000000 -0.2423076900000000
vn -0.9802418964142564 0.1858556458545845 0.0677015761866537
v 0.2308436500000000 -0.0161538500000000 -0.2099999900000000
vn -0.9765739828385609 0.2026897320755905 -0.0722504571193533
v 0.2331285900000000 -0.0161538500000000 -0.1776923100000000
vn -0.9373088639366038 0.3480846594804860 0.0170048057979822
v 0.2223877600000000 -0.0161538500000000 -0.1453846100000000
vn -0.8952718890814871 0.3753481906027016 0.2400041258640014
v 0.2368182800000000 -0.0161538500000000 -0.1130769300000000
vn -0.9266075912841676 0.3740469002147144 0.0385653758482465
v 0.2389796100000000 -0.0161538500000000 -0.0807692300000000
vn -0.9073993380629527 0.4166514018099600 0.0550277262178869
v 0.2402736700000000 -0.0161538500000000 -0.0484615400000000
vn -0.9439903271660526 0.3089775267309779 0.1158237894050125
v 0.2295546400000000 -0.0161538500000000 0.0484615400000000
vn -0.9031745035935711 0.3356954055657281 -0.2675526317205041
v 0.2359441100000000 -0.0161538500000000 0.3069230900000000
vn -0.8805733458684731 0.2808634792939256 -0.3817149309955181
v 0.2221940200000000 -0.0161538500000000 0.3392307800000000
vn -0.3190394133812441 0.2510568596426921 -0.9138841862816651
v 0.2099999900000000 -0.0161538500000000 0.3706970800000000
vn -0.6338715422930367 0.0660956328856163 -0.7706090027922702
v 0.2099999900000000 -0.0036815500000000 0.3715384600000000
vn 0.7809356111066745 -0.5067246136535867 0.3651982163470518
v 0.2334469400000000 -0.0161538500000000 0.4361538600000000
vn 0.8646387709597892 -0.4054257574324823 0.2966980804849316
v 0.2220249200000000 -0.0161538500000000 0.4684616600000000
vn 0.8172243335166371 -0.4193644863591589 0.3953198910869611
v 0.2111970600000000 -0.0161538500000000 0.5007692600000000
vn 0.7312396696248529 -0.4378005079910269 0.5230862842492956
v 0.2100001300000000 -0.0161538500000000 0.5026254100000001
vn 0.8483230803492446 -0.1739109507333391 -0.5001029219688634
v 0.2099999900000000 0.0161538500000000 -0.5251808800000000
vn 0.9098192498046812 -0.2418408824751384 -0.3372564606475218
v 0.2222415800000000 0.0161538500000000 -0.5007692600000000
vn 0.9316237609955207 -0.1945590697550288 -0.3069591769675878
v 0.2303914700000000 0.0161538500000000 -0.4684615400000000
vn -0.6641164881908392 -0.3937230677039693 0.6355560054557291
v 0.2099999900000000 0.0161538500000000 -0.3792200100000000
vn -0.8845378854405254 -0.0638400368922425 0.4620791911674891
v 0.2131030400000000 0.0161538500000000 -0.3715384600000000
vn -0.5715351482956760 -0.4572089701854559 0.6814011533924744
v 0.2099999900000000 0.0228112400000000 -0.3715384600000000
vn -0.9774774989898392 0.1035703545224381 0.1838774609153212
v 0.2258432700000000 0.0161538500000000 -0.3392307800000000
vn -0.9852657521268449 0.1458909729877108 0.0892592946791648
v 0.2277353100000000 0.0161538500000000 -0.3069230900000000
vn -0.9717942348123184 0.2090727412337102 0.1091079926428989
v 0.2309704700000000 0.0161538500000000 -0.2746153800000000
vn -0.9642640250779848 0.2514696759543996 0.0834139797383673
v 0.2343258000000000 0.0161538500000000 -0.2423076900000000
vn -0.9685307553881505 0.2334067698204702 0.0864260126884990
v 0.2363065600000000 0.0161538500000000 -0.2099999900000000
vn -0.9649542896219565 0.2378353047012984 -0.1108944848846241
v 0.2404856500000000 0.0161538500000000 -0.1776923100000000
vn -0.9169463460639130 0.3238131116974925 0.2331404450815557
v 0.2320468900000000 0.0161538500000000 -0.1453846100000000
vn -0.8345927204086449 0.3688602514283902 -0.4091419142022514
v 0.2369230400000000 0.0161538500000000 0.3392307800000000
vn -0.8304738312556078 0.0504861724132804 -0.5547651412937630
v 0.2108220300000000 0.0161538500000000 0.3715384600000000
vn -0.2906884567961452 -0.3039295795801251 -0.9072634852906425
v 0.2099999900000000 0.0204014500000000 0.3715384600000000
vn -0.5005855682791828 -0.1462971465916322 -0.8532357433498401
v 0.2099999900000000 0.0161538500000000 0.3734947100000000
vn 0.8534512735078593 -0.2938809428287675 0.4304124942306945
v 0.2408186600000000 0.0161538500000000 0.4684615400000000
vn 0.8802781896058517 -0.2188850136504317 0.4209508993974174
v 0.2266154000000000 0.0161538500000000 0.5007692600000000
vn 0.7745512516008608 -0.3574747759453175 0.5218066147591320
v 0.2099999900000000 0.0161538500000000 0.5318437200000000
vn 0.7953378823913270 -0.1929547856121321 0.5746356267606940
v 0.2100001300000000 0.0196655600000000 0.5330770600000000
vn 0.1926851050064863 -0.6059676960282409 -0.7718002343086356
v 0.2099999900000000 0.0524306100000000 -0.5330769400000001
vn 0.6589171003518530 -0.0174707006098286 -0.7520126524760791
v 0.2099999900000000 0.0484615400000000 -0.5298565600000000
vn 0.9346238944294271 -0.1379455873173063 -0.3277944339082874
v 0.2228011200000000 0.0484615400000000 -0.5007692600000000
vn 0.9629979107727868 0.0970549154933682 -0.2514266637129460
v 0.2312880800000000 0.0484615400000000 -0.4684615400000000
vn 0.0404619045235867 0.9145533120873224 0.4024364218512447
v 0.2099999900000000 0.0805432000000000 -0.4684615400000000
vn -0.2591871553397165 0.9654935990592408 0.0253796903554725
v 0.2099999900000000 0.0631745400000000 -0.4361538600000000
vn -0.4402769053096321 0.8911414277733646 0.1096503641445036
v 0.2099999900000000 0.0594086900000000 -0.4038461400000000
vn -0.2928745977671717 0.8963986986450430 0.3327068425058175
v 0.2099999900000000 0.0578458300000000 -0.3715384600000000
vn -0.4838757501356437 0.0992789989058011 0.8694871700070852
v 0.2099999900000000 0.0484615400000000 -0.3601306100000000
vn -0.9051829150062336 0.1780219168781735 0.3859431143210593
v 0.2289580300000000 0.0484615400000000 -0.3392307800000000
vn -0.8906352132184020 0.4291727184198010 0.1502654143160359
v 0.2345475100000000 0.0484615400000000 -0.3069230900000000
vn -0.8865131875682257 0.4422825988366378 0.1359428962246041
v 0.2406552300000000 0.0484615400000000 -0.2746153800000000
vn -0.2632340875752384 0.3261462712136663 -0.9079297466829983
v 0.2099999900000000 0.0484615400000000 0.3662746000000000
vn -0.2410827427908558 0.8651333024827701 -0.4397993634189275
v 0.2099999900000000 0.0531631700000000 0.3715384600000000
vn -0.4309700114423232 0.9006622798540935 -0.0554283942165946
v 0.2099999900000000 0.0512833300000000 0.4038461400000000
vn -0.4691684802642607 0.8807623482157699 -0.0643321311007707
v 0.2099999900000000 0.0501582400000000 0.4361538600000000
vn -0.4137650610650171 0.8875593022210135 -0.2025758111986974
v 0.2099999900000000 0.0545685300000000 0.4684615400000000
vn 0.9737096289077475 0.0456687256303274 0.2231679324446919
v 0.2292527000000000 0.0484615400000000 0.5007692600000000
vn 0.8559923800349846 -0.2237358710576124 0.4660679192179331
v 0.2165901100000000 0.0484615400000000 0.5330769400000001
vn 0.6592001191012103 -0.1132475751817063 0.7433910072716874
v 0.2099999900000000 0.0484615400000000 0.5414605700000000
vn 0.5165765967537923 -0.8096141486843415 -0.2786997487196551
v 0.2099999900000000 0.0896486000000000 -0.5653845700000000
vn 0.3734238648817226 -0.6539968388102637 -0.6579078597820359
v 0.2099999900000000 0.0807692300000000 -0.5546154400000000
vn 0.8548052896810036 -0.3656111517583542 -0.3682884772068021
v 0.2212199000000000 0.0807692300000000 -0.5330769400000001
vn 0.9844007698903747 -0.1693096723902321 0.0478472473016992
v 0.2314861300000000 0.0807692300000000 -0.5007692600000000
vn -0.1059154267261083 0.0453070673736086 0.9933424344240155
v 0.2099999900000000 0.0807692300000000 -0.4686720400000000
vn -0.7184305084288554 -0.6356364669405263 -0.2825312132385049
v 0.2108029400000000 0.0807692300000000 -0.4684615400000000
vn -0.8422774823139770 -0.2087260311458113 0.4969930449301538
v 0.2099999900000000 0.0828207500000000 -0.4684615400000000
vn -0.9846047721855569 0.1708536748414207 0.0369115751846171
v 0.2249907900000000 0.0807692300000000 -0.4361538600000000
vn -0.9392181505904711 0.2063256412050007 0.2744066241597682
v 0.2303914700000000 0.0807692300000000 -0.4038461400000000
vn -0.9290189906681466 0.3083409849626839 -0.2045716304138483
v 0.2367488900000000 0.0807692300000000 0.4038461400000000
vn -0.9491645335962846 0.2537304064888328 -0.1862996752169982
v 0.2275922300000000 0.0807692300000000 0.4361538600000000
vn -0.9943825064767775 -0.0553923676129065 0.0901948802493698
v 0.2224549200000000 0.0807692300000000 0.4684615400000000
vn -0.2930807429648039 0.4921905514025020 -0.8196658704699735
v 0.2099999900000000 0.0807692300000000 0.4863654400000000
vn 0.8893061068672891 0.2293786595102840 -0.3956261857483792
v 0.2395305000000000 0.0807692300000000 0.5007692600000000
vn -0.2849182679915545 0.3879390483123433 -0.8765414282047403
v 0.2099999900000000 0.1083969800000000 0.5007692600000000
vn 0.9577636482580055 -0.1788803284677554 0.2251457798022947
v 0.2253732200000000 0.0807692300000000 0.5330770600000000
vn 0.2997585334079177 -0.4845352294214739 0.8218092437412797
v 0.2099999900000000 0.0807692300000000 0.5606232300000000
vn 0.5356161265587510 -0.7615785012005725 0.3648472988515737
v 0.2099999900000000 0.0848048600000000 0.5653846300000001
vn 0.7929203678868134 0.3258522132579977 -0.5148763203965636
v 0.2099998700000000 0.1130769300000000 -0.5909044700000000
vn 0.8982596447544138 -0.0844520918334348 -0.4312742222654066
v 0.2232249500000000 0.1130769300000000 -0.5653846300000001
vn 0.4008723794358429 0.8956237112041450 -0.1927680039175585
v 0.2099999900000000 0.1262037800000000 -0.5653845700000000
vn 0.9203418646449403 0.0899840076878369 -0.3806228192611550
v 0.2371172800000000 0.1130769300000000 -0.5330769400000001
vn -0.0144266469961288 0.9994976802199458 0.0282180632112852
v 0.2099999900000000 0.1292307700000000 -0.5330769400000001
vn -0.3822770363596855 0.9156496349118247 0.1242980834844124
v 0.2099999900000000 0.1266215700000000 -0.5007692600000000
vn -0.5861661498563228 0.7699160936917777 0.2522666316360703
v 0.2099999900000000 0.1155478400000000 -0.4684615400000000
vn -0.8125349247689357 0.4382123719327446 0.3843916142631338
v 0.2099999900000000 0.1130769300000000 -0.4637703000000000
vn -0.9242083605817063 0.2297682507396185 0.3050335345219122
v 0.2205882700000000 0.1130769300000000 -0.4361538600000000
vn -0.8686384475216405 0.4251610759678451 0.2543723785497517
v 0.2281153900000000 0.1130769300000000 -0.4038461400000000
vn -0.9387798959307203 0.1829890340142254 0.2919029298017519
v 0.2389796100000000 0.1130769300000000 -0.3715384600000000
vn -0.9565384532981542 0.2030401209072747 -0.2093057492376503
v 0.2359760300000000 0.1130769300000000 0.4038461400000000
vn -0.9519949564698361 0.2623354514194875 -0.1577520642797689
v 0.2291452300000000 0.1130769300000000 0.4361538600000000
vn -0.9286156482055795 0.2762994559923114 -0.2476521522742823
v 0.2238791300000000 0.1130769300000000 0.4684615400000000
vn -0.8755764097825682 -0.1688932061067308 -0.4525936760089092
v 0.2117525300000000 0.1130769300000000 0.5007692600000000
vn -0.8491528432932409 -0.0928648912219320 -0.5199188020309935
v 0.2099999900000000 0.1275802900000000 0.5007692600000000
vn -0.5953454521537476 -0.0665937382024453 -0.8007053556908895
v 0.2099999900000000 0.1130769300000000 0.5025217500000000
vn 0.8503224463080219 -0.1329542370290435 0.5091904439016568
v 0.2292233600000000 0.1130769300000000 0.5653846300000001
vn 0.7104400073829766 -0.3786849763602543 0.5931885742229951
v 0.2099999900000000 0.1130769300000000 0.5953260100000000
vn 0.7677006026603125 -0.0606556544992889 0.6379315607902276
v 0.2099999900000000 0.1407289500000000 0.5976923100000000
vn -0.7251836296063079 0.4554010439165363 -0.5164480540681224
v 0.2099999900000000 0.1453846100000000 0.4963112500000000
vn -0.2942148127616068 0.9274815705718756 -0.2306850237904049
v 0.2099999900000000 0.1474849400000000 0.5007692600000000
vn -0.2877707848790897 0.9354958881127234 -0.2050254098746286
v 0.2099999900000000 0.1538983100000000 0.5330769400000001
vn 0.7233502327733237 0.5129505203228744 0.4622187841783058
v 0.2241402900000000 0.1453846100000000 0.5653846300000001
vn 0.3276975606258404 0.9241911747603420 0.1961758936642642
v 0.2099999900000000 0.1560637200000000 0.5653846300000001
vn 0.7860995261363235 0.3746604049054671 0.4916066679819539
v 0.2104112700000000 0.1453846100000000 0.5976923100000000
vn 0.5346029988906779 0.7976406397173700 0.2792293742577218
v 0.2100001300000000 0.1457957600000000 0.5976923100000000
vn 0.7709529020027400 0.1761283462212390 0.6120542692857593
v 0.2099999900000000 0.1453846100000000 0.5981060300000000
vn 0.6941001495185773 -0.7189099496893441 -0.0373291665585119
v 0.2423076900000000 -0.1134172000000000 -0.1453846100000000
vn 0.6981887828435125 -0.7140521450092235 -0.0515941636158726
v 0.2423076900000000 -0.1144253400000000 -0.1130769300000000
vn 0.6972701199807249 -0.7099086512999923 -0.0992173704120989
v 0.2423076900000000 -0.1189156700000000 -0.0807692300000000
vn 0.6970537058745304 -0.7103099457823000 -0.0978565891973021
v 0.2423076900000000 -0.1242230500000000 -0.0484615400000000
vn 0.7019786761523104 -0.7076219505839652 -0.0806046728124004
v 0.2423076900000000 -0.1285593400000000 -0.0161538500000000
vn 0.6878101686916797 -0.7247633377917247 -0.0404385464293830
v 0.2423078100000000 -0.1321074700000000 0.0161538500000000
vn 0.5695250291677215 -0.8099227492577099 0.1402368759860925
v 0.2423075700000000 -0.1311473400000000 0.0484615400000000
vn 0.2059610777787803 -0.9688561007532359 0.1374695983606512
v 0.2423076900000000 -0.1309602000000000 0.0807692300000000
vn 0.0771832795077444 -0.9968807787696937 0.0164758697481561
v 0.2423076900000000 -0.1299330700000000 0.1130769300000000
vn 0.5618064410163870 -0.8181605254617031 -0.1224209026626196
v 0.2423076900000000 -0.1278228900000000 0.1453846100000000
vn 0.6812386579852535 -0.7266812256001389 0.0885905594673092
v 0.2423076900000000 -0.1239497000000000 0.1776923100000000
vn 0.6773119000108796 -0.7285371279034114 0.1023828275146788
v 0.2423076900000000 -0.1186646200000000 0.2099999900000000
vn 0.6744450291977396 -0.7294724083470514 0.1139908244150078
v 0.2423076900000000 -0.1141269700000000 0.2423076900000000
vn 0.7873944032504698 -0.5827838025469839 -0.2009305681540625
v 0.2423076900000000 -0.0835175100000000 -0.2746153800000000
vn 0.7417773841043962 -0.6706343589918378 0.0039835876852606
v 0.2423076900000000 -0.0937746800000000 -0.2423076900000000
vn 0.2342395055078181 -0.9556647500611810 -0.1784285278478564
v 0.2423076900000000 -0.1030825100000000 -0.2099999900000000
vn 0.1297926218663302 -0.9848473910192607 -0.1150195275230215
v 0.2423076900000000 -0.1115422200000000 -0.1776923100000000
vn 0.7796607388874862 -0.5625723861679947 -0.2750298939364011
v 0.2423076900000000 -0.1130769300000000 -0.1515090500000000
vn 0.8092837348148386 -0.5865468521020571 -0.0319785373854637
v 0.2426478400000000 -0.1130769300000000 -0.1453846100000000
vn 0.8138771253459492 -0.5775477442068260 -0.0635816640252582
v 0.2436562300000000 -0.1130769300000000 -0.1130769300000000
vn 0.8327185044882824 -0.5446451299041519 -0.0997074458327358
v 0.2479355000000000 -0.1130769300000000 -0.0807692300000000
vn 0.8564212138824351 -0.5085051563008899 -0.0892480275834912
v 0.2520422300000000 -0.1130769300000000 -0.0484616000000000
vn 0.8490660924399700 -0.5200898956943520 -0.0926998978713485
v 0.2546272900000000 -0.1130769800000000 -0.0161538500000000
vn 0.8464540638001118 -0.5318276482767655 -0.0259782679307357
v 0.2581544200000000 -0.1130769300000000 0.0161538500000000
vn 0.8517692221865892 -0.5234405112190695 0.0223433066123142
v 0.2564691600000000 -0.1130769300000000 0.0484615400000000
vn 0.8748540064071089 -0.4829499264694833 0.0372805042421770
v 0.2564532800000000 -0.1130769300000000 0.0807692300000000
vn 0.9012599800573841 -0.4306948452861112 0.0472482654807162
v 0.2558484100000000 -0.1130769800000000 0.1130768000000000
vn 0.9016147118691934 -0.4295609422455356 0.0506784790434650
v 0.2546954500000000 -0.1130768600000000 0.1453846100000000
vn 0.8814692806314067 -0.4645953549408671 0.0846348832959556
v 0.2521404600000000 -0.1130769300000000 0.1776923100000000
vn 0.8531853446671496 -0.5119475558408990 0.0999223083887013
v 0.2478663600000000 -0.1130769300000000 0.2099999900000000
vn 0.8384450408703131 -0.5385580373423402 0.0834574972902091
v 0.2433577300000000 -0.1130769300000000 0.2423076900000000
vn 0.5492479909737372 -0.6850305950547594 0.4786018473117669
v 0.2423076900000000 -0.1130769800000000 0.2489866600000000
vn 0.1208366822278991 -0.9896677151149775 0.0771771331888765
v 0.2423078100000000 -0.1090045000000000 0.2746153800000000
vn 0.6999591275981429 -0.7107281618467653 0.0701619530084846
v 0.2423076900000000 -0.0958005700000000 0.3069230900000000
vn 0.3989131911083501 -0.7863991000311574 -0.4716404577959133
v 0.2423076900000000 -0.0547289900000000 -0.3392307800000000
vn 0.2748905189457396 -0.9195310744461551 -0.2808875321576971
v 0.2423075700000000 -0.0722441900000000 -0.3069231500000000
vn 0.6726268338788720 -0.4602603314981967 -0.5794252062132389
v 0.2423076900000000 -0.0807692300000000 -0.2848177900000000
vn 0.8697944434119687 -0.4652432257583025 -0.1643361405646151
v 0.2444300800000000 -0.0807692300000000 -0.2746153800000000
vn 0.9134181596990293 -0.3850510462022383 -0.1319202689149793
v 0.2506004300000000 -0.0807692300000000 -0.2423076900000000
vn 0.9375597041700202 -0.3321684443410051 -0.1031790952698302
v 0.2544230800000000 -0.0807692300000000 -0.2099999900000000
vn 0.9387281904677708 -0.3390598059525766 -0.0618694788123002
v 0.2577224400000000 -0.0807692300000000 -0.1776923100000000
vn 0.9401060739647581 -0.3387946268117263 -0.0376665705642516
v 0.2587702600000000 -0.0807692300000000 -0.1453846100000000
vn 0.9392901704799846 -0.3398711368640559 -0.0471337030840512
v 0.2593118000000000 -0.0807692300000000 -0.1130769300000000
vn 0.9388352090442587 -0.3337063020485721 -0.0850209046757925
v 0.2610707300000000 -0.0807692300000000 -0.0807692300000000
vn 0.9206581447028802 -0.3678766426851641 -0.1305961575198240
v 0.2642112400000000 -0.0807692300000000 -0.0484615400000000
vn 0.8956760884964620 -0.4303488526598218 -0.1120901847177229
v 0.2701741800000000 -0.0807692300000000 -0.0161538500000000
vn 0.8972174965559429 -0.4415788042686958 0.0029872218724802
v 0.2730373700000000 -0.0807692300000000 0.0161538500000000
vn 0.9455981961366730 -0.2335418676563910 0.2264999945135426
v 0.2715951800000000 -0.0807692300000000 0.0484615400000000
vn 0.9448360923650579 0.1748329674146848 0.2769804904127788
v 0.2659021600000000 -0.0807692300000000 0.0807692300000000
vn -0.3103644955535111 0.6759447671511583 0.6684104664506542
v 0.2423076900000000 -0.0544423900000000 0.0807692300000000
vn 0.9501221381493359 0.2979073867777384 0.0922990330490698
v 0.2613007100000000 -0.0807692300000000 0.1130769300000000
vn -0.1831782021214158 0.9828884696613011 0.0193907832340861
v 0.2423076900000000 -0.0626545100000000 0.1130769300000000
vn 0.9644288354633966 0.2638151202033166 -0.0166914253084068
v 0.2607140800000000 -0.0807692300000000 0.1453846100000000
vn -0.4616038032646481 0.8628063935647013 -0.2061238851649311
v 0.2423076900000000 -0.0524256800000000 0.1453846100000000
vn 0.9610040740631384 -0.2763748448974495 -0.0093869452944354
v 0.2599301000000000 -0.0807692300000000 0.1776923100000000
vn 0.9511338272641449 -0.3038325200817196 0.0550476373212445
v 0.2588135300000000 -0.0807692300000000 0.2099999900000000
vn 0.9658865494171240 -0.2542959697892344 0.0489564439480075
v 0.2574916200000000 -0.0807692300000000 0.2423076900000000
vn 0.9447499945891872 -0.3167100711582189 0.0845114107720754
v 0.2576057300000000 -0.0807692300000000 0.2746153800000000
vn 0.9132689635843714 -0.3556578568094808 0.1986134160705543
v 0.2528042800000000 -0.0807692300000000 0.3069230900000000
vn 0.7902958637065086 -0.5117456522665682 0.3369700805630201
v 0.2423076900000000 -0.0807692300000000 0.3354148900000000
vn 0.8319443841087426 -0.4188823700220138 0.3638764925557378
v 0.2423075700000000 -0.0776055500000000 0.3392307800000000
vn 0.6579789285065955 -0.7087295292502843 -0.2544920116820622
v 0.2423076900000000 -0.0162060400000000 -0.4038461400000000
vn 0.2073452016862432 -0.9262080161093714 -0.3148756551917494
v 0.2423076900000000 -0.0375752700000000 -0.3715384000000000
vn 0.3337279434360265 -0.7888568756180294 -0.5160721747586486
v 0.2423076900000000 -0.0484615400000000 -0.3487330100000000
vn 0.8717317658998169 -0.4335905147549920 -0.2282169884905328
v 0.2457973500000000 -0.0484615400000000 -0.3392307800000000
vn 0.9239997097904364 -0.3564579967858940 -0.1384277170026901
v 0.2519432900000000 -0.0484615400000000 -0.3069230900000000
vn 0.9454235906353949 -0.3081342427702821 -0.1059600052022552
v 0.2553271900000000 -0.0484616000000000 -0.2746153800000000
vn 0.9499561509450223 -0.2975499226229836 -0.0951175842248669
v 0.2577774200000000 -0.0484615400000000 -0.2423076900000000
vn 0.9345453577374920 -0.3412432393279919 -0.1008862029429296
v 0.2603953500000000 -0.0484615400000000 -0.2099999900000000
vn 0.9247392687136201 -0.3704423768779480 -0.0873483274711964
v 0.2637468600000000 -0.0484615400000000 -0.1776923100000000
vn 0.9089690493138085 -0.4133736356161982 -0.0538284754288822
v 0.2672497000000000 -0.0484615400000000 -0.1453846100000000
vn 0.8786583817587772 -0.4725490464045075 -0.0682410939774391
v 0.2682279100000000 -0.0484615400000000 -0.1130769300000000
vn 0.8494670381246804 -0.5130285397512150 -0.1233185652706791
v 0.2719106700000000 -0.0484615400000000 -0.0807692300000000
vn -0.9055231866312003 0.4205181976148470 0.0564995924590330
v 0.2423076900000000 -0.0165920400000000 -0.0161538500000000
vn -0.9122346658783846 0.3874703920871169 -0.1330210871463909
v 0.2423076900000000 -0.0201891600000000 0.0161538500000000
vn -0.4237369270371162 0.0659180400065642 0.9033835446070703
v 0.2423076900000000 -0.0484615400000000 0.0782232600000000
vn -0.7457352661381765 -0.3865274689193540 0.5426559025834150
v 0.2482086100000000 -0.0484616000000000 0.0807692300000000
vn -0.9100679990363163 -0.4108231758875573 0.0547773245394181
v 0.2559487200000000 -0.0484616000000000 0.1130769300000000
vn -0.9855138952289607 -0.0714711405381073 -0.1537993445396404
v 0.2494082700000000 -0.0484615400000000 0.1453846100000000
vn -0.7783739187008286 0.3833152278830483 -0.4971956141794520
v 0.2423076900000000 -0.0484615400000000 0.1694275600000000
vn -0.7602464583139982 0.6485605995441582 0.0373426209570811
v 0.2423076900000000 -0.0469389200000000 0.1776923100000000
vn 0.9457986705886096 0.1717558285789002 0.2756171439914329
v 0.2667267900000000 -0.0484615400000000 0.2099999900000000
vn -0.3225198323913225 0.9446564781028806 -0.0600424524193943
v 0.2423076900000000 -0.0438801900000000 0.2099999900000000
vn 0.8989780774116644 0.4379920287449632 -0.0011828309679742
v 0.2610644400000000 -0.0484615400000000 0.2423076900000000
vn -0.2147564163063870 0.9392212399490384 -0.2678491069311759
v 0.2423076900000000 -0.0319711100000000 0.2423076900000000
vn 0.9590822346812676 0.2775977223776172 -0.0556845728146072
v 0.2598840300000000 -0.0484615400000000 0.2746153800000000
vn -0.4848752524836633 0.7803321653464649 -0.3949401236321793
v 0.2423076900000000 -0.0171874300000000 0.2746153800000000
vn 0.9707527737769570 -0.2399032249239401 0.0092463438956961
v 0.2612136900000000 -0.0484615400000000 0.3069230900000000
vn 0.8865629805667736 -0.3736497229955200 0.2727489064944710
v 0.2543438400000000 -0.0484615400000000 0.3392307800000000
vn 0.6922085716825017 -0.5644186092119703 0.4497542961045466
v 0.2423076900000000 -0.0484615400000000 0.3715092500000000
vn 0.6926106434729850 -0.6001190440964007 0.4001844942782765
v 0.2423076900000000 -0.0484426800000000 0.3715384600000000
vn 0.7618073771455918 -0.5459846496733742 0.3486406207652761
v 0.2423076900000000 -0.0269230400000000 0.4038461400000000
vn 0.8299279475099243 -0.4026942479482089 -0.3860789357260910
v 0.2423076900000000 0.0123404300000000 -0.4361538600000000
vn 0.7820142412041549 -0.4992883057468710 -0.3730481393845956
v 0.2423076900000000 -0.0161538500000000 -0.4039350700000000
vn 0.7852668699719467 -0.5002784800075547 -0.3647977321280825
v 0.2423588300000000 -0.0161538500000000 -0.4038461400000000
vn 0.8999413438793394 -0.3696297785601554 -0.2312561445199218
v 0.2540617300000000 -0.0161538500000000 -0.3715384600000000
vn 0.9554298398853404 -0.2611969181047653 -0.1375863039304613
v 0.2597743300000000 -0.0161538500000000 -0.3392307800000000
vn 0.9603472646349055 -0.2537688822028307 -0.1154750437704207
v 0.2630109800000000 -0.0161538500000000 -0.3069230900000000
vn 0.9296599124027144 -0.3388517958237441 -0.1446095008580041
v 0.2669614300000000 -0.0161538500000000 -0.2746153800000000
vn 0.8539299520144429 -0.5034944423678052 -0.1315179970853589
v 0.2725274000000000 -0.0161538500000000 -0.2423076900000000
vn -0.8741672186120806 0.3696311251872310 0.3149674668864081
v 0.2423076900000000 -0.0041642900000000 -0.1130769800000000
vn -0.9247630058834533 0.3777425350093840 0.0460864426277907
v 0.2423076900000000 -0.0085551100000000 -0.0807692300000000
vn -0.9081602642058706 0.4153565852656068 0.0521904358481328
v 0.2423076900000000 -0.0126720800000000 -0.0484615400000000
vn -0.8950393913831635 0.4419238677471771 0.0600648232148558
v 0.2423076900000000 -0.0161538500000000 -0.0194057600000000
vn -0.9050436700616930 0.4217274216342635 0.0551537589197477
v 0.2425488800000000 -0.0161538500000000 -0.0161538500000000
vn -0.8733470036410491 0.4103591947555045 -0.2624315958698865
v 0.2442193300000000 -0.0161538500000000 0.0161538500000000
vn -0.8219641061736542 0.3598769634372570 -0.4414335503213647
v 0.2423076900000000 -0.0161538500000000 0.0189792200000000
vn -0.8768416130201685 0.4798416828429332 -0.0300124154751185
v 0.2423076900000000 0.0149503700000000 0.0484615400000000
vn -0.7416182602286688 0.2981779814479630 0.6009095168783907
v 0.2423076900000000 -0.0161538500000000 0.0663628700000000
vn -0.8992660759770172 0.1208053617575577 0.4203886168386616
v 0.2534733700000000 -0.0161538500000000 0.0807692300000000
vn -0.9994464282941306 0.0218050274755858 -0.0251272311824079
v 0.2546570000000000 -0.0161538500000000 0.1130769300000000
vn -0.9972135338670799 0.0721643819052220 -0.0189068732625824
v 0.2535192100000000 -0.0161538500000000 0.1453846100000000
vn -0.9956507524647789 0.0310712778857008 0.0878302613389563
v 0.2535627200000000 -0.0161538500000000 0.1776923100000000
vn -0.9328248515911371 -0.3603072880689711 0.0040564046095490
v 0.2543520900000000 -0.0161538500000000 0.2099999900000000
vn -0.8989103933386166 -0.4331164562834723 -0.0661077911010546
v 0.2511875600000000 -0.0161538500000000 0.2423076900000000
vn -0.9517541755339028 -0.1071392264538465 -0.2875503008321363
v 0.2436495700000000 -0.0161538500000000 0.2746153800000000
vn -0.6792574309476307 0.1273647037093341 -0.7227638443858813
v 0.2423075700000000 -0.0161538500000000 0.2764122800000000
vn -0.8817574321556966 0.3756403470241778 -0.2853036286585707
v 0.2423076900000000 0.0088895900000000 0.3069230900000000
vn 0.8830914717579554 -0.4005313961186318 0.2443850511623571
v 0.2673100800000000 -0.0161538500000000 0.3392307800000000
vn 0.8661654908275741 -0.4251914424831262 0.2626206003697084
v 0.2587981200000000 -0.0161538500000000 0.3715384600000000
vn 0.8418731429741517 -0.4547918288212235 0.2905408810757453
v 0.2493688300000000 -0.0161538500000000 0.4038461400000000
vn 0.7641187739028189 -0.5339687764288804 0.3619390075251589
v 0.2423076900000000 -0.0161538500000000 0.4193088400000000
vn 0.7541554176362416 -0.5457278926418463 0.3652816355123749
v 0.2423075700000000 -0.0059762300000000 0.4361538600000000
vn 0.8624089035285382 -0.2160265372972770 -0.4578028159568843
v 0.2423076900000000 0.0161538500000000 -0.4399132100000000
vn 0.8377678111823635 -0.3512186182902871 -0.4180796296316925
v 0.2446163000000000 0.0161538500000000 -0.4361538600000000
vn 0.9493817395944706 -0.1985587540621566 -0.2434106277668680
v 0.2559201100000000 0.0161538500000000 -0.4038461400000000
vn 0.9894030510382749 -0.0814872516806562 -0.1201725027187432
v 0.2601326100000000 0.0161538500000000 -0.3715384600000000
vn 0.9850322258782336 -0.0890197428074165 -0.1476041983544991
v 0.2641670100000000 0.0161538500000000 -0.3392307800000000
vn 0.9543473859475948 -0.2162043387585788 -0.2060988860643312
v 0.2697042200000000 0.0161538500000000 -0.3069230900000000
vn -0.9053245539835706 0.4051221133986229 0.1275285269650774
v 0.2423076900000000 0.0402983400000000 -0.2423076900000000
vn -0.9278096855445631 0.3662743527827526 0.0707974992727471
v 0.2423076900000000 0.0333689500000000 -0.2099999900000000
vn -0.9715755843990466 0.2367160124783154 0.0025324367745735
v 0.2423076900000000 0.0256781500000000 -0.1776923100000000
vn -0.9424983976603724 0.3209555160761602 0.0931897371383584
v 0.2423076900000000 0.0455221700000000 -0.1453846100000000
vn -0.8024271097697786 0.3262536580903032 0.4996691746437991
v 0.2423076900000000 0.0161538500000000 -0.1269230800000000
vn -0.9241023751716367 0.2947630382948475 0.2432068079995499
v 0.2506282600000000 0.0161538500000000 -0.1130769300000000
vn -0.9552227422098696 0.2909127699830084 0.0540302972957812
v 0.2510921700000000 0.0161538500000000 -0.0807692300000000
vn -0.9464062124931277 0.3172453626551304 0.0605859788088576
v 0.2538554100000000 0.0161538500000000 -0.0484616000000000
vn -0.9632064888137581 0.2679493340694324 0.0208905308410118
v 0.2555759000000000 0.0161538500000000 -0.0161538500000000
vn -0.9639480404339746 0.2281169507758200 -0.1369920877724058
v 0.2556804100000000 0.0161538500000000 0.0161538500000000
vn -0.9416179801230173 0.3293751557125324 0.0697680894707165
v 0.2431076800000000 0.0161538500000000 0.0484615400000000
vn -0.9907912548404367 0.0533851598042341 0.1244295545454907
v 0.2541836200000000 0.0161538500000000 0.0807692300000000
vn -0.9999002082642729 -0.0141255826324251 0.0002035395741498
v 0.2556456600000000 0.0161538500000000 0.1130769300000000
vn -0.9987073151423332 -0.0397520226810082 -0.0316776794282816
v 0.2547718600000000 0.0161538500000000 0.1453846100000000
vn -0.9964236785492926 -0.0789284991645271 -0.0301686069603967
v 0.2537295800000000 0.0161538500000000 0.1776923100000000
vn -0.9943839179181588 -0.0919314440109993 -0.0524331325383554
v 0.2524298400000000 0.0161538500000000 0.2099999900000000
vn -0.9941335917834802 -0.0433309433610561 -0.0991001061307079
v 0.2505163600000000 0.0161538500000000 0.2423076900000000
vn -0.9976348657021029 0.0314037152235902 -0.0611431223090770
v 0.2468179300000000 0.0161538500000000 0.2746155000000000
vn -0.9542881861532542 0.2749664151064382 -0.1171645352990665
v 0.2454634800000000 0.0161538500000000 0.3069230900000000
vn -0.9062931163506992 0.3615634145007667 -0.2188713881481189
v 0.2423078100000000 0.0161538500000000 0.3187845600000000
vn -0.7657484099014765 0.3867556878424218 -0.5138573835753413
v 0.2423078100000000 0.0266102400000000 0.3392307800000000
vn 0.9054718714918714 -0.2403031563339900 0.3498215016160814
v 0.2730758200000000 0.0161538500000000 0.3715384600000000
vn 0.9562533511556727 -0.1288927955390768 0.2626141193113343
v 0.2615599000000000 0.0161538500000000 0.4038461400000000
vn 0.9385883434068685 -0.1826968383007573 0.2927008488126697
v 0.2552308100000000 0.0161538500000000 0.4361538600000000
vn 0.8046942550894063 -0.3753279245629065 0.4599957661429144
v 0.2423076900000000 0.0161538500000000 0.4663682300000000
vn 0.8655722458420747 -0.0743810668055335 0.4952293853647799
v 0.2423076900000000 0.0316483400000000 0.4684615400000000
vn 0.3338398454515843 -0.6402660202924485 -0.6918167248973766
v 0.2423076900000000 0.0695213600000000 -0.4684615400000000
vn 0.7015394311995660 -0.1732646259417521 -0.6912465521573719
v 0.2423076900000000 0.0484615400000000 -0.4498793500000000
vn 0.9121893929601861 -0.1928400376458715 -0.3615566777860230
v 0.2498526900000000 0.0484615400000000 -0.4361538600000000
vn 0.9878423060315783 -0.0831062767668942 -0.1313808402171255
v 0.2576619400000000 0.0484615400000000 -0.4038460900000000
vn 0.9813588696935601 0.1880501203696152 0.0396474602307798
v 0.2590658100000000 0.0484615400000000 -0.3715384600000000
vn -0.0750357079407182 0.9526025632279359 0.2948185867027409
v 0.2423076900000000 0.0799415300000000 -0.3715384600000000
vn 0.9576442601242573 0.2163737310408064 -0.1899996830695901
v 0.2657663200000000 0.0484615400000000 -0.3392307800000000
vn -0.2090782527828921 0.9125764041820874 0.3514122802967258
v 0.2423076900000000 0.0700000400000000 -0.3392307800000000
vn -0.6777684253666473 0.7352118216335751 -0.0096715513882629
v 0.2423076900000000 0.0592675800000000 -0.3069230900000000
vn -0.8037539639619521 0.5842488531104744 0.1123959209871268
v 0.2423076900000000 0.0502637400000000 -0.2746153800000000
vn -0.8473597813880314 0.5110461398409544 0.1442679584650991
v 0.2423076900000000 0.0484615400000000 -0.2640502800000000
vn -0.8974424487150148 0.4316011812608651 0.0912001731282565
v 0.2471573500000000 0.0484615400000000 -0.2423076900000000
vn -0.9411074203356612 0.3376326315312619 0.0179172965157175
v 0.2480834000000000 0.0484615400000000 -0.2099999900000000
vn -0.9293515320030984 0.3662989931207756 -0.0461603466429774
v 0.2463936100000000 0.0484615400000000 -0.1776922500000000
vn -0.8634041183662329 0.4382917550410655 0.2498672964820547
v 0.2438375200000000 0.0484615400000000 -0.1453846100000000
vn -0.9253832534951012 0.3392107095998238 0.1691210473111064
v 0.2566842400000000 0.0484615400000000 -0.1130769300000000
vn -0.9308227051393624 0.3578473826487695 0.0742586178733808
v 0.2597596600000000 0.0484615400000000 -0.0807692300000000
vn -0.9419461592271366 0.3343548534481427 -0.0307288967084194
v 0.2613416300000000 0.0484615400000000 -0.0484615400000000
vn -0.9724118357611299 0.2332658627077068 -0.0015029859941058
v 0.2603399200000000 0.0484615400000000 -0.0161538500000000
vn -0.9488422081191494 0.2956195506198021 -0.1109393770620822
v 0.2611638000000000 0.0484615400000000 0.0161538500000000
vn -0.9723524106139212 0.2095128378982332 -0.1031269136992135
v 0.2540209300000000 0.0484615400000000 0.0484615400000000
vn -0.9988073027964199 0.0487661827179527 -0.0024148092388237
v 0.2531662300000000 0.0484615400000000 0.0807692300000000
vn -0.9988584851423130 0.0422856691328334 -0.0222182097656887
v 0.2531662300000000 0.0484615400000000 0.1130769300000000
vn -0.9959985552225962 0.0826329788949252 -0.0340392243368100
v 0.2507940200000000 0.0484615400000000 0.1453846100000000
vn -0.9927009409264875 0.1145427767655043 -0.0377464458527437
v 0.2488014300000000 0.0484615400000000 0.1776921900000000
vn -0.9916324805507692 0.1254263361147123 -0.0305492671854442
v 0.2481743500000000 0.0484615400000000 0.2099999900000000
vn -0.9883784566984875 0.1489180270921474 -0.0305196255104568
v 0.2475158600000000 0.0484615400000000 0.2423076900000000
vn -0.9797554679121776 0.1988253079531772 0.0234034188424300
v 0.2476887700000000 0.0484615400000000 0.2746153800000000
vn -0.9796099778719279 0.1898687052777451 0.0656823112406500
v 0.2509858000000000 0.0484615400000000 0.3069230900000000
vn -0.9236490565965566 0.2709615641782696 -0.2710207574824416
v 0.2543035400000000 0.0484615400000000 0.3392307800000000
vn -0.4757992181056939 0.5408968602004851 -0.6935745747035911
v 0.2423076900000000 0.0484615400000000 0.3540234000000000
vn -0.6741760031091998 0.5732933383792519 -0.4656409185216403
v 0.2423076900000000 0.0727473900000000 0.3715384600000000
vn 0.9211653405690869 -0.2040628711839934 0.3313800837986238
v 0.2585186100000000 0.0484615400000000 0.4038461400000000
vn 0.9710789218514582 -0.1036223892822908 0.2151002742332957
v 0.2565094800000000 0.0484615400000000 0.4361538600000000
vn 0.8955300724760741 -0.2058398721000955 0.3945324274946408
v 0.2438404900000000 0.0484615400000000 0.4684615400000000
vn 0.7656528008386060 -0.0743603846154306 0.6389415636565234
v 0.2423076900000000 0.0484615400000000 0.4708683800000000
vn 0.6868704302267687 -0.6616712688037333 -0.3006661672349438
v 0.2423076900000000 0.0970410200000000 -0.5007692600000000
vn 0.4516403487294581 -0.6718440513889372 -0.5870660661397767
v 0.2423076900000000 0.0807692300000000 -0.4793857000000000
vn 0.8557075685526392 -0.3726766833516216 -0.3589939370069717
v 0.2481404700000000 0.0807692300000000 -0.4684615400000000
vn 0.9469172255604100 -0.2481282471172410 -0.2044019102638255
v 0.2574980300000000 0.0807692300000000 -0.4361538600000000
vn 0.9688085720271877 -0.2117925294395784 0.1286618639699686
v 0.2608971000000000 0.0807692300000000 -0.4038461400000000
vn -0.0841948349299810 0.3347596926792810 0.9385345906935911
v 0.2423076900000000 0.0807692300000000 -0.3724564300000000
vn -0.3840079743903801 -0.8430513239104730 0.3765665158473280
v 0.2423076900000000 0.0849542300000000 -0.3715384600000000
vn -0.8338058362315343 -0.5070408482252806 -0.2183515644487570
v 0.2575591500000000 0.0807692300000000 -0.3392307800000000
vn -0.9890990605317600 -0.0800584106681819 -0.1235868089096673
v 0.2588866100000000 0.0807692300000000 -0.3069230900000000
vn -0.9859900441222480 0.1480117328883737 0.0769165770116446
v 0.2591538100000000 0.0807692300000000 -0.2746153800000000
vn -0.9927824018513479 0.1081322100036991 0.0518702972228273
v 0.2593061300000000 0.0807692300000000 -0.2423076900000000
vn -0.9833769165093791 0.1704776655597208 0.0625076445070012
v 0.2617044400000000 0.0807692300000000 -0.2099999900000000
vn -0.9702141887712534 0.2355967738484061 0.0563789682342779
v 0.2643984600000000 0.0807692300000000 -0.1776923100000000
vn -0.9619087464147167 0.2358438873009605 0.1382361182674060
v 0.2668354800000000 0.0807692300000000 -0.1453846100000000
vn -0.9759916313723451 0.1763035014310612 0.1278960940541037
v 0.2715123600000000 0.0807692300000000 -0.1130769300000000
vn -0.9738760769623787 0.2211123807233258 -0.0517175193839597
v 0.2724380200000000 0.0807692300000000 -0.0161538500000000
vn -0.9764884173107606 0.0696281817788237 -0.2040154091241658
v 0.2745375000000000 0.0807692300000000 0.0161538500000000
vn -0.9797508616106280 0.0275990430467221 -0.1983092080467709
v 0.2582891300000000 0.0807692300000000 0.0484615400000000
vn -0.9965643112257798 0.0821213300082960 0.0107545687387130
v 0.2580619800000000 0.0807692300000000 0.0807692300000000
vn -0.9926860405848105 0.1147183150941621 0.0376049599123344
v 0.2593652900000000 0.0807692300000000 0.1130769300000000
vn -0.9906596070149901 0.1354830597635192 0.0154234738635514
v 0.2626991600000000 0.0807692300000000 0.1453846100000000
vn -0.9920175129980447 0.1218993139588015 -0.0322770996458444
v 0.2618880900000000 0.0807692300000000 0.1776923100000000
vn -0.9927238035333280 0.1146500675849388 -0.0368077695750667
v 0.2604135900000000 0.0807692300000000 0.2099999900000000
vn -0.9939123848736179 0.1065751225355280 -0.0279269484794575
v 0.2591456800000000 0.0807692300000000 0.2423076900000000
vn -0.9976179047992779 0.0646891611190814 -0.0239547168133634
v 0.2582543800000000 0.0807692300000000 0.2746153800000000
vn -0.9995998464516307 -0.0056924002847150 -0.0277081856655169
v 0.2559170400000000 0.0807692300000000 0.3069230900000000
vn -0.9907487201211195 -0.0657739653703398 -0.1187045031067687
v 0.2545876200000000 0.0807692300000000 0.3392307800000000
vn -0.9371396995203765 0.0780268761864898 -0.3401190823453403
v 0.2471002800000000 0.0807692300000000 0.3715384600000000
vn -0.8798428918250304 0.3298858695665841 -0.3421283366885394
v 0.2423076900000000 0.0807692300000000 0.3820066800000000
vn 0.8821139360913998 -0.3692457914348128 0.2924594831100827
v 0.2621549100000000 0.0807692300000000 0.4361538600000000
vn 0.8845209818746241 -0.3723807130904083 0.2809897456168639
v 0.2551821500000000 0.0807692300000000 0.4684615400000000
vn 0.2262513487916218 -0.5826658614782647 0.7805836412824468
v 0.2423076900000000 0.0807692300000000 0.4993052200000000
vn -0.0025467569845052 -0.9061363694971930 0.4229780064061351
v 0.2423075700000000 0.0817662800000000 0.5007692600000000
vn 0.6928690978954942 -0.6442465225078612 0.3238500137687380
v 0.2423076900000000 0.1072155600000000 0.5330769400000001
vn 0.8418079671987059 0.3310438149124658 -0.4263441555468817
v 0.2423076900000000 0.1130769300000000 -0.5230447100000000
vn 0.9304557952776357 -0.0838904241476320 -0.3566712909256826
v 0.2519856700000000 0.1130769300000000 -0.5007692600000000
vn 0.4910832039170480 0.8511446674844375 -0.1854455225756968
v 0.2423076900000000 0.1228845600000000 -0.5007692600000000
vn 0.9431063892780128 0.2324921823549904 -0.2376924980869263
v 0.2593739000000000 0.1130769300000000 -0.4684615400000000
vn 0.2369656370912930 0.9706509852472597 -0.0410359802666106
v 0.2423076900000000 0.1291801200000000 -0.4684615400000000
vn 0.9474835082353780 0.1325821382804839 -0.2910274527101439
v 0.2682186400000000 0.1130769300000000 -0.4361538600000000
vn -0.0734750690918460 0.9972137013192661 0.0128937241741192
v 0.2423076900000000 0.1291803600000000 -0.4361538600000000
vn -0.3710571282983162 0.9223825769591295 0.1073638172814397
v 0.2423076900000000 0.1270693100000000 -0.4038461400000000
vn -0.5591471735455072 0.8135361449412387 0.1597290806028081
v 0.2423076900000000 0.1164050000000000 -0.3715384600000000
vn -0.8471559197476473 0.5162448053815205 0.1257702212493636
v 0.2423076900000000 0.1130769300000000 -0.3459706300000000
vn -0.9889855381841425 0.1106673381170948 0.0982870568116598
v 0.2432570500000000 0.1130769300000000 -0.3392307800000000
vn -0.9421198812954744 0.3243861351724509 0.0847570915952261
v 0.2445944800000000 0.1130769300000000 -0.3069230900000000
vn -0.9323730877029874 0.3460115212388851 0.1046730743656161
v 0.2514609100000000 0.1130769300000000 -0.2746153800000000
vn -0.9323724974332762 0.3488211500098701 0.0948964242520605
v 0.2554701600000000 0.1130769300000000 -0.2423076900000000
vn -0.9356962391968674 0.3408967839525224 0.0908951629277703
v 0.2591320000000000 0.1130769300000000 -0.2099999900000000
vn -0.9406411623999870 0.3313094754089865 0.0736765573505131
v 0.2623474300000000 0.1130769300000000 -0.1776923100000000
vn -0.9472804453022576 0.3098393436142851 0.0816047737367457
v 0.2645454700000000 0.1130769300000000 -0.1453846100000000
vn -0.9273177968222859 0.3544299526243206 0.1202543653236078
v 0.2670938100000000 0.1130769300000000 -0.1130769300000000
vn -0.9818982744553747 0.1325427441302904 0.1353077957841673
v 0.2724930000000000 0.1130769300000000 -0.0807692300000000
vn -0.9677581783127367 0.1918866997740640 -0.1631674071578993
v 0.2726146300000000 0.1130769300000000 -0.0161538500000000
vn -0.9705538573550525 0.0921254235068333 -0.2225715981811583
v 0.2659115200000000 0.1130769300000000 0.0161538500000000
vn -0.9646041780746869 0.2556992789668355 -0.0644721519471641
v 0.2582050600000000 0.1130769300000000 0.0484615400000000
vn -0.9525092490774566 0.3027700292301813 0.0325029202050373
v 0.2581528100000000 0.1130769300000000 0.0807692300000000
vn -0.9423707377015333 0.3332896836363753 0.0292468717204524
v 0.2586726500000000 0.1130769300000000 0.1130769300000000
vn -0.9485641454146150 0.3159346117407831 -0.0202825821344761
v 0.2585699900000000 0.1130769300000000 0.1453846100000000
vn -0.9470750492676464 0.3195632631411822 -0.0304659138258587
v 0.2574792800000000 0.1130769300000000 0.1776923100000000
vn -0.9423573647858333 0.3331108119270537 -0.0316193613344601
v 0.2564458800000000 0.1130769300000000 0.2099999900000000
vn -0.9400090713946966 0.3395445914551441 -0.0330517187032636
v 0.2551821500000000 0.1130769300000000 0.2423076900000000
vn -0.9370558799166567 0.3465768390600122 -0.0425531730989640
v 0.2538554100000000 0.1130769300000000 0.2746153800000000
vn -0.9325162670961326 0.3584746058636432 -0.0436963219504782
v 0.2525246100000000 0.1130769300000000 0.3069230900000000
vn -0.9188019508951506 0.3714505223183587 -0.1335196034321695
v 0.2506282600000000 0.1130769300000000 0.3392307800000000
vn -0.8794146952654885 0.3910226055967224 -0.2715347411722082
v 0.2437945200000000 0.1130769300000000 0.3715384600000000
vn -0.9561880301907844 0.0972277814292525 -0.2761362153688161
v 0.2423076900000000 0.1130769300000000 0.3768762900000000
vn -0.6087105997898792 0.7665483602358499 -0.2046338611353829
v 0.2423076900000000 0.1285370300000000 0.4038461400000000
vn -0.6058269424300337 0.7687817712581599 -0.2048128511764892
v 0.2423076900000000 0.1390647900000000 0.4361538600000000
vn 0.9477913488739739 0.1006880147252007 0.3025780604907615
v 0.2668063900000000 0.1130769300000000 0.4684615400000000
vn -0.1981156295016074 0.9526717395014900 -0.2305791710072422
v 0.2423076900000000 0.1443878100000000 0.4684615400000000
vn 0.9281906927663071 -0.2066992059094598 0.3094147316117992
v 0.2586687200000000 0.1130769300000000 0.5007692600000000
vn 0.9039970130956723 -0.1858868512287460 0.3850136086612586
v 0.2475868500000000 0.1130769300000000 0.5330769400000001
vn 0.8037990007290017 -0.3496329070926839 0.4813148623354332
v 0.2423076900000000 0.1130769300000000 0.5404598700000000
vn 0.2247023057967909 0.9548605637178206 -0.1942940493841525
v 0.2423078100000000 0.1453846100000000 0.4755876400000000
vn 0.8545361220337725 0.5192906380357196 0.0102591124341535
v 0.2457692500000000 0.1453846100000000 0.5007692600000000
vn 0.4330269834116344 0.8955545529230992 -0.1023214267694128
v 0.2423076900000000 0.1486516900000000 0.5007692600000000
vn 0.8738595915347567 0.4521594875344630 0.1786650836489315
v 0.2490251100000000 0.1453846100000000 0.5330769400000001
vn 0.4036226182157719 0.9030195307882042 0.1471207296056434
v 0.2423076900000000 0.1521020400000000 0.5330769400000001
vn 0.7968260124488946 0.2313825064066292 0.5581491213052121
v 0.2423076900000000 0.1453846100000000 0.5425329200000000
vn 0.8791021856391650 -0.4442750958778277 -0.1726238291406791
v 0.2746153800000000 -0.0538425000000000 -0.0484615400000000
vn 0.9065312749441952 -0.3926864488850296 -0.1549141711081237
v 0.2746153800000000 -0.0711336400000000 -0.0161538500000000
vn 0.9138532355025201 -0.4044408833552400 -0.0360532360878870
v 0.2746153800000000 -0.0778445200000000 0.0161538500000000
vn 0.8166927265072670 -0.5453225032115782 0.1887759464581880
v 0.2746153800000000 -0.0745706700000000 0.0484615400000000
vn 0.3477282688878250 -0.8812397513045648 0.3201586352684326
v 0.2746152600000000 -0.0721603300000000 0.0807692300000000
vn 0.2077582971587744 -0.9635620020697357 0.1684777674622060
v 0.2746153800000000 -0.0679964600000000 0.1130769300000000
vn 0.1950403383469363 -0.9771964443222046 0.0839426924845343
v 0.2746153800000000 -0.0612763300000000 0.1453846100000000
vn 0.7766936805683307 -0.6249241569957447 -0.0788462083322830
v 0.2746153800000000 -0.0531786400000000 0.1776923100000000
vn 0.8039438655569477 -0.5777734677354976 -0.1408974130857274
v 0.2746153800000000 -0.0199211700000000 -0.2099999900000000
vn 0.8434900660574683 -0.5208361524947573 -0.1313552843125295
v 0.2746153800000000 -0.0306618300000000 -0.1776923100000000
vn 0.8580415862693704 -0.5079897181922163 -0.0755717039859183
v 0.2746153800000000 -0.0368307500000000 -0.1453846100000000
vn 0.8509162277769330 -0.5221413095224063 -0.0575328271172329
v 0.2746153800000000 -0.0400493300000000 -0.1130769300000000
vn 0.8234411661819726 -0.5601383975426741 -0.0904965271996551
v 0.2746153800000000 -0.0458428500000000 -0.0807692300000000
vn 0.8399480260176158 -0.5265803087946568 -0.1311506461243499
v 0.2746153800000000 -0.0484615400000000 -0.0677984100000000
vn 0.8959719382762608 -0.4160050495797665 -0.1554801741239582
v 0.2774162300000000 -0.0484615400000000 -0.0484615400000000
vn 0.9326877597609022 -0.3465739693165640 -0.0999000830047247
v 0.2834265800000000 -0.0484614800000000 -0.0161538500000000
vn 0.9464451032728916 -0.3226833202205752 -0.0108231853994755
v 0.2854739100000000 -0.0484615400000000 0.0161538500000000
vn 0.9435993608449010 -0.3302455509800382 0.0236246115520488
v 0.2843992400000000 -0.0484615400000000 0.0484615400000000
vn 0.9404052125473921 -0.3387448075523347 0.0298327264933347
v 0.2835593200000000 -0.0484615400000000 0.0807692300000000
vn 0.9351065859468878 -0.3510092596029673 0.0486638735791996
v 0.2825399600000000 -0.0484615400000000 0.1130769300000000
vn 0.9233888464030054 -0.3761984947413504 0.0763395761900005
v 0.2804820500000000 -0.0484615400000000 0.1453846100000000
vn 0.9118339802780441 -0.4021952089154007 0.0824488103964919
v 0.2770861700000000 -0.0484615400000000 0.1776923100000000
vn 0.4599613415833561 -0.4301943242444516 0.7767679239236767
v 0.2746153800000000 -0.0484615400000000 0.2038593600000000
vn 0.4066699710087060 -0.8985823145000824 0.1648313039063068
v 0.2746153800000000 -0.0474680100000000 0.2099999900000000
vn 0.1564720559362430 -0.9760500706499028 0.1511381993256668
v 0.2746153800000000 -0.0412865800000000 0.2423076900000000
vn 0.1504886601268306 -0.9836685243199900 0.0987390370388775
v 0.2746153800000000 -0.0315453700000000 0.2746153800000000
vn 0.7475887879773352 -0.6592352797787094 0.0807455880260069
v 0.2746153800000000 -0.0194848900000000 0.3069230900000000
vn 0.9238472126213635 -0.3215225418110430 -0.2076766304597203
v 0.2746153800000000 0.0084986600000000 -0.2746153800000000
vn 0.9133230023484646 -0.3703683214420554 -0.1693174528906601
v 0.2746153800000000 -0.0125147000000000 -0.2423076900000000
vn 0.8533586850644971 -0.5046957579549315 -0.1306183238572971
v 0.2746153800000000 -0.0161538500000000 -0.2315929800000000
vn 0.8817389879182048 -0.4480058879160522 -0.1477399119315071
v 0.2776357200000000 -0.0161538500000000 -0.2099999900000000
vn 0.9210140775155250 -0.3745581703515281 -0.1069544110410704
v 0.2833731200000000 -0.0161538500000000 -0.1776923100000000
vn 0.9428118451438472 -0.3301544457483992 -0.0458679257109110
v 0.2857376600000000 -0.0161538500000000 -0.1453846100000000
vn 0.9487689605069390 -0.3126528213538620 -0.0456691676960770
v 0.2868399600000000 -0.0161538500000000 -0.1130769300000000
vn 0.9433360651572520 -0.3220546552294759 -0.0799866690058809
v 0.2882590000000000 -0.0161538500000000 -0.0807692300000000
vn 0.9561887428128487 -0.2763305927595225 -0.0966669106941709
v 0.2916543800000000 -0.0161538500000000 -0.0484615400000000
vn 0.9659068002984210 -0.2506972311270915 -0.0646138641661044
v 0.2938675900000000 -0.0161538500000000 -0.0161538500000000
vn 0.9640668282099765 -0.2649181317454505 -0.0198376968838626
v 0.2953336800000000 -0.0161538500000000 0.0161538500000000
vn 0.9599661094465410 -0.2798002049192048 0.0133009037754065
v 0.2952099700000000 -0.0161538500000000 0.0484615400000000
vn 0.9650998788311304 -0.2585680888921552 0.0415303176823410
v 0.2943452900000000 -0.0161538500000000 0.0807692300000000
vn 0.9715248806747131 -0.2309605995864383 0.0528829619883132
v 0.2931098900000000 -0.0161538500000000 0.1130769300000000
vn 0.9720914475115502 -0.2244853090718776 0.0681510358380757
v 0.2916250200000000 -0.0161538500000000 0.1453846100000000
vn 0.9746837731873922 -0.2128420669731762 0.0684820911755346
v 0.2890483700000000 -0.0161538500000000 0.1776923100000000
vn 0.9605591933032853 -0.2711453038560130 0.0616948973365890
v 0.2868872900000000 -0.0161538500000000 0.2099999900000000
vn 0.9547091306405160 -0.2902015902791668 0.0656773390986010
v 0.2851579200000000 -0.0161538500000000 0.2423076900000000
vn 0.9266585904051481 -0.3600729324255941 0.1079413737302681
v 0.2826543500000000 -0.0161538500000000 0.2746153800000000
vn 0.8896168905585267 -0.4120973104944261 0.1968694865037213
v 0.2770215900000000 -0.0161538500000000 0.3069230900000000
vn 0.8539329343376819 -0.4549978038361084 0.2525381994030889
v 0.2746153800000000 -0.0161538500000000 0.3138993100000000
vn 0.8704468192890575 -0.4192337471158092 0.2580027132973615
v 0.2746153800000000 -0.0005022200000000 0.3392307800000000
vn 0.9435577803257572 -0.2019307322845765 -0.2625313210756859
v 0.2746153800000000 0.0395469300000000 -0.3069230900000000
vn 0.9428424858048334 -0.2522108614004147 -0.2178020393683755
v 0.2746153800000000 0.0161538500000000 -0.2871972600000000
vn 0.9482883000706307 -0.2454037777138263 -0.2013114150587002
v 0.2773422900000000 0.0161538500000000 -0.2746153800000000
vn 0.9637146804917384 -0.2268225672788001 -0.1407321483448644
v 0.2838975200000000 0.0161538500000000 -0.2423076900000000
vn 0.9782658665035764 -0.1755378068186740 -0.1103737867942242
v 0.2877423500000000 0.0161538500000000 -0.2099999900000000
vn 0.9912420168950464 -0.1202049898791149 -0.0546811151130107
v 0.2905127700000000 0.0161538500000000 -0.1776923100000000
vn 0.9936770818242588 -0.1061117536042205 -0.0366899550866772
v 0.2913442900000000 0.0161538500000000 -0.1453846100000000
vn 0.9936533614577979 -0.1037473231913713 -0.0434682665198885
v 0.2927531000000000 0.0161538500000000 -0.1130769300000000
vn 0.9912706903029093 -0.1062862723154473 -0.0780105561041594
v 0.2947683600000000 0.0161538500000000 -0.0807692300000000
vn 0.9850367928645526 -0.1389778285872015 -0.1019199679371171
v 0.2973372600000000 0.0161538500000000 -0.0484615400000000
vn 0.9800503642088226 -0.1781107562488203 -0.0881920751690722
v 0.3008884200000000 0.0161538500000000 -0.0161538500000000
vn 0.9852607563141789 -0.1692206633711957 -0.0250121801413711
v 0.3032340100000000 0.0161538500000000 0.0161538500000000
vn 0.9883723527878584 -0.1480112478217252 0.0348247435431924
v 0.3033533100000000 0.0161538500000000 0.0484615400000000
vn 0.9894035602896509 -0.1190306623827189 0.0831402207051074
v 0.3002691300000000 0.0161538500000000 0.0807692300000000
vn 0.9929686383977100 -0.0838637232137375 0.0835473463811244
v 0.2972378100000000 0.0161538500000000 0.1130769300000000
vn 0.9952943136770208 -0.0704828443071968 0.0664935923270472
v 0.2951282600000000 0.0161538500000000 0.1453846100000000
vn 0.9952649207667841 -0.0798596555787829 0.0554091409600002
v 0.2932432300000000 0.0161538500000000 0.1776923100000000
vn 0.9950743123280600 -0.0897881036070999 0.0420143950983384
v 0.2917320100000000 0.0161538500000000 0.2099999900000000
vn 0.9940786569237595 -0.1031420592328261 0.0341956059438410
v 0.2908198800000000 0.0161538500000000 0.2423076900000000
vn 0.9889265975391255 -0.1330471242741772 0.0657468432858954
v 0.2903017700000000 0.0161538500000000 0.2746153800000000
vn 0.9847180174755633 -0.1320550077799141 0.1135425073672549
v 0.2873796500000000 0.0161538500000000 0.3069230900000000
vn 0.9591116015146586 -0.1902637118052600 0.2095343785875525
v 0.2822783300000000 0.0161538500000000 0.3392307800000000
vn 0.9107429471711211 -0.3060781169418317 0.2772426202938557
v 0.2746153800000000 0.0161538500000000 0.3671082000000000
vn 0.9267513169587562 -0.1283755965486312 0.3530604802664750
v 0.2746153800000000 0.0265136200000000 0.3715384600000000
vn 0.1886996239418409 -0.8574903623822235 -0.4786467699105580
v 0.2746153800000000 0.0614764800000000 -0.3392307800000000
vn 0.7997789465116950 -0.1353881421244808 -0.5848279128844009
v 0.2746153800000000 0.0484615400000000 -0.3139206200000000
vn 0.9501644066184766 -0.2397761904401949 -0.1992359879473232
v 0.2763018600000000 0.0484615400000000 -0.3069230900000000
vn 0.9704363436078128 -0.1854592222756082 -0.1544609331773752
v 0.2828801300000000 0.0484615400000000 -0.2746153800000000
vn 0.9886977307409385 -0.1122480774521318 -0.0993839339934737
v 0.2870795400000000 0.0484615400000000 -0.2423076900000000
vn 0.9973939133500547 -0.0465918542408549 -0.0550870286969845
v 0.2900852300000000 0.0484615400000000 -0.2099999900000000
vn 0.9993599106563531 -0.0090596119490395 -0.0346076928479610
v 0.2912427500000000 0.0484615400000000 -0.1776923100000000
vn 0.9991241689308100 -0.0162000154606037 -0.0385804945198310
v 0.2928152100000000 0.0484615400000000 -0.1453846100000000
vn 0.9958516053601173 -0.0621534718301506 -0.0664569487799108
v 0.2930420900000000 0.0484615400000000 -0.1130769300000000
vn 0.9914625093613306 0.1303560021407425 -0.0030667958549699
v 0.2957436100000000 0.0484615400000000 -0.0807692300000000
vn -0.0533182919045275 0.9718814747667726 0.2293546571437936
v 0.2746153800000000 0.0783733700000000 -0.0807692300000000
vn 0.9266624170450870 0.3566068125572269 -0.1188627194453001
v 0.3013702000000000 0.0484615400000000 -0.0484615400000000
vn -0.4230959132338208 0.9048718362386439 -0.0468701204067583
v 0.2746153800000000 0.0749320200000000 -0.0484615400000000
vn 0.9754192587478066 -0.0620722632615732 -0.2114339230054283
v 0.3055455700000000 0.0484615400000000 -0.0161538500000000
vn 0.9858120427778115 -0.1678202284353304 0.0033147009143906
v 0.3056751200000000 0.0484615400000000 0.0161538500000000
vn 0.9902299909279929 -0.1264141758740935 0.0588559360202603
v 0.3056384900000000 0.0484615400000000 0.0484615400000000
vn 0.9846757756124707 -0.1381909177146184 0.1063808591014893
v 0.3028239900000000 0.0484615400000000 0.0807692300000000
vn 0.9896124098069985 -0.1054550659782942 0.0977062301775014
v 0.2982732100000000 0.0484615400000000 0.1130769300000000
vn 0.9929215735464112 -0.0830098294690264 0.0849477309740637
v 0.2958879200000000 0.0484615400000000 0.1453846100000000
vn 0.9970778780955035 -0.0436099075139014 0.0627206583128490
v 0.2940485200000000 0.0484615400000000 0.1776923100000000
vn 0.9985813087725122 -0.0328288420058171 0.0419241804062243
v 0.2924403000000000 0.0484615400000000 0.2099999900000000
vn 0.9990683581527318 -0.0345255698601601 0.0258920984826713
v 0.2911304500000000 0.0484615400000000 0.2423076900000000
vn 0.9980752074749342 -0.0310669870531993 0.0536723629003163
v 0.2906164200000000 0.0484615400000000 0.2746153800000000
vn 0.9939554354380639 -0.0518436939026526 0.0967720195390003
v 0.2879881000000000 0.0484615400000000 0.3069230900000000
vn 0.9855988941320719 -0.1048187759421782 0.1326945518686436
v 0.2843499500000000 0.0484615400000000 0.3392307800000000
vn 0.9302883313604985 -0.2285185878206316 0.2869544834202171
v 0.2776771500000000 0.0484615400000000 0.3715384600000000
vn 0.8476354874021688 -0.2574595108845480 0.4639274520348814
v 0.2746153800000000 0.0484615400000000 0.3777408300000000
vn 0.7846547825621421 -0.4267304446754690 0.4496865572700991
v 0.2746153800000000 0.0743444000000000 0.4038461400000000
vn 0.7100530726249045 -0.6515329899610387 -0.2670756391892773
v 0.2746153800000000 0.0984265300000000 -0.4038461400000000
vn 0.5690343664197488 -0.7543244266775500 -0.3274057866789477
v 0.2746153800000000 0.0808665900000000 -0.3715384600000000
vn 0.2303726356585727 -0.9417046943392751 -0.2451952638186460
v 0.2746153800000000 0.0807692300000000 -0.3712355200000000
vn 0.9242488507159120 -0.3450399406096445 -0.1634365361062479
v 0.2819810800000000 0.0807692300000000 -0.3392307200000000
vn 0.9551130822749890 -0.2713602282492017 -0.1188386578168533
v 0.2864508900000000 0.0807692300000000 -0.3069230900000000
vn 0.9710202950223935 -0.2249636291505240 -0.0806904716434925
v 0.2892907900000000 0.0807692300000000 -0.2746153800000000
vn 0.9737011459835577 -0.2219677008179777 -0.0513460622042929
v 0.2905493700000000 0.0807692300000000 -0.2423076900000000
vn 0.9492871977589712 -0.3108357109429080 -0.0472755430802962
v 0.2901844400000000 0.0807692300000000 -0.2099999900000000
vn 0.9183244868628824 -0.3898950839664063 -0.0682785495368242
v 0.2906071500000000 0.0807692300000000 -0.1776923100000000
vn 0.8286217025839081 -0.5510957887220358 -0.0983844787544390
v 0.2930899300000000 0.0807692300000000 -0.1453846100000000
vn 0.9480160923135850 -0.2477446361616346 0.1997200139385626
v 0.2982381900000000 0.0807692300000000 -0.1130769300000000
vn -0.7916532900463543 -0.0980801632460198 0.6030467228469257
v 0.2746153800000000 0.0807692300000000 -0.0913252100000000
vn -0.5842777870179863 -0.8032946603436364 -0.1154866064128924
v 0.2872326100000000 0.0807692300000000 -0.0807692300000000
vn -0.8529431434607935 -0.4724974823571555 0.2218876364049372
v 0.2746153800000000 0.0944378600000000 -0.0807692300000000
vn -0.8576641694233216 -0.4706607533221123 -0.2071005257590283
v 0.2884720900000000 0.0807692300000000 -0.0484614800000000
vn -0.7260744563691939 0.1336472903340292 -0.6745029915386227
v 0.2746153800000000 0.0807692300000000 -0.0268460100000000
vn 0.9129309470558422 -0.3858869553709550 0.1328470683991846
v 0.3055619600000000 0.0807692300000000 0.1130769300000000
vn 0.9264401826064378 -0.3501515776048675 0.1382116520159304
v 0.2992496500000000 0.0807692300000000 0.1453846100000000
vn 0.9584176422420710 -0.2727713465609891 0.0838535362072127
v 0.2954526200000000 0.0807692300000000 0.1776923100000000
vn 0.9635214759955356 -0.2625977760545881 0.0516601713757212
v 0.2940619300000000 0.0807692300000000 0.2099999900000000
vn 0.9825878122293882 -0.1836172294352962 0.0283884538636809
v 0.2932034100000000 0.0807692300000000 0.2423076900000000
vn 0.9799289749579173 -0.1907226670717694 0.0580005888156013
v 0.2919780000000000 0.0807692300000000 0.2746153800000000
vn 0.9808420193242757 -0.1852550708788131 0.0602452640592018
v 0.2907182000000000 0.0807692300000000 0.3069229400000000
vn 0.9755337436440078 -0.1997353934865909 0.0918677723723830
v 0.2895181800000000 0.0807692300000000 0.3392307800000000
vn 0.9634122863885705 -0.2172167443807253 0.1570148158492882
v 0.2863695300000000 0.0807692300000000 0.3715384600000000
vn 0.8716885523526469 -0.3765902155309235 0.3135903016097903
v 0.2778006200000000 0.0807692300000000 0.4038461400000000
vn 0.7729364222831059 -0.4683344788605269 0.4280561914265824
v 0.2746155000000000 0.0807692300000000 0.4094440300000000
vn 0.7775732778040881 -0.4988656626925206 0.3827699677761547
v 0.2746153800000000 0.1013231400000000 0.4361538600000000
vn 0.8461897574033466 0.3251362860108882 -0.4221957957923209
v 0.2746155000000000 0.1130769300000000 -0.4229635900000000
vn 0.9511721733329609 -0.0121845240920435 -0.3084202231529284
v 0.2831291000000000 0.1130769300000000 -0.4038461400000000
vn 0.5195484950532584 0.8311609907855483 -0.1980928284524207
v 0.2746153800000000 0.1221325200000000 -0.4038461400000000
vn 0.9833591996960209 0.0789747971942432 -0.1636082692938522
v 0.2900895500000000 0.1130769300000000 -0.3715384600000000
vn 0.3025246892975432 0.9526153819096791 -0.0316661730321349
v 0.2746153800000000 0.1292856200000000 -0.3715384600000000
vn 0.9659329809487182 0.2453057885755339 -0.0824532983382639
v 0.2924403000000000 0.1130769300000000 -0.3392307800000000
vn 0.0362964201608221 0.9992629737127322 0.0124931681448936
v 0.2746153800000000 0.1300251900000000 -0.3392307800000000
vn 0.9546835528665846 0.2855286712912478 -0.0839803057668280
v 0.2954590300000000 0.1130769300000000 -0.3069230900000000
vn 0.0745969213904792 0.9971381150346471 -0.0122832757932639
v 0.2746153800000000 0.1301371000000000 -0.3069230900000000
vn 0.9501260952694988 0.2956855477116286 -0.0991486760497059
v 0.2992014600000000 0.1130769300000000 -0.2746153800000000
vn -0.0086141426176509 0.9999566773798331 0.0035270257225177
v 0.2746153800000000 0.1301935500000000 -0.2746153800000000
vn 0.9853957231919199 0.1236937764790877 -0.1170261439825081
v 0.3048227400000000 0.1130769300000000 -0.2423076900000000
vn -0.0159403406725425 0.9997559462386474 -0.0152955385557382
v 0.2746153800000000 0.1303076700000000 -0.2423076900000000
vn -0.2583355285158063 0.9658655745811046 0.0191427935675990
v 0.2746153800000000 0.1286188700000000 -0.2099999900000000
vn -0.3895745683581202 0.9204923391642040 0.0304221831661812
v 0.2746153800000000 0.1262905300000000 -0.1776923700000000
vn -0.4818690210390954 0.8756559428460818 0.0320767255368020
v 0.2746152600000000 0.1243143200000000 -0.1453846800000000
vn -0.5661434171747828 0.8212989690163714 0.0703536401496410
v 0.2746153800000000 0.1218714900000000 -0.1130769800000000
vn -0.6515139634804127 0.7522417158709196 0.0982952506157760
v 0.2746153800000000 0.1158356200000000 -0.0807692300000000
vn -0.8822883427792961 0.4596690242394798 0.1013492395160801
v 0.2746153800000000 0.1130769300000000 -0.0596990000000000
vn -0.9892335895888268 0.1351416022659412 0.0561573910202263
v 0.2757832400000000 0.1130769300000000 -0.0484615400000000
vn -0.9758395170132219 0.0958177525647600 -0.1963573154451858
v 0.2746153800000000 0.1130769300000000 -0.0367576000000000
vn -0.6084313410535693 0.7567744322946893 -0.2389639342009708
v 0.2746153800000000 0.1160951700000000 -0.0161538500000000
vn -0.5421380599532193 0.7988782832263641 -0.2605375453547084
v 0.2746153800000000 0.1429920800000000 0.0161538500000000
vn -0.5184676182194226 0.8546415083369173 0.0279145317975763
v 0.2746153800000000 0.1437776400000000 0.0484615400000000
vn -0.4787983457607908 0.8662444709884116 0.1427328293656960
v 0.2746153800000000 0.1385098100000000 0.0807692300000000
vn -0.4147927023575715 0.9014399435982796 0.1239073934696126
v 0.2746153800000000 0.1313483400000000 0.1130769300000000
vn -0.3050545035999599 0.9519927064067712 0.0255271773154208
v 0.2746153800000000 0.1295650000000000 0.1453846100000000
vn -0.2344632004612739 0.9720808703921906 0.0092622376895386
v 0.2746153800000000 0.1305676000000000 0.1776923100000000
vn -0.3126551090286128 0.9497401706588189 -0.0155045488571473
v 0.2746153800000000 0.1309018300000000 0.2099999900000000
vn 0.9831206886401697 0.1563576267826461 0.0950052846665785
v 0.3060094700000000 0.1130769300000000 0.2423076900000000
vn -0.0164697814839799 0.9997580602949786 0.0145796835731080
v 0.2746153800000000 0.1314075000000000 0.2423076900000000
vn 0.9352402733044913 0.3463215498249212 0.0733962895261406
v 0.3021112700000000 0.1130769300000000 0.2746153800000000
vn -0.0575242904762617 0.9983088732131530 -0.0083874709589677
v 0.2746153800000000 0.1320814000000000 0.2746153800000000
vn 0.9400077452989927 0.3351702528981356 0.0636108508833533
v 0.2987706100000000 0.1130769300000000 0.3069230900000000
vn -0.0089789688296950 0.9998698531200222 -0.0134035420878389
v 0.2746153800000000 0.1328823700000000 0.3069230900000000
vn 0.9484238129319124 0.3087718735044861 0.0717788352944119
v 0.2958442900000000 0.1130769300000000 0.3392307800000000
vn 0.0484441219390803 0.9984571812325599 -0.0271371386605704
v 0.2746153800000000 0.1340473900000000 0.3392307800000000
vn 0.9684599607389980 0.2286754209630555 0.0989588616182898
v 0.2927531000000000 0.1130769300000000 0.3715384600000000
vn 0.0635959782075767 0.9896641648786033 -0.1285316782390936
v 0.2746153800000000 0.1362314100000000 0.3715384600000000
vn 0.9705199962448186 0.2088046272993359 0.1203809142154303
v 0.2898629000000000 0.1130769300000000 0.4038461400000000
vn 0.5372367866906087 0.8420754529624760 0.0478075992326568
v 0.2746153800000000 0.1388509600000000 0.4038461400000000
vn 0.9525272636990133 -0.0462652509069457 0.3009174944541906
v 0.2820410700000000 0.1130769300000000 0.4361538600000000
vn 0.5928023848187119 0.7847384130524764 0.1810274996599380
v 0.2746153800000000 0.1363629100000000 0.4361538600000000
vn 0.8877313981407462 -0.1971027290134464 0.4160330262978263
v 0.2746153800000000 0.1130769300000000 0.4517760300000000
vn 0.4316087709205896 -0.8543923555729795 -0.2893571696068259
v 0.3069230900000000 0.0745954400000000 -0.0807692300000000
vn 0.1449446274081992 -0.9412491948702552 -0.3050262417261750
v 0.3069230900000000 0.0618406700000000 -0.0484615400000000
vn 0.8439471184612708 -0.4398640839361901 -0.3070388394061797
v 0.3069230900000000 0.0527692900000000 -0.0161538500000000
vn 0.9686232419710447 -0.2483797398797961 0.0087475671330912
v 0.3069230900000000 0.0524175500000000 0.0161538500000000
vn 0.9798907086816310 -0.1952563111010664 0.0410995378880913
v 0.3069230900000000 0.0555372300000000 0.0484615400000000
vn 0.9799443771344206 -0.1815605043053022 0.0821267374186801
v 0.3069230900000000 0.0706767700000000 0.0807692300000000
vn 0.8140226834386153 -0.5624876522195175 -0.1448264891101455
v 0.3069230900000000 0.1086092000000000 -0.2099999900000000
vn 0.8033914255469556 -0.5798540364615937 -0.1353939206789853
v 0.3069230900000000 0.0988711900000000 -0.1776923100000000
vn 0.7561417991732746 -0.6411769563441835 -0.1309262777146441
v 0.3069230900000000 0.0898970600000000 -0.1453846100000000
vn 0.4610155894500904 -0.8871082896554637 -0.0224389997224376
v 0.3069230900000000 0.0822297900000000 -0.1130769300000000
vn 0.5818450477247030 -0.7958797519501374 -0.1674268821725649
v 0.3069232100000000 0.0807692300000000 -0.1025187900000000
vn 0.9254709778569605 -0.3674916768746844 -0.0919420283239047
v 0.3093291800000000 0.0807692300000000 -0.0807691700000000
vn 0.9542870665923239 -0.2951543464804181 -0.0471180038661971
v 0.3121843600000000 0.0807692300000000 -0.0484616000000000
vn 0.9669460808325164 -0.2549716438905785 -0.0021765969705950
v 0.3128235000000000 0.0807692300000000 -0.0161538500000000
vn 0.9689492711247691 -0.2464107681659915 0.0204705475897601
v 0.3123426100000000 0.0807692300000000 0.0161537200000000
vn 0.9655021204672841 -0.2561213917258589 0.0469839129233307
v 0.3110797400000000 0.0807692300000000 0.0484615400000000
vn 0.9323890568223066 -0.3551615166733749 0.0671635600030092
v 0.3089238100000000 0.0807692300000000 0.0807692300000000
vn 0.9279811161107012 -0.3601277387693996 0.0957029775439424
v 0.3069230900000000 0.0807692300000000 0.1014510600000000
vn 0.8464674916606943 -0.5232285293850797 0.0986138509499518
v 0.3069230900000000 0.0824382000000000 0.1130769300000000
vn 0.8469948393943350 -0.5152108975002249 0.1309865379967628
v 0.3069230900000000 0.0901203800000000 0.1453846100000000
vn 0.8626583667176806 -0.4898302942581160 0.1260429496599908
v 0.3069230900000000 0.0995948800000000 0.1776923100000000
vn 0.8821666824677162 -0.4608704447806013 0.0968523488183656
v 0.3069230900000000 0.1084317300000000 0.2099999900000000
vn 0.9312757952454992 0.3168586088599555 -0.1797943691587608
v 0.3069230900000000 0.1130769300000000 -0.2301238500000000
vn 0.9788217989645676 -0.1075950471564560 -0.1741585246238830
v 0.3102511500000000 0.1130769300000000 -0.2099999900000000
vn 0.5986787388651912 0.7920052728308192 -0.1196303282573606
v 0.3069230900000000 0.1171050300000000 -0.2099999900000000
vn 0.9862586391920215 0.0787471508506875 -0.1452335458907514
v 0.3156538000000000 0.1130769300000000 -0.1776923100000000
vn 0.5018894991267244 0.8593892942565521 -0.0977597646455387
v 0.3069230900000000 0.1237858500000000 -0.1776923100000000
vn 0.9894715064234001 0.1062420809540563 -0.0982789815309403
v 0.3190777900000000 0.1130769300000000 -0.1453846100000000
vn 0.4076297915416483 0.9105552777177978 -0.0687534673160300
v 0.3069230900000000 0.1280658700000000 -0.1453846100000000
vn 0.9969137240334696 0.0343630053711660 -0.0705847766560223
v 0.3215278700000000 0.1130769300000000 -0.1130769300000000
vn 0.3287874783083762 0.9434624644139064 -0.0421588940753589
v 0.3069230900000000 0.1311473400000000 -0.1130769300000000
vn 0.9878308154737541 0.1506266046756004 -0.0387544315447768
v 0.3229752500000000 0.1130769300000000 -0.0807692900000000
vn 0.2416887071402212 0.9703400626365880 0.0051702691719894
v 0.3069230900000000 0.1331342800000000 -0.0807692300000000
vn 0.9851974838877242 0.1712338511748106 -0.0080551817571212
v 0.3230769300000000 0.1130769300000000 -0.0484615400000000
vn -0.0439317729563406 0.9990332455780302 -0.0016042302640211
v 0.3069230900000000 0.1339627200000000 -0.0484615400000000
vn 0.9861258476003250 0.1659977497076573 -0.0007481888361843
v 0.3231275700000000 0.1130769300000000 -0.0161538500000000
vn 0.4002856261834662 0.9109352653707181 -0.0998416735381071
v 0.3069230900000000 0.1347963500000000 -0.0161538500000000
vn 0.9943972897072642 0.1046829263123584 -0.0146804346505341
v 0.3231275700000000 0.1130769300000000 0.0161538500000000
vn 0.4569855110832328 0.8676863821006185 -0.1956644704005714
v 0.3069230900000000 0.1429461100000000 0.0161538500000000
vn 0.9974480791071551 0.0686222201986046 0.0197058463523011
v 0.3230769300000000 0.1130769300000000 0.0484615400000000
vn 0.5137104693667566 0.8566003408751981 0.0483467648915741
v 0.3069230900000000 0.1417152700000000 0.0484615400000000
vn 0.9823805727220896 0.1788665016209746 0.0541773470750741
v 0.3226627100000000 0.1130768000000000 0.0807692300000000
vn 0.4897285643724855 0.8618079477359050 0.1321097818365166
v 0.3069230900000000 0.1372678900000000 0.0807692300000000
vn 0.9953850249752692 0.0193262388172063 0.0939954708917568
v 0.3200143000000000 0.1130769300000000 0.1130769300000000
vn 0.4436842815095934 0.8793847051889925 0.1727043676951588
v 0.3069230900000000 0.1317094600000000 0.1130769300000000
vn 0.9847118507800393 0.1281476665109690 0.1179862131824857
v 0.3169015300000000 0.1130769300000000 0.1453846100000000
vn 0.4626621607589000 0.8785880738432638 0.1184344607886136
v 0.3069230900000000 0.1244282000000000 0.1453844900000000
vn 0.9877189372293912 0.1100053380554337 0.1109510100799074
v 0.3135131900000000 0.1130769300000000 0.1776923100000000
vn 0.5399395190263937 0.8379274981018667 0.0796418465273917
v 0.3069230900000000 0.1212535500000000 0.1776923100000000
vn 0.9731214582546447 0.2016960299109587 0.1111455757217150
v 0.3095118100000000 0.1130768000000000 0.2099999900000000
vn 0.5865669579070407 0.8067520212345523 0.0713468999021300
v 0.3069230900000000 0.1165291100000000 0.2099999900000000
vn 0.9940804420365713 -0.0283536186599067 0.1048815859398775
v 0.3069230900000000 0.1130769300000000 0.2342172100000000
# 4534 vertices, 0 vertices normals

f 82//82 1//1 116//116
f 84//84 2//2 82//82
f 82//82 2//2 1//1
f 86//86 3//3 84//84
f 84//84 3//3 2//2
f 88//88 4//4 86//86
f 86//86 4//4 3//3
f 90//90 5//5 88//88
f 88//88 5//5 4//4
f 92//92 6//6 90//90
f 90//90 6//6 5//5
f 94//94 7//7 92//92
f 92//92 7//7 6//6
f 117//117 7//7 94//94
f 109//109 8//8 137//137
f 111//111 9//9 109//109
f 109//109 9//9 8//8
f 113//113 10//10 111//111
f 111//111 10//10 9//9
f 115//115 11//11 113//113
f 113//113 11//11 10//10
f 116//116 1//1 115//115
f 1//1 11//11 115//115
f 1//1 12//12 11//11
f 2//2 12//12 1//1
f 13//13 12//12 2//2
f 3//3 13//13 2//2
f 14//14 13//13 3//3
f 4//4 14//14 3//3
f 15//15 14//14 4//4
f 5//5 15//15 4//4
f 16//16 15//15 5//5
f 6//6 16//16 5//5
f 17//17 16//16 6//6
f 7//7 17//17 6//6
f 18//18 17//17 7//7
f 119//119 19//19 117//117
f 19//19 7//7 117//117
f 19//19 18//18 7//7
f 121//121 20//20 119//119
f 119//119 20//20 19//19
f 123//123 21//21 121//121
f 121//121 21//21 20//20
f 125//125 22//22 123//123
f 123//123 22//22 21//21
f 153//153 22//22 125//125
f 8//8 138//138 137//137
f 9//9 139//139 8//8
f 8//8 139//139 138//138
f 10//10 140//140 9//9
f 9//9 140//140 139//139
f 11//11 141//141 10//10
f 10//10 141//141 140//140
f 12//12 142//142 11//11
f 11//11 142//142 141//141
f 13//13 143//143 12//12
f 12//12 143//143 142//142
f 14//14 144//144 13//13
f 13//13 144//144 143//143
f 15//15 145//145 14//14
f 14//14 145//145 144//144
f 16//16 146//146 15//15
f 15//15 146//146 145//145
f 17//17 147//147 16//16
f 16//16 147//147 146//146
f 18//18 148//148 17//17
f 17//17 148//148 147//147
f 19//19 149//149 18//18
f 18//18 149//149 148//148
f 20//20 150//150 19//19
f 19//19 150//150 149//149
f 21//21 151//151 20//20
f 20//20 151//151 150//150
f 22//22 152//152 21//21
f 21//21 152//152 151//151
f 153//153 152//152 22//22
f 167//167 23//23 188//188
f 169//169 24//24 167//167
f 167//167 24//24 23//23
f 189//189 24//24 169//169
f 183//183 25//25 217//217
f 185//185 26//26 183//183
f 183//183 26//26 25//25
f 187//187 27//27 185//185
f 185//185 27//27 26//26
f 188//188 23//23 187//187
f 23//23 27//27 187//187
f 23//23 28//28 27//27
f 24//24 28//28 23//23
f 29//29 28//28 24//24
f 191//191 30//30 189//189
f 30//30 24//24 189//189
f 30//30 29//29 24//24
f 193//193 31//31 191//191
f 191//191 31//31 30//30
f 195//195 32//32 193//193
f 193//193 32//32 31//31
f 197//197 33//33 195//195
f 195//195 33//33 32//32
f 199//199 34//34 197//197
f 197//197 34//34 33//33
f 220//220 34//34 199//199
f 208//208 35//35 235//235
f 210//210 36//36 208//208
f 208//208 36//36 35//35
f 212//212 37//37 210//210
f 210//210 37//37 36//36
f 214//214 38//38 212//212
f 212//212 38//38 37//37
f 216//216 39//39 214//214
f 214//214 39//39 38//38
f 217//217 25//25 216//216
f 25//25 39//39 216//216
f 25//25 40//40 39//39
f 26//26 40//40 25//25
f 41//41 40//40 26//26
f 27//27 41//41 26//26
f 42//42 41//41 27//27
f 28//28 42//42 27//27
f 43//43 42//42 28//28
f 29//29 43//43 28//28
f 44//44 43//43 29//29
f 30//30 44//44 29//29
f 45//45 44//44 30//30
f 31//31 45//45 30//30
f 46//46 45//45 31//31
f 32//32 46//46 31//31
f 47//47 46//46 32//32
f 33//33 47//47 32//32
f 48//48 47//47 33//33
f 34//34 48//48 33//33
f 49//49 48//48 34//34
f 222//222 50//50 220//220
f 50//50 34//34 220//220
f 50//50 49//49 34//34
f 224//224 51//51 222//222
f 222//222 51//51 50//50
f 226//226 52//52 224//224
f 224//224 52//52 51//51
f 247//247 52//52 226//226
f 234//234 53//53 259//259
f 235//235 35//35 234//234
f 35//35 53//53 234//234
f 35//35 54//54 53//53
f 36//36 54//54 35//35
f 55//55 54//54 36//36
f 37//37 55//55 36//36
f 56//56 55//55 37//37
f 38//38 56//56 37//37
f 57//57 56//56 38//38
f 39//39 57//57 38//38
f 58//58 57//57 39//39
f 40//40 58//58 39//39
f 59//59 58//58 40//40
f 41//41 59//59 40//40
f 60//60 59//59 41//41
f 42//42 60//60 41//41
f 61//61 60//60 42//42
f 43//43 61//61 42//42
f 62//62 61//61 43//43
f 44//44 62//62 43//43
f 63//63 62//62 44//44
f 45//45 63//63 44//44
f 64//64 63//63 45//45
f 46//46 64//64 45//45
f 65//65 64//64 46//46
f 47//47 65//65 46//46
f 66//66 65//65 47//47
f 48//48 66//66 47//47
f 67//67 66//66 48//48
f 49//49 67//67 48//48
f 68//68 67//67 49//49
f 50//50 68//68 49//49
f 69//69 68//68 50//50
f 51//51 69//69 50//50
f 70//70 69//69 51//51
f 52//52 70//70 51//51
f 71//71 70//70 52//52
f 249//249 72//72 247//247
f 72//72 52//52 247//247
f 72//72 71//71 52//52
f 251//251 73//73 249//249
f 249//249 73//73 72//72
f 274//274 73//73 251//251
f 258//258 74//74 283//283
f 259//259 53//53 258//258
f 53//53 74//74 258//258
f 53//53 75//75 74//74
f 54//54 75//75 53//53
f 76//76 75//75 54//54
f 55//55 76//76 54//54
f 77//77 76//76 55//55
f 56//56 77//77 55//55
f 78//78 77//77 56//56
f 57//57 78//78 56//56
f 79//79 78//78 57//57
f 58//58 79//79 57//57
f 80//80 79//79 58//58
f 59//59 80//80 58//58
f 81//81 80//80 59//59
f 60//60 81//81 59//59
f 83//83 81//81 60//60
f 61//61 83//83 60//60
f 85//85 83//83 61//61
f 62//62 85//85 61//61
f 87//87 85//85 62//62
f 63//63 87//87 62//62
f 89//89 87//87 63//63
f 64//64 89//89 63//63
f 91//91 89//89 64//64
f 65//65 91//91 64//64
f 93//93 91//91 65//65
f 66//66 93//93 65//65
f 95//95 93//93 66//66
f 67//67 95//95 66//66
f 96//96 95//95 67//67
f 68//68 96//96 67//67
f 97//97 96//96 68//68
f 69//69 97//97 68//68
f 98//98 97//97 69//69
f 70//70 98//98 69//69
f 99//99 98//98 70//70
f 71//71 99//99 70//70
f 100//100 99//99 71//71
f 72//72 100//100 71//71
f 101//101 100//100 72//72
f 73//73 101//101 72//72
f 102//102 101//101 73//73
f 303//303 102//102 274//274
f 274//274 102//102 73//73
f 280//280 103//103 312//312
f 282//282 104//104 280//280
f 280//280 104//104 103//103
f 283//283 74//74 282//282
f 74//74 104//104 282//282
f 74//74 105//105 104//104
f 75//75 105//105 74//74
f 106//106 105//105 75//75
f 76//76 106//106 75//75
f 107//107 106//106 76//76
f 77//77 107//107 76//76
f 108//108 107//107 77//77
f 78//78 108//108 77//77
f 110//110 108//108 78//78
f 79//79 110//110 78//78
f 112//112 110//110 79//79
f 80//80 112//112 79//79
f 114//114 112//112 80//80
f 81//81 82//82 116//116
f 114//114 81//81 116//116
f 80//80 81//81 114//114
f 82//82 81//81 83//83
f 82//82 83//83 84//84
f 84//84 83//83 85//85
f 84//84 85//85 86//86
f 86//86 85//85 87//87
f 86//86 87//87 88//88
f 88//88 87//87 89//89
f 88//88 89//89 90//90
f 90//90 89//89 91//91
f 90//90 91//91 92//92
f 92//92 91//91 93//93
f 92//92 93//93 94//94
f 118//118 117//117 94//94
f 93//93 118//118 94//94
f 95//95 118//118 93//93
f 96//96 118//118 95//95
f 120//120 118//118 96//96
f 97//97 120//120 96//96
f 122//122 120//120 97//97
f 98//98 122//122 97//97
f 124//124 122//122 98//98
f 99//99 124//124 98//98
f 126//126 124//124 99//99
f 100//100 126//126 99//99
f 127//127 126//126 100//100
f 101//101 127//127 100//100
f 128//128 127//127 101//101
f 102//102 128//128 101//101
f 129//129 128//128 102//102
f 305//305 130//130 303//303
f 130//130 102//102 303//303
f 130//130 129//129 102//102
f 336//336 130//130 305//305
f 311//311 131//131 344//344
f 312//312 103//103 311//311
f 103//103 131//131 311//311
f 103//103 132//132 131//131
f 104//104 132//132 103//103
f 133//133 132//132 104//104
f 105//105 133//133 104//104
f 134//134 133//133 105//105
f 106//106 134//134 105//105
f 135//135 134//134 106//106
f 107//107 135//135 106//106
f 136//136 135//135 107//107
f 108//108 109//109 137//137
f 136//136 108//108 137//137
f 107//107 108//108 136//136
f 109//109 108//108 110//110
f 109//109 110//110 111//111
f 111//111 110//110 112//112
f 111//111 112//112 113//113
f 113//113 112//112 114//114
f 113//113 114//114 115//115
f 116//116 115//115 114//114
f 119//119 117//117 118//118
f 119//119 118//118 120//120
f 119//119 120//120 121//121
f 121//121 120//120 122//122
f 121//121 122//122 123//123
f 123//123 122//122 124//124
f 123//123 124//124 125//125
f 154//154 153//153 125//125
f 124//124 154//154 125//125
f 126//126 154//154 124//124
f 127//127 154//154 126//126
f 155//155 154//154 127//127
f 128//128 155//155 127//127
f 156//156 155//155 128//128
f 129//129 156//156 128//128
f 157//157 156//156 129//129
f 130//130 157//157 129//129
f 158//158 157//157 130//130
f 338//338 159//159 336//336
f 159//159 130//130 336//336
f 159//159 158//158 130//130
f 394//394 159//159 338//338
f 131//131 345//345 344//344
f 132//132 346//346 131//131
f 131//131 346//346 345//345
f 133//133 348//348 132//132
f 132//132 348//348 346//346
f 134//134 350//350 133//133
f 133//133 350//350 348//348
f 135//135 352//352 134//134
f 134//134 352//352 350//350
f 136//136 354//354 135//135
f 135//135 354//354 352//352
f 137//137 138//138 136//136
f 138//138 354//354 136//136
f 138//138 356//356 354//354
f 138//138 358//358 356//356
f 139//139 358//358 138//138
f 139//139 360//360 358//358
f 140//140 360//360 139//139
f 140//140 362//362 360//360
f 141//141 362//362 140//140
f 141//141 364//364 362//362
f 142//142 364//364 141//141
f 142//142 366//366 364//364
f 143//143 366//366 142//142
f 143//143 368//368 366//366
f 144//144 368//368 143//143
f 144//144 370//370 368//368
f 145//145 370//370 144//144
f 145//145 372//372 370//370
f 146//146 372//372 145//145
f 146//146 374//374 372//372
f 147//147 374//374 146//146
f 147//147 376//376 374//374
f 148//148 376//376 147//147
f 148//148 378//378 376//376
f 149//149 378//378 148//148
f 149//149 380//380 378//378
f 150//150 380//380 149//149
f 150//150 382//382 380//380
f 151//151 382//382 150//150
f 151//151 384//384 382//382
f 152//152 384//384 151//151
f 154//154 386//386 153//153
f 386//386 152//152 153//153
f 386//386 384//384 152//152
f 155//155 388//388 154//154
f 154//154 388//388 386//386
f 156//156 390//390 155//155
f 155//155 390//390 388//388
f 157//157 391//391 156//156
f 156//156 391//391 390//390
f 158//158 392//392 157//157
f 157//157 392//392 391//391
f 159//159 393//393 158//158
f 158//158 393//393 392//392
f 394//394 393//393 159//159
f 400//400 160//160 436//436
f 402//402 161//161 400//400
f 400//400 161//161 160//160
f 404//404 162//162 402//402
f 402//402 162//162 161//161
f 406//406 163//163 404//404
f 404//404 163//163 162//162
f 408//408 164//164 406//406
f 406//406 164//164 163//163
f 410//410 165//165 408//408
f 408//408 165//165 164//164
f 412//412 166//166 410//410
f 410//410 166//166 165//165
f 414//414 168//168 412//412
f 412//412 168//168 166//166
f 416//416 170//170 414//414
f 414//414 170//170 168//168
f 418//418 171//171 416//416
f 416//416 171//171 170//170
f 420//420 172//172 418//418
f 418//418 172//172 171//171
f 422//422 173//173 420//420
f 420//420 173//173 172//172
f 424//424 174//174 422//422
f 422//422 174//174 173//173
f 426//426 175//175 424//424
f 424//424 175//175 174//174
f 441//441 175//175 426//426
f 431//431 176//176 455//455
f 433//433 177//177 431//431
f 431//431 177//177 176//176
f 435//435 178//178 433//433
f 433//433 178//178 177//177
f 436//436 160//160 435//435
f 160//160 178//178 435//435
f 160//160 179//179 178//178
f 161//161 179//179 160//160
f 180//180 179//179 161//161
f 162//162 180//180 161//161
f 181//181 180//180 162//162
f 163//163 181//181 162//162
f 182//182 181//181 163//163
f 164//164 182//182 163//163
f 184//184 182//182 164//164
f 165//165 184//184 164//164
f 186//186 184//184 165//165
f 166//166 167//167 188//188
f 186//186 166//166 188//188
f 165//165 166//166 186//186
f 167//167 166//166 168//168
f 167//167 168//168 169//169
f 190//190 189//189 169//169
f 168//168 190//190 169//169
f 170//170 190//190 168//168
f 171//171 190//190 170//170
f 192//192 190//190 171//171
f 172//172 192//192 171//171
f 194//194 192//192 172//172
f 173//173 194//194 172//172
f 196//196 194//194 173//173
f 174//174 196//196 173//173
f 198//198 196//196 174//174
f 175//175 198//198 174//174
f 200//200 198//198 175//175
f 443//443 201//201 441//441
f 201//201 175//175 441//441
f 201//201 200//200 175//175
f 445//445 202//202 443//443
f 443//443 202//202 201//201
f 447//447 203//203 445//445
f 445//445 203//203 202//202
f 473//473 203//203 447//447
f 452//452 204//204 483//483
f 454//454 205//205 452//452
f 452//452 205//205 204//204
f 455//455 176//176 454//454
f 176//176 205//205 454//454
f 176//176 206//206 205//205
f 177//177 206//206 176//176
f 207//207 206//206 177//177
f 178//178 207//207 177//177
f 209//209 207//207 178//178
f 179//179 209//209 178//178
f 211//211 209//209 179//179
f 180//180 211//211 179//179
f 213//213 211//211 180//180
f 181//181 213//213 180//180
f 215//215 213//213 181//181
f 182//182 183//183 217//217
f 215//215 182//182 217//217
f 181//181 182//182 215//215
f 183//183 182//182 184//184
f 183//183 184//184 185//185
f 185//185 184//184 186//186
f 185//185 186//186 187//187
f 188//188 187//187 186//186
f 500//500 218//218 191//191
f 189//189 500//500 191//191
f 500//500 190//190 465//465
f 500//500 189//189 190//190
f 218//218 219//219 191//191
f 219//219 193//193 191//191
f 190//190 467//467 465//465
f 190//190 192//192 467//467
f 501//501 195//195 193//193
f 219//219 501//501 193//193
f 501//501 194//194 195//195
f 192//192 501//501 467//467
f 501//501 192//192 194//194
f 195//195 194//194 196//196
f 195//195 196//196 197//197
f 197//197 196//196 198//198
f 197//197 198//198 199//199
f 221//221 220//220 199//199
f 198//198 221//221 199//199
f 200//200 221//221 198//198
f 201//201 221//221 200//200
f 223//223 221//221 201//201
f 202//202 223//223 201//201
f 225//225 223//223 202//202
f 203//203 225//225 202//202
f 227//227 225//225 203//203
f 475//475 228//228 473//473
f 228//228 203//203 473//473
f 228//228 227//227 203//203
f 513//513 228//228 475//475
f 480//480 229//229 522//522
f 482//482 230//230 480//480
f 480//480 230//230 229//229
f 483//483 204//204 482//482
f 204//204 230//230 482//482
f 204//204 231//231 230//230
f 205//205 231//231 204//204
f 232//232 231//231 205//205
f 206//206 232//232 205//205
f 233//233 232//232 206//206
f 207//207 208//208 235//235
f 233//233 207//207 235//235
f 206//206 207//207 233//233
f 208//208 207//207 209//209
f 208//208 209//209 210//210
f 210//210 209//209 211//211
f 210//210 211//211 212//212
f 212//212 211//211 213//213
f 212//212 213//213 214//214
f 214//214 213//213 215//215
f 214//214 215//215 216//216
f 217//217 216//216 215//215
f 534//534 236//236 492//492
f 237//237 494//494 492//492
f 237//237 492//492 236//236
f 238//238 496//496 494//494
f 238//238 494//494 237//237
f 239//239 498//498 496//496
f 239//239 496//496 238//238
f 239//239 535//535 498//498
f 218//218 500//500 537//537
f 218//218 537//537 240//240
f 240//240 219//219 218//218
f 240//240 241//241 219//219
f 242//242 503//503 501//501
f 219//219 242//242 501//501
f 241//241 242//242 219//219
f 243//243 505//505 503//503
f 243//243 503//503 242//242
f 244//244 507//507 505//505
f 244//244 505//505 243//243
f 220//220 244//244 245//245
f 222//222 220//220 245//245
f 220//220 507//507 244//244
f 509//509 220//220 221//221
f 220//220 509//509 507//507
f 245//245 246//246 222//222
f 246//246 224//224 222//222
f 221//221 511//511 509//509
f 221//221 223//223 511//511
f 538//538 226//226 224//224
f 246//246 538//538 224//224
f 538//538 225//225 226//226
f 223//223 538//538 511//511
f 538//538 223//223 225//225
f 248//248 247//247 226//226
f 225//225 248//248 226//226
f 227//227 248//248 225//225
f 228//228 248//248 227//227
f 250//250 248//248 228//228
f 515//515 252//252 513//513
f 252//252 228//228 513//513
f 252//252 250//250 228//228
f 543//543 252//252 515//515
f 521//521 253//253 550//550
f 522//522 229//229 521//521
f 229//229 253//253 521//521
f 229//229 254//254 253//253
f 230//230 254//254 229//229
f 255//255 254//254 230//230
f 231//231 255//255 230//230
f 256//256 255//255 231//231
f 232//232 256//256 231//231
f 257//257 256//256 232//232
f 233//233 234//234 259//259
f 257//257 233//233 259//259
f 232//232 233//233 257//257
f 235//235 234//234 233//233
f 260//260 530//530 559//559
f 260//260 560//560 530//530
f 261//261 533//533 563//563
f 236//236 534//534 533//533
f 261//261 236//236 533//533
f 262//262 236//236 261//261
f 262//262 237//237 236//236
f 262//262 263//263 237//237
f 263//263 238//238 237//237
f 263//263 264//264 238//238
f 264//264 239//239 238//238
f 264//264 265//265 239//239
f 265//265 564//564 535//535
f 265//265 535//535 239//239
f 240//240 537//537 567//567
f 240//240 567//567 266//266
f 266//266 241//241 240//240
f 266//266 267//267 241//241
f 267//267 242//242 241//241
f 267//267 268//268 242//242
f 268//268 243//243 242//242
f 268//268 269//269 243//243
f 269//269 244//244 243//243
f 269//269 270//270 244//244
f 270//270 245//245 244//244
f 270//270 271//271 245//245
f 271//271 246//246 245//245
f 271//271 272//272 246//246
f 273//273 540//540 538//538
f 246//246 273//273 538//538
f 272//272 273//273 246//246
f 273//273 568//568 540//540
f 248//248 249//249 247//247
f 249//249 248//248 250//250
f 249//249 250//250 251//251
f 275//275 274//274 251//251
f 250//250 275//275 251//251
f 252//252 275//275 250//250
f 545//545 276//276 543//543
f 276//276 252//252 543//543
f 276//276 275//275 252//252
f 571//571 276//276 545//545
f 550//550 253//253 580//580
f 580//580 253//253 277//277
f 254//254 277//277 253//253
f 278//278 277//277 254//254
f 255//255 278//278 254//254
f 279//279 278//278 255//255
f 256//256 279//279 255//255
f 281//281 279//279 256//256
f 257//257 258//258 283//283
f 281//281 257//257 283//283
f 256//256 257//257 281//281
f 259//259 258//258 257//257
f 284//284 556//556 587//587
f 285//285 558//558 556//556
f 285//285 556//556 284//284
f 260//260 559//559 558//558
f 285//285 260//260 558//558
f 286//286 260//260 285//285
f 287//287 562//562 560//560
f 260//260 287//287 560//560
f 286//286 287//287 260//260
f 261//261 563//563 562//562
f 287//287 261//261 562//562
f 288//288 261//261 287//287
f 288//288 262//262 261//261
f 288//288 289//289 262//262
f 289//289 263//263 262//262
f 289//289 290//290 263//263
f 290//290 264//264 263//263
f 290//290 291//291 264//264
f 291//291 265//265 264//264
f 291//291 292//292 265//265
f 293//293 566//566 564//564
f 265//265 293//293 564//564
f 292//292 293//293 265//265
f 266//266 567//567 566//566
f 293//293 266//266 566//566
f 294//294 266//266 293//293
f 294//294 267//267 266//266
f 294//294 295//295 267//267
f 295//295 268//268 267//267
f 295//295 296//296 268//268
f 296//296 269//269 268//268
f 296//296 297//297 269//269
f 297//297 270//270 269//269
f 297//297 298//298 270//270
f 298//298 271//271 270//270
f 298//298 299//299 271//271
f 299//299 272//272 271//271
f 299//299 300//300 272//272
f 300//300 273//273 272//272
f 300//300 301//301 273//273
f 302//302 570//570 568//568
f 273//273 302//302 568//568
f 301//301 302//302 273//273
f 302//302 588//588 570//570
f 274//274 275//275 304//304
f 274//274 304//304 303//303
f 276//276 304//304 275//275
f 306//306 304//304 276//276
f 573//573 307//307 571//571
f 307//307 276//276 571//571
f 307//307 306//306 276//276
f 590//590 307//307 573//573
f 579//579 308//308 597//597
f 580//580 277//277 579//579
f 277//277 308//308 579//579
f 277//277 309//309 308//308
f 278//278 309//309 277//277
f 310//310 309//309 278//278
f 279//279 280//280 312//312
f 310//310 279//279 312//312
f 278//278 279//279 310//310
f 601//601 279//279 281//281
f 582//582 601//601 281//281
f 601//601 280//280 279//279
f 282//282 601//601 313//313
f 601//601 282//282 280//280
f 283//283 584//584 582//582
f 281//281 283//283 582//582
f 283//283 314//314 584//584
f 313//313 283//283 282//282
f 283//283 313//313 314//314
f 315//315 586//586 584//584
f 315//315 584//584 314//314
f 284//284 587//587 586//586
f 315//315 284//284 586//586
f 316//316 284//284 315//315
f 316//316 285//285 284//284
f 316//316 317//317 285//285
f 317//317 286//286 285//285
f 317//317 318//318 286//286
f 318//318 287//287 286//286
f 318//318 319//319 287//287
f 319//319 288//288 287//287
f 319//319 320//320 288//288
f 320//320 289//289 288//288
f 320//320 321//321 289//289
f 321//321 290//290 289//289
f 321//321 322//322 290//290
f 322//322 291//291 290//290
f 322//322 323//323 291//291
f 323//323 292//292 291//291
f 323//323 324//324 292//292
f 324//324 293//293 292//292
f 324//324 325//325 293//293
f 325//325 294//294 293//293
f 325//325 326//326 294//294
f 326//326 295//295 294//294
f 326//326 327//327 295//295
f 327//327 296//296 295//295
f 327//327 328//328 296//296
f 328//328 297//297 296//296
f 328//328 329//329 297//297
f 329//329 298//298 297//297
f 329//329 330//330 298//298
f 330//330 299//299 298//298
f 330//330 331//331 299//299
f 331//331 300//300 299//299
f 331//331 332//332 300//300
f 332//332 301//301 300//300
f 332//332 333//333 301//301
f 333//333 302//302 301//301
f 333//333 334//334 302//302
f 335//335 589//589 588//588
f 302//302 335//335 588//588
f 334//334 335//335 302//302
f 335//335 603//603 589//589
f 304//304 305//305 303//303
f 337//337 336//336 305//305
f 304//304 337//337 305//305
f 306//306 337//337 304//304
f 307//307 337//337 306//306
f 339//339 337//337 307//307
f 592//592 340//340 590//590
f 340//340 307//307 590//590
f 340//340 339//339 307//307
f 607//607 340//340 592//592
f 596//596 341//341 612//612
f 597//597 308//308 596//596
f 308//308 341//341 596//596
f 308//308 342//342 341//341
f 309//309 342//342 308//308
f 343//343 342//342 309//309
f 310//310 311//311 344//344
f 343//343 310//310 344//344
f 309//309 310//310 343//343
f 312//312 311//311 310//310
f 313//313 601//601 621//621
f 313//313 621//621 347//347
f 347//347 314//314 313//313
f 347//347 349//349 314//314
f 349//349 315//315 314//314
f 349//349 351//351 315//315
f 351//351 316//316 315//315
f 351//351 353//353 316//316
f 353//353 317//317 316//316
f 353//353 355//355 317//317
f 355//355 318//318 317//317
f 355//355 357//357 318//318
f 357//357 319//319 318//318
f 357//357 359//359 319//319
f 359//359 320//320 319//319
f 359//359 361//361 320//320
f 361//361 321//321 320//320
f 361//361 363//363 321//321
f 363//363 322//322 321//321
f 363//363 365//365 322//322
f 365//365 323//323 322//322
f 365//365 367//367 323//323
f 367//367 324//324 323//323
f 367//367 369//369 324//324
f 369//369 325//325 324//324
f 369//369 371//371 325//325
f 371//371 326//326 325//325
f 371//371 373//373 326//326
f 373//373 327//327 326//326
f 373//373 375//375 327//327
f 375//375 328//328 327//327
f 375//375 377//377 328//328
f 377//377 329//329 328//328
f 377//377 379//379 329//329
f 379//379 330//330 329//329
f 379//379 381//381 330//330
f 381//381 331//331 330//330
f 381//381 383//383 331//331
f 383//383 332//332 331//331
f 383//383 385//385 332//332
f 385//385 333//333 332//332
f 385//385 387//387 333//333
f 387//387 334//334 333//333
f 387//387 389//389 334//334
f 389//389 622//622 602//602
f 335//335 389//389 602//602
f 334//334 389//389 335//335
f 602//602 603//603 335//335
f 338//338 336//336 337//337
f 395//395 394//394 338//338
f 337//337 395//395 338//338
f 339//339 395//395 337//337
f 340//340 395//395 339//339
f 396//396 395//395 340//340
f 609//609 397//397 607//607
f 397//397 340//340 607//607
f 397//397 396//396 340//340
f 632//632 397//397 609//609
f 341//341 613//613 612//612
f 342//342 614//614 341//341
f 341//341 614//614 613//613
f 343//343 616//616 342//342
f 342//342 616//616 614//614
f 344//344 345//345 343//343
f 345//345 616//616 343//343
f 345//345 618//618 616//616
f 345//345 620//620 618//618
f 346//346 620//620 345//345
f 621//621 620//620 347//347
f 620//620 348//348 347//347
f 620//620 346//346 348//348
f 347//347 348//348 349//349
f 349//349 348//348 350//350
f 349//349 350//350 351//351
f 351//351 350//350 352//352
f 351//351 352//352 353//353
f 353//353 352//352 354//354
f 353//353 354//354 355//355
f 355//355 354//354 356//356
f 355//355 356//356 357//357
f 357//357 356//356 358//358
f 357//357 358//358 359//359
f 359//359 358//358 360//360
f 359//359 360//360 361//361
f 361//361 360//360 362//362
f 361//361 362//362 363//363
f 363//363 362//362 364//364
f 363//363 364//364 365//365
f 365//365 364//364 366//366
f 365//365 366//366 367//367
f 367//367 366//366 368//368
f 367//367 368//368 369//369
f 369//369 368//368 370//370
f 369//369 370//370 371//371
f 371//371 370//370 372//372
f 371//371 372//372 373//373
f 373//373 372//372 374//374
f 373//373 374//374 375//375
f 375//375 374//374 376//376
f 375//375 376//376 377//377
f 377//377 376//376 378//378
f 377//377 378//378 379//379
f 379//379 378//378 380//380
f 379//379 380//380 381//381
f 381//381 380//380 382//382
f 381//381 382//382 383//383
f 383//383 382//382 384//384
f 383//383 384//384 385//385
f 385//385 384//384 386//386
f 385//385 386//386 387//387
f 387//387 386//386 388//388
f 387//387 388//388 389//389
f 389//389 388//388 390//390
f 389//389 390//390 622//622
f 390//390 624//624 622//622
f 390//390 391//391 624//624
f 391//391 626//626 624//624
f 392//392 626//626 391//391
f 392//392 628//628 626//626
f 393//393 628//628 392//392
f 395//395 630//630 394//394
f 630//630 393//393 394//394
f 630//630 628//628 393//393
f 630//630 395//395 635//635
f 395//395 398//398 635//635
f 395//395 396//396 398//398
f 397//397 398//398 396//396
f 399//399 398//398 397//397
f 638//638 399//399 632//632
f 632//632 399//399 397//397
f 398//398 636//636 635//635
f 399//399 637//637 398//398
f 398//398 637//637 636//636
f 638//638 637//637 399//399
f 641//641 401//401 666//666
f 642//642 403//403 641//641
f 641//641 403//403 401//401
f 643//643 405//405 642//642
f 642//642 405//405 403//403
f 644//644 407//407 643//643
f 643//643 407//407 405//405
f 645//645 409//409 644//644
f 644//644 409//409 407//407
f 646//646 411//411 645//645
f 645//645 411//411 409//409
f 647//647 413//413 646//646
f 646//646 413//413 411//411
f 648//648 415//415 647//647
f 647//647 415//415 413//413
f 649//649 417//417 648//648
f 648//648 417//417 415//415
f 650//650 419//419 649//649
f 649//649 419//419 417//417
f 651//651 421//421 650//650
f 650//650 421//421 419//419
f 652//652 423//423 651//651
f 651//651 423//423 421//421
f 653//653 425//425 652//652
f 652//652 425//425 423//423
f 671//671 425//425 653//653
f 654//654 427//427 683//683
f 655//655 428//428 654//654
f 654//654 428//428 427//427
f 657//657 429//429 655//655
f 655//655 429//429 428//428
f 659//659 430//430 657//657
f 657//657 430//430 429//429
f 661//661 432//432 659//659
f 659//659 432//432 430//430
f 663//663 434//434 661//661
f 661//661 434//434 432//432
f 434//434 663//663 436//436
f 663//663 400//400 436//436
f 663//663 665//665 400//400
f 665//665 666//666 401//401
f 402//402 665//665 401//401
f 400//400 665//665 402//402
f 402//402 401//401 403//403
f 402//402 403//403 404//404
f 404//404 403//403 405//405
f 404//404 405//405 406//406
f 406//406 405//405 407//407
f 406//406 407//407 408//408
f 408//408 407//407 409//409
f 408//408 409//409 410//410
f 410//410 409//409 411//411
f 410//410 411//411 412//412
f 412//412 411//411 413//413
f 412//412 413//413 414//414
f 700//700 413//413 415//415
f 667//667 700//700 415//415
f 700//700 414//414 413//413
f 416//416 700//700 437//437
f 700//700 416//416 414//414
f 437//437 438//438 416//416
f 438//438 418//418 416//416
f 415//415 668//668 667//667
f 415//415 417//417 668//668
f 438//438 439//439 418//418
f 439//439 420//420 418//418
f 417//417 669//669 668//668
f 417//417 419//419 669//669
f 439//439 440//440 420//420
f 440//440 422//422 420//420
f 419//419 670//670 669//669
f 419//419 421//421 670//670
f 701//701 424//424 422//422
f 440//440 701//701 422//422
f 701//701 423//423 424//424
f 421//421 701//701 670//670
f 701//701 421//421 423//423
f 424//424 423//423 425//425
f 424//424 425//425 426//426
f 442//442 441//441 426//426
f 442//442 426//426 425//425
f 673//673 442//442 425//425
f 671//671 673//673 425//425
f 675//675 444//444 673//673
f 673//673 444//444 442//442
f 677//677 446//446 675//675
f 675//675 446//446 444//444
f 679//679 448//448 677//677
f 677//677 448//448 446//446
f 710//710 448//448 679//679
f 682//682 449//449 719//719
f 683//683 427//427 682//682
f 427//427 449//449 682//682
f 427//427 450//450 449//449
f 428//428 450//450 427//427
f 451//451 450//450 428//428
f 429//429 451//451 428//428
f 453//453 451//451 429//429
f 455//455 456//456 431//431
f 725//725 430//430 684//684
f 725//725 453//453 430//430
f 453//453 429//429 430//430
f 456//456 457//457 431//431
f 457//457 433//433 431//431
f 430//430 685//685 684//684
f 430//430 432//432 685//685
f 457//457 458//458 433//433
f 458//458 435//435 433//433
f 432//432 686//686 685//685
f 432//432 434//434 686//686
f 436//436 688//688 686//686
f 434//434 436//436 686//686
f 436//436 459//459 688//688
f 458//458 436//436 435//435
f 436//436 458//458 459//459
f 459//459 726//726 688//688
f 460//460 692//692 730//730
f 461//461 694//694 692//692
f 461//461 692//692 460//460
f 462//462 696//696 694//694
f 462//462 694//694 461//461
f 463//463 698//698 696//696
f 463//463 696//696 462//462
f 463//463 731//731 698//698
f 437//437 700//700 734//734
f 437//437 734//734 464//464
f 464//464 438//438 437//437
f 464//464 466//466 438//438
f 466//466 439//439 438//438
f 466//466 468//468 439//439
f 468//468 440//440 439//439
f 468//468 469//469 440//440
f 470//470 703//703 701//701
f 440//440 470//470 701//701
f 469//469 470//470 440//440
f 471//471 705//705 703//703
f 471//471 703//703 470//470
f 441//441 471//471 472//472
f 443//443 441//441 472//472
f 441//441 705//705 471//471
f 707//707 441//441 442//442
f 441//441 707//707 705//705
f 735//735 445//445 443//443
f 472//472 735//735 443//443
f 735//735 444//444 445//445
f 442//442 735//735 707//707
f 735//735 442//442 444//444
f 445//445 444//444 446//446
f 445//445 446//446 447//447
f 474//474 473//473 447//447
f 446//446 474//474 447//447
f 448//448 474//474 446//446
f 712//712 476//476 710//710
f 476//476 448//448 710//710
f 476//476 474//474 448//448
f 714//714 477//477 712//712
f 712//712 477//477 476//476
f 741//741 477//477 714//714
f 718//718 478//478 749//749
f 719//719 449//449 718//718
f 449//449 478//478 718//718
f 449//449 479//479 478//478
f 450//450 479//479 449//449
f 481//481 479//479 450//450
f 483//483 484//484 452//452
f 753//753 451//451 722//722
f 753//753 481//481 451//451
f 481//481 450//450 451//451
f 484//484 485//485 452//452
f 485//485 454//454 452//452
f 451//451 724//724 722//722
f 451//451 453//453 724//724
f 453//453 725//725 724//724
f 456//456 454//454 485//485
f 486//486 456//456 485//485
f 455//455 454//454 456//456
f 486//486 457//457 456//456
f 486//486 487//487 457//457
f 487//487 458//458 457//457
f 487//487 488//488 458//458
f 488//488 459//459 458//458
f 488//488 489//489 459//459
f 489//489 754//754 726//726
f 489//489 726//726 459//459
f 490//490 729//729 757//757
f 460//460 730//730 729//729
f 490//490 460//460 729//729
f 491//491 460//460 490//490
f 491//491 461//461 460//460
f 491//491 493//493 461//461
f 493//493 462//462 461//461
f 493//493 495//495 462//462
f 495//495 463//463 462//462
f 495//495 497//497 463//463
f 499//499 733//733 731//731
f 463//463 499//499 731//731
f 497//497 499//499 463//463
f 500//500 465//465 464//464
f 500//500 464//464 734//734
f 499//499 500//500 734//734
f 733//733 499//499 734//734
f 464//464 465//465 466//466
f 466//466 465//465 467//467
f 501//501 502//502 467//467
f 502//502 466//466 467//467
f 502//502 468//468 466//466
f 502//502 469//469 468//468
f 502//502 504//504 469//469
f 504//504 470//470 469//469
f 504//504 506//506 470//470
f 506//506 471//471 470//470
f 506//506 508//508 471//471
f 508//508 472//472 471//471
f 508//508 510//510 472//472
f 512//512 737//737 735//735
f 472//472 512//512 735//735
f 510//510 512//512 472//472
f 512//512 758//758 737//737
f 475//475 473//473 474//474
f 514//514 513//513 475//475
f 474//474 514//514 475//475
f 476//476 514//514 474//474
f 477//477 514//514 476//476
f 516//516 514//514 477//477
f 743//743 517//517 741//741
f 517//517 477//477 741//741
f 517//517 516//516 477//477
f 764//764 517//517 743//743
f 746//746 518//518 770//770
f 748//748 519//519 746//746
f 746//746 519//519 518//518
f 749//749 478//478 748//748
f 478//478 519//519 748//748
f 478//478 520//520 519//519
f 479//479 480//480 522//522
f 520//520 479//479 522//522
f 478//478 479//479 520//520
f 773//773 479//479 481//481
f 752//752 773//773 481//481
f 773//773 480//480 479//479
f 482//482 773//773 523//523
f 773//773 482//482 480//480
f 481//481 753//753 752//752
f 484//484 482//482 523//523
f 524//524 484//484 523//523
f 483//483 482//482 484//484
f 524//524 485//485 484//484
f 524//524 525//525 485//485
f 525//525 486//486 485//485
f 525//525 526//526 486//486
f 526//526 487//487 486//486
f 526//526 527//527 487//487
f 527//527 488//488 487//487
f 527//527 528//528 488//488
f 528//528 489//489 488//488
f 528//528 529//529 489//489
f 531//531 756//756 754//754
f 489//489 531//531 754//754
f 529//529 531//531 489//489
f 490//490 757//757 756//756
f 531//531 490//490 756//756
f 532//532 490//490 531//531
f 492//492 491//491 534//534
f 491//491 532//532 534//534
f 491//491 490//490 532//532
f 491//491 492//492 493//493
f 493//493 492//492 494//494
f 493//493 494//494 495//495
f 495//495 494//494 496//496
f 495//495 496//496 497//497
f 497//497 496//496 498//498
f 535//535 536//536 498//498
f 536//536 497//497 498//498
f 536//536 499//499 497//497
f 536//536 537//537 499//499
f 499//499 537//537 500//500
f 501//501 503//503 502//502
f 502//502 503//503 504//504
f 504//504 503//503 505//505
f 504//504 505//505 506//506
f 506//506 505//505 507//507
f 506//506 507//507 508//508
f 508//508 507//507 509//509
f 508//508 509//509 510//510
f 510//510 509//509 511//511
f 538//538 539//539 511//511
f 539//539 510//510 511//511
f 539//539 512//512 510//510
f 541//541 760//760 758//758
f 512//512 541//541 758//758
f 539//539 541//541 512//512
f 542//542 762//762 760//760
f 542//542 760//760 541//541
f 542//542 776//776 762//762
f 514//514 515//515 513//513
f 544//544 543//543 515//515
f 514//514 544//544 515//515
f 516//516 544//544 514//514
f 517//517 544//544 516//516
f 546//546 544//544 517//517
f 766//766 547//547 764//764
f 547//547 517//517 764//764
f 547//547 546//546 517//517
f 777//777 547//547 766//766
f 770//770 518//518 784//784
f 784//784 518//518 548//548
f 519//519 548//548 518//518
f 549//549 548//548 519//519
f 520//520 521//521 550//550
f 549//549 520//520 550//550
f 519//519 520//520 549//549
f 522//522 521//521 520//520
f 523//523 773//773 785//785
f 523//523 785//785 551//551
f 551//551 524//524 523//523
f 551//551 552//552 524//524
f 552//552 525//525 524//524
f 552//552 553//553 525//525
f 553//553 526//526 525//525
f 553//553 554//554 526//526
f 554//554 527//527 526//526
f 554//554 555//555 527//527
f 555//555 528//528 527//527
f 555//555 557//557 528//528
f 530//530 529//529 559//559
f 529//529 557//557 559//559
f 529//529 528//528 557//557
f 560//560 561//561 530//530
f 561//561 529//529 530//530
f 561//561 531//531 529//529
f 533//533 532//532 563//563
f 532//532 561//561 563//563
f 532//532 531//531 561//561
f 533//533 534//534 532//532
f 536//536 535//535 565//565
f 565//565 535//535 564//564
f 565//565 567//567 536//536
f 536//536 567//567 537//537
f 538//538 540//540 539//539
f 568//568 569//569 540//540
f 569//569 539//539 540//540
f 569//569 541//541 539//539
f 569//569 787//787 775//775
f 542//542 569//569 775//775
f 541//541 569//569 542//542
f 775//775 776//776 542//542
f 545//545 543//543 544//544
f 572//572 571//571 545//545
f 544//544 572//572 545//545
f 546//546 572//572 544//544
f 547//547 572//572 546//546
f 574//574 572//572 547//547
f 779//779 575//575 777//777
f 575//575 547//547 777//777
f 575//575 574//574 547//547
f 788//788 575//575 779//779
f 783//783 576//576 791//791
f 784//784 548//548 783//783
f 548//548 576//576 783//783
f 548//548 577//577 576//576
f 549//549 577//577 548//548
f 578//578 577//577 549//549
f 580//580 578//578 549//549
f 580//580 549//549 550//550
f 786//786 551//551 785//785
f 551//551 786//786 795//795
f 581//581 551//551 795//795
f 552//552 551//551 581//581
f 581//581 553//553 552//552
f 581//581 583//583 553//553
f 583//583 554//554 553//553
f 583//583 585//585 554//554
f 556//556 555//555 587//587
f 555//555 585//585 587//587
f 555//555 554//554 585//585
f 555//555 556//556 557//557
f 557//557 556//556 558//558
f 558//558 559//559 557//557
f 560//560 562//562 561//561
f 562//562 563//563 561//561
f 564//564 566//566 565//565
f 566//566 567//567 565//565
f 568//568 570//570 569//569
f 787//787 569//569 570//570
f 588//588 787//787 570//570
f 796//796 787//787 588//588
f 573//573 571//571 572//572
f 591//591 590//590 573//573
f 572//572 591//591 573//573
f 574//574 591//591 572//572
f 575//575 591//591 574//574
f 593//593 591//591 575//575
f 803//803 593//593 788//788
f 788//788 593//593 575//575
f 791//791 576//576 808//808
f 808//808 576//576 594//594
f 577//577 594//594 576//576
f 595//595 594//594 577//577
f 578//578 579//579 597//597
f 595//595 578//578 597//597
f 577//577 578//578 595//595
f 580//580 579//579 578//578
f 812//812 598//598 792//792
f 599//599 793//793 792//792
f 599//599 792//792 598//598
f 600//600 794//794 793//793
f 600//600 793//793 599//599
f 601//601 582//582 581//581
f 601//601 581//581 795//795
f 600//600 601//601 795//795
f 794//794 600//600 795//795
f 581//581 582//582 583//583
f 583//583 582//582 584//584
f 583//583 584//584 585//585
f 585//585 584//584 586//586
f 586//586 587//587 585//585
f 588//588 589//589 796//796
f 796//796 589//589 797//797
f 589//589 603//603 604//604
f 798//798 589//589 604//604
f 797//797 589//589 798//798
f 605//605 799//799 798//798
f 605//605 798//798 604//604
f 606//606 801//801 799//799
f 606//606 799//799 605//605
f 606//606 813//813 801//801
f 591//591 592//592 590//590
f 608//608 607//607 592//592
f 591//591 608//608 592//592
f 593//593 608//608 591//591
f 817//817 608//608 803//803
f 803//803 608//608 593//593
f 807//807 610//610 824//824
f 808//808 594//594 807//807
f 594//594 610//610 807//807
f 594//594 611//611 610//610
f 595//595 596//596 612//612
f 611//611 595//595 612//612
f 594//594 595//595 611//611
f 597//597 596//596 595//595
f 598//598 812//812 832//832
f 598//598 832//832 615//615
f 615//615 599//599 598//598
f 615//615 617//617 599//599
f 617//617 600//600 599//599
f 617//617 619//619 600//600
f 619//619 621//621 600//600
f 600//600 621//621 601//601
f 622//622 623//623 602//602
f 602//602 623//623 603//603
f 623//623 604//604 603//603
f 623//623 625//625 604//604
f 625//625 605//605 604//604
f 625//625 627//627 605//605
f 627//627 606//606 605//605
f 627//627 629//629 606//606
f 631//631 815//815 813//813
f 606//606 631//631 813//813
f 629//629 631//631 606//606
f 631//631 834//834 815//815
f 608//608 609//609 607//607
f 633//633 632//632 609//609
f 633//633 609//609 608//608
f 819//819 633//633 608//608
f 817//817 819//819 608//608
f 821//821 634//634 819//819
f 819//819 634//634 633//633
f 836//836 634//634 821//821
f 610//610 825//825 824//824
f 611//611 827//827 610//610
f 610//610 827//827 825//825
f 612//612 613//613 611//611
f 613//613 827//827 611//611
f 613//613 829//829 827//827
f 613//613 831//831 829//829
f 614//614 831//831 613//613
f 832//832 831//831 615//615
f 831//831 616//616 615//615
f 831//831 614//614 616//616
f 615//615 616//616 617//617
f 617//617 616//616 618//618
f 617//617 618//618 619//619
f 619//619 618//618 620//620
f 620//620 621//621 619//619
f 622//622 624//624 623//623
f 623//623 624//624 625//625
f 625//625 624//624 626//626
f 625//625 626//626 627//627
f 627//627 626//626 628//628
f 627//627 628//628 629//629
f 629//629 628//628 630//630
f 631//631 629//629 833//833
f 629//629 635//635 833//833
f 635//635 838//838 833//833
f 629//629 630//630 635//635
f 833//833 834//834 631//631
f 632//632 633//633 639//639
f 632//632 639//639 638//638
f 634//634 639//639 633//633
f 640//640 639//639 634//634
f 845//845 640//640 836//836
f 836//836 640//640 634//634
f 635//635 636//636 838//838
f 838//838 636//636 840//840
f 636//636 842//842 840//840
f 637//637 842//842 636//636
f 639//639 843//843 638//638
f 843//843 637//637 638//638
f 843//843 842//842 637//637
f 640//640 844//844 639//639
f 639//639 844//844 843//843
f 845//845 844//844 640//640
f 847//847 656//656 882//882
f 848//848 658//658 847//847
f 847//847 658//658 656//656
f 849//849 660//660 848//848
f 848//848 660//660 658//658
f 850//850 662//662 849//849
f 849//849 662//662 660//660
f 851//851 664//664 850//850
f 850//850 664//664 662//662
f 664//664 851//851 666//666
f 851//851 641//641 666//666
f 851//851 852//852 641//641
f 853//853 641//641 852//852
f 853//853 642//642 641//641
f 854//854 642//642 853//853
f 854//854 643//643 642//642
f 856//856 643//643 854//854
f 856//856 644//644 643//643
f 858//858 644//644 856//856
f 858//858 645//645 644//644
f 860//860 645//645 858//858
f 860//860 646//646 645//645
f 862//862 646//646 860//860
f 862//862 647//647 646//646
f 864//864 647//647 862//862
f 864//864 648//648 647//647
f 865//865 648//648 864//864
f 865//865 649//649 648//648
f 866//866 649//649 865//865
f 866//866 650//650 649//649
f 867//867 650//650 866//866
f 867//867 651//651 650//650
f 868//868 651//651 867//867
f 868//868 652//652 651//651
f 869//869 652//652 868//868
f 869//869 653//653 652//652
f 671//671 653//653 672//672
f 653//653 870//870 672//672
f 653//653 869//869 870//870
f 871//871 674//674 870//870
f 870//870 674//674 672//672
f 872//872 676//676 871//871
f 871//871 676//676 674//674
f 873//873 678//678 872//872
f 872//872 678//678 676//676
f 900//900 678//678 873//873
f 875//875 680//680 911//911
f 877//877 681//681 875//875
f 875//875 681//681 680//680
f 681//681 877//877 683//683
f 877//877 654//654 683//683
f 877//877 879//879 654//654
f 881//881 654//654 879//879
f 881//881 655//655 654//654
f 881//881 882//882 656//656
f 657//657 881//881 656//656
f 655//655 881//881 657//657
f 657//657 656//656 658//658
f 657//657 658//658 659//659
f 659//659 658//658 660//660
f 659//659 660//660 661//661
f 661//661 660//660 662//662
f 661//661 662//662 663//663
f 925//925 662//662 664//664
f 883//883 925//925 664//664
f 925//925 663//663 662//662
f 665//665 925//925 687//687
f 925//925 665//665 663//663
f 666//666 884//884 883//883
f 664//664 666//666 883//883
f 666//666 689//689 884//884
f 687//687 666//666 665//665
f 666//666 687//687 689//689
f 690//690 885//885 884//884
f 690//690 884//884 689//689
f 691//691 886//886 885//885
f 691//691 885//885 690//690
f 693//693 887//887 886//886
f 693//693 886//886 691//691
f 695//695 888//888 887//887
f 695//695 887//887 693//693
f 697//697 889//889 888//888
f 697//697 888//888 695//695
f 699//699 890//890 889//889
f 699//699 889//889 697//697
f 890//890 699//699 700//700
f 667//667 890//890 700//700
f 891//891 890//890 667//667
f 667//667 892//892 891//891
f 668//668 892//892 667//667
f 668//668 893//893 892//892
f 669//669 893//893 668//668
f 669//669 894//894 893//893
f 670//670 894//894 669//669
f 670//670 701//701 702//702
f 895//895 670//670 702//702
f 894//894 670//670 895//895
f 704//704 896//896 895//895
f 704//704 895//895 702//702
f 671//671 704//704 706//706
f 673//673 671//671 706//706
f 671//671 896//896 704//704
f 897//897 671//671 672//672
f 671//671 897//897 896//896
f 706//706 708//708 673//673
f 708//708 675//675 673//673
f 672//672 898//898 897//897
f 672//672 674//674 898//898
f 708//708 709//709 675//675
f 709//709 677//677 675//675
f 674//674 899//899 898//898
f 674//674 676//676 899//899
f 926//926 679//679 677//677
f 709//709 926//926 677//677
f 926//926 678//678 679//679
f 676//676 926//926 899//899
f 926//926 676//676 678//678
f 711//711 710//710 679//679
f 711//711 679//679 678//678
f 902//902 711//711 678//678
f 900//900 902//902 678//678
f 904//904 713//713 902//902
f 902//902 713//713 711//711
f 906//906 715//715 904//904
f 904//904 715//715 713//713
f 931//931 715//715 906//906
f 910//910 716//716 938//938
f 911//911 680//680 910//910
f 680//680 716//716 910//910
f 680//680 717//717 716//716
f 681//681 682//682 719//719
f 717//717 681//681 719//719
f 680//680 681//681 717//717
f 683//683 682//682 681//681
f 942//942 720//720 914//914
f 721//721 916//916 914//914
f 721//721 914//914 720//720
f 723//723 918//918 916//916
f 723//723 916//916 721//721
f 918//918 723//723 725//725
f 684//684 918//918 725//725
f 920//920 918//918 684//684
f 684//684 922//922 920//920
f 685//685 922//922 684//684
f 685//685 924//924 922//922
f 686//686 924//924 685//685
f 925//925 924//924 687//687
f 924//924 688//688 687//687
f 924//924 686//686 688//688
f 726//726 727//727 688//688
f 727//727 687//687 688//688
f 727//727 689//689 687//687
f 727//727 690//690 689//689
f 727//727 728//728 690//690
f 692//692 691//691 730//730
f 691//691 728//728 730//730
f 691//691 690//690 728//728
f 691//691 692//692 693//693
f 693//693 692//692 694//694
f 693//693 694//694 695//695
f 695//695 694//694 696//696
f 695//695 696//696 697//697
f 697//697 696//696 698//698
f 731//731 732//732 698//698
f 732//732 697//697 698//698
f 732//732 699//699 697//697
f 732//732 734//734 699//699
f 699//699 734//734 700//700
f 701//701 703//703 702//702
f 702//702 703//703 704//704
f 704//704 703//703 705//705
f 704//704 705//705 706//706
f 706//706 705//705 707//707
f 735//735 736//736 707//707
f 736//736 706//706 707//707
f 736//736 708//708 706//706
f 736//736 709//709 708//708
f 736//736 738//738 709//709
f 739//739 928//928 926//926
f 709//709 739//739 926//926
f 738//738 739//739 709//709
f 710//710 739//739 740//740
f 712//712 710//710 740//740
f 710//710 928//928 739//739
f 930//930 710//710 711//711
f 710//710 930//930 928//928
f 943//943 714//714 712//712
f 740//740 943//943 712//712
f 943//943 713//713 714//714
f 711//711 943//943 930//930
f 943//943 711//711 713//713
f 742//742 741//741 714//714
f 713//713 742//742 714//714
f 715//715 742//742 713//713
f 933//933 744//744 931//931
f 744//744 715//715 931//931
f 744//744 742//742 715//715
f 945//945 744//744 933//933
f 937//937 745//745 953//953
f 938//938 716//716 937//937
f 716//716 745//745 937//937
f 716//716 747//747 745//745
f 717//717 718//718 749//749
f 747//747 717//717 749//749
f 716//716 717//717 747//747
f 719//719 718//718 717//717
f 956//956 750//750 941//941
f 720//720 942//942 941//941
f 750//750 720//720 941//941
f 751//751 720//720 750//750
f 722//722 721//721 753//753
f 721//721 751//751 753//753
f 721//721 720//720 751//751
f 721//721 722//722 723//723
f 723//723 722//722 724//724
f 724//724 725//725 723//723
f 727//727 726//726 755//755
f 755//755 726//726 754//754
f 729//729 728//728 757//757
f 728//728 755//755 757//757
f 728//728 727//727 755//755
f 729//729 730//730 728//728
f 731//731 733//733 732//732
f 733//733 734//734 732//732
f 735//735 737//737 736//736
f 758//758 759//759 737//737
f 759//759 736//736 737//737
f 759//759 738//738 736//736
f 759//759 739//739 738//738
f 759//759 761//761 739//739
f 761//761 740//740 739//739
f 761//761 763//763 740//740
f 763//763 959//959 943//943
f 763//763 943//943 740//740
f 743//743 741//741 742//742
f 765//765 764//764 743//743
f 742//742 765//765 743//743
f 744//744 765//765 742//742
f 947//947 767//767 945//945
f 767//767 744//744 945//945
f 767//767 765//765 744//744
f 962//962 767//767 947//947
f 950//950 768//768 967//967
f 952//952 769//769 950//950
f 950//950 769//769 768//768
f 746//746 770//770 745//745
f 745//745 770//770 953//953
f 770//770 769//769 953//953
f 769//769 952//952 953//953
f 746//746 745//745 747//747
f 746//746 747//747 748//748
f 749//749 748//748 747//747
f 968//968 771//771 955//955
f 750//750 956//956 955//955
f 771//771 750//750 955//955
f 772//772 750//750 771//771
f 752//752 751//751 773//773
f 751//751 772//772 773//773
f 751//751 750//750 772//772
f 752//752 753//753 751//751
f 754//754 756//756 755//755
f 756//756 757//757 755//755
f 758//758 760//760 759//759
f 759//759 760//760 761//761
f 760//760 762//762 761//761
f 971//971 957//957 774//774
f 776//776 763//763 761//761
f 762//762 776//776 761//761
f 776//776 958//958 763//763
f 957//957 776//776 774//774
f 776//776 957//957 958//958
f 958//958 959//959 763//763
f 766//766 764//764 765//765
f 778//778 777//777 766//766
f 765//765 778//778 766//766
f 767//767 778//778 765//765
f 964//964 780//780 962//962
f 780//780 767//767 962//962
f 780//780 778//778 767//767
f 972//972 780//780 964//964
f 967//967 768//768 977//977
f 977//977 768//768 781//781
f 769//769 781//781 768//768
f 782//782 781//781 769//769
f 784//784 782//782 769//769
f 784//784 769//769 770//770
f 969//969 771//771 968//968
f 970//970 772//772 771//771
f 970//970 771//771 969//969
f 970//970 978//978 772//772
f 978//978 773//773 772//772
f 978//978 785//785 773//773
f 775//775 787//787 774//774
f 787//787 971//971 774//774
f 787//787 980//980 971//971
f 776//776 775//775 774//774
f 779//779 777//777 778//778
f 789//789 788//788 779//779
f 778//778 789//789 779//779
f 780//780 789//789 778//778
f 983//983 789//789 972//972
f 972//972 789//789 780//780
f 977//977 781//781 989//989
f 989//989 781//781 790//790
f 782//782 783//783 791//791
f 790//790 782//782 791//791
f 781//781 782//782 790//790
f 784//784 783//783 782//782
f 786//786 785//785 978//978
f 786//786 978//978 979//979
f 979//979 996//996 786//786
f 786//786 996//996 795//795
f 787//787 997//997 980//980
f 787//787 796//796 997//997
f 800//800 981//981 1001//1001
f 802//802 982//982 981//981
f 802//802 981//981 800//800
f 802//802 1003//1003 982//982
f 788//788 789//789 804//804
f 788//788 804//804 803//803
f 1007//1007 804//804 983//983
f 983//983 804//804 789//789
f 988//988 805//805 1014//1014
f 989//989 790//790 988//988
f 790//790 805//805 988//988
f 790//790 806//806 805//805
f 990//990 791//791 808//808
f 809//809 990//990 808//808
f 990//990 790//790 791//791
f 806//806 990//990 1017//1017
f 990//990 806//806 790//790
f 810//810 991//991 990//990
f 810//810 990//990 809//809
f 811//811 992//992 991//991
f 811//811 991//991 810//810
f 992//992 811//811 812//812
f 792//792 992//992 812//812
f 993//993 992//992 792//792
f 792//792 994//994 993//993
f 793//793 994//994 792//792
f 793//793 995//995 994//994
f 794//794 995//995 793//793
f 794//794 795//795 995//995
f 995//995 795//795 996//996
f 796//796 797//797 997//997
f 997//997 797//797 998//998
f 797//797 999//999 998//998
f 798//798 999//999 797//797
f 798//798 1000//1000 999//999
f 799//799 1000//1000 798//798
f 1001//1001 1000//1000 800//800
f 1000//1000 801//801 800//800
f 1000//1000 799//799 801//801
f 813//813 814//814 801//801
f 814//814 800//800 801//801
f 814//814 802//802 800//800
f 816//816 1005//1005 1003//1003
f 802//802 816//816 1003//1003
f 814//814 816//816 802//802
f 1005//1005 804//804 818//818
f 1018//1018 1005//1005 818//818
f 1005//1005 803//803 804//804
f 817//817 1005//1005 816//816
f 1005//1005 817//817 803//803
f 1009//1009 820//820 1007//1007
f 820//820 804//804 1007//1007
f 820//820 818//818 804//804
f 1020//1020 820//820 1009//1009
f 1013//1013 822//822 1026//1026
f 1014//1014 805//805 1013//1013
f 805//805 822//822 1013//1013
f 805//805 823//823 822//822
f 806//806 807//807 824//824
f 823//823 806//806 824//824
f 805//805 806//806 823//823
f 807//807 826//826 809//809
f 808//808 807//807 809//809
f 807//807 1032//1032 826//826
f 1017//1017 807//807 806//806
f 807//807 1017//1017 1032//1032
f 826//826 810//810 809//809
f 826//826 828//828 810//810
f 828//828 811//811 810//810
f 828//828 830//830 811//811
f 830//830 832//832 811//811
f 811//811 832//832 812//812
f 813//813 815//815 814//814
f 834//834 835//835 815//815
f 835//835 814//814 815//815
f 835//835 816//816 814//814
f 819//819 1033//1033 1018//1018
f 818//818 819//819 1018//1018
f 819//819 835//835 1033//1033
f 816//816 819//819 817//817
f 819//819 816//816 835//835
f 819//819 818//818 820//820
f 819//819 820//820 821//821
f 837//837 836//836 821//821
f 837//837 821//821 820//820
f 1022//1022 837//837 820//820
f 1020//1020 1022//1022 820//820
f 1036//1036 837//837 1022//1022
f 822//822 1027//1027 1026//1026
f 823//823 1029//1029 822//822
f 822//822 1029//1029 1027//1027
f 824//824 825//825 823//823
f 825//825 1029//1029 823//823
f 825//825 1031//1031 1029//1029
f 1032//1032 1031//1031 826//826
f 1031//1031 827//827 826//826
f 1031//1031 825//825 827//827
f 826//826 827//827 828//828
f 828//828 827//827 829//829
f 828//828 829//829 830//830
f 830//830 829//829 831//831
f 831//831 832//832 830//830
f 838//838 839//839 833//833
f 833//833 839//839 834//834
f 839//839 835//835 834//834
f 839//839 841//841 835//835
f 841//841 1038//1038 1033//1033
f 841//841 1033//1033 835//835
f 836//836 837//837 846//846
f 836//836 846//846 845//845
f 1044//1044 846//846 1036//1036
f 1036//1036 846//846 837//837
f 838//838 840//840 839//839
f 839//839 840//840 841//841
f 841//841 840//840 842//842
f 841//841 842//842 1038//1038
f 842//842 1040//1040 1038//1038
f 842//842 843//843 1040//1040
f 843//843 1042//1042 1040//1040
f 844//844 1042//1042 843//843
f 846//846 1043//1043 845//845
f 1043//1043 844//844 845//845
f 1043//1043 1042//1042 844//844
f 1044//1044 1043//1043 846//846
f 1047//1047 855//855 1071//1071
f 1048//1048 857//857 1047//1047
f 1047//1047 857//857 855//855
f 1049//1049 859//859 1048//1048
f 1048//1048 859//859 857//857
f 1050//1050 861//861 1049//1049
f 1049//1049 861//861 859//859
f 1051//1051 863//863 1050//1050
f 1050//1050 863//863 861//861
f 1072//1072 863//863 1051//1051
f 1052//1052 874//874 1099//1099
f 1053//1053 876//876 1052//1052
f 1052//1052 876//876 874//874
f 1054//1054 878//878 1053//1053
f 1053//1053 878//878 876//876
f 1055//1055 880//880 1054//1054
f 1054//1054 880//880 878//878
f 880//880 1055//1055 882//882
f 1055//1055 847//847 882//882
f 1055//1055 1056//1056 847//847
f 1058//1058 847//847 1056//1056
f 1058//1058 848//848 847//847
f 1060//1060 848//848 1058//1058
f 1060//1060 849//849 848//848
f 1062//1062 849//849 1060//1060
f 1062//1062 850//850 849//849
f 1064//1064 850//850 1062//1062
f 1064//1064 851//851 850//850
f 1066//1066 851//851 1064//1064
f 1066//1066 852//852 851//851
f 1068//1068 852//852 1066//1066
f 1068//1068 853//853 852//852
f 1070//1070 853//853 1068//1068
f 1070//1070 854//854 853//853
f 1070//1070 1071//1071 855//855
f 856//856 1070//1070 855//855
f 854//854 1070//1070 856//856
f 856//856 855//855 857//857
f 856//856 857//857 858//858
f 858//858 857//857 859//859
f 858//858 859//859 860//860
f 860//860 859//859 861//861
f 860//860 861//861 862//862
f 862//862 861//861 863//863
f 862//862 863//863 864//864
f 864//864 863//863 1072//1072
f 1074//1074 864//864 1072//1072
f 865//865 864//864 1074//1074
f 1076//1076 865//865 1074//1074
f 1076//1076 866//866 865//865
f 1078//1078 866//866 1076//1076
f 1078//1078 867//867 866//866
f 1080//1080 867//867 1078//1078
f 1080//1080 868//868 867//867
f 1082//1082 868//868 1080//1080
f 1082//1082 869//869 868//868
f 1084//1084 869//869 1082//1082
f 1084//1084 870//870 869//869
f 1086//1086 870//870 1084//1084
f 1086//1086 871//871 870//870
f 1088//1088 871//871 1086//1086
f 1088//1088 872//872 871//871
f 1090//1090 872//872 1088//1088
f 1090//1090 873//873 872//872
f 900//900 873//873 901//901
f 873//873 1091//1091 901//901
f 873//873 1090//1090 1091//1091
f 1092//1092 903//903 1091//1091
f 1091//1091 903//903 901//901
f 1093//1093 905//905 1092//1092
f 1092//1092 905//905 903//903
f 1126//1126 905//905 1093//1093
f 1094//1094 907//907 1133//1133
f 1096//1096 908//908 1094//1094
f 1094//1094 908//908 907//907
f 1098//1098 909//909 1096//1096
f 1096//1096 909//909 908//908
f 875//875 911//911 874//874
f 874//874 911//911 1099//1099
f 911//911 909//909 1099//1099
f 909//909 1098//1098 1099//1099
f 1136//1136 874//874 876//876
f 1100//1100 1136//1136 876//876
f 1136//1136 875//875 874//874
f 877//877 1136//1136 912//912
f 1136//1136 877//877 875//875
f 912//912 913//913 877//877
f 913//913 879//879 877//877
f 876//876 1101//1101 1100//1100
f 876//876 878//878 1101//1101
f 913//913 915//915 879//879
f 915//915 881//881 879//879
f 878//878 1102//1102 1101//1101
f 878//878 880//880 1102//1102
f 882//882 1103//1103 1102//1102
f 880//880 882//882 1102//1102
f 882//882 917//917 1103//1103
f 915//915 882//882 881//881
f 882//882 915//915 917//917
f 919//919 1104//1104 1103//1103
f 919//919 1103//1103 917//917
f 921//921 1105//1105 1104//1104
f 921//921 1104//1104 919//919
f 923//923 1106//1106 1105//1105
f 923//923 1105//1105 921//921
f 1106//1106 923//923 925//925
f 883//883 1106//1106 925//925
f 1107//1107 1106//1106 883//883
f 883//883 1108//1108 1107//1107
f 884//884 1108//1108 883//883
f 884//884 1109//1109 1108//1108
f 885//885 1109//1109 884//884
f 885//885 1110//1110 1109//1109
f 886//886 1110//1110 885//885
f 886//886 1111//1111 1110//1110
f 887//887 1111//1111 886//886
f 887//887 1112//1112 1111//1111
f 888//888 1112//1112 887//887
f 888//888 1113//1113 1112//1112
f 889//889 1113//1113 888//888
f 889//889 1114//1114 1113//1113
f 890//890 1114//1114 889//889
f 890//890 1115//1115 1114//1114
f 891//891 1115//1115 890//890
f 891//891 1116//1116 1115//1115
f 892//892 1116//1116 891//891
f 892//892 1117//1117 1116//1116
f 893//893 1117//1117 892//892
f 893//893 1118//1118 1117//1117
f 894//894 1118//1118 893//893
f 894//894 1119//1119 1118//1118
f 895//895 1119//1119 894//894
f 895//895 1120//1120 1119//1119
f 896//896 1120//1120 895//895
f 896//896 1121//1121 1120//1120
f 897//897 1121//1121 896//896
f 897//897 1122//1122 1121//1121
f 898//898 1122//1122 897//897
f 898//898 1123//1123 1122//1122
f 899//899 1123//1123 898//898
f 899//899 926//926 927//927
f 1124//1124 899//899 927//927
f 1123//1123 899//899 1124//1124
f 900//900 927//927 929//929
f 902//902 900//900 929//929
f 900//900 1124//1124 927//927
f 1125//1125 900//900 901//901
f 900//900 1125//1125 1124//1124
f 1137//1137 904//904 902//902
f 929//929 1137//1137 902//902
f 1137//1137 903//903 904//904
f 901//901 1137//1137 1125//1125
f 1137//1137 901//901 903//903
f 904//904 903//903 905//905
f 904//904 905//905 906//906
f 932//932 931//931 906//906
f 932//932 906//906 905//905
f 1128//1128 932//932 905//905
f 1126//1126 1128//1128 905//905
f 1130//1130 934//934 1128//1128
f 1128//1128 934//934 932//932
f 1142//1142 934//934 1130//1130
f 1133//1133 907//907 1149//1149
f 1149//1149 907//907 935//935
f 908//908 935//935 907//907
f 936//936 935//935 908//908
f 909//909 910//910 938//938
f 936//936 909//909 938//938
f 908//908 909//909 936//936
f 911//911 910//910 909//909
f 1150//1150 939//939 1135//1135
f 912//912 1136//1136 1135//1135
f 939//939 912//912 1135//1135
f 940//940 912//912 939//939
f 914//914 913//913 942//942
f 913//913 940//940 942//942
f 913//913 912//912 940//940
f 913//913 914//914 915//915
f 915//915 914//914 916//916
f 915//915 916//916 917//917
f 917//917 916//916 918//918
f 917//917 918//918 919//919
f 919//919 918//918 920//920
f 919//919 920//920 921//921
f 921//921 920//920 922//922
f 921//921 922//922 923//923
f 923//923 922//922 924//924
f 924//924 925//925 923//923
f 926//926 928//928 927//927
f 927//927 928//928 929//929
f 929//929 928//928 930//930
f 943//943 944//944 930//930
f 930//930 944//944 929//929
f 944//944 1139//1139 929//929
f 1139//1139 1137//1137 929//929
f 944//944 1151//1151 1139//1139
f 933//933 931//931 932//932
f 946//946 945//945 933//933
f 932//932 946//946 933//933
f 934//934 946//946 932//932
f 1144//1144 948//948 1142//1142
f 948//948 934//934 1142//1142
f 948//948 946//946 934//934
f 1156//1156 948//948 1144//1144
f 1148//1148 949//949 1162//1162
f 1149//1149 935//935 1148//1148
f 935//935 949//949 1148//1148
f 935//935 951//951 949//949
f 936//936 937//937 953//953
f 951//951 936//936 953//953
f 935//935 936//936 951//951
f 938//938 937//937 936//936
f 939//939 1150//1150 1163//1163
f 939//939 1163//1163 954//954
f 941//941 940//940 956//956
f 940//940 954//954 956//956
f 940//940 939//939 954//954
f 941//941 942//942 940//940
f 944//944 943//943 960//960
f 960//960 943//943 959//959
f 961//961 1153//1153 1151//1151
f 944//944 961//961 1151//1151
f 960//960 961//961 944//944
f 961//961 1168//1168 1153//1153
f 947//947 945//945 946//946
f 963//963 962//962 947//947
f 946//946 963//963 947//947
f 948//948 963//963 946//946
f 1158//1158 965//965 1156//1156
f 965//965 948//948 1156//1156
f 965//965 963//963 948//948
f 1171//1171 965//965 1158//1158
f 1161//1161 966//966 1177//1177
f 950//950 967//967 949//949
f 949//949 967//967 1162//1162
f 967//967 966//966 1162//1162
f 966//966 1161//1161 1162//1162
f 950//950 949//949 951//951
f 950//950 951//951 952//952
f 953//953 952//952 951//951
f 968//968 955//955 954//954
f 1163//1163 968//968 954//954
f 1178//1178 968//968 1163//1163
f 955//955 956//956 954//954
f 1181//1181 1164//1164 971//971
f 971//971 1164//1164 957//957
f 1165//1165 957//957 1164//1164
f 1165//1165 958//958 957//957
f 1166//1166 960//960 959//959
f 958//958 1166//1166 959//959
f 1165//1165 1166//1166 958//958
f 1167//1167 961//961 960//960
f 1167//1167 960//960 1166//1166
f 1167//1167 1168//1168 961//961
f 964//964 962//962 963//963
f 973//973 972//972 964//964
f 963//963 973//973 964//964
f 965//965 973//973 963//963
f 1173//1173 974//974 1171//1171
f 974//974 965//965 1171//1171
f 974//974 973//973 965//965
f 1183//1183 974//974 1173//1173
f 1176//1176 975//975 1187//1187
f 1177//1177 966//966 1176//1176
f 966//966 975//975 1176//1176
f 966//966 976//976 975//975
f 977//977 976//976 966//966
f 977//977 966//966 967//967
f 969//969 968//968 1178//1178
f 969//969 1178//1178 1179//1179
f 1180//1180 969//969 1179//1179
f 1180//1180 970//970 969//969
f 1180//1180 1188//1188 970//970
f 970//970 1188//1188 978//978
f 971//971 1190//1190 1181//1181
f 971//971 980//980 1190//1190
f 972//972 973//973 984//984
f 972//972 984//984 983//983
f 974//974 984//984 973//973
f 985//985 984//984 974//974
f 1194//1194 985//985 1183//1183
f 1183//1183 985//985 974//974
f 1187//1187 975//975 1199//1199
f 1199//1199 975//975 986//986
f 976//976 986//986 975//975
f 987//987 986//986 976//976
f 989//989 987//987 976//976
f 989//989 976//976 977//977
f 979//979 978//978 1188//1188
f 979//979 1188//1188 1189//1189
f 1189//1189 1208//1208 979//979
f 979//979 1208//1208 996//996
f 980//980 1209//1209 1190//1190
f 980//980 997//997 1209//1209
f 1002//1002 1001//1001 981//981
f 1191//1191 1215//1215 1002//1002
f 981//981 1191//1191 1002//1002
f 982//982 1191//1191 981//981
f 982//982 1003//1003 1004//1004
f 1192//1192 982//982 1004//1004
f 1191//1191 982//982 1192//1192
f 1006//1006 1193//1193 1192//1192
f 1006//1006 1192//1192 1004//1004
f 1193//1193 984//984 1008//1008
f 1216//1216 1193//1193 1008//1008
f 1193//1193 983//983 984//984
f 1007//1007 1193//1193 1006//1006
f 1193//1193 1007//1007 983//983
f 985//985 1008//1008 984//984
f 1010//1010 1008//1008 985//985
f 1219//1219 1010//1010 1194//1194
f 1194//1194 1010//1010 985//985
f 1198//1198 1011//1011 1226//1226
f 1199//1199 986//986 1198//1198
f 986//986 1011//1011 1198//1198
f 986//986 1012//1012 1011//1011
f 1014//1014 1015//1015 988//988
f 1229//1229 987//987 1200//1200
f 1229//1229 1012//1012 987//987
f 1012//1012 986//986 987//987
f 989//989 1201//1201 1200//1200
f 987//987 989//989 1200//1200
f 989//989 1016//1016 1201//1201
f 1015//1015 989//989 988//988
f 989//989 1015//1015 1016//1016
f 1201//1201 1016//1016 1017//1017
f 990//990 1201//1201 1017//1017
f 1202//1202 1201//1201 990//990
f 990//990 1203//1203 1202//1202
f 991//991 1203//1203 990//990
f 991//991 1204//1204 1203//1203
f 992//992 1204//1204 991//991
f 992//992 1205//1205 1204//1204
f 993//993 1205//1205 992//992
f 993//993 1206//1206 1205//1205
f 994//994 1206//1206 993//993
f 994//994 1207//1207 1206//1206
f 995//995 1207//1207 994//994
f 995//995 996//996 1207//1207
f 1207//1207 996//996 1208//1208
f 997//997 998//998 1209//1209
f 1209//1209 998//998 1210//1210
f 998//998 1211//1211 1210//1210
f 999//999 1211//1211 998//998
f 999//999 1212//1212 1211//1211
f 1000//1000 1212//1212 999//999
f 1002//1002 1214//1214 1001//1001
f 1214//1214 1000//1000 1001//1001
f 1214//1214 1212//1212 1000//1000
f 1215//1215 1214//1214 1002//1002
f 1003//1003 1005//1005 1004//1004
f 1018//1018 1019//1019 1005//1005
f 1019//1019 1004//1004 1005//1005
f 1019//1019 1006//1006 1004//1004
f 1009//1009 1230//1230 1216//1216
f 1008//1008 1009//1009 1216//1216
f 1009//1009 1019//1019 1230//1230
f 1006//1006 1009//1009 1007//1007
f 1009//1009 1006//1006 1019//1019
f 1021//1021 1020//1020 1009//1009
f 1008//1008 1021//1021 1009//1009
f 1010//1010 1021//1021 1008//1008
f 1221//1221 1023//1023 1219//1219
f 1023//1023 1010//1010 1219//1219
f 1023//1023 1021//1021 1010//1010
f 1234//1234 1023//1023 1221//1221
f 1225//1225 1024//1024 1238//1238
f 1226//1226 1011//1011 1225//1225
f 1011//1011 1024//1024 1225//1225
f 1011//1011 1025//1025 1024//1024
f 1012//1012 1013//1013 1026//1026
f 1025//1025 1012//1012 1026//1026
f 1011//1011 1012//1012 1025//1025
f 1013//1013 1028//1028 1015//1015
f 1014//1014 1013//1013 1015//1015
f 1013//1013 1244//1244 1028//1028
f 1229//1229 1013//1013 1012//1012
f 1013//1013 1229//1229 1244//1244
f 1028//1028 1016//1016 1015//1015
f 1028//1028 1030//1030 1016//1016
f 1030//1030 1032//1032 1016//1016
f 1016//1016 1032//1032 1017//1017
f 1019//1019 1018//1018 1034//1034
f 1034//1034 1018//1018 1033//1033
f 1035//1035 1232//1232 1230//1230
f 1019//1019 1035//1035 1230//1230
f 1034//1034 1035//1035 1019//1019
f 1035//1035 1245//1245 1232//1232
f 1021//1021 1022//1022 1020//1020
f 1037//1037 1036//1036 1022//1022
f 1021//1021 1037//1037 1022//1022
f 1023//1023 1037//1037 1021//1021
f 1248//1248 1037//1037 1234//1234
f 1234//1234 1037//1037 1023//1023
f 1024//1024 1239//1239 1238//1238
f 1025//1025 1241//1241 1024//1024
f 1024//1024 1241//1241 1239//1239
f 1026//1026 1027//1027 1025//1025
f 1027//1027 1241//1241 1025//1025
f 1027//1027 1243//1243 1241//1241
f 1244//1244 1243//1243 1028//1028
f 1243//1243 1029//1029 1028//1028
f 1243//1243 1027//1027 1029//1029
f 1028//1028 1029//1029 1030//1030
f 1030//1030 1029//1029 1031//1031
f 1031//1031 1032//1032 1030//1030
f 1034//1034 1033//1033 1039//1039
f 1039//1039 1033//1033 1038//1038
f 1039//1039 1035//1035 1034//1034
f 1039//1039 1041//1041 1035//1035
f 1041//1041 1252//1252 1245//1245
f 1041//1041 1245//1245 1035//1035
f 1036//1036 1037//1037 1045//1045
f 1036//1036 1045//1045 1044//1044
f 1250//1250 1046//1046 1248//1248
f 1046//1046 1037//1037 1248//1248
f 1046//1046 1045//1045 1037//1037
f 1258//1258 1046//1046 1250//1250
f 1038//1038 1040//1040 1039//1039
f 1039//1039 1040//1040 1041//1041
f 1041//1041 1040//1040 1042//1042
f 1041//1041 1042//1042 1252//1252
f 1042//1042 1254//1254 1252//1252
f 1042//1042 1043//1043 1254//1254
f 1045//1045 1256//1256 1044//1044
f 1256//1256 1043//1043 1044//1044
f 1256//1256 1254//1254 1043//1043
f 1046//1046 1257//1257 1045//1045
f 1045//1045 1257//1257 1256//1256
f 1258//1258 1257//1257 1046//1046
f 1261//1261 1057//1057 1294//1294
f 1262//1262 1059//1059 1261//1261
f 1261//1261 1059//1059 1057//1057
f 1263//1263 1061//1061 1262//1262
f 1262//1262 1061//1061 1059//1059
f 1264//1264 1063//1063 1263//1263
f 1263//1263 1063//1063 1061//1061
f 1265//1265 1065//1065 1264//1264
f 1264//1264 1065//1065 1063//1063
f 1266//1266 1067//1067 1265//1265
f 1265//1265 1067//1067 1065//1065
f 1267//1267 1069//1069 1266//1266
f 1266//1266 1069//1069 1067//1067
f 1069//1069 1267//1267 1071//1071
f 1267//1267 1047//1047 1071//1071
f 1267//1267 1268//1268 1047//1047
f 1269//1269 1047//1047 1268//1268
f 1269//1269 1048//1048 1047//1047
f 1270//1270 1048//1048 1269//1269
f 1270//1270 1049//1049 1048//1048
f 1271//1271 1049//1049 1270//1270
f 1271//1271 1050//1050 1049//1049
f 1272//1272 1050//1050 1271//1271
f 1272//1272 1051//1051 1050//1050
f 1072//1072 1051//1051 1073//1073
f 1051//1051 1273//1273 1073//1073
f 1051//1051 1272//1272 1273//1273
f 1274//1274 1075//1075 1273//1273
f 1273//1273 1075//1075 1073//1073
f 1275//1275 1077//1077 1274//1274
f 1274//1274 1077//1077 1075//1075
f 1276//1276 1079//1079 1275//1275
f 1275//1275 1079//1079 1077//1077
f 1277//1277 1081//1081 1276//1276
f 1276//1276 1081//1081 1079//1079
f 1278//1278 1083//1083 1277//1277
f 1277//1277 1083//1083 1081//1081
f 1279//1279 1085//1085 1278//1278
f 1278//1278 1085//1085 1083//1083
f 1280//1280 1087//1087 1279//1279
f 1279//1279 1087//1087 1085//1085
f 1281//1281 1089//1089 1280//1280
f 1280//1280 1089//1089 1087//1087
f 1295//1295 1089//1089 1281//1281
f 1282//1282 1095//1095 1310//1310
f 1283//1283 1097//1097 1282//1282
f 1282//1282 1097//1097 1095//1095
f 1097//1097 1283//1283 1099//1099
f 1283//1283 1052//1052 1099//1099
f 1283//1283 1285//1285 1052//1052
f 1287//1287 1052//1052 1285//1285
f 1287//1287 1053//1053 1052//1052
f 1289//1289 1053//1053 1287//1287
f 1289//1289 1054//1054 1053//1053
f 1291//1291 1054//1054 1289//1289
f 1291//1291 1055//1055 1054//1054
f 1293//1293 1055//1055 1291//1291
f 1293//1293 1056//1056 1055//1055
f 1293//1293 1294//1294 1057//1057
f 1058//1058 1293//1293 1057//1057
f 1056//1056 1293//1293 1058//1058
f 1058//1058 1057//1057 1059//1059
f 1058//1058 1059//1059 1060//1060
f 1060//1060 1059//1059 1061//1061
f 1060//1060 1061//1061 1062//1062
f 1062//1062 1061//1061 1063//1063
f 1062//1062 1063//1063 1064//1064
f 1064//1064 1063//1063 1065//1065
f 1064//1064 1065//1065 1066//1066
f 1066//1066 1065//1065 1067//1067
f 1066//1066 1067//1067 1068//1068
f 1068//1068 1067//1067 1069//1069
f 1068//1068 1069//1069 1070//1070
f 1071//1071 1070//1070 1069//1069
f 1074//1074 1072//1072 1073//1073
f 1074//1074 1073//1073 1075//1075
f 1074//1074 1075//1075 1076//1076
f 1076//1076 1075//1075 1077//1077
f 1076//1076 1077//1077 1078//1078
f 1078//1078 1077//1077 1079//1079
f 1078//1078 1079//1079 1080//1080
f 1080//1080 1079//1079 1081//1081
f 1080//1080 1081//1081 1082//1082
f 1082//1082 1081//1081 1083//1083
f 1082//1082 1083//1083 1084//1084
f 1084//1084 1083//1083 1085//1085
f 1084//1084 1085//1085 1086//1086
f 1086//1086 1085//1085 1087//1087
f 1086//1086 1087//1087 1088//1088
f 1088//1088 1087//1087 1089//1089
f 1088//1088 1089//1089 1090//1090
f 1090//1090 1089//1089 1295//1295
f 1297//1297 1090//1090 1295//1295
f 1091//1091 1090//1090 1297//1297
f 1299//1299 1091//1091 1297//1297
f 1299//1299 1092//1092 1091//1091
f 1301//1301 1092//1092 1299//1299
f 1301//1301 1093//1093 1092//1092
f 1126//1126 1093//1093 1127//1127
f 1093//1093 1302//1302 1127//1127
f 1093//1093 1301//1301 1302//1302
f 1303//1303 1129//1129 1302//1302
f 1302//1302 1129//1129 1127//1127
f 1341//1341 1129//1129 1303//1303
f 1305//1305 1131//1131 1348//1348
f 1307//1307 1132//1132 1305//1305
f 1305//1305 1132//1132 1131//1131
f 1132//1132 1307//1307 1133//1133
f 1307//1307 1094//1094 1133//1133
f 1307//1307 1309//1309 1094//1094
f 1309//1309 1310//1310 1095//1095
f 1096//1096 1309//1309 1095//1095
f 1094//1094 1309//1309 1096//1096
f 1096//1096 1095//1095 1097//1097
f 1096//1096 1097//1097 1098//1098
f 1099//1099 1098//1098 1097//1097
f 1349//1349 1134//1134 1311//1311
f 1311//1311 1134//1134 1136//1136
f 1100//1100 1311//1311 1136//1136
f 1312//1312 1311//1311 1100//1100
f 1100//1100 1313//1313 1312//1312
f 1101//1101 1313//1313 1100//1100
f 1101//1101 1314//1314 1313//1313
f 1102//1102 1314//1314 1101//1101
f 1102//1102 1315//1315 1314//1314
f 1103//1103 1315//1315 1102//1102
f 1103//1103 1316//1316 1315//1315
f 1104//1104 1316//1316 1103//1103
f 1104//1104 1317//1317 1316//1316
f 1105//1105 1317//1317 1104//1104
f 1105//1105 1318//1318 1317//1317
f 1106//1106 1318//1318 1105//1105
f 1106//1106 1319//1319 1318//1318
f 1107//1107 1319//1319 1106//1106
f 1107//1107 1320//1320 1319//1319
f 1108//1108 1320//1320 1107//1107
f 1108//1108 1321//1321 1320//1320
f 1109//1109 1321//1321 1108//1108
f 1109//1109 1322//1322 1321//1321
f 1110//1110 1322//1322 1109//1109
f 1110//1110 1323//1323 1322//1322
f 1111//1111 1323//1323 1110//1110
f 1111//1111 1324//1324 1323//1323
f 1112//1112 1324//1324 1111//1111
f 1112//1112 1325//1325 1324//1324
f 1113//1113 1325//1325 1112//1112
f 1113//1113 1326//1326 1325//1325
f 1114//1114 1326//1326 1113//1113
f 1114//1114 1327//1327 1326//1326
f 1115//1115 1327//1327 1114//1114
f 1115//1115 1328//1328 1327//1327
f 1116//1116 1328//1328 1115//1115
f 1116//1116 1329//1329 1328//1328
f 1117//1117 1329//1329 1116//1116
f 1117//1117 1330//1330 1329//1329
f 1118//1118 1330//1330 1117//1117
f 1118//1118 1331//1331 1330//1330
f 1119//1119 1331//1331 1118//1118
f 1119//1119 1332//1332 1331//1331
f 1120//1120 1332//1332 1119//1119
f 1120//1120 1333//1333 1332//1332
f 1121//1121 1333//1333 1120//1120
f 1121//1121 1334//1334 1333//1333
f 1122//1122 1334//1334 1121//1121
f 1122//1122 1335//1335 1334//1334
f 1123//1123 1335//1335 1122//1122
f 1123//1123 1336//1336 1335//1335
f 1124//1124 1336//1336 1123//1123
f 1124//1124 1337//1337 1336//1336
f 1125//1125 1337//1337 1124//1124
f 1125//1125 1137//1137 1138//1138
f 1338//1338 1125//1125 1138//1138
f 1337//1337 1125//1125 1338//1338
f 1140//1140 1339//1339 1338//1338
f 1140//1140 1338//1338 1138//1138
f 1126//1126 1140//1140 1141//1141
f 1128//1128 1126//1126 1141//1141
f 1126//1126 1339//1339 1140//1140
f 1340//1340 1126//1126 1127//1127
f 1126//1126 1340//1340 1339//1339
f 1350//1350 1130//1130 1128//1128
f 1141//1141 1350//1350 1128//1128
f 1350//1350 1129//1129 1130//1130
f 1127//1127 1350//1350 1340//1340
f 1350//1350 1127//1127 1129//1129
f 1143//1143 1142//1142 1130//1130
f 1143//1143 1130//1130 1129//1129
f 1343//1343 1143//1143 1129//1129
f 1341//1341 1343//1343 1129//1129
f 1345//1345 1145//1145 1343//1343
f 1343//1343 1145//1145 1143//1143
f 1354//1354 1145//1145 1345//1345
f 1348//1348 1131//1131 1360//1360
f 1360//1360 1131//1131 1146//1146
f 1132//1132 1146//1146 1131//1131
f 1147//1147 1146//1146 1132//1132
f 1149//1149 1147//1147 1132//1132
f 1149//1149 1132//1132 1133//1133
f 1150//1150 1135//1135 1134//1134
f 1349//1349 1150//1150 1134//1134
f 1361//1361 1150//1150 1349//1349
f 1135//1135 1136//1136 1134//1134
f 1137//1137 1139//1139 1138//1138
f 1151//1151 1152//1152 1139//1139
f 1152//1152 1138//1138 1139//1139
f 1152//1152 1140//1140 1138//1138
f 1152//1152 1141//1141 1140//1140
f 1152//1152 1154//1154 1141//1141
f 1155//1155 1352//1352 1350//1350
f 1141//1141 1155//1155 1350//1350
f 1154//1154 1155//1155 1141//1141
f 1155//1155 1362//1362 1352//1352
f 1143//1143 1144//1144 1142//1142
f 1157//1157 1156//1156 1144//1144
f 1143//1143 1157//1157 1144//1144
f 1145//1145 1157//1157 1143//1143
f 1364//1364 1157//1157 1354//1354
f 1354//1354 1157//1157 1145//1145
f 1359//1359 1159//1159 1371//1371
f 1360//1360 1146//1146 1359//1359
f 1146//1146 1159//1159 1359//1359
f 1146//1146 1160//1160 1159//1159
f 1147//1147 1148//1148 1162//1162
f 1160//1160 1147//1147 1162//1162
f 1146//1146 1147//1147 1160//1160
f 1149//1149 1148//1148 1147//1147
f 1372//1372 1150//1150 1361//1361
f 1163//1163 1150//1150 1372//1372
f 1151//1151 1153//1153 1152//1152
f 1168//1168 1169//1169 1153//1153
f 1169//1169 1152//1152 1153//1153
f 1169//1169 1154//1154 1152//1152
f 1169//1169 1155//1155 1154//1154
f 1169//1169 1170//1170 1155//1155
f 1170//1170 1378//1378 1362//1362
f 1170//1170 1362//1362 1155//1155
f 1158//1158 1156//1156 1157//1157
f 1172//1172 1171//1171 1158//1158
f 1172//1172 1158//1158 1157//1157
f 1366//1366 1172//1172 1157//1157
f 1364//1364 1366//1366 1157//1157
f 1381//1381 1172//1172 1366//1366
f 1370//1370 1174//1174 1387//1387
f 1371//1371 1159//1159 1370//1370
f 1159//1159 1174//1174 1370//1370
f 1159//1159 1175//1175 1174//1174
f 1160//1160 1161//1161 1177//1177
f 1175//1175 1160//1160 1177//1177
f 1159//1159 1160//1160 1175//1175
f 1162//1162 1161//1161 1160//1160
f 1388//1388 1163//1163 1372//1372
f 1178//1178 1163//1163 1388//1388
f 1181//1181 1182//1182 1164//1164
f 1392//1392 1373//1373 1182//1182
f 1373//1373 1164//1164 1182//1182
f 1373//1373 1165//1165 1164//1164
f 1374//1374 1165//1165 1373//1373
f 1374//1374 1166//1166 1165//1165
f 1375//1375 1166//1166 1374//1374
f 1375//1375 1167//1167 1166//1166
f 1376//1376 1169//1169 1168//1168
f 1167//1167 1376//1376 1168//1168
f 1375//1375 1376//1376 1167//1167
f 1377//1377 1170//1170 1169//1169
f 1377//1377 1169//1169 1376//1376
f 1377//1377 1378//1378 1170//1170
f 1173//1173 1171//1171 1172//1172
f 1184//1184 1183//1183 1173//1173
f 1184//1184 1173//1173 1172//1172
f 1383//1383 1184//1184 1172//1172
f 1381//1381 1383//1383 1172//1172
f 1393//1393 1184//1184 1383//1383
f 1386//1386 1185//1185 1397//1397
f 1387//1387 1174//1174 1386//1386
f 1174//1174 1185//1185 1386//1386
f 1174//1174 1186//1186 1185//1185
f 1175//1175 1176//1176 1187//1187
f 1186//1186 1175//1175 1187//1187
f 1174//1174 1175//1175 1186//1186
f 1177//1177 1176//1176 1175//1175
f 1179//1179 1178//1178 1388//1388
f 1179//1179 1388//1388 1389//1389
f 1390//1390 1179//1179 1389//1389
f 1390//1390 1180//1180 1179//1179
f 1390//1390 1398//1398 1180//1180
f 1180//1180 1398//1398 1188//1188
f 1182//1182 1181//1181 1391//1391
f 1181//1181 1400//1400 1391//1391
f 1181//1181 1190//1190 1400//1400
f 1391//1391 1392//1392 1182//1182
f 1183//1183 1184//1184 1195//1195
f 1183//1183 1195//1195 1194//1194
f 1408//1408 1195//1195 1393//1393
f 1393//1393 1195//1195 1184//1184
f 1397//1397 1185//1185 1415//1415
f 1415//1415 1185//1185 1196//1196
f 1186//1186 1196//1196 1185//1185
f 1197//1197 1196//1196 1186//1186
f 1199//1199 1197//1197 1186//1186
f 1199//1199 1186//1186 1187//1187
f 1189//1189 1188//1188 1398//1398
f 1189//1189 1398//1398 1399//1399
f 1399//1399 1426//1426 1189//1189
f 1189//1189 1426//1426 1208//1208
f 1190//1190 1427//1427 1400//1400
f 1190//1190 1209//1209 1427//1427
f 1213//1213 1402//1402 1431//1431
f 1402//1402 1213//1213 1215//1215
f 1191//1191 1402//1402 1215//1215
f 1403//1403 1402//1402 1191//1191
f 1191//1191 1404//1404 1403//1403
f 1192//1192 1404//1404 1191//1191
f 1192//1192 1405//1405 1404//1404
f 1193//1193 1405//1405 1192//1192
f 1193//1193 1216//1216 1217//1217
f 1406//1406 1193//1193 1217//1217
f 1405//1405 1193//1193 1406//1406
f 1218//1218 1407//1407 1406//1406
f 1218//1218 1406//1406 1217//1217
f 1407//1407 1195//1195 1220//1220
f 1432//1432 1407//1407 1220//1220
f 1407//1407 1194//1194 1195//1195
f 1219//1219 1407//1407 1218//1218
f 1407//1407 1219//1219 1194//1194
f 1410//1410 1222//1222 1408//1408
f 1222//1222 1195//1195 1408//1408
f 1222//1222 1220//1220 1195//1195
f 1434//1434 1222//1222 1410//1410
f 1414//1414 1223//1223 1439//1439
f 1415//1415 1196//1196 1414//1414
f 1196//1196 1223//1223 1414//1414
f 1196//1196 1224//1224 1223//1223
f 1226//1226 1227//1227 1198//1198
f 1441//1441 1197//1197 1416//1416
f 1441//1441 1224//1224 1197//1197
f 1224//1224 1196//1196 1197//1197
f 1199//1199 1417//1417 1416//1416
f 1197//1197 1199//1199 1416//1416
f 1199//1199 1228//1228 1417//1417
f 1227//1227 1199//1199 1198//1198
f 1199//1199 1227//1227 1228//1228
f 1417//1417 1228//1228 1229//1229
f 1200//1200 1417//1417 1229//1229
f 1418//1418 1417//1417 1200//1200
f 1200//1200 1419//1419 1418//1418
f 1201//1201 1419//1419 1200//1200
f 1201//1201 1420//1420 1419//1419
f 1202//1202 1420//1420 1201//1201
f 1202//1202 1421//1421 1420//1420
f 1203//1203 1421//1421 1202//1202
f 1203//1203 1422//1422 1421//1421
f 1204//1204 1422//1422 1203//1203
f 1204//1204 1423//1423 1422//1422
f 1205//1205 1423//1423 1204//1204
f 1205//1205 1424//1424 1423//1423
f 1206//1206 1424//1424 1205//1205
f 1206//1206 1425//1425 1424//1424
f 1207//1207 1425//1425 1206//1206
f 1207//1207 1208//1208 1425//1425
f 1425//1425 1208//1208 1426//1426
f 1209//1209 1210//1210 1427//1427
f 1427//1427 1210//1210 1428//1428
f 1210//1210 1429//1429 1428//1428
f 1211//1211 1429//1429 1210//1210
f 1211//1211 1430//1430 1429//1429
f 1212//1212 1430//1430 1211//1211
f 1431//1431 1430//1430 1213//1213
f 1430//1430 1214//1214 1213//1213
f 1430//1430 1212//1212 1214//1214
f 1214//1214 1215//1215 1213//1213
f 1217//1217 1216//1216 1231//1231
f 1231//1231 1216//1216 1230//1230
f 1231//1231 1218//1218 1217//1217
f 1231//1231 1233//1233 1218//1218
f 1221//1221 1442//1442 1432//1432
f 1220//1220 1221//1221 1432//1432
f 1221//1221 1233//1233 1442//1442
f 1218//1218 1221//1221 1219//1219
f 1221//1221 1218//1218 1233//1233
f 1235//1235 1234//1234 1221//1221
f 1220//1220 1235//1235 1221//1221
f 1222//1222 1235//1235 1220//1220
f 1445//1445 1235//1235 1434//1434
f 1434//1434 1235//1235 1222//1222
f 1438//1438 1236//1236 1450//1450
f 1439//1439 1223//1223 1438//1438
f 1223//1223 1236//1236 1438//1438
f 1223//1223 1237//1237 1236//1236
f 1224//1224 1225//1225 1238//1238
f 1237//1237 1224//1224 1238//1238
f 1223//1223 1224//1224 1237//1237
f 1225//1225 1240//1240 1227//1227
f 1226//1226 1225//1225 1227//1227
f 1225//1225 1456//1456 1240//1240
f 1441//1441 1225//1225 1224//1224
f 1225//1225 1441//1441 1456//1456
f 1240//1240 1228//1228 1227//1227
f 1240//1240 1242//1242 1228//1228
f 1242//1242 1244//1244 1228//1228
f 1228//1228 1244//1244 1229//1229
f 1230//1230 1232//1232 1231//1231
f 1245//1245 1246//1246 1232//1232
f 1246//1246 1231//1231 1232//1232
f 1246//1246 1233//1233 1231//1231
f 1247//1247 1444//1444 1442//1442
f 1233//1233 1247//1247 1442//1442
f 1246//1246 1247//1247 1233//1233
f 1444//1444 1235//1235 1249//1249
f 1457//1457 1444//1444 1249//1249
f 1444//1444 1234//1234 1235//1235
f 1248//1248 1444//1444 1247//1247
f 1444//1444 1248//1248 1234//1234
f 1447//1447 1251//1251 1445//1445
f 1251//1251 1235//1235 1445//1445
f 1251//1251 1249//1249 1235//1235
f 1458//1458 1251//1251 1447//1447
f 1236//1236 1451//1451 1450//1450
f 1237//1237 1453//1453 1236//1236
f 1236//1236 1453//1453 1451//1451
f 1238//1238 1239//1239 1237//1237
f 1239//1239 1453//1453 1237//1237
f 1239//1239 1455//1455 1453//1453
f 1456//1456 1455//1455 1240//1240
f 1455//1455 1241//1241 1240//1240
f 1455//1455 1239//1239 1241//1241
f 1240//1240 1241//1241 1242//1242
f 1242//1242 1241//1241 1243//1243
f 1243//1243 1244//1244 1242//1242
f 1246//1246 1245//1245 1253//1253
f 1253//1253 1245//1245 1252//1252
f 1253//1253 1247//1247 1246//1246
f 1253//1253 1255//1255 1247//1247
f 1250//1250 1461//1461 1457//1457
f 1249//1249 1250//1250 1457//1457
f 1250//1250 1255//1255 1461//1461
f 1247//1247 1250//1250 1248//1248
f 1250//1250 1247//1247 1255//1255
f 1259//1259 1258//1258 1250//1250
f 1249//1249 1259//1259 1250//1250
f 1251//1251 1259//1259 1249//1249
f 1460//1460 1260//1260 1458//1458
f 1260//1260 1251//1251 1458//1458
f 1260//1260 1259//1259 1251//1251
f 1465//1465 1260//1260 1460//1460
f 1252//1252 1254//1254 1253//1253
f 1253//1253 1254//1254 1255//1255
f 1255//1255 1254//1254 1256//1256
f 1255//1255 1256//1256 1461//1461
f 1256//1256 1462//1462 1461//1461
f 1256//1256 1257//1257 1462//1462
f 1259//1259 1463//1463 1258//1258
f 1463//1463 1257//1257 1258//1258
f 1463//1463 1462//1462 1257//1257
f 1260//1260 1464//1464 1259//1259
f 1259//1259 1464//1464 1463//1463
f 1465//1465 1464//1464 1260//1260
f 1467//1467 1284//1284 1505//1505
f 1468//1468 1286//1286 1467//1467
f 1467//1467 1286//1286 1284//1284
f 1469//1469 1288//1288 1468//1468
f 1468//1468 1288//1288 1286//1286
f 1470//1470 1290//1290 1469//1469
f 1469//1469 1290//1290 1288//1288
f 1471//1471 1292//1292 1470//1470
f 1470//1470 1292//1292 1290//1290
f 1292//1292 1471//1471 1294//1294
f 1471//1471 1261//1261 1294//1294
f 1471//1471 1472//1472 1261//1261
f 1473//1473 1261//1261 1472//1472
f 1473//1473 1262//1262 1261//1261
f 1474//1474 1262//1262 1473//1473
f 1474//1474 1263//1263 1262//1262
f 1475//1475 1263//1263 1474//1474
f 1475//1475 1264//1264 1263//1263
f 1476//1476 1264//1264 1475//1475
f 1476//1476 1265//1265 1264//1264
f 1477//1477 1265//1265 1476//1476
f 1477//1477 1266//1266 1265//1265
f 1478//1478 1266//1266 1477//1477
f 1478//1478 1267//1267 1266//1266
f 1479//1479 1267//1267 1478//1478
f 1479//1479 1268//1268 1267//1267
f 1480//1480 1268//1268 1479//1479
f 1480//1480 1269//1269 1268//1268
f 1481//1481 1269//1269 1480//1480
f 1481//1481 1270//1270 1269//1269
f 1482//1482 1270//1270 1481//1481
f 1482//1482 1271//1271 1270//1270
f 1483//1483 1271//1271 1482//1482
f 1483//1483 1272//1272 1271//1271
f 1484//1484 1272//1272 1483//1483
f 1484//1484 1273//1273 1272//1272
f 1485//1485 1273//1273 1484//1484
f 1485//1485 1274//1274 1273//1273
f 1486//1486 1274//1274 1485//1485
f 1486//1486 1275//1275 1274//1274
f 1487//1487 1275//1275 1486//1486
f 1487//1487 1276//1276 1275//1275
f 1488//1488 1276//1276 1487//1487
f 1488//1488 1277//1277 1276//1276
f 1489//1489 1277//1277 1488//1488
f 1489//1489 1278//1278 1277//1277
f 1490//1490 1278//1278 1489//1489
f 1490//1490 1279//1279 1278//1278
f 1491//1491 1279//1279 1490//1490
f 1491//1491 1280//1280 1279//1279
f 1492//1492 1280//1280 1491//1491
f 1492//1492 1281//1281 1280//1280
f 1295//1295 1281//1281 1296//1296
f 1281//1281 1493//1493 1296//1296
f 1281//1281 1492//1492 1493//1493
f 1494//1494 1298//1298 1493//1493
f 1493//1493 1298//1298 1296//1296
f 1495//1495 1300//1300 1494//1494
f 1494//1494 1300//1300 1298//1298
f 1506//1506 1300//1300 1495//1495
f 1496//1496 1304//1304 1519//1519
f 1498//1498 1306//1306 1496//1496
f 1496//1496 1306//1306 1304//1304
f 1500//1500 1308//1308 1498//1498
f 1498//1498 1308//1308 1306//1306
f 1308//1308 1500//1500 1310//1310
f 1500//1500 1282//1282 1310//1310
f 1500//1500 1502//1502 1282//1282
f 1504//1504 1282//1282 1502//1502
f 1504//1504 1283//1283 1282//1282
f 1504//1504 1505//1505 1284//1284
f 1285//1285 1504//1504 1284//1284
f 1283//1283 1504//1504 1285//1285
f 1285//1285 1284//1284 1286//1286
f 1285//1285 1286//1286 1287//1287
f 1287//1287 1286//1286 1288//1288
f 1287//1287 1288//1288 1289//1289
f 1289//1289 1288//1288 1290//1290
f 1289//1289 1290//1290 1291//1291
f 1291//1291 1290//1290 1292//1292
f 1291//1291 1292//1292 1293//1293
f 1294//1294 1293//1293 1292//1292
f 1297//1297 1295//1295 1296//1296
f 1297//1297 1296//1296 1298//1298
f 1297//1297 1298//1298 1299//1299
f 1299//1299 1298//1298 1300//1300
f 1299//1299 1300//1300 1301//1301
f 1301//1301 1300//1300 1506//1506
f 1508//1508 1301//1301 1506//1506
f 1302//1302 1301//1301 1508//1508
f 1510//1510 1302//1302 1508//1508
f 1510//1510 1303//1303 1302//1302
f 1341//1341 1303//1303 1342//1342
f 1303//1303 1512//1512 1342//1342
f 1303//1303 1510//1510 1512//1512
f 1513//1513 1344//1344 1512//1512
f 1512//1512 1344//1344 1342//1342
f 1552//1552 1344//1344 1513//1513
f 1516//1516 1346//1346 1560//1560
f 1518//1518 1347//1347 1516//1516
f 1516//1516 1347//1347 1346//1346
f 1305//1305 1348//1348 1304//1304
f 1304//1304 1348//1348 1519//1519
f 1348//1348 1347//1347 1519//1519
f 1347//1347 1518//1518 1519//1519
f 1305//1305 1304//1304 1306//1306
f 1305//1305 1306//1306 1307//1307
f 1307//1307 1306//1306 1308//1308
f 1307//1307 1308//1308 1309//1309
f 1310//1310 1309//1309 1308//1308
f 1520//1520 1561//1561 1349//1349
f 1520//1520 1349//1349 1311//1311
f 1311//1311 1521//1521 1520//1520
f 1312//1312 1521//1521 1311//1311
f 1312//1312 1522//1522 1521//1521
f 1313//1313 1522//1522 1312//1312
f 1313//1313 1523//1523 1522//1522
f 1314//1314 1523//1523 1313//1313
f 1314//1314 1524//1524 1523//1523
f 1315//1315 1524//1524 1314//1314
f 1315//1315 1525//1525 1524//1524
f 1316//1316 1525//1525 1315//1315
f 1316//1316 1526//1526 1525//1525
f 1317//1317 1526//1526 1316//1316
f 1317//1317 1527//1527 1526//1526
f 1318//1318 1527//1527 1317//1317
f 1318//1318 1528//1528 1527//1527
f 1319//1319 1528//1528 1318//1318
f 1319//1319 1529//1529 1528//1528
f 1320//1320 1529//1529 1319//1319
f 1320//1320 1530//1530 1529//1529
f 1321//1321 1530//1530 1320//1320
f 1321//1321 1531//1531 1530//1530
f 1322//1322 1531//1531 1321//1321
f 1322//1322 1532//1532 1531//1531
f 1323//1323 1532//1532 1322//1322
f 1323//1323 1533//1533 1532//1532
f 1324//1324 1533//1533 1323//1323
f 1324//1324 1534//1534 1533//1533
f 1325//1325 1534//1534 1324//1324
f 1325//1325 1535//1535 1534//1534
f 1326//1326 1535//1535 1325//1325
f 1326//1326 1536//1536 1535//1535
f 1327//1327 1536//1536 1326//1326
f 1327//1327 1537//1537 1536//1536
f 1328//1328 1537//1537 1327//1327
f 1328//1328 1538//1538 1537//1537
f 1329//1329 1538//1538 1328//1328
f 1329//1329 1539//1539 1538//1538
f 1330//1330 1539//1539 1329//1329
f 1330//1330 1540//1540 1539//1539
f 1331//1331 1540//1540 1330//1330
f 1331//1331 1541//1541 1540//1540
f 1332//1332 1541//1541 1331//1331
f 1332//1332 1542//1542 1541//1541
f 1333//1333 1542//1542 1332//1332
f 1333//1333 1543//1543 1542//1542
f 1334//1334 1543//1543 1333//1333
f 1334//1334 1544//1544 1543//1543
f 1335//1335 1544//1544 1334//1334
f 1335//1335 1545//1545 1544//1544
f 1336//1336 1545//1545 1335//1335
f 1336//1336 1546//1546 1545//1545
f 1337//1337 1546//1546 1336//1336
f 1337//1337 1547//1547 1546//1546
f 1338//1338 1547//1547 1337//1337
f 1338//1338 1548//1548 1547//1547
f 1339//1339 1548//1548 1338//1338
f 1339//1339 1549//1549 1548//1548
f 1340//1340 1549//1549 1339//1339
f 1340//1340 1350//1350 1351//1351
f 1550//1550 1340//1340 1351//1351
f 1549//1549 1340//1340 1550//1550
f 1341//1341 1351//1351 1353//1353
f 1343//1343 1341//1341 1353//1353
f 1341//1341 1550//1550 1351//1351
f 1551//1551 1341//1341 1342//1342
f 1341//1341 1551//1551 1550//1550
f 1562//1562 1345//1345 1343//1343
f 1353//1353 1562//1562 1343//1343
f 1562//1562 1344//1344 1345//1345
f 1342//1342 1562//1562 1551//1551
f 1562//1562 1342//1342 1344//1344
f 1355//1355 1354//1354 1345//1345
f 1355//1355 1345//1345 1344//1344
f 1554//1554 1355//1355 1344//1344
f 1552//1552 1554//1554 1344//1344
f 1564//1564 1355//1355 1554//1554
f 1559//1559 1356//1356 1570//1570
f 1560//1560 1346//1346 1559//1559
f 1346//1346 1356//1356 1559//1559
f 1346//1346 1357//1357 1356//1356
f 1347//1347 1357//1357 1346//1346
f 1358//1358 1357//1357 1347//1347
f 1360//1360 1358//1358 1347//1347
f 1360//1360 1347//1347 1348//1348
f 1571//1571 1349//1349 1561//1561
f 1361//1361 1349//1349 1571//1571
f 1350//1350 1352//1352 1351//1351
f 1362//1362 1363//1363 1352//1352
f 1363//1363 1351//1351 1352//1352
f 1363//1363 1353//1353 1351//1351
f 1363//1363 1572//1572 1562//1562
f 1363//1363 1562//1562 1353//1353
f 1354//1354 1355//1355 1365//1365
f 1354//1354 1365//1365 1364//1364
f 1566//1566 1367//1367 1564//1564
f 1367//1367 1355//1355 1564//1564
f 1367//1367 1365//1365 1355//1355
f 1576//1576 1367//1367 1566//1566
f 1570//1570 1356//1356 1581//1581
f 1581//1581 1356//1356 1368//1368
f 1357//1357 1368//1368 1356//1356
f 1369//1369 1368//1368 1357//1357
f 1358//1358 1359//1359 1371//1371
f 1369//1369 1358//1358 1371//1371
f 1357//1357 1358//1358 1369//1369
f 1360//1360 1359//1359 1358//1358
f 1582//1582 1361//1361 1571//1571
f 1372//1372 1361//1361 1582//1582
f 1363//1363 1362//1362 1379//1379
f 1379//1379 1362//1362 1378//1378
f 1380//1380 1574//1574 1572//1572
f 1363//1363 1380//1380 1572//1572
f 1379//1379 1380//1380 1363//1363
f 1380//1380 1590//1590 1574//1574
f 1365//1365 1366//1366 1364//1364
f 1382//1382 1381//1381 1366//1366
f 1365//1365 1382//1382 1366//1366
f 1367//1367 1382//1382 1365//1365
f 1592//1592 1382//1382 1576//1576
f 1576//1576 1382//1382 1367//1367
f 1580//1580 1384//1384 1599//1599
f 1581//1581 1368//1368 1580//1580
f 1368//1368 1384//1384 1580//1580
f 1368//1368 1385//1385 1384//1384
f 1369//1369 1370//1370 1387//1387
f 1385//1385 1369//1369 1387//1387
f 1368//1368 1369//1369 1385//1385
f 1371//1371 1370//1370 1369//1369
f 1600//1600 1372//1372 1582//1582
f 1388//1388 1372//1372 1600//1600
f 1603//1603 1583//1583 1392//1392
f 1392//1392 1583//1583 1373//1373
f 1584//1584 1373//1373 1583//1583
f 1584//1584 1374//1374 1373//1373
f 1585//1585 1374//1374 1584//1584
f 1585//1585 1375//1375 1374//1374
f 1586//1586 1375//1375 1585//1585
f 1586//1586 1376//1376 1375//1375
f 1587//1587 1376//1376 1586//1586
f 1587//1587 1377//1377 1376//1376
f 1588//1588 1379//1379 1378//1378
f 1377//1377 1588//1588 1378//1378
f 1587//1587 1588//1588 1377//1377
f 1589//1589 1380//1380 1379//1379
f 1589//1589 1379//1379 1588//1588
f 1589//1589 1590//1590 1380//1380
f 1383//1383 1381//1381 1382//1382
f 1394//1394 1393//1393 1383//1383
f 1394//1394 1383//1383 1382//1382
f 1594//1594 1394//1394 1382//1382
f 1592//1592 1594//1594 1382//1382
f 1604//1604 1394//1394 1594//1594
f 1598//1598 1395//1395 1609//1609
f 1599//1599 1384//1384 1598//1598
f 1384//1384 1395//1395 1598//1598
f 1384//1384 1396//1396 1395//1395
f 1385//1385 1386//1386 1397//1397
f 1396//1396 1385//1385 1397//1397
f 1384//1384 1385//1385 1396//1396
f 1387//1387 1386//1386 1385//1385
f 1389//1389 1388//1388 1600//1600
f 1389//1389 1600//1600 1601//1601
f 1602//1602 1389//1389 1601//1601
f 1602//1602 1390//1390 1389//1389
f 1602//1602 1611//1611 1390//1390
f 1390//1390 1611//1611 1398//1398
f 1400//1400 1401//1401 1391//1391
f 1392//1392 1391//1391 1401//1401
f 1614//1614 1392//1392 1401//1401
f 1603//1603 1392//1392 1614//1614
f 1393//1393 1394//1394 1409//1409
f 1393//1393 1409//1409 1408//1408
f 1606//1606 1411//1411 1604//1604
f 1411//1411 1394//1394 1604//1604
f 1411//1411 1409//1409 1394//1394
f 1622//1622 1411//1411 1606//1606
f 1609//1609 1395//1395 1627//1627
f 1627//1627 1395//1395 1412//1412
f 1396//1396 1412//1412 1395//1395
f 1413//1413 1412//1412 1396//1396
f 1415//1415 1413//1413 1396//1396
f 1415//1415 1396//1396 1397//1397
f 1399//1399 1398//1398 1611//1611
f 1399//1399 1611//1611 1612//1612
f 1612//1612 1639//1639 1399//1399
f 1399//1399 1639//1639 1426//1426
f 1401//1401 1400//1400 1613//1613
f 1400//1400 1640//1640 1613//1613
f 1400//1400 1427//1427 1640//1640
f 1613//1613 1614//1614 1401//1401
f 1615//1615 1644//1644 1431//1431
f 1615//1615 1431//1431 1402//1402
f 1402//1402 1616//1616 1615//1615
f 1403//1403 1616//1616 1402//1402
f 1403//1403 1617//1617 1616//1616
f 1404//1404 1617//1617 1403//1403
f 1404//1404 1618//1618 1617//1617
f 1405//1405 1618//1618 1404//1404
f 1405//1405 1619//1619 1618//1618
f 1406//1406 1619//1619 1405//1405
f 1406//1406 1620//1620 1619//1619
f 1407//1407 1620//1620 1406//1406
f 1407//1407 1432//1432 1433//1433
f 1621//1621 1407//1407 1433//1433
f 1620//1620 1407//1407 1621//1621
f 1433//1433 1645//1645 1621//1621
f 1409//1409 1410//1410 1408//1408
f 1435//1435 1434//1434 1410//1410
f 1409//1409 1435//1435 1410//1410
f 1411//1411 1435//1435 1409//1409
f 1646//1646 1435//1435 1622//1622
f 1622//1622 1435//1435 1411//1411
f 1626//1626 1436//1436 1650//1650
f 1627//1627 1412//1412 1626//1626
f 1412//1412 1436//1436 1626//1626
f 1412//1412 1437//1437 1436//1436
f 1413//1413 1414//1414 1439//1439
f 1437//1437 1413//1413 1439//1439
f 1412//1412 1413//1413 1437//1437
f 1415//1415 1414//1414 1413//1413
f 1654//1654 1440//1440 1628//1628
f 1628//1628 1440//1440 1441//1441
f 1416//1416 1628//1628 1441//1441
f 1629//1629 1628//1628 1416//1416
f 1416//1416 1630//1630 1629//1629
f 1417//1417 1630//1630 1416//1416
f 1417//1417 1631//1631 1630//1630
f 1418//1418 1631//1631 1417//1417
f 1418//1418 1632//1632 1631//1631
f 1419//1419 1632//1632 1418//1418
f 1419//1419 1633//1633 1632//1632
f 1420//1420 1633//1633 1419//1419
f 1420//1420 1634//1634 1633//1633
f 1421//1421 1634//1634 1420//1420
f 1421//1421 1635//1635 1634//1634
f 1422//1422 1635//1635 1421//1421
f 1422//1422 1636//1636 1635//1635
f 1423//1423 1636//1636 1422//1422
f 1423//1423 1637//1637 1636//1636
f 1424//1424 1637//1637 1423//1423
f 1424//1424 1638//1638 1637//1637
f 1425//1425 1638//1638 1424//1424
f 1425//1425 1426//1426 1638//1638
f 1638//1638 1426//1426 1639//1639
f 1427//1427 1428//1428 1640//1640
f 1640//1640 1428//1428 1641//1641
f 1428//1428 1642//1642 1641//1641
f 1429//1429 1642//1642 1428//1428
f 1429//1429 1643//1643 1642//1642
f 1430//1430 1643//1643 1429//1429
f 1430//1430 1431//1431 1643//1643
f 1643//1643 1431//1431 1644//1644
f 1433//1433 1432//1432 1443//1443
f 1443//1443 1432//1432 1442//1442
f 1443//1443 1655//1655 1645//1645
f 1443//1443 1645//1645 1433//1433
f 1434//1434 1435//1435 1446//1446
f 1434//1434 1446//1446 1445//1445
f 1656//1656 1446//1446 1646//1646
f 1646//1646 1446//1446 1435//1435
f 1649//1649 1448//1448 1661//1661
f 1650//1650 1436//1436 1649//1649
f 1436//1436 1448//1448 1649//1649
f 1436//1436 1449//1449 1448//1448
f 1437//1437 1438//1438 1450//1450
f 1449//1449 1437//1437 1450//1450
f 1436//1436 1437//1437 1449//1449
f 1439//1439 1438//1438 1437//1437
f 1666//1666 1452//1452 1653//1653
f 1440//1440 1654//1654 1653//1653
f 1452//1452 1440//1440 1653//1653
f 1454//1454 1440//1440 1452//1452
f 1454//1454 1456//1456 1440//1440
f 1440//1440 1456//1456 1441//1441
f 1442//1442 1444//1444 1443//1443
f 1655//1655 1443//1443 1444//1444
f 1457//1457 1655//1655 1444//1444
f 1667//1667 1655//1655 1457//1457
f 1447//1447 1445//1445 1446//1446
f 1459//1459 1458//1458 1447//1447
f 1459//1459 1447//1447 1446//1446
f 1658//1658 1459//1459 1446//1446
f 1656//1656 1658//1658 1446//1446
f 1668//1668 1459//1459 1658//1658
f 1448//1448 1662//1662 1661//1661
f 1449//1449 1663//1663 1448//1448
f 1448//1448 1663//1663 1662//1662
f 1450//1450 1451//1451 1449//1449
f 1451//1451 1663//1663 1449//1449
f 1451//1451 1665//1665 1663//1663
f 1666//1666 1665//1665 1452//1452
f 1665//1665 1453//1453 1452//1452
f 1665//1665 1451//1451 1453//1453
f 1452//1452 1453//1453 1454//1454
f 1454//1454 1453//1453 1455//1455
f 1455//1455 1456//1456 1454//1454
f 1457//1457 1671//1671 1667//1667
f 1457//1457 1461//1461 1671//1671
f 1460//1460 1458//1458 1459//1459
f 1466//1466 1465//1465 1460//1460
f 1466//1466 1460//1460 1459//1459
f 1670//1670 1466//1466 1459//1459
f 1668//1668 1670//1670 1459//1459
f 1676//1676 1466//1466 1670//1670
f 1461//1461 1462//1462 1671//1671
f 1671//1671 1462//1462 1672//1672
f 1462//1462 1673//1673 1672//1672
f 1463//1463 1673//1673 1462//1462
f 1463//1463 1674//1674 1673//1673
f 1464//1464 1674//1674 1463//1463
f 1466//1466 1675//1675 1465//1465
f 1675//1675 1464//1464 1465//1465
f 1675//1675 1674//1674 1464//1464
f 1676//1676 1675//1675 1466//1466
f 1680//1680 1497//1497 1725//1725
f 1681//1681 1499//1499 1680//1680
f 1680//1680 1499//1499 1497//1497
f 1682//1682 1501//1501 1681//1681
f 1681//1681 1501//1501 1499//1499
f 1683//1683 1503//1503 1682//1682
f 1682//1682 1503//1503 1501//1501
f 1503//1503 1683//1683 1505//1505
f 1683//1683 1467//1467 1505//1505
f 1683//1683 1684//1684 1467//1467
f 1685//1685 1467//1467 1684//1684
f 1685//1685 1468//1468 1467//1467
f 1686//1686 1468//1468 1685//1685
f 1686//1686 1469//1469 1468//1468
f 1687//1687 1469//1469 1686//1686
f 1687//1687 1470//1470 1469//1469
f 1688//1688 1470//1470 1687//1687
f 1688//1688 1471//1471 1470//1470
f 1689//1689 1471//1471 1688//1688
f 1689//1689 1472//1472 1471//1471
f 1690//1690 1472//1472 1689//1689
f 1690//1690 1473//1473 1472//1472
f 1691//1691 1473//1473 1690//1690
f 1691//1691 1474//1474 1473//1473
f 1692//1692 1474//1474 1691//1691
f 1692//1692 1475//1475 1474//1474
f 1693//1693 1475//1475 1692//1692
f 1693//1693 1476//1476 1475//1475
f 1694//1694 1476//1476 1693//1693
f 1694//1694 1477//1477 1476//1476
f 1695//1695 1477//1477 1694//1694
f 1695//1695 1478//1478 1477//1477
f 1696//1696 1478//1478 1695//1695
f 1696//1696 1479//1479 1478//1478
f 1697//1697 1479//1479 1696//1696
f 1697//1697 1480//1480 1479//1479
f 1698//1698 1480//1480 1697//1697
f 1698//1698 1481//1481 1480//1480
f 1699//1699 1481//1481 1698//1698
f 1699//1699 1482//1482 1481//1481
f 1700//1700 1482//1482 1699//1699
f 1700//1700 1483//1483 1482//1482
f 1701//1701 1483//1483 1700//1700
f 1701//1701 1484//1484 1483//1483
f 1702//1702 1484//1484 1701//1701
f 1702//1702 1485//1485 1484//1484
f 1703//1703 1485//1485 1702//1702
f 1703//1703 1486//1486 1485//1485
f 1704//1704 1486//1486 1703//1703
f 1704//1704 1487//1487 1486//1486
f 1705//1705 1487//1487 1704//1704
f 1705//1705 1488//1488 1487//1487
f 1706//1706 1488//1488 1705//1705
f 1706//1706 1489//1489 1488//1488
f 1707//1707 1489//1489 1706//1706
f 1707//1707 1490//1490 1489//1489
f 1708//1708 1490//1490 1707//1707
f 1708//1708 1491//1491 1490//1490
f 1709//1709 1491//1491 1708//1708
f 1709//1709 1492//1492 1491//1491
f 1710//1710 1492//1492 1709//1709
f 1710//1710 1493//1493 1492//1492
f 1711//1711 1493//1493 1710//1710
f 1711//1711 1494//1494 1493//1493
f 1712//1712 1494//1494 1711//1711
f 1712//1712 1495//1495 1494//1494
f 1506//1506 1495//1495 1507//1507
f 1495//1495 1713//1713 1507//1507
f 1495//1495 1712//1712 1713//1713
f 1714//1714 1509//1509 1713//1713
f 1713//1713 1509//1509 1507//1507
f 1715//1715 1511//1511 1714//1714
f 1714//1714 1511//1511 1509//1509
f 1726//1726 1511//1511 1715//1715
f 1718//1718 1514//1514 1738//1738
f 1720//1720 1515//1515 1718//1718
f 1718//1718 1515//1515 1514//1514
f 1722//1722 1517//1517 1720//1720
f 1720//1720 1517//1517 1515//1515
f 1517//1517 1722//1722 1519//1519
f 1722//1722 1496//1496 1519//1519
f 1722//1722 1724//1724 1496//1496
f 1724//1724 1725//1725 1497//1497
f 1498//1498 1724//1724 1497//1497
f 1496//1496 1724//1724 1498//1498
f 1498//1498 1497//1497 1499//1499
f 1498//1498 1499//1499 1500//1500
f 1500//1500 1499//1499 1501//1501
f 1500//1500 1501//1501 1502//1502
f 1502//1502 1501//1501 1503//1503
f 1502//1502 1503//1503 1504//1504
f 1505//1505 1504//1504 1503//1503
f 1508//1508 1506//1506 1507//1507
f 1508//1508 1507//1507 1509//1509
f 1508//1508 1509//1509 1510//1510
f 1510//1510 1509//1509 1511//1511
f 1510//1510 1511//1511 1512//1512
f 1512//1512 1511//1511 1726//1726
f 1728//1728 1512//1512 1726//1726
f 1513//1513 1512//1512 1728//1728
f 1552//1552 1513//1513 1553//1553
f 1513//1513 1730//1730 1553//1553
f 1513//1513 1728//1728 1730//1730
f 1732//1732 1555//1555 1730//1730
f 1730//1730 1555//1555 1553//1553
f 1773//1773 1555//1555 1732//1732
f 1735//1735 1556//1556 1779//1779
f 1737//1737 1557//1557 1735//1735
f 1735//1735 1557//1557 1556//1556
f 1738//1738 1514//1514 1737//1737
f 1514//1514 1557//1557 1737//1737
f 1514//1514 1558//1558 1557//1557
f 1515//1515 1516//1516 1560//1560
f 1558//1558 1515//1515 1560//1560
f 1514//1514 1515//1515 1558//1558
f 1516//1516 1515//1515 1517//1517
f 1516//1516 1517//1517 1518//1518
f 1519//1519 1518//1518 1517//1517
f 1739//1739 1780//1780 1561//1561
f 1739//1739 1561//1561 1520//1520
f 1520//1520 1740//1740 1739//1739
f 1521//1521 1740//1740 1520//1520
f 1521//1521 1741//1741 1740//1740
f 1522//1522 1741//1741 1521//1521
f 1522//1522 1742//1742 1741//1741
f 1523//1523 1742//1742 1522//1522
f 1523//1523 1743//1743 1742//1742
f 1524//1524 1743//1743 1523//1523
f 1524//1524 1744//1744 1743//1743
f 1525//1525 1744//1744 1524//1524
f 1525//1525 1745//1745 1744//1744
f 1526//1526 1745//1745 1525//1525
f 1526//1526 1746//1746 1745//1745
f 1527//1527 1746//1746 1526//1526
f 1527//1527 1747//1747 1746//1746
f 1528//1528 1747//1747 1527//1527
f 1528//1528 1748//1748 1747//1747
f 1529//1529 1748//1748 1528//1528
f 1529//1529 1749//1749 1748//1748
f 1530//1530 1749//1749 1529//1529
f 1530//1530 1750//1750 1749//1749
f 1531//1531 1750//1750 1530//1530
f 1531//1531 1751//1751 1750//1750
f 1532//1532 1751//1751 1531//1531
f 1532//1532 1752//1752 1751//1751
f 1533//1533 1752//1752 1532//1532
f 1533//1533 1753//1753 1752//1752
f 1534//1534 1753//1753 1533//1533
f 1534//1534 1754//1754 1753//1753
f 1535//1535 1754//1754 1534//1534
f 1535//1535 1755//1755 1754//1754
f 1536//1536 1755//1755 1535//1535
f 1536//1536 1756//1756 1755//1755
f 1537//1537 1756//1756 1536//1536
f 1537//1537 1757//1757 1756//1756
f 1538//1538 1757//1757 1537//1537
f 1538//1538 1758//1758 1757//1757
f 1539//1539 1758//1758 1538//1538
f 1539//1539 1759//1759 1758//1758
f 1540//1540 1759//1759 1539//1539
f 1540//1540 1760//1760 1759//1759
f 1541//1541 1760//1760 1540//1540
f 1541//1541 1761//1761 1760//1760
f 1542//1542 1761//1761 1541//1541
f 1542//1542 1762//1762 1761//1761
f 1543//1543 1762//1762 1542//1542
f 1543//1543 1763//1763 1762//1762
f 1544//1544 1763//1763 1543//1543
f 1544//1544 1764//1764 1763//1763
f 1545//1545 1764//1764 1544//1544
f 1545//1545 1765//1765 1764//1764
f 1546//1546 1765//1765 1545//1545
f 1546//1546 1766//1766 1765//1765
f 1547//1547 1766//1766 1546//1546
f 1547//1547 1767//1767 1766//1766
f 1548//1548 1767//1767 1547//1547
f 1548//1548 1768//1768 1767//1767
f 1549//1549 1768//1768 1548//1548
f 1549//1549 1769//1769 1768//1768
f 1550//1550 1769//1769 1549//1549
f 1550//1550 1771//1771 1769//1769
f 1551//1551 1771//1771 1550//1550
f 1551//1551 1562//1562 1563//1563
f 1772//1772 1551//1551 1563//1563
f 1771//1771 1551//1551 1772//1772
f 1563//1563 1781//1781 1772//1772
f 1553//1553 1554//1554 1552//1552
f 1565//1565 1564//1564 1554//1554
f 1553//1553 1565//1565 1554//1554
f 1555//1555 1565//1565 1553//1553
f 1775//1775 1567//1567 1773//1773
f 1567//1567 1555//1555 1773//1773
f 1567//1567 1565//1565 1555//1555
f 1783//1783 1567//1567 1775//1775
f 1779//1779 1556//1556 1788//1788
f 1788//1788 1556//1556 1568//1568
f 1557//1557 1568//1568 1556//1556
f 1569//1569 1568//1568 1557//1557
f 1558//1558 1559//1559 1570//1570
f 1569//1569 1558//1558 1570//1570
f 1557//1557 1558//1558 1569//1569
f 1560//1560 1559//1559 1558//1558
f 1789//1789 1561//1561 1780//1780
f 1571//1571 1561//1561 1789//1789
f 1563//1563 1562//1562 1573//1573
f 1573//1573 1562//1562 1572//1572
f 1575//1575 1782//1782 1781//1781
f 1563//1563 1575//1575 1781//1781
f 1573//1573 1575//1575 1563//1563
f 1575//1575 1790//1790 1782//1782
f 1565//1565 1566//1566 1564//1564
f 1577//1577 1576//1576 1566//1566
f 1565//1565 1577//1577 1566//1566
f 1567//1567 1577//1577 1565//1565
f 1792//1792 1577//1577 1783//1783
f 1783//1783 1577//1577 1567//1567
f 1788//1788 1568//1568 1799//1799
f 1799//1799 1568//1568 1578//1578
f 1569//1569 1578//1578 1568//1568
f 1579//1579 1578//1578 1569//1569
f 1581//1581 1579//1579 1569//1569
f 1581//1581 1569//1569 1570//1570
f 1800//1800 1571//1571 1789//1789
f 1582//1582 1571//1571 1800//1800
f 1572//1572 1574//1574 1573//1573
f 1590//1590 1591//1591 1574//1574
f 1591//1591 1573//1573 1574//1574
f 1591//1591 1575//1575 1573//1573
f 1591//1591 1810//1810 1790//1790
f 1591//1591 1790//1790 1575//1575
f 1576//1576 1577//1577 1593//1593
f 1576//1576 1593//1593 1592//1592
f 1794//1794 1595//1595 1792//1792
f 1595//1595 1577//1577 1792//1792
f 1595//1595 1593//1593 1577//1577
f 1812//1812 1595//1595 1794//1794
f 1798//1798 1596//1596 1818//1818
f 1799//1799 1578//1578 1798//1798
f 1578//1578 1596//1596 1798//1798
f 1578//1578 1597//1597 1596//1596
f 1579//1579 1580//1580 1599//1599
f 1597//1597 1579//1579 1599//1599
f 1578//1578 1579//1579 1597//1597
f 1581//1581 1580//1580 1579//1579
f 1819//1819 1582//1582 1800//1800
f 1600//1600 1582//1582 1819//1819
f 1823//1823 1802//1802 1603//1603
f 1603//1603 1802//1802 1583//1583
f 1803//1803 1583//1583 1802//1802
f 1803//1803 1584//1584 1583//1583
f 1804//1804 1584//1584 1803//1803
f 1804//1804 1585//1585 1584//1584
f 1805//1805 1585//1585 1804//1804
f 1805//1805 1586//1586 1585//1585
f 1806//1806 1586//1586 1805//1805
f 1806//1806 1587//1587 1586//1586
f 1807//1807 1587//1587 1806//1806
f 1807//1807 1588//1588 1587//1587
f 1808//1808 1588//1588 1807//1807
f 1808//1808 1589//1589 1588//1588
f 1809//1809 1591//1591 1590//1590
f 1589//1589 1809//1809 1590//1590
f 1808//1808 1809//1809 1589//1589
f 1809//1809 1810//1810 1591//1591
f 1594//1594 1592//1592 1593//1593
f 1605//1605 1604//1604 1594//1594
f 1593//1593 1605//1605 1594//1594
f 1595//1595 1605//1605 1593//1593
f 1814//1814 1607//1607 1812//1812
f 1607//1607 1595//1595 1812//1812
f 1607//1607 1605//1605 1595//1595
f 1824//1824 1607//1607 1814//1814
f 1818//1818 1596//1596 1829//1829
f 1829//1829 1596//1596 1608//1608
f 1597//1597 1598//1598 1609//1609
f 1608//1608 1597//1597 1609//1609
f 1596//1596 1597//1597 1608//1608
f 1599//1599 1598//1598 1597//1597
f 1601//1601 1600//1600 1819//1819
f 1601//1601 1819//1819 1821//1821
f 1610//1610 1602//1602 1830//1830
f 1602//1602 1821//1821 1830//1830
f 1602//1602 1601//1601 1821//1821
f 1610//1610 1611//1611 1602//1602
f 1603//1603 1834//1834 1823//1823
f 1603//1603 1614//1614 1834//1834
f 1606//1606 1604//1604 1605//1605
f 1623//1623 1622//1622 1606//1606
f 1605//1605 1623//1623 1606//1606
f 1607//1607 1623//1623 1605//1605
f 1842//1842 1623//1623 1824//1824
f 1824//1824 1623//1623 1607//1607
f 1828//1828 1624//1624 1846//1846
f 1829//1829 1608//1608 1828//1828
f 1608//1608 1624//1624 1828//1828
f 1608//1608 1625//1625 1624//1624
f 1627//1627 1625//1625 1608//1608
f 1627//1627 1608//1608 1609//1609
f 1831//1831 1610//1610 1830//1830
f 1612//1612 1611//1611 1610//1610
f 1831//1831 1612//1612 1610//1610
f 1832//1832 1612//1612 1831//1831
f 1832//1832 1860//1860 1612//1612
f 1612//1612 1860//1860 1639//1639
f 1861//1861 1833//1833 1640//1640
f 1640//1640 1833//1833 1613//1613
f 1614//1614 1613//1613 1833//1833
f 1614//1614 1833//1833 1834//1834
f 1835//1835 1865//1865 1644//1644
f 1835//1835 1644//1644 1615//1615
f 1615//1615 1836//1836 1835//1835
f 1616//1616 1836//1836 1615//1615
f 1616//1616 1837//1837 1836//1836
f 1617//1617 1837//1837 1616//1616
f 1617//1617 1838//1838 1837//1837
f 1618//1618 1838//1838 1617//1617
f 1618//1618 1839//1839 1838//1838
f 1619//1619 1839//1839 1618//1618
f 1619//1619 1840//1840 1839//1839
f 1620//1620 1840//1840 1619//1619
f 1620//1620 1841//1841 1840//1840
f 1621//1621 1841//1841 1620//1620
f 1866//1866 1841//1841 1621//1621
f 1866//1866 1621//1621 1645//1645
f 1622//1622 1623//1623 1647//1647
f 1622//1622 1647//1647 1646//1646
f 1867//1867 1647//1647 1842//1842
f 1842//1842 1647//1647 1623//1623
f 1846//1846 1624//1624 1874//1874
f 1874//1874 1624//1624 1648//1648
f 1625//1625 1626//1626 1650//1650
f 1648//1648 1625//1625 1650//1650
f 1624//1624 1625//1625 1648//1648
f 1627//1627 1626//1626 1625//1625
f 1875//1875 1651//1651 1847//1847
f 1652//1652 1848//1848 1847//1847
f 1652//1652 1847//1847 1651//1651
f 1848//1848 1652//1652 1654//1654
f 1628//1628 1848//1848 1654//1654
f 1849//1849 1848//1848 1628//1628
f 1628//1628 1850//1850 1849//1849
f 1629//1629 1850//1850 1628//1628
f 1629//1629 1851//1851 1850//1850
f 1630//1630 1851//1851 1629//1629
f 1630//1630 1852//1852 1851//1851
f 1631//1631 1852//1852 1630//1630
f 1631//1631 1853//1853 1852//1852
f 1632//1632 1853//1853 1631//1631
f 1632//1632 1854//1854 1853//1853
f 1633//1633 1854//1854 1632//1632
f 1633//1633 1855//1855 1854//1854
f 1634//1634 1855//1855 1633//1633
f 1634//1634 1856//1856 1855//1855
f 1635//1635 1856//1856 1634//1634
f 1635//1635 1857//1857 1856//1856
f 1636//1636 1857//1857 1635//1635
f 1636//1636 1858//1858 1857//1857
f 1637//1637 1858//1858 1636//1636
f 1637//1637 1859//1859 1858//1858
f 1638//1638 1859//1859 1637//1637
f 1638//1638 1639//1639 1859//1859
f 1859//1859 1639//1639 1860//1860
f 1640//1640 1641//1641 1861//1861
f 1861//1861 1641//1641 1862//1862
f 1641//1641 1863//1863 1862//1862
f 1642//1642 1863//1863 1641//1641
f 1642//1642 1864//1864 1863//1863
f 1643//1643 1864//1864 1642//1642
f 1643//1643 1644//1644 1864//1864
f 1864//1864 1644//1644 1865//1865
f 1645//1645 1876//1876 1866//1866
f 1645//1645 1655//1655 1876//1876
f 1646//1646 1647//1647 1657//1657
f 1646//1646 1657//1657 1656//1656
f 1869//1869 1659//1659 1867//1867
f 1659//1659 1647//1647 1867//1867
f 1659//1659 1657//1657 1647//1647
f 1877//1877 1659//1659 1869//1869
f 1873//1873 1660//1660 1882//1882
f 1649//1649 1661//1661 1648//1648
f 1648//1648 1661//1661 1874//1874
f 1661//1661 1660//1660 1874//1874
f 1660//1660 1873//1873 1874//1874
f 1650//1650 1649//1649 1648//1648
f 1651//1651 1875//1875 1887//1887
f 1651//1651 1887//1887 1664//1664
f 1653//1653 1652//1652 1666//1666
f 1652//1652 1664//1664 1666//1666
f 1652//1652 1651//1651 1664//1664
f 1653//1653 1654//1654 1652//1652
f 1655//1655 1888//1888 1876//1876
f 1655//1655 1667//1667 1888//1888
f 1658//1658 1656//1656 1657//1657
f 1669//1669 1668//1668 1658//1658
f 1657//1657 1669//1669 1658//1658
f 1659//1659 1669//1669 1657//1657
f 1889//1889 1669//1669 1877//1877
f 1877//1877 1669//1669 1659//1659
f 1660//1660 1883//1883 1882//1882
f 1661//1661 1662//1662 1660//1660
f 1662//1662 1883//1883 1660//1660
f 1662//1662 1884//1884 1883//1883
f 1662//1662 1886//1886 1884//1884
f 1663//1663 1886//1886 1662//1662
f 1887//1887 1886//1886 1664//1664
f 1886//1886 1665//1665 1664//1664
f 1886//1886 1663//1663 1665//1665
f 1665//1665 1666//1666 1664//1664
f 1667//1667 1897//1897 1888//1888
f 1667//1667 1671//1671 1897//1897
f 1670//1670 1668//1668 1669//1669
f 1677//1677 1676//1676 1670//1670
f 1677//1677 1670//1670 1669//1669
f 1891//1891 1677//1677 1669//1669
f 1889//1889 1891//1891 1669//1669
f 1902//1902 1677//1677 1891//1891
f 1671//1671 1672//1672 1897//1897
f 1897//1897 1672//1672 1898//1898
f 1672//1672 1899//1899 1898//1898
f 1673//1673 1899//1899 1672//1672
f 1673//1673 1900//1900 1899//1899
f 1674//1674 1900//1900 1673//1673
f 1674//1674 1901//1901 1900//1900
f 1675//1675 1901//1901 1674//1674
f 1901//1901 1675//1675 1676//1676
f 1678//1678 1901//1901 1676//1676
f 1677//1677 1678//1678 1676//1676
f 1908//1908 1901//1901 1678//1678
f 1904//1904 1679//1679 1902//1902
f 1679//1679 1677//1677 1902//1902
f 1679//1679 1678//1678 1677//1677
f 1911//1911 1679//1679 1904//1904
f 1678//1678 1909//1909 1908//1908
f 1679//1679 1910//1910 1678//1678
f 1678//1678 1910//1910 1909//1909
f 1911//1911 1910//1910 1679//1679
f 1914//1914 1716//1716 1977//1977
f 1915//1915 1717//1717 1914//1914
f 1914//1914 1717//1717 1716//1716
f 1916//1916 1719//1719 1915//1915
f 1915//1915 1719//1719 1717//1717
f 1917//1917 1721//1721 1916//1916
f 1916//1916 1721//1721 1719//1719
f 1918//1918 1723//1723 1917//1917
f 1917//1917 1723//1723 1721//1721
f 1723//1723 1918//1918 1725//1725
f 1918//1918 1680//1680 1725//1725
f 1918//1918 1919//1919 1680//1680
f 1920//1920 1680//1680 1919//1919
f 1920//1920 1681//1681 1680//1680
f 1921//1921 1681//1681 1920//1920
f 1921//1921 1682//1682 1681//1681
f 1922//1922 1682//1682 1921//1921
f 1922//1922 1683//1683 1682//1682
f 1923//1923 1683//1683 1922//1922
f 1923//1923 1684//1684 1683//1683
f 1924//1924 1684//1684 1923//1923
f 1924//1924 1685//1685 1684//1684
f 1925//1925 1685//1685 1924//1924
f 1925//1925 1686//1686 1685//1685
f 1926//1926 1686//1686 1925//1925
f 1926//1926 1687//1687 1686//1686
f 1927//1927 1687//1687 1926//1926
f 1927//1927 1688//1688 1687//1687
f 1928//1928 1688//1688 1927//1927
f 1928//1928 1689//1689 1688//1688
f 1929//1929 1689//1689 1928//1928
f 1929//1929 1690//1690 1689//1689
f 1930//1930 1690//1690 1929//1929
f 1930//1930 1691//1691 1690//1690
f 1931//1931 1691//1691 1930//1930
f 1931//1931 1692//1692 1691//1691
f 1932//1932 1692//1692 1931//1931
f 1932//1932 1693//1693 1692//1692
f 1933//1933 1693//1693 1932//1932
f 1933//1933 1694//1694 1693//1693
f 1934//1934 1694//1694 1933//1933
f 1934//1934 1695//1695 1694//1694
f 1935//1935 1695//1695 1934//1934
f 1935//1935 1696//1696 1695//1695
f 1936//1936 1696//1696 1935//1935
f 1936//1936 1697//1697 1696//1696
f 1937//1937 1697//1697 1936//1936
f 1937//1937 1698//1698 1697//1697
f 1938//1938 1698//1698 1937//1937
f 1938//1938 1699//1699 1698//1698
f 1939//1939 1699//1699 1938//1938
f 1939//1939 1700//1700 1699//1699
f 1940//1940 1700//1700 1939//1939
f 1940//1940 1701//1701 1700//1700
f 1941//1941 1701//1701 1940//1940
f 1941//1941 1702//1702 1701//1701
f 1942//1942 1702//1702 1941//1941
f 1942//1942 1703//1703 1702//1702
f 1944//1944 1703//1703 1942//1942
f 1944//1944 1704//1704 1703//1703
f 1946//1946 1704//1704 1944//1944
f 1946//1946 1705//1705 1704//1704
f 1948//1948 1705//1705 1946//1946
f 1948//1948 1706//1706 1705//1705
f 1950//1950 1706//1706 1948//1948
f 1950//1950 1707//1707 1706//1706
f 1952//1952 1707//1707 1950//1950
f 1952//1952 1708//1708 1707//1707
f 1954//1954 1708//1708 1952//1952
f 1954//1954 1709//1709 1708//1708
f 1956//1956 1709//1709 1954//1954
f 1956//1956 1710//1710 1709//1709
f 1958//1958 1710//1710 1956//1956
f 1958//1958 1711//1711 1710//1710
f 1960//1960 1711//1711 1958//1958
f 1960//1960 1712//1712 1711//1711
f 1962//1962 1712//1712 1960//1960
f 1962//1962 1713//1713 1712//1712
f 1964//1964 1713//1713 1962//1962
f 1964//1964 1714//1714 1713//1713
f 1966//1966 1714//1714 1964//1964
f 1966//1966 1715//1715 1714//1714
f 1726//1726 1715//1715 1727//1727
f 1715//1715 1968//1968 1727//1727
f 1715//1715 1966//1966 1968//1968
f 1970//1970 1729//1729 1968//1968
f 1968//1968 1729//1729 1727//1727
f 1972//1972 1731//1731 1970//1970
f 1970//1970 1731//1731 1729//1729
f 1979//1979 1731//1731 1972//1972
f 1974//1974 1733//1733 1987//1987
f 1976//1976 1734//1734 1974//1974
f 1974//1974 1734//1734 1733//1733
f 1977//1977 1716//1716 1976//1976
f 1716//1716 1734//1734 1976//1976
f 1716//1716 1736//1736 1734//1734
f 1717//1717 1718//1718 1738//1738
f 1736//1736 1717//1717 1738//1738
f 1716//1716 1717//1717 1736//1736
f 1718//1718 1717//1717 1719//1719
f 1718//1718 1719//1719 1720//1720
f 1720//1720 1719//1719 1721//1721
f 1720//1720 1721//1721 1722//1722
f 1722//1722 1721//1721 1723//1723
f 1722//1722 1723//1723 1724//1724
f 1725//1725 1724//1724 1723//1723
f 1770//1770 1978//1978 2020//2020
f 1770//1770 2021//2021 1978//1978
f 1727//1727 1728//1728 1726//1726
f 1728//1728 1727//1727 1729//1729
f 1728//1728 1729//1729 1730//1730
f 1730//1730 1729//1729 1731//1731
f 1730//1730 1731//1731 1732//1732
f 1774//1774 1773//1773 1732//1732
f 1774//1774 1732//1732 1731//1731
f 1981//1981 1774//1774 1731//1731
f 1979//1979 1981//1981 1731//1731
f 1983//1983 1776//1776 1981//1981
f 1981//1981 1776//1776 1774//1774
f 2026//2026 1776//1776 1983//1983
f 1986//1986 1777//1777 2031//2031
f 1987//1987 1733//1733 1986//1986
f 1733//1733 1777//1777 1986//1986
f 1733//1733 1778//1778 1777//1777
f 1734//1734 1735//1735 1779//1779
f 1778//1778 1734//1734 1779//1779
f 1733//1733 1734//1734 1778//1778
f 1735//1735 1734//1734 1736//1736
f 1735//1735 1736//1736 1737//1737
f 1738//1738 1737//1737 1736//1736
f 1988//1988 2032//2032 1780//1780
f 1988//1988 1780//1780 1739//1739
f 1739//1739 1989//1989 1988//1988
f 1740//1740 1989//1989 1739//1739
f 1740//1740 1990//1990 1989//1989
f 1741//1741 1990//1990 1740//1740
f 1741//1741 1991//1991 1990//1990
f 1742//1742 1991//1991 1741//1741
f 1742//1742 1992//1992 1991//1991
f 1743//1743 1992//1992 1742//1742
f 1743//1743 1993//1993 1992//1992
f 1744//1744 1993//1993 1743//1743
f 1744//1744 1994//1994 1993//1993
f 1745//1745 1994//1994 1744//1744
f 1745//1745 1995//1995 1994//1994
f 1746//1746 1995//1995 1745//1745
f 1746//1746 1996//1996 1995//1995
f 1747//1747 1996//1996 1746//1746
f 1747//1747 1997//1997 1996//1996
f 1748//1748 1997//1997 1747//1747
f 1748//1748 1998//1998 1997//1997
f 1749//1749 1998//1998 1748//1748
f 1749//1749 1999//1999 1998//1998
f 1750//1750 1999//1999 1749//1749
f 1750//1750 2000//2000 1999//1999
f 1751//1751 2000//2000 1750//1750
f 1751//1751 2001//2001 2000//2000
f 1752//1752 2001//2001 1751//1751
f 1752//1752 2002//2002 2001//2001
f 1753//1753 2002//2002 1752//1752
f 1753//1753 2003//2003 2002//2002
f 1754//1754 2003//2003 1753//1753
f 1754//1754 2004//2004 2003//2003
f 1755//1755 2004//2004 1754//1754
f 1755//1755 2005//2005 2004//2004
f 1756//1756 2005//2005 1755//1755
f 1756//1756 2006//2006 2005//2005
f 1757//1757 2006//2006 1756//1756
f 1757//1757 2007//2007 2006//2006
f 1758//1758 2007//2007 1757//1757
f 1758//1758 2008//2008 2007//2007
f 1759//1759 2008//2008 1758//1758
f 1759//1759 2009//2009 2008//2008
f 1760//1760 2009//2009 1759//1759
f 1760//1760 2010//2010 2009//2009
f 1761//1761 2010//2010 1760//1760
f 1761//1761 2011//2011 2010//2010
f 1762//1762 2011//2011 1761//1761
f 1762//1762 2012//2012 2011//2011
f 1763//1763 2012//2012 1762//1762
f 1763//1763 2013//2013 2012//2012
f 1764//1764 2013//2013 1763//1763
f 1764//1764 2014//2014 2013//2013
f 1765//1765 2014//2014 1764//1764
f 1765//1765 2015//2015 2014//2014
f 1766//1766 2015//2015 1765//1765
f 1766//1766 2016//2016 2015//2015
f 1767//1767 2016//2016 1766//1766
f 1767//1767 2017//2017 2016//2016
f 1768//1768 2017//2017 1767//1767
f 1768//1768 2019//2019 2017//2017
f 1769//1769 2019//2019 1768//1768
f 2020//2020 2019//2019 1770//1770
f 2019//2019 1771//1771 1770//1770
f 2019//2019 1769//1769 1771//1771
f 1770//1770 1771//1771 2021//2021
f 1771//1771 2023//2023 2021//2021
f 1771//1771 1772//1772 2023//2023
f 2035//2035 2023//2023 1772//1772
f 2035//2035 1772//1772 1781//1781
f 1775//1775 1773//1773 1774//1774
f 1784//1784 1783//1783 1775//1775
f 1774//1774 1784//1784 1775//1775
f 1776//1776 1784//1784 1774//1774
f 2028//2028 1785//1785 2026//2026
f 1785//1785 1776//1776 2026//2026
f 1785//1785 1784//1784 1776//1776
f 2038//2038 1785//1785 2028//2028
f 2031//2031 1777//1777 2042//2042
f 2042//2042 1777//1777 1786//1786
f 1778//1778 1786//1786 1777//1777
f 1787//1787 1786//1786 1778//1778
f 1788//1788 1787//1787 1778//1778
f 1788//1788 1778//1778 1779//1779
f 2043//2043 1780//1780 2032//2032
f 1789//1789 1780//1780 2043//2043
f 1781//1781 1782//1782 2035//2035
f 2035//2035 1782//1782 2036//2036
f 1782//1782 1790//1790 1791//1791
f 2037//2037 1782//1782 1791//1791
f 2036//2036 1782//1782 2037//2037
f 1791//1791 2048//2048 2037//2037
f 1783//1783 1784//1784 1793//1793
f 1783//1783 1793//1793 1792//1792
f 1785//1785 1793//1793 1784//1784
f 1795//1795 1793//1793 1785//1785
f 2049//2049 1795//1795 2038//2038
f 2038//2038 1795//1795 1785//1785
f 2042//2042 1786//1786 2056//2056
f 2056//2056 1786//1786 1796//1796
f 1787//1787 1796//1796 1786//1786
f 1797//1797 1796//1796 1787//1787
f 1799//1799 1797//1797 1787//1787
f 1799//1799 1787//1787 1788//1788
f 2043//2043 2044//2044 1801//1801
f 1800//1800 2043//2043 1801//1801
f 1789//1789 2043//2043 1800//1800
f 2057//2057 1801//1801 2044//2044
f 1791//1791 1790//1790 1811//1811
f 1811//1811 1790//1790 1810//1810
f 1811//1811 2072//2072 2048//2048
f 1811//1811 2048//2048 1791//1791
f 1794//1794 1792//1792 1793//1793
f 1813//1813 1812//1812 1794//1794
f 1793//1793 1813//1813 1794//1794
f 1795//1795 1813//1813 1793//1793
f 2051//2051 1815//1815 2049//2049
f 1815//1815 1795//1795 2049//2049
f 1815//1815 1813//1813 1795//1795
f 2073//2073 1815//1815 2051//2051
f 2055//2055 1816//1816 2076//2076
f 2056//2056 1796//1796 2055//2055
f 1796//1796 1816//1816 2055//2055
f 1796//1796 1817//1817 1816//1816
f 1797//1797 1798//1798 1818//1818
f 1817//1817 1797//1797 1818//1818
f 1796//1796 1797//1797 1817//1817
f 1799//1799 1798//1798 1797//1797
f 1800//1800 1801//1801 1820//1820
f 1800//1800 1820//1820 1819//1819
f 2077//2077 1820//1820 2057//2057
f 2057//2057 1820//1820 1801//1801
f 2058//2058 1822//1822 2079//2079
f 1822//1822 2058//2058 1823//1823
f 2058//2058 1802//1802 1823//1823
f 2058//2058 2059//2059 1802//1802
f 2060//2060 1802//1802 2059//2059
f 2060//2060 1803//1803 1802//1802
f 2061//2061 1803//1803 2060//2060
f 2061//2061 1804//1804 1803//1803
f 2062//2062 1804//1804 2061//2061
f 2062//2062 1805//1805 1804//1804
f 2063//2063 1805//1805 2062//2062
f 2063//2063 1806//1806 1805//1805
f 2065//2065 1806//1806 2063//2063
f 2065//2065 1807//1807 1806//1806
f 2067//2067 1807//1807 2065//2065
f 2067//2067 1808//1808 1807//1807
f 2069//2069 1808//1808 2067//2067
f 2069//2069 1809//1809 1808//1808
f 2071//2071 1811//1811 1810//1810
f 1809//1809 2071//2071 1810//1810
f 2069//2069 2071//2071 1809//1809
f 2071//2071 2072//2072 1811//1811
f 1814//1814 1812//1812 1813//1813
f 1825//1825 1824//1824 1814//1814
f 1813//1813 1825//1825 1814//1814
f 1815//1815 1825//1825 1813//1813
f 2081//2081 1825//1825 2073//2073
f 2073//2073 1825//1825 1815//1815
f 2076//2076 1816//1816 2086//2086
f 2086//2086 1816//1816 1826//1826
f 1817//1817 1826//1826 1816//1816
f 1827//1827 1826//1826 1817//1817
f 1829//1829 1827//1827 1817//1817
f 1829//1829 1817//1817 1818//1818
f 1821//1821 1819//1819 1820//1820
f 1820//1820 2077//2077 1821//1821
f 2077//2077 1830//1830 1821//1821
f 2077//2077 2087//2087 1830//1830
f 1822//1822 2080//2080 2079//2079
f 2091//2091 2080//2080 1822//1822
f 1823//1823 2091//2091 1822//1822
f 1834//1834 2091//2091 1823//1823
f 1824//1824 1825//1825 1843//1843
f 1824//1824 1843//1843 1842//1842
f 2083//2083 1844//1844 2081//2081
f 1844//1844 1825//1825 2081//2081
f 1844//1844 1843//1843 1825//1825
f 2099//2099 1844//1844 2083//2083
f 2086//2086 1826//1826 2103//2103
f 2103//2103 1826//1826 1845//1845
f 1827//1827 1828//1828 1846//1846
f 1845//1845 1827//1827 1846//1846
f 1826//1826 1827//1827 1845//1845
f 1829//1829 1828//1828 1827//1827
f 1831//1831 1830//1830 2087//2087
f 1831//1831 2087//2087 2088//2088
f 2089//2089 1831//1831 2088//2088
f 2089//2089 1832//1832 1831//1831
f 2089//2089 2117//2117 1832//1832
f 1832//1832 2117//2117 1860//1860
f 2118//2118 2090//2090 1861//1861
f 1861//1861 2090//2090 1833//1833
f 1834//1834 1833//1833 2090//2090
f 1834//1834 2090//2090 2091//2091
f 2092//2092 2122//2122 1865//1865
f 2092//2092 1865//1865 1835//1835
f 1835//1835 2093//2093 2092//2092
f 1836//1836 2093//2093 1835//1835
f 1836//1836 2094//2094 2093//2093
f 1837//1837 2094//2094 1836//1836
f 1837//1837 2095//2095 2094//2094
f 1838//1838 2095//2095 1837//1837
f 1838//1838 2096//2096 2095//2095
f 1839//1839 2096//2096 1838//1838
f 1839//1839 2097//2097 2096//2096
f 1840//1840 2097//2097 1839//1839
f 1840//1840 2098//2098 2097//2097
f 1841//1841 2098//2098 1840//1840
f 2123//2123 2098//2098 1841//1841
f 2123//2123 1841//1841 1866//1866
f 1842//1842 1843//1843 1868//1868
f 1842//1842 1868//1868 1867//1867
f 1844//1844 1868//1868 1843//1843
f 1870//1870 1868//1868 1844//1844
f 2124//2124 1870//1870 2099//2099
f 2099//2099 1870//1870 1844//1844
f 2102//2102 1871//1871 2129//2129
f 2103//2103 1845//1845 2102//2102
f 1845//1845 1871//1871 2102//2102
f 1845//1845 1872//1872 1871//1871
f 1874//1874 1872//1872 1845//1845
f 1874//1874 1845//1845 1846//1846
f 2104//2104 2131//2131 1875//1875
f 2104//2104 1875//1875 1847//1847
f 1847//1847 2105//2105 2104//2104
f 1848//1848 2105//2105 1847//1847
f 1848//1848 2106//2106 2105//2105
f 1849//1849 2106//2106 1848//1848
f 1849//1849 2107//2107 2106//2106
f 1850//1850 2107//2107 1849//1849
f 1850//1850 2108//2108 2107//2107
f 1851//1851 2108//2108 1850//1850
f 1851//1851 2109//2109 2108//2108
f 1852//1852 2109//2109 1851//1851
f 1852//1852 2110//2110 2109//2109
f 1853//1853 2110//2110 1852//1852
f 1853//1853 2111//2111 2110//2110
f 1854//1854 2111//2111 1853//1853
f 1854//1854 2112//2112 2111//2111
f 1855//1855 2112//2112 1854//1854
f 1855//1855 2113//2113 2112//2112
f 1856//1856 2113//2113 1855//1855
f 1856//1856 2114//2114 2113//2113
f 1857//1857 2114//2114 1856//1856
f 1857//1857 2115//2115 2114//2114
f 1858//1858 2115//2115 1857//1857
f 1858//1858 2116//2116 2115//2115
f 1859//1859 2116//2116 1858//1858
f 1859//1859 1860//1860 2116//2116
f 2116//2116 1860//1860 2117//2117
f 1861//1861 1862//1862 2118//2118
f 2118//2118 1862//1862 2119//2119
f 1862//1862 2120//2120 2119//2119
f 1863//1863 2120//2120 1862//1862
f 1863//1863 2121//2121 2120//2120
f 1864//1864 2121//2121 1863//1863
f 1864//1864 1865//1865 2121//2121
f 2121//2121 1865//1865 2122//2122
f 1866//1866 2138//2138 2123//2123
f 1866//1866 1876//1876 2138//2138
f 1869//1869 1867//1867 1868//1868
f 1878//1878 1877//1877 1869//1869
f 1868//1868 1878//1878 1869//1869
f 1870//1870 1878//1878 1868//1868
f 2126//2126 1879//1879 2124//2124
f 1879//1879 1870//1870 2124//2124
f 1879//1879 1878//1878 1870//1870
f 2139//2139 1879//1879 2126//2126
f 2128//2128 1880//1880 2140//2140
f 2129//2129 1871//1871 2128//2128
f 1871//1871 1880//1880 2128//2128
f 1871//1871 1881//1881 1880//1880
f 1872//1872 1873//1873 1882//1882
f 1881//1881 1872//1872 1882//1882
f 1871//1871 1872//1872 1881//1881
f 1874//1874 1873//1873 1872//1872
f 1885//1885 2130//2130 2144//2144
f 1885//1885 1887//1887 2130//2130
f 1887//1887 2131//2131 2130//2130
f 1887//1887 1875//1875 2131//2131
f 1876//1876 2149//2149 2138//2138
f 1876//1876 1888//1888 2149//2149
f 1877//1877 1878//1878 1890//1890
f 1877//1877 1890//1890 1889//1889
f 1879//1879 1890//1890 1878//1878
f 1892//1892 1890//1890 1879//1879
f 2150//2150 1892//1892 2139//2139
f 2139//2139 1892//1892 1879//1879
f 2140//2140 1880//1880 2153//2153
f 2153//2153 1880//1880 1893//1893
f 2155//2155 1893//1893 2141//2141
f 1893//1893 1881//1881 2141//2141
f 1893//1893 1880//1880 1881//1881
f 1882//1882 1883//1883 1881//1881
f 1883//1883 2141//2141 1881//1881
f 1883//1883 2142//2142 2141//2141
f 1883//1883 2143//2143 2142//2142
f 1884//1884 2143//2143 1883//1883
f 2144//2144 2143//2143 1885//1885
f 2143//2143 1886//1886 1885//1885
f 2143//2143 1884//1884 1886//1886
f 1886//1886 1887//1887 1885//1885
f 2145//2145 1894//1894 2156//2156
f 2158//2158 1894//1894 2145//2145
f 2147//2147 1895//1895 2159//2159
f 2148//2148 1896//1896 2147//2147
f 2147//2147 1896//1896 1895//1895
f 2162//2162 1896//1896 2148//2148
f 1888//1888 2165//2165 2149//2149
f 1888//1888 1897//1897 2165//2165
f 1891//1891 1889//1889 1890//1890
f 1903//1903 1902//1902 1891//1891
f 1890//1890 1903//1903 1891//1891
f 1892//1892 1903//1903 1890//1890
f 2152//2152 1905//1905 2150//2150
f 1905//1905 1892//1892 2150//2150
f 1905//1905 1903//1903 1892//1892
f 2168//2168 1905//1905 2152//2152
f 1893//1893 2154//2154 2153//2153
f 2155//2155 2154//2154 1893//1893
f 1894//1894 2157//2157 2156//2156
f 2158//2158 2157//2157 1894//1894
f 1895//1895 2160//2160 2159//2159
f 1896//1896 2161//2161 1895//1895
f 1895//1895 2161//2161 2160//2160
f 2162//2162 2161//2161 1896//1896
f 1897//1897 1898//1898 2165//2165
f 2165//2165 1898//1898 2166//2166
f 1898//1898 2167//2167 2166//2166
f 1899//1899 2167//2167 1898//1898
f 1900//1900 1906//1906 2170//2170
f 2167//2167 1900//1900 2170//2170
f 1899//1899 1900//1900 2167//2167
f 1906//1906 1900//1900 1901//1901
f 1906//1906 1901//1901 1907//1907
f 1908//1908 1907//1907 1901//1901
f 1904//1904 1902//1902 1903//1903
f 1912//1912 1911//1911 1904//1904
f 1903//1903 1912//1912 1904//1904
f 1905//1905 1912//1912 1903//1903
f 2169//2169 1913//1913 2168//2168
f 1913//1913 1905//1905 2168//2168
f 1913//1913 1912//1912 1905//1905
f 2178//2178 1913//1913 2169//2169
f 1906//1906 2172//2172 2170//2170
f 1907//1907 2173//2173 1906//1906
f 1906//1906 2173//2173 2172//2172
f 1908//1908 1909//1909 1907//1907
f 1909//1909 2173//2173 1907//1907
f 1909//1909 2174//2174 2173//2173
f 1909//1909 2175//2175 2174//2174
f 1910//1910 2175//2175 1909//1909
f 1912//1912 2176//2176 1911//1911
f 2176//2176 1910//1910 1911//1911
f 2176//2176 2175//2175 1910//1910
f 1913//1913 2177//2177 1912//1912
f 1912//1912 2177//2177 2176//2176
f 2178//2178 2177//2177 1913//1913
f 2179//2179 1943//1943 2225//2225
f 2180//2180 1945//1945 2179//2179
f 2179//2179 1945//1945 1943//1943
f 2181//2181 1947//1947 2180//2180
f 2180//2180 1947//1947 1945//1945
f 2182//2182 1949//1949 2181//2181
f 2181//2181 1949//1949 1947//1947
f 2183//2183 1951//1951 2182//2182
f 2182//2182 1951//1951 1949//1949
f 2184//2184 1953//1953 2183//2183
f 2183//2183 1953//1953 1951//1951
f 2185//2185 1955//1955 2184//2184
f 2184//2184 1955//1955 1953//1953
f 2186//2186 1957//1957 2185//2185
f 2185//2185 1957//1957 1955//1955
f 2187//2187 1959//1959 2186//2186
f 2186//2186 1959//1959 1957//1957
f 2188//2188 1961//1961 2187//2187
f 2187//2187 1961//1961 1959//1959
f 2189//2189 1963//1963 2188//2188
f 2188//2188 1963//1963 1961//1961
f 2190//2190 1965//1965 2189//2189
f 2189//2189 1965//1965 1963//1963
f 2191//2191 1967//1967 2190//2190
f 2190//2190 1967//1967 1965//1965
f 2192//2192 1969//1969 2191//2191
f 2191//2191 1969//1969 1967//1967
f 2193//2193 1971//1971 2192//2192
f 2192//2192 1971//1971 1969//1969
f 2241//2241 1971//1971 2193//2193
f 2194//2194 1973//1973 2246//2246
f 2195//2195 1975//1975 2194//2194
f 2194//2194 1975//1975 1973//1973
f 1975//1975 2195//2195 1977//1977
f 2195//2195 1914//1914 1977//1977
f 2195//2195 2196//2196 1914//1914
f 2197//2197 1914//1914 2196//2196
f 2197//2197 1915//1915 1914//1914
f 2198//2198 1915//1915 2197//2197
f 2198//2198 1916//1916 1915//1915
f 2199//2199 1916//1916 2198//2198
f 2199//2199 1917//1917 1916//1916
f 2200//2200 1917//1917 2199//2199
f 2200//2200 1918//1918 1917//1917
f 2201//2201 1918//1918 2200//2200
f 2201//2201 1919//1919 1918//1918
f 2202//2202 1919//1919 2201//2201
f 2202//2202 1920//1920 1919//1919
f 2203//2203 1920//1920 2202//2202
f 2203//2203 1921//1921 1920//1920
f 2204//2204 1921//1921 2203//2203
f 2204//2204 1922//1922 1921//1921
f 2205//2205 1922//1922 2204//2204
f 2205//2205 1923//1923 1922//1922
f 2206//2206 1923//1923 2205//2205
f 2206//2206 1924//1924 1923//1923
f 2207//2207 1924//1924 2206//2206
f 2207//2207 1925//1925 1924//1924
f 2208//2208 1925//1925 2207//2207
f 2208//2208 1926//1926 1925//1925
f 2209//2209 1926//1926 2208//2208
f 2209//2209 1927//1927 1926//1926
f 2210//2210 1927//1927 2209//2209
f 2210//2210 1928//1928 1927//1927
f 2211//2211 1928//1928 2210//2210
f 2211//2211 1929//1929 1928//1928
f 2212//2212 1929//1929 2211//2211
f 2212//2212 1930//1930 1929//1929
f 2213//2213 1930//1930 2212//2212
f 2213//2213 1931//1931 1930//1930
f 2214//2214 1931//1931 2213//2213
f 2214//2214 1932//1932 1931//1931
f 2215//2215 1932//1932 2214//2214
f 2215//2215 1933//1933 1932//1932
f 2216//2216 1933//1933 2215//2215
f 2216//2216 1934//1934 1933//1933
f 2217//2217 1934//1934 2216//2216
f 2217//2217 1935//1935 1934//1934
f 2218//2218 1935//1935 2217//2217
f 2218//2218 1936//1936 1935//1935
f 2219//2219 1936//1936 2218//2218
f 2219//2219 1937//1937 1936//1936
f 2220//2220 1937//1937 2219//2219
f 2220//2220 1938//1938 1937//1937
f 2221//2221 1938//1938 2220//2220
f 2221//2221 1939//1939 1938//1938
f 2222//2222 1939//1939 2221//2221
f 2222//2222 1940//1940 1939//1939
f 2223//2223 1940//1940 2222//2222
f 2223//2223 1941//1941 1940//1940
f 2224//2224 1941//1941 2223//2223
f 2224//2224 1942//1942 1941//1941
f 2224//2224 2225//2225 1943//1943
f 1944//1944 2224//2224 1943//1943
f 1942//1942 2224//2224 1944//1944
f 1944//1944 1943//1943 1945//1945
f 1944//1944 1945//1945 1946//1946
f 1946//1946 1945//1945 1947//1947
f 1946//1946 1947//1947 1948//1948
f 1948//1948 1947//1947 1949//1949
f 1948//1948 1949//1949 1950//1950
f 1950//1950 1949//1949 1951//1951
f 1950//1950 1951//1951 1952//1952
f 1952//1952 1951//1951 1953//1953
f 1952//1952 1953//1953 1954//1954
f 1954//1954 1953//1953 1955//1955
f 1954//1954 1955//1955 1956//1956
f 1956//1956 1955//1955 1957//1957
f 1956//1956 1957//1957 1958//1958
f 1958//1958 1957//1957 1959//1959
f 1958//1958 1959//1959 1960//1960
f 1960//1960 1959//1959 1961//1961
f 1960//1960 1961//1961 1962//1962
f 1962//1962 1961//1961 1963//1963
f 1962//1962 1963//1963 1964//1964
f 1964//1964 1963//1963 1965//1965
f 1964//1964 1965//1965 1966//1966
f 1966//1966 1965//1965 1967//1967
f 1966//1966 1967//1967 1968//1968
f 1968//1968 1967//1967 1969//1969
f 1968//1968 1969//1969 1970//1970
f 1970//1970 1969//1969 1971//1971
f 1970//1970 1971//1971 1972//1972
f 1980//1980 1979//1979 1972//1972
f 1980//1980 1972//1972 1971//1971
f 2242//2242 1980//1980 1971//1971
f 2241//2241 2242//2242 1971//1971
f 2243//2243 1982//1982 2242//2242
f 2242//2242 1982//1982 1980//1980
f 2244//2244 1984//1984 2243//2243
f 2243//2243 1984//1984 1982//1982
f 2257//2257 1984//1984 2244//2244
f 2245//2245 1985//1985 2260//2260
f 1974//1974 1987//1987 1973//1973
f 1973//1973 1987//1987 2246//2246
f 1987//1987 1985//1985 2246//2246
f 1985//1985 2245//2245 2246//2246
f 1974//1974 1973//1973 1975//1975
f 1974//1974 1975//1975 1976//1976
f 1977//1977 1976//1976 1975//1975
f 2018//2018 2249//2249 2292//2292
f 2249//2249 2018//2018 2020//2020
f 1978//1978 2249//2249 2020//2020
f 2250//2250 2249//2249 1978//1978
f 1978//1978 2021//2021 2022//2022
f 2251//2251 1978//1978 2022//2022
f 2250//2250 1978//1978 2251//2251
f 2024//2024 2252//2252 2251//2251
f 2024//2024 2251//2251 2022//2022
f 2025//2025 2253//2253 2252//2252
f 2025//2025 2252//2252 2024//2024
f 2025//2025 2302//2302 2253//2253
f 1980//1980 1981//1981 1979//1979
f 1981//1981 1980//1980 1982//1982
f 1981//1981 1982//1982 1983//1983
f 2027//2027 2026//2026 1983//1983
f 1982//1982 2027//2027 1983//1983
f 1984//1984 2027//2027 1982//1982
f 2258//2258 2029//2029 2257//2257
f 2029//2029 1984//1984 2257//2257
f 2029//2029 2027//2027 1984//1984
f 2305//2305 2029//2029 2258//2258
f 2259//2259 2030//2030 2307//2307
f 1986//1986 2031//2031 1985//1985
f 1985//1985 2031//2031 2260//2260
f 2031//2031 2030//2030 2260//2260
f 2030//2030 2259//2259 2260//2260
f 1987//1987 1986//1986 1985//1985
f 2262//2262 2309//2309 2032//2032
f 2262//2262 2032//2032 1988//1988
f 1988//1988 2263//2263 2262//2262
f 1989//1989 2263//2263 1988//1988
f 1989//1989 2264//2264 2263//2263
f 1990//1990 2264//2264 1989//1989
f 1990//1990 2265//2265 2264//2264
f 1991//1991 2265//2265 1990//1990
f 1991//1991 2266//2266 2265//2265
f 1992//1992 2266//2266 1991//1991
f 1992//1992 2267//2267 2266//2266
f 1993//1993 2267//2267 1992//1992
f 1993//1993 2268//2268 2267//2267
f 1994//1994 2268//2268 1993//1993
f 1994//1994 2269//2269 2268//2268
f 1995//1995 2269//2269 1994//1994
f 1995//1995 2270//2270 2269//2269
f 1996//1996 2270//2270 1995//1995
f 1996//1996 2271//2271 2270//2270
f 1997//1997 2271//2271 1996//1996
f 1997//1997 2272//2272 2271//2271
f 1998//1998 2272//2272 1997//1997
f 1998//1998 2273//2273 2272//2272
f 1999//1999 2273//2273 1998//1998
f 1999//1999 2274//2274 2273//2273
f 2000//2000 2274//2274 1999//1999
f 2000//2000 2275//2275 2274//2274
f 2001//2001 2275//2275 2000//2000
f 2001//2001 2276//2276 2275//2275
f 2002//2002 2276//2276 2001//2001
f 2002//2002 2277//2277 2276//2276
f 2003//2003 2277//2277 2002//2002
f 2003//2003 2278//2278 2277//2277
f 2004//2004 2278//2278 2003//2003
f 2004//2004 2279//2279 2278//2278
f 2005//2005 2279//2279 2004//2004
f 2005//2005 2280//2280 2279//2279
f 2006//2006 2280//2280 2005//2005
f 2006//2006 2281//2281 2280//2280
f 2007//2007 2281//2281 2006//2006
f 2007//2007 2282//2282 2281//2281
f 2008//2008 2282//2282 2007//2007
f 2008//2008 2283//2283 2282//2282
f 2009//2009 2283//2283 2008//2008
f 2009//2009 2284//2284 2283//2283
f 2010//2010 2284//2284 2009//2009
f 2010//2010 2285//2285 2284//2284
f 2011//2011 2285//2285 2010//2010
f 2011//2011 2286//2286 2285//2285
f 2012//2012 2286//2286 2011//2011
f 2012//2012 2287//2287 2286//2286
f 2013//2013 2287//2287 2012//2012
f 2013//2013 2288//2288 2287//2287
f 2014//2014 2288//2288 2013//2013
f 2014//2014 2289//2289 2288//2288
f 2015//2015 2289//2289 2014//2014
f 2015//2015 2290//2290 2289//2289
f 2016//2016 2290//2290 2015//2015
f 2016//2016 2291//2291 2290//2290
f 2017//2017 2291//2291 2016//2016
f 2292//2292 2291//2291 2018//2018
f 2291//2291 2019//2019 2018//2018
f 2291//2291 2017//2017 2019//2019
f 2019//2019 2020//2020 2018//2018
f 2033//2033 2310//2310 2295//2295
f 2033//2033 2295//2295 2034//2034
f 2295//2295 2297//2297 2034//2034
f 2021//2021 2023//2023 2022//2022
f 2035//2035 2024//2024 2022//2022
f 2023//2023 2035//2035 2022//2022
f 2035//2035 2299//2299 2024//2024
f 2297//2297 2035//2035 2034//2034
f 2035//2035 2297//2297 2299//2299
f 2301//2301 2025//2025 2024//2024
f 2301//2301 2024//2024 2299//2299
f 2301//2301 2302//2302 2025//2025
f 2028//2028 2026//2026 2027//2027
f 2039//2039 2038//2038 2028//2028
f 2027//2027 2039//2039 2028//2028
f 2029//2029 2039//2039 2027//2027
f 2306//2306 2040//2040 2305//2305
f 2040//2040 2029//2029 2305//2305
f 2040//2040 2039//2039 2029//2029
f 2315//2315 2040//2040 2306//2306
f 2307//2307 2030//2030 2317//2317
f 2317//2317 2030//2030 2041//2041
f 2042//2042 2041//2041 2030//2030
f 2042//2042 2030//2030 2031//2031
f 2319//2319 2032//2032 2309//2309
f 2043//2043 2032//2032 2319//2319
f 2033//2033 2312//2312 2310//2310
f 2312//2312 2033//2033 2322//2322
f 2033//2033 2045//2045 2322//2322
f 2033//2033 2034//2034 2045//2045
f 2034//2034 2035//2035 2036//2036
f 2046//2046 2034//2034 2036//2036
f 2045//2045 2034//2034 2046//2046
f 2046//2046 2036//2036 2037//2037
f 2046//2046 2037//2037 2047//2047
f 2048//2048 2047//2047 2037//2037
f 2038//2038 2039//2039 2050//2050
f 2038//2038 2050//2050 2049//2049
f 2040//2040 2050//2050 2039//2039
f 2052//2052 2050//2050 2040//2040
f 2325//2325 2052//2052 2315//2315
f 2315//2315 2052//2052 2040//2040
f 2316//2316 2053//2053 2326//2326
f 2317//2317 2041//2041 2316//2316
f 2041//2041 2053//2053 2316//2316
f 2041//2041 2054//2054 2053//2053
f 2056//2056 2054//2054 2041//2041
f 2056//2056 2041//2041 2042//2042
f 2044//2044 2043//2043 2319//2319
f 2044//2044 2319//2319 2320//2320
f 2320//2320 2329//2329 2044//2044
f 2044//2044 2329//2329 2057//2057
f 2321//2321 2064//2064 2337//2337
f 2322//2322 2045//2045 2321//2321
f 2045//2045 2064//2064 2321//2321
f 2045//2045 2066//2066 2064//2064
f 2046//2046 2066//2066 2045//2045
f 2068//2068 2066//2066 2046//2046
f 2047//2047 2068//2068 2046//2046
f 2070//2070 2068//2068 2047//2047
f 2072//2072 2070//2070 2047//2047
f 2072//2072 2047//2047 2048//2048
f 2051//2051 2049//2049 2050//2050
f 2074//2074 2073//2073 2051//2051
f 2050//2050 2074//2074 2051//2051
f 2052//2052 2074//2074 2050//2050
f 2339//2339 2074//2074 2325//2325
f 2325//2325 2074//2074 2052//2052
f 2326//2326 2053//2053 2341//2341
f 2341//2341 2053//2053 2075//2075
f 2054//2054 2055//2055 2076//2076
f 2075//2075 2054//2054 2076//2076
f 2053//2053 2054//2054 2075//2075
f 2056//2056 2055//2055 2054//2054
f 2343//2343 2057//2057 2329//2329
f 2077//2077 2057//2057 2343//2343
f 2330//2330 2078//2078 2344//2344
f 2347//2347 2078//2078 2330//2330
f 2348//2348 2331//2331 2079//2079
f 2079//2079 2331//2331 2058//2058
f 2332//2332 2058//2058 2331//2331
f 2332//2332 2059//2059 2058//2058
f 2333//2333 2059//2059 2332//2332
f 2333//2333 2060//2060 2059//2059
f 2334//2334 2060//2060 2333//2333
f 2334//2334 2061//2061 2060//2060
f 2335//2335 2061//2061 2334//2334
f 2335//2335 2062//2062 2061//2061
f 2336//2336 2062//2062 2335//2335
f 2336//2336 2063//2063 2062//2062
f 2336//2336 2337//2337 2064//2064
f 2065//2065 2336//2336 2064//2064
f 2063//2063 2336//2336 2065//2065
f 2065//2065 2064//2064 2066//2066
f 2065//2065 2066//2066 2067//2067
f 2067//2067 2066//2066 2068//2068
f 2067//2067 2068//2068 2069//2069
f 2069//2069 2068//2068 2070//2070
f 2069//2069 2070//2070 2071//2071
f 2072//2072 2071//2071 2070//2070
f 2073//2073 2074//2074 2082//2082
f 2073//2073 2082//2082 2081//2081
f 2340//2340 2084//2084 2339//2339
f 2084//2084 2074//2074 2339//2339
f 2084//2084 2082//2082 2074//2074
f 2352//2352 2084//2084 2340//2340
f 2341//2341 2075//2075 2353//2353
f 2353//2353 2075//2075 2085//2085
f 2086//2086 2085//2085 2075//2075
f 2086//2086 2075//2075 2076//2076
f 2355//2355 2077//2077 2343//2343
f 2087//2087 2077//2077 2355//2355
f 2078//2078 2346//2346 2344//2344
f 2347//2347 2346//2346 2078//2078
f 2079//2079 2080//2080 2348//2348
f 2348//2348 2080//2080 2349//2349
f 2359//2359 2349//2349 2080//2080
f 2359//2359 2080//2080 2091//2091
f 2083//2083 2081//2081 2082//2082
f 2100//2100 2099//2099 2083//2083
f 2082//2082 2100//2100 2083//2083
f 2084//2084 2100//2100 2082//2082
f 2368//2368 2100//2100 2352//2352
f 2352//2352 2100//2100 2084//2084
f 2353//2353 2085//2085 2370//2370
f 2370//2370 2085//2085 2101//2101
f 2103//2103 2101//2101 2085//2085
f 2103//2103 2085//2085 2086//2086
f 2088//2088 2087//2087 2355//2355
f 2088//2088 2355//2355 2356//2356
f 2357//2357 2088//2088 2356//2356
f 2357//2357 2089//2089 2088//2088
f 2357//2357 2382//2382 2089//2089
f 2089//2089 2382//2382 2117//2117
f 2386//2386 2358//2358 2118//2118
f 2118//2118 2358//2358 2090//2090
f 2091//2091 2090//2090 2358//2358
f 2091//2091 2358//2358 2359//2359
f 2360//2360 2390//2390 2122//2122
f 2360//2360 2122//2122 2092//2092
f 2092//2092 2361//2361 2360//2360
f 2093//2093 2361//2361 2092//2092
f 2093//2093 2362//2362 2361//2361
f 2094//2094 2362//2362 2093//2093
f 2094//2094 2363//2363 2362//2362
f 2095//2095 2363//2363 2094//2094
f 2095//2095 2364//2364 2363//2363
f 2096//2096 2364//2364 2095//2095
f 2096//2096 2365//2365 2364//2364
f 2097//2097 2365//2365 2096//2096
f 2097//2097 2366//2366 2365//2365
f 2098//2098 2366//2366 2097//2097
f 2391//2391 2366//2366 2098//2098
f 2391//2391 2098//2098 2123//2123
f 2099//2099 2100//2100 2125//2125
f 2099//2099 2125//2125 2124//2124
f 2393//2393 2125//2125 2368//2368
f 2368//2368 2125//2125 2100//2100
f 2369//2369 2127//2127 2394//2394
f 2102//2102 2129//2129 2101//2101
f 2101//2101 2129//2129 2370//2370
f 2129//2129 2127//2127 2370//2370
f 2127//2127 2369//2369 2370//2370
f 2103//2103 2102//2102 2101//2101
f 2132//2132 2131//2131 2104//2104
f 2372//2372 2399//2399 2132//2132
f 2104//2104 2372//2372 2132//2132
f 2105//2105 2372//2372 2104//2104
f 2106//2106 2133//2133 2400//2400
f 2372//2372 2106//2106 2400//2400
f 2105//2105 2106//2106 2372//2372
f 2133//2133 2106//2106 2107//2107
f 2133//2133 2107//2107 2134//2134
f 2373//2373 2405//2405 2134//2134
f 2107//2107 2373//2373 2134//2134
f 2108//2108 2373//2373 2107//2107
f 2108//2108 2374//2374 2373//2373
f 2109//2109 2374//2374 2108//2108
f 2109//2109 2375//2375 2374//2374
f 2110//2110 2375//2375 2109//2109
f 2110//2110 2376//2376 2375//2375
f 2111//2111 2376//2376 2110//2110
f 2111//2111 2377//2377 2376//2376
f 2112//2112 2377//2377 2111//2111
f 2112//2112 2378//2378 2377//2377
f 2113//2113 2378//2378 2112//2112
f 2113//2113 2379//2379 2378//2378
f 2114//2114 2379//2379 2113//2113
f 2114//2114 2380//2380 2379//2379
f 2115//2115 2380//2380 2114//2114
f 2115//2115 2381//2381 2380//2380
f 2116//2116 2381//2381 2115//2115
f 2116//2116 2117//2117 2381//2381
f 2381//2381 2117//2117 2382//2382
f 2383//2383 2135//2135 2406//2406
f 2384//2384 2136//2136 2383//2383
f 2383//2383 2136//2136 2135//2135
f 2385//2385 2137//2137 2384//2384
f 2384//2384 2137//2137 2136//2136
f 2412//2412 2137//2137 2385//2385
f 2118//2118 2119//2119 2386//2386
f 2386//2386 2119//2119 2387//2387
f 2119//2119 2388//2388 2387//2387
f 2120//2120 2388//2388 2119//2119
f 2120//2120 2389//2389 2388//2388
f 2121//2121 2389//2389 2120//2120
f 2121//2121 2122//2122 2389//2389
f 2389//2389 2122//2122 2390//2390
f 2123//2123 2413//2413 2391//2391
f 2123//2123 2138//2138 2413//2413
f 2126//2126 2124//2124 2125//2125
f 2125//2125 2393//2393 2126//2126
f 2393//2393 2139//2139 2126//2126
f 2393//2393 2415//2415 2139//2139
f 2128//2128 2140//2140 2127//2127
f 2140//2140 2394//2394 2127//2127
f 2140//2140 2417//2417 2394//2394
f 2129//2129 2128//2128 2127//2127
f 2396//2396 2422//2422 2144//2144
f 2396//2396 2144//2144 2130//2130
f 2132//2132 2398//2398 2131//2131
f 2398//2398 2130//2130 2131//2131
f 2398//2398 2396//2396 2130//2130
f 2399//2399 2398//2398 2132//2132
f 2133//2133 2402//2402 2400//2400
f 2134//2134 2404//2404 2133//2133
f 2133//2133 2404//2404 2402//2402
f 2405//2405 2404//2404 2134//2134
f 2406//2406 2135//2135 2424//2424
f 2424//2424 2135//2135 2146//2146
f 2426//2426 2146//2146 2409//2409
f 2146//2146 2136//2136 2409//2409
f 2146//2146 2135//2135 2136//2136
f 2137//2137 2411//2411 2136//2136
f 2136//2136 2411//2411 2409//2409
f 2412//2412 2411//2411 2137//2137
f 2138//2138 2430//2430 2413//2413
f 2138//2138 2149//2149 2430//2430
f 2415//2415 2416//2416 2151//2151
f 2150//2150 2415//2415 2151//2151
f 2139//2139 2415//2415 2150//2150
f 2432//2432 2151//2151 2416//2416
f 2140//2140 2433//2433 2417//2417
f 2140//2140 2153//2153 2433//2433
f 2419//2419 2435//2435 2155//2155
f 2419//2419 2155//2155 2141//2141
f 2141//2141 2420//2420 2419//2419
f 2142//2142 2420//2420 2141//2141
f 2142//2142 2421//2421 2420//2420
f 2143//2143 2421//2421 2142//2142
f 2143//2143 2144//2144 2421//2421
f 2421//2421 2144//2144 2422//2422
f 2436//2436 2423//2423 2156//2156
f 2156//2156 2423//2423 2145//2145
f 2423//2423 2439//2439 2145//2145
f 2145//2145 2439//2439 2158//2158
f 2147//2147 2159//2159 2146//2146
f 2159//2159 2424//2424 2146//2146
f 2159//2159 2440//2440 2424//2424
f 2147//2147 2146//2146 2426//2426
f 2427//2427 2147//2147 2426//2426
f 2148//2148 2147//2147 2427//2427
f 2162//2162 2148//2148 2163//2163
f 2148//2148 2428//2428 2163//2163
f 2148//2148 2427//2427 2428//2428
f 2429//2429 2164//2164 2428//2428
f 2428//2428 2164//2164 2163//2163
f 2449//2449 2164//2164 2429//2429
f 2149//2149 2450//2450 2430//2430
f 2149//2149 2165//2165 2450//2450
f 2152//2152 2150//2150 2151//2151
f 2151//2151 2432//2432 2152//2152
f 2432//2432 2168//2168 2152//2152
f 2432//2432 2454//2454 2168//2168
f 2153//2153 2154//2154 2433//2433
f 2433//2433 2154//2154 2434//2434
f 2154//2154 2155//2155 2434//2434
f 2434//2434 2155//2155 2435//2435
f 2156//2156 2157//2157 2436//2436
f 2436//2436 2157//2157 2438//2438
f 2157//2157 2158//2158 2438//2438
f 2438//2438 2158//2158 2439//2439
f 2159//2159 2160//2160 2440//2440
f 2440//2440 2160//2160 2442//2442
f 2160//2160 2444//2444 2442//2442
f 2161//2161 2444//2444 2160//2160
f 2163//2163 2446//2446 2162//2162
f 2446//2446 2161//2161 2162//2162
f 2446//2446 2444//2444 2161//2161
f 2164//2164 2448//2448 2163//2163
f 2163//2163 2448//2448 2446//2446
f 2449//2449 2448//2448 2164//2164
f 2165//2165 2166//2166 2450//2450
f 2450//2450 2166//2166 2451//2451
f 2166//2166 2452//2452 2451//2451
f 2167//2167 2452//2452 2166//2166
f 2167//2167 2170//2170 2171//2171
f 2453//2453 2167//2167 2171//2171
f 2452//2452 2167//2167 2453//2453
f 2171//2171 2457//2457 2453//2453
f 2169//2169 2168//2168 2454//2454
f 2169//2169 2454//2454 2455//2455
f 2455//2455 2463//2463 2169//2169
f 2169//2169 2463//2463 2178//2178
f 2170//2170 2172//2172 2171//2171
f 2171//2171 2172//2172 2457//2457
f 2172//2172 2458//2458 2457//2457
f 2172//2172 2173//2173 2458//2458
f 2173//2173 2459//2459 2458//2458
f 2174//2174 2459//2459 2173//2173
f 2174//2174 2460//2460 2459//2459
f 2175//2175 2460//2460 2174//2174
f 2175//2175 2461//2461 2460//2460
f 2176//2176 2461//2461 2175//2175
f 2176//2176 2462//2462 2461//2461
f 2177//2177 2462//2462 2176//2176
f 2177//2177 2178//2178 2462//2462
f 2462//2462 2178//2178 2463//2463
f 2225//2225 2226//2226 2179//2179
f 2179//2179 2226//2226 2180//2180
f 2180//2180 2226//2226 2227//2227
f 2180//2180 2227//2227 2181//2181
f 2181//2181 2227//2227 2228//2228
f 2181//2181 2228//2228 2182//2182
f 2182//2182 2228//2228 2229//2229
f 2182//2182 2229//2229 2183//2183
f 2183//2183 2229//2229 2230//2230
f 2183//2183 2230//2230 2184//2184
f 2184//2184 2230//2230 2231//2231
f 2184//2184 2231//2231 2185//2185
f 2185//2185 2231//2231 2232//2232
f 2185//2185 2232//2232 2186//2186
f 2186//2186 2232//2232 2233//2233
f 2186//2186 2233//2233 2187//2187
f 2187//2187 2233//2233 2234//2234
f 2187//2187 2234//2234 2188//2188
f 2188//2188 2234//2234 2235//2235
f 2188//2188 2235//2235 2189//2189
f 2189//2189 2235//2235 2236//2236
f 2189//2189 2236//2236 2190//2190
f 2190//2190 2236//2236 2237//2237
f 2190//2190 2237//2237 2191//2191
f 2191//2191 2237//2237 2238//2238
f 2191//2191 2238//2238 2192//2192
f 2192//2192 2238//2238 2239//2239
f 2192//2192 2239//2239 2193//2193
f 2193//2193 2239//2239 2240//2240
f 2240//2240 2241//2241 2193//2193
f 2246//2246 2247//2247 2194//2194
f 2194//2194 2247//2247 2195//2195
f 2195//2195 2247//2247 2248//2248
f 2510//2510 2464//2464 2248//2248
f 2464//2464 2195//2195 2248//2248
f 2464//2464 2196//2196 2195//2195
f 2465//2465 2196//2196 2464//2464
f 2465//2465 2197//2197 2196//2196
f 2466//2466 2197//2197 2465//2465
f 2466//2466 2198//2198 2197//2197
f 2467//2467 2198//2198 2466//2466
f 2467//2467 2199//2199 2198//2198
f 2468//2468 2199//2199 2467//2467
f 2468//2468 2200//2200 2199//2199
f 2469//2469 2200//2200 2468//2468
f 2469//2469 2201//2201 2200//2200
f 2470//2470 2201//2201 2469//2469
f 2470//2470 2202//2202 2201//2201
f 2471//2471 2202//2202 2470//2470
f 2471//2471 2203//2203 2202//2202
f 2472//2472 2203//2203 2471//2471
f 2472//2472 2204//2204 2203//2203
f 2473//2473 2204//2204 2472//2472
f 2473//2473 2205//2205 2204//2204
f 2474//2474 2205//2205 2473//2473
f 2474//2474 2206//2206 2205//2205
f 2475//2475 2206//2206 2474//2474
f 2475//2475 2207//2207 2206//2206
f 2476//2476 2207//2207 2475//2475
f 2476//2476 2208//2208 2207//2207
f 2477//2477 2208//2208 2476//2476
f 2477//2477 2209//2209 2208//2208
f 2478//2478 2209//2209 2477//2477
f 2478//2478 2210//2210 2209//2209
f 2479//2479 2210//2210 2478//2478
f 2479//2479 2211//2211 2210//2210
f 2480//2480 2211//2211 2479//2479
f 2480//2480 2212//2212 2211//2211
f 2481//2481 2212//2212 2480//2480
f 2481//2481 2213//2213 2212//2212
f 2482//2482 2213//2213 2481//2481
f 2482//2482 2214//2214 2213//2213
f 2483//2483 2214//2214 2482//2482
f 2483//2483 2215//2215 2214//2214
f 2484//2484 2215//2215 2483//2483
f 2484//2484 2216//2216 2215//2215
f 2485//2485 2216//2216 2484//2484
f 2485//2485 2217//2217 2216//2216
f 2486//2486 2217//2217 2485//2485
f 2486//2486 2218//2218 2217//2217
f 2487//2487 2218//2218 2486//2486
f 2487//2487 2219//2219 2218//2218
f 2488//2488 2219//2219 2487//2487
f 2488//2488 2220//2220 2219//2219
f 2489//2489 2220//2220 2488//2488
f 2489//2489 2221//2221 2220//2220
f 2490//2490 2221//2221 2489//2489
f 2490//2490 2222//2222 2221//2221
f 2491//2491 2222//2222 2490//2490
f 2491//2491 2223//2223 2222//2222
f 2492//2492 2223//2223 2491//2491
f 2492//2492 2224//2224 2223//2223
f 2493//2493 2226//2226 2225//2225
f 2224//2224 2493//2493 2225//2225
f 2492//2492 2493//2493 2224//2224
f 2494//2494 2227//2227 2226//2226
f 2494//2494 2226//2226 2493//2493
f 2495//2495 2228//2228 2227//2227
f 2495//2495 2227//2227 2494//2494
f 2496//2496 2229//2229 2228//2228
f 2496//2496 2228//2228 2495//2495
f 2497//2497 2230//2230 2229//2229
f 2497//2497 2229//2229 2496//2496
f 2498//2498 2231//2231 2230//2230
f 2498//2498 2230//2230 2497//2497
f 2499//2499 2232//2232 2231//2231
f 2499//2499 2231//2231 2498//2498
f 2500//2500 2233//2233 2232//2232
f 2500//2500 2232//2232 2499//2499
f 2501//2501 2234//2234 2233//2233
f 2501//2501 2233//2233 2500//2500
f 2502//2502 2235//2235 2234//2234
f 2502//2502 2234//2234 2501//2501
f 2503//2503 2236//2236 2235//2235
f 2503//2503 2235//2235 2502//2502
f 2504//2504 2237//2237 2236//2236
f 2504//2504 2236//2236 2503//2503
f 2505//2505 2238//2238 2237//2237
f 2505//2505 2237//2237 2504//2504
f 2506//2506 2239//2239 2238//2238
f 2506//2506 2238//2238 2505//2505
f 2507//2507 2240//2240 2239//2239
f 2507//2507 2239//2239 2506//2506
f 2254//2254 2242//2242 2519//2519
f 2519//2519 2242//2242 2507//2507
f 2242//2242 2241//2241 2507//2507
f 2241//2241 2240//2240 2507//2507
f 2242//2242 2254//2254 2243//2243
f 2243//2243 2254//2254 2255//2255
f 2243//2243 2255//2255 2244//2244
f 2244//2244 2255//2255 2256//2256
f 2256//2256 2257//2257 2244//2244
f 2260//2260 2261//2261 2245//2245
f 2523//2523 2508//2508 2261//2261
f 2261//2261 2508//2508 2245//2245
f 2508//2508 2247//2247 2245//2245
f 2247//2247 2246//2246 2245//2245
f 2509//2509 2248//2248 2247//2247
f 2509//2509 2247//2247 2508//2508
f 2509//2509 2510//2510 2248//2248
f 2293//2293 2292//2292 2249//2249
f 2293//2293 2249//2249 2250//2250
f 2293//2293 2250//2250 2294//2294
f 2294//2294 2250//2250 2251//2251
f 2294//2294 2251//2251 2296//2296
f 2296//2296 2251//2251 2252//2252
f 2296//2296 2252//2252 2298//2298
f 2298//2298 2252//2252 2253//2253
f 2298//2298 2253//2253 2300//2300
f 2520//2520 2254//2254 2519//2519
f 2253//2253 2302//2302 2300//2300
f 2521//2521 2255//2255 2254//2254
f 2521//2521 2254//2254 2520//2520
f 2255//2255 2521//2521 2561//2561
f 2303//2303 2255//2255 2561//2561
f 2256//2256 2255//2255 2303//2303
f 2257//2257 2256//2256 2258//2258
f 2256//2256 2304//2304 2258//2258
f 2256//2256 2303//2303 2304//2304
f 2304//2304 2305//2305 2258//2258
f 2307//2307 2308//2308 2259//2259
f 2563//2563 2522//2522 2308//2308
f 2308//2308 2522//2522 2259//2259
f 2522//2522 2261//2261 2259//2259
f 2261//2261 2260//2260 2259//2259
f 2522//2522 2523//2523 2261//2261
f 2527//2527 2567//2567 2309//2309
f 2527//2527 2309//2309 2262//2262
f 2262//2262 2528//2528 2527//2527
f 2263//2263 2528//2528 2262//2262
f 2263//2263 2529//2529 2528//2528
f 2264//2264 2529//2529 2263//2263
f 2264//2264 2530//2530 2529//2529
f 2265//2265 2530//2530 2264//2264
f 2265//2265 2531//2531 2530//2530
f 2266//2266 2531//2531 2265//2265
f 2266//2266 2532//2532 2531//2531
f 2267//2267 2532//2532 2266//2266
f 2267//2267 2533//2533 2532//2532
f 2268//2268 2533//2533 2267//2267
f 2268//2268 2534//2534 2533//2533
f 2269//2269 2534//2534 2268//2268
f 2269//2269 2535//2535 2534//2534
f 2270//2270 2535//2535 2269//2269
f 2270//2270 2536//2536 2535//2535
f 2271//2271 2536//2536 2270//2270
f 2271//2271 2537//2537 2536//2536
f 2272//2272 2537//2537 2271//2271
f 2272//2272 2538//2538 2537//2537
f 2273//2273 2538//2538 2272//2272
f 2273//2273 2539//2539 2538//2538
f 2274//2274 2539//2539 2273//2273
f 2274//2274 2540//2540 2539//2539
f 2275//2275 2540//2540 2274//2274
f 2275//2275 2541//2541 2540//2540
f 2276//2276 2541//2541 2275//2275
f 2276//2276 2542//2542 2541//2541
f 2277//2277 2542//2542 2276//2276
f 2277//2277 2543//2543 2542//2542
f 2278//2278 2543//2543 2277//2277
f 2278//2278 2544//2544 2543//2543
f 2279//2279 2544//2544 2278//2278
f 2279//2279 2545//2545 2544//2544
f 2280//2280 2545//2545 2279//2279
f 2280//2280 2546//2546 2545//2545
f 2281//2281 2546//2546 2280//2280
f 2281//2281 2547//2547 2546//2546
f 2282//2282 2547//2547 2281//2281
f 2282//2282 2548//2548 2547//2547
f 2283//2283 2548//2548 2282//2282
f 2283//2283 2549//2549 2548//2548
f 2284//2284 2549//2549 2283//2283
f 2284//2284 2550//2550 2549//2549
f 2285//2285 2550//2550 2284//2284
f 2285//2285 2551//2551 2550//2550
f 2286//2286 2551//2551 2285//2285
f 2286//2286 2552//2552 2551//2551
f 2287//2287 2552//2552 2286//2286
f 2287//2287 2553//2553 2552//2552
f 2288//2288 2553//2553 2287//2287
f 2288//2288 2554//2554 2553//2553
f 2289//2289 2554//2554 2288//2288
f 2289//2289 2555//2555 2554//2554
f 2290//2290 2555//2555 2289//2289
f 2290//2290 2556//2556 2555//2555
f 2291//2291 2556//2556 2290//2290
f 2293//2293 2557//2557 2292//2292
f 2557//2557 2291//2291 2292//2292
f 2557//2557 2556//2556 2291//2291
f 2557//2557 2293//2293 2558//2558
f 2293//2293 2294//2294 2558//2558
f 2310//2310 2311//2311 2295//2295
f 2568//2568 2297//2297 2295//2295
f 2311//2311 2568//2568 2295//2295
f 2568//2568 2296//2296 2297//2297
f 2294//2294 2568//2568 2558//2558
f 2568//2568 2294//2294 2296//2296
f 2297//2297 2296//2296 2298//2298
f 2297//2297 2298//2298 2299//2299
f 2299//2299 2298//2298 2300//2300
f 2299//2299 2300//2300 2301//2301
f 2302//2302 2301//2301 2300//2300
f 2562//2562 2303//2303 2561//2561
f 2303//2303 2562//2562 2572//2572
f 2313//2313 2303//2303 2572//2572
f 2304//2304 2303//2303 2313//2313
f 2305//2305 2304//2304 2306//2306
f 2304//2304 2314//2314 2306//2306
f 2304//2304 2313//2313 2314//2314
f 2314//2314 2315//2315 2306//2306
f 2308//2308 2307//2307 2318//2318
f 2318//2318 2307//2307 2317//2317
f 2318//2318 2573//2573 2563//2563
f 2318//2318 2563//2563 2308//2308
f 2576//2576 2309//2309 2567//2567
f 2319//2319 2309//2309 2576//2576
f 2310//2310 2312//2312 2311//2311
f 2568//2568 2311//2311 2312//2312
f 2322//2322 2568//2568 2312//2312
f 2579//2579 2568//2568 2322//2322
f 2313//2313 2572//2572 2582//2582
f 2313//2313 2582//2582 2323//2323
f 2323//2323 2314//2314 2313//2313
f 2323//2323 2324//2324 2314//2314
f 2324//2324 2325//2325 2314//2314
f 2314//2314 2325//2325 2315//2315
f 2326//2326 2327//2327 2316//2316
f 2316//2316 2327//2327 2317//2317
f 2327//2327 2318//2318 2317//2317
f 2327//2327 2328//2328 2318//2318
f 2328//2328 2585//2585 2573//2573
f 2328//2328 2573//2573 2318//2318
f 2320//2320 2319//2319 2576//2576
f 2320//2320 2576//2576 2577//2577
f 2577//2577 2589//2589 2320//2320
f 2320//2320 2589//2589 2329//2329
f 2596//2596 2578//2578 2337//2337
f 2337//2337 2578//2578 2321//2321
f 2322//2322 2321//2321 2578//2578
f 2322//2322 2578//2578 2579//2579
f 2583//2583 2323//2323 2582//2582
f 2323//2323 2583//2583 2599//2599
f 2338//2338 2323//2323 2599//2599
f 2324//2324 2323//2323 2338//2338
f 2338//2338 2339//2339 2324//2324
f 2324//2324 2339//2339 2325//2325
f 2327//2327 2326//2326 2342//2342
f 2342//2342 2326//2326 2341//2341
f 2342//2342 2600//2600 2584//2584
f 2328//2328 2342//2342 2584//2584
f 2327//2327 2342//2342 2328//2328
f 2584//2584 2585//2585 2328//2328
f 2603//2603 2329//2329 2589//2589
f 2343//2343 2329//2329 2603//2603
f 2344//2344 2345//2345 2330//2330
f 2345//2345 2347//2347 2330//2330
f 2604//2604 2590//2590 2348//2348
f 2348//2348 2590//2590 2331//2331
f 2591//2591 2331//2331 2590//2590
f 2591//2591 2332//2332 2331//2331
f 2592//2592 2332//2332 2591//2591
f 2592//2592 2333//2333 2332//2332
f 2593//2593 2333//2333 2592//2592
f 2593//2593 2334//2334 2333//2333
f 2594//2594 2334//2334 2593//2593
f 2594//2594 2335//2335 2334//2334
f 2595//2595 2335//2335 2594//2594
f 2595//2595 2336//2336 2335//2335
f 2337//2337 2336//2336 2595//2595
f 2337//2337 2595//2595 2596//2596
f 2338//2338 2599//2599 2607//2607
f 2338//2338 2607//2607 2350//2350
f 2339//2339 2338//2338 2340//2340
f 2338//2338 2351//2351 2340//2340
f 2338//2338 2350//2350 2351//2351
f 2351//2351 2352//2352 2340//2340
f 2342//2342 2341//2341 2354//2354
f 2354//2354 2341//2341 2353//2353
f 2354//2354 2609//2609 2600//2600
f 2354//2354 2600//2600 2342//2342
f 2612//2612 2343//2343 2603//2603
f 2355//2355 2343//2343 2612//2612
f 2344//2344 2346//2346 2345//2345
f 2346//2346 2347//2347 2345//2345
f 2348//2348 2349//2349 2604//2604
f 2604//2604 2349//2349 2605//2605
f 2616//2616 2605//2605 2349//2349
f 2616//2616 2349//2349 2359//2359
f 2608//2608 2350//2350 2607//2607
f 2350//2350 2608//2608 2626//2626
f 2367//2367 2350//2350 2626//2626
f 2351//2351 2350//2350 2367//2367
f 2367//2367 2368//2368 2351//2351
f 2351//2351 2368//2368 2352//2352
f 2354//2354 2353//2353 2371//2371
f 2371//2371 2353//2353 2370//2370
f 2371//2371 2628//2628 2609//2609
f 2371//2371 2609//2609 2354//2354
f 2356//2356 2355//2355 2612//2612
f 2356//2356 2612//2612 2613//2613
f 2614//2614 2356//2356 2613//2613
f 2614//2614 2357//2357 2356//2356
f 2614//2614 2643//2643 2357//2357
f 2357//2357 2643//2643 2382//2382
f 2644//2644 2615//2615 2386//2386
f 2386//2386 2615//2615 2358//2358
f 2359//2359 2358//2358 2615//2615
f 2359//2359 2615//2615 2616//2616
f 2617//2617 2648//2648 2390//2390
f 2617//2617 2390//2390 2360//2360
f 2360//2360 2618//2618 2617//2617
f 2361//2361 2618//2618 2360//2360
f 2361//2361 2619//2619 2618//2618
f 2362//2362 2619//2619 2361//2361
f 2362//2362 2620//2620 2619//2619
f 2363//2363 2620//2620 2362//2362
f 2363//2363 2621//2621 2620//2620
f 2364//2364 2621//2621 2363//2363
f 2364//2364 2622//2622 2621//2621
f 2365//2365 2622//2622 2364//2364
f 2365//2365 2623//2623 2622//2622
f 2366//2366 2623//2623 2365//2365
f 2649//2649 2623//2623 2366//2366
f 2649//2649 2366//2366 2391//2391
f 2367//2367 2626//2626 2652//2652
f 2367//2367 2652//2652 2392//2392
f 2392//2392 2393//2393 2367//2367
f 2367//2367 2393//2393 2368//2368
f 2394//2394 2395//2395 2369//2369
f 2653//2653 2627//2627 2395//2395
f 2395//2395 2627//2627 2369//2369
f 2627//2627 2371//2371 2369//2369
f 2371//2371 2370//2370 2369//2369
f 2627//2627 2628//2628 2371//2371
f 2397//2397 2630//2630 2657//2657
f 2630//2630 2397//2397 2399//2399
f 2372//2372 2630//2630 2399//2399
f 2631//2631 2630//2630 2372//2372
f 2372//2372 2400//2400 2401//2401
f 2632//2632 2372//2372 2401//2401
f 2631//2631 2372//2372 2632//2632
f 2403//2403 2633//2633 2632//2632
f 2403//2403 2632//2632 2401//2401
f 2633//2633 2403//2403 2405//2405
f 2373//2373 2633//2633 2405//2405
f 2634//2634 2633//2633 2373//2373
f 2373//2373 2635//2635 2634//2634
f 2374//2374 2635//2635 2373//2373
f 2374//2374 2636//2636 2635//2635
f 2375//2375 2636//2636 2374//2374
f 2375//2375 2637//2637 2636//2636
f 2376//2376 2637//2637 2375//2375
f 2376//2376 2638//2638 2637//2637
f 2377//2377 2638//2638 2376//2376
f 2377//2377 2639//2639 2638//2638
f 2378//2378 2639//2639 2377//2377
f 2378//2378 2640//2640 2639//2639
f 2379//2379 2640//2640 2378//2378
f 2379//2379 2641//2641 2640//2640
f 2380//2380 2641//2641 2379//2379
f 2380//2380 2642//2642 2641//2641
f 2381//2381 2642//2642 2380//2380
f 2381//2381 2382//2382 2642//2642
f 2642//2642 2382//2382 2643//2643
f 2406//2406 2407//2407 2383//2383
f 2383//2383 2407//2407 2384//2384
f 2384//2384 2407//2407 2408//2408
f 2384//2384 2408//2408 2385//2385
f 2385//2385 2408//2408 2410//2410
f 2410//2410 2412//2412 2385//2385
f 2386//2386 2387//2387 2644//2644
f 2644//2644 2387//2387 2645//2645
f 2387//2387 2646//2646 2645//2645
f 2388//2388 2646//2646 2387//2387
f 2388//2388 2647//2647 2646//2646
f 2389//2389 2647//2647 2388//2388
f 2389//2389 2390//2390 2647//2647
f 2647//2647 2390//2390 2648//2648
f 2391//2391 2659//2659 2649//2649
f 2391//2391 2413//2413 2659//2659
f 2392//2392 2652//2652 2661//2661
f 2392//2392 2661//2661 2414//2414
f 2414//2414 2415//2415 2392//2392
f 2392//2392 2415//2415 2393//2393
f 2395//2395 2394//2394 2418//2418
f 2418//2418 2394//2394 2417//2417
f 2418//2418 2664//2664 2653//2653
f 2418//2418 2653//2653 2395//2395
f 2656//2656 2669//2669 2422//2422
f 2656//2656 2422//2422 2396//2396
f 2657//2657 2656//2656 2397//2397
f 2656//2656 2398//2398 2397//2397
f 2656//2656 2396//2396 2398//2398
f 2398//2398 2399//2399 2397//2397
f 2400//2400 2402//2402 2401//2401
f 2401//2401 2402//2402 2403//2403
f 2403//2403 2402//2402 2404//2404
f 2404//2404 2405//2405 2403//2403
f 2407//2407 2406//2406 2425//2425
f 2425//2425 2406//2406 2424//2424
f 2409//2409 2408//2408 2426//2426
f 2408//2408 2425//2425 2426//2426
f 2408//2408 2407//2407 2425//2425
f 2408//2408 2409//2409 2410//2410
f 2410//2410 2409//2409 2411//2411
f 2411//2411 2412//2412 2410//2410
f 2413//2413 2671//2671 2659//2659
f 2413//2413 2430//2430 2671//2671
f 2662//2662 2414//2414 2661//2661
f 2431//2431 2416//2416 2674//2674
f 2674//2674 2416//2416 2662//2662
f 2416//2416 2415//2415 2662//2662
f 2415//2415 2414//2414 2662//2662
f 2431//2431 2432//2432 2416//2416
f 2418//2418 2417//2417 2663//2663
f 2417//2417 2676//2676 2663//2663
f 2417//2417 2433//2433 2676//2676
f 2418//2418 2419//2419 2666//2666
f 2664//2664 2418//2418 2666//2666
f 2418//2418 2435//2435 2419//2419
f 2679//2679 2418//2418 2663//2663
f 2418//2418 2679//2679 2435//2435
f 2419//2419 2667//2667 2666//2666
f 2420//2420 2667//2667 2419//2419
f 2420//2420 2668//2668 2667//2667
f 2421//2421 2668//2668 2420//2420
f 2421//2421 2422//2422 2668//2668
f 2668//2668 2422//2422 2669//2669
f 2436//2436 2437//2437 2423//2423
f 2437//2437 2439//2439 2423//2423
f 2425//2425 2424//2424 2441//2441
f 2441//2441 2424//2424 2440//2440
f 2426//2426 2425//2425 2427//2427
f 2425//2425 2443//2443 2427//2427
f 2425//2425 2441//2441 2443//2443
f 2427//2427 2443//2443 2428//2428
f 2428//2428 2443//2443 2445//2445
f 2428//2428 2445//2445 2429//2429
f 2429//2429 2445//2445 2447//2447
f 2447//2447 2449//2449 2429//2429
f 2430//2430 2680//2680 2671//2671
f 2430//2430 2450//2450 2680//2680
f 2675//2675 2431//2431 2674//2674
f 2675//2675 2685//2685 2431//2431
f 2685//2685 2432//2432 2431//2431
f 2685//2685 2454//2454 2432//2432
f 2433//2433 2434//2434 2676//2676
f 2676//2676 2434//2434 2678//2678
f 2434//2434 2435//2435 2678//2678
f 2678//2678 2435//2435 2679//2679
f 2436//2436 2438//2438 2437//2437
f 2438//2438 2439//2439 2437//2437
f 2440//2440 2442//2442 2441//2441
f 2441//2441 2442//2442 2443//2443
f 2443//2443 2442//2442 2444//2444
f 2443//2443 2444//2444 2445//2445
f 2445//2445 2444//2444 2446//2446
f 2445//2445 2446//2446 2447//2447
f 2447//2447 2446//2446 2448//2448
f 2448//2448 2449//2449 2447//2447
f 2450//2450 2451//2451 2680//2680
f 2680//2680 2451//2451 2681//2681
f 2451//2451 2682//2682 2681//2681
f 2452//2452 2682//2682 2451//2451
f 2453//2453 2456//2456 2687//2687
f 2682//2682 2453//2453 2687//2687
f 2452//2452 2453//2453 2682//2682
f 2457//2457 2456//2456 2453//2453
f 2455//2455 2454//2454 2685//2685
f 2455//2455 2685//2685 2686//2686
f 2686//2686 2698//2698 2455//2455
f 2455//2455 2698//2698 2463//2463
f 2456//2456 2689//2689 2687//2687
f 2457//2457 2458//2458 2456//2456
f 2458//2458 2689//2689 2456//2456
f 2458//2458 2691//2691 2689//2689
f 2458//2458 2692//2692 2691//2691
f 2459//2459 2692//2692 2458//2458
f 2459//2459 2693//2693 2692//2692
f 2460//2460 2693//2693 2459//2459
f 2460//2460 2695//2695 2693//2693
f 2461//2461 2695//2695 2460//2460
f 2461//2461 2697//2697 2695//2695
f 2462//2462 2697//2697 2461//2461
f 2462//2462 2463//2463 2697//2697
f 2697//2697 2463//2463 2698//2698
f 2510//2510 2511//2511 2464//2464
f 2464//2464 2511//2511 2465//2465
f 2465//2465 2511//2511 2512//2512
f 2465//2465 2512//2512 2466//2466
f 2466//2466 2512//2512 2513//2513
f 2466//2466 2513//2513 2467//2467
f 2467//2467 2513//2513 2514//2514
f 2467//2467 2514//2514 2468//2468
f 2468//2468 2514//2514 2515//2515
f 2739//2739 2699//2699 2515//2515
f 2699//2699 2468//2468 2515//2515
f 2699//2699 2469//2469 2468//2468
f 2700//2700 2469//2469 2699//2699
f 2700//2700 2470//2470 2469//2469
f 2701//2701 2470//2470 2700//2700
f 2701//2701 2471//2471 2470//2470
f 2702//2702 2471//2471 2701//2701
f 2702//2702 2472//2472 2471//2471
f 2703//2703 2472//2472 2702//2702
f 2703//2703 2473//2473 2472//2472
f 2704//2704 2473//2473 2703//2703
f 2704//2704 2474//2474 2473//2473
f 2705//2705 2474//2474 2704//2704
f 2705//2705 2475//2475 2474//2474
f 2706//2706 2475//2475 2705//2705
f 2706//2706 2476//2476 2475//2475
f 2707//2707 2476//2476 2706//2706
f 2707//2707 2477//2477 2476//2476
f 2708//2708 2477//2477 2707//2707
f 2708//2708 2478//2478 2477//2477
f 2709//2709 2478//2478 2708//2708
f 2709//2709 2479//2479 2478//2478
f 2710//2710 2479//2479 2709//2709
f 2710//2710 2480//2480 2479//2479
f 2711//2711 2480//2480 2710//2710
f 2711//2711 2481//2481 2480//2480
f 2712//2712 2481//2481 2711//2711
f 2712//2712 2482//2482 2481//2481
f 2713//2713 2482//2482 2712//2712
f 2713//2713 2483//2483 2482//2482
f 2714//2714 2483//2483 2713//2713
f 2714//2714 2484//2484 2483//2483
f 2715//2715 2484//2484 2714//2714
f 2715//2715 2485//2485 2484//2484
f 2716//2716 2485//2485 2715//2715
f 2716//2716 2486//2486 2485//2485
f 2717//2717 2486//2486 2716//2716
f 2717//2717 2487//2487 2486//2486
f 2718//2718 2487//2487 2717//2717
f 2718//2718 2488//2488 2487//2487
f 2719//2719 2488//2488 2718//2718
f 2719//2719 2489//2489 2488//2488
f 2720//2720 2489//2489 2719//2719
f 2720//2720 2490//2490 2489//2489
f 2721//2721 2490//2490 2720//2720
f 2721//2721 2491//2491 2490//2490
f 2722//2722 2491//2491 2721//2721
f 2722//2722 2492//2492 2491//2491
f 2723//2723 2492//2492 2722//2722
f 2723//2723 2493//2493 2492//2492
f 2724//2724 2493//2493 2723//2723
f 2724//2724 2494//2494 2493//2493
f 2725//2725 2494//2494 2724//2724
f 2725//2725 2495//2495 2494//2494
f 2726//2726 2495//2495 2725//2725
f 2726//2726 2496//2496 2495//2495
f 2727//2727 2496//2496 2726//2726
f 2727//2727 2497//2497 2496//2496
f 2728//2728 2497//2497 2727//2727
f 2728//2728 2498//2498 2497//2497
f 2729//2729 2498//2498 2728//2728
f 2729//2729 2499//2499 2498//2498
f 2730//2730 2499//2499 2729//2729
f 2730//2730 2500//2500 2499//2499
f 2731//2731 2500//2500 2730//2730
f 2731//2731 2501//2501 2500//2500
f 2732//2732 2501//2501 2731//2731
f 2732//2732 2502//2502 2501//2501
f 2733//2733 2502//2502 2732//2732
f 2733//2733 2503//2503 2502//2502
f 2734//2734 2503//2503 2733//2733
f 2734//2734 2504//2504 2503//2503
f 2516//2516 2505//2505 2748//2748
f 2505//2505 2734//2734 2748//2748
f 2505//2505 2504//2504 2734//2734
f 2505//2505 2516//2516 2506//2506
f 2506//2506 2516//2516 2517//2517
f 2506//2506 2517//2517 2507//2507
f 2507//2507 2517//2517 2518//2518
f 2518//2518 2519//2519 2507//2507
f 2523//2523 2524//2524 2508//2508
f 2508//2508 2524//2524 2509//2509
f 2509//2509 2524//2524 2525//2525
f 2509//2509 2525//2525 2510//2510
f 2525//2525 2511//2511 2510//2510
f 2525//2525 2526//2526 2511//2511
f 2526//2526 2753//2753 2735//2735
f 2512//2512 2526//2526 2735//2735
f 2511//2511 2526//2526 2512//2512
f 2736//2736 2513//2513 2512//2512
f 2736//2736 2512//2512 2735//2735
f 2737//2737 2514//2514 2513//2513
f 2737//2737 2513//2513 2736//2736
f 2738//2738 2515//2515 2514//2514
f 2738//2738 2514//2514 2737//2737
f 2738//2738 2739//2739 2515//2515
f 2749//2749 2516//2516 2748//2748
f 2750//2750 2517//2517 2516//2516
f 2750//2750 2516//2516 2749//2749
f 2751//2751 2518//2518 2517//2517
f 2751//2751 2517//2517 2750//2750
f 2559//2559 2520//2520 2792//2792
f 2792//2792 2520//2520 2751//2751
f 2520//2520 2519//2519 2751//2751
f 2519//2519 2518//2518 2751//2751
f 2520//2520 2559//2559 2521//2521
f 2521//2521 2559//2559 2560//2560
f 2560//2560 2561//2561 2521//2521
f 2563//2563 2564//2564 2522//2522
f 2522//2522 2564//2564 2523//2523
f 2564//2564 2524//2524 2523//2523
f 2564//2564 2565//2565 2524//2524
f 2565//2565 2525//2525 2524//2524
f 2565//2565 2566//2566 2525//2525
f 2566//2566 2795//2795 2752//2752
f 2526//2526 2566//2566 2752//2752
f 2525//2525 2566//2566 2526//2526
f 2752//2752 2753//2753 2526//2526
f 2757//2757 2798//2798 2567//2567
f 2757//2757 2567//2567 2527//2527
f 2527//2527 2758//2758 2757//2757
f 2528//2528 2758//2758 2527//2527
f 2528//2528 2759//2759 2758//2758
f 2529//2529 2759//2759 2528//2528
f 2529//2529 2760//2760 2759//2759
f 2530//2530 2760//2760 2529//2529
f 2530//2530 2761//2761 2760//2760
f 2531//2531 2761//2761 2530//2530
f 2531//2531 2762//2762 2761//2761
f 2532//2532 2762//2762 2531//2531
f 2532//2532 2763//2763 2762//2762
f 2533//2533 2763//2763 2532//2532
f 2533//2533 2764//2764 2763//2763
f 2534//2534 2764//2764 2533//2533
f 2534//2534 2765//2765 2764//2764
f 2535//2535 2765//2765 2534//2534
f 2535//2535 2766//2766 2765//2765
f 2536//2536 2766//2766 2535//2535
f 2536//2536 2767//2767 2766//2766
f 2537//2537 2767//2767 2536//2536
f 2537//2537 2768//2768 2767//2767
f 2538//2538 2768//2768 2537//2537
f 2538//2538 2769//2769 2768//2768
f 2539//2539 2769//2769 2538//2538
f 2539//2539 2770//2770 2769//2769
f 2540//2540 2770//2770 2539//2539
f 2540//2540 2771//2771 2770//2770
f 2541//2541 2771//2771 2540//2540
f 2541//2541 2772//2772 2771//2771
f 2542//2542 2772//2772 2541//2541
f 2542//2542 2773//2773 2772//2772
f 2543//2543 2773//2773 2542//2542
f 2543//2543 2774//2774 2773//2773
f 2544//2544 2774//2774 2543//2543
f 2544//2544 2775//2775 2774//2774
f 2545//2545 2775//2775 2544//2544
f 2545//2545 2776//2776 2775//2775
f 2546//2546 2776//2776 2545//2545
f 2546//2546 2777//2777 2776//2776
f 2547//2547 2777//2777 2546//2546
f 2547//2547 2778//2778 2777//2777
f 2548//2548 2778//2778 2547//2547
f 2548//2548 2779//2779 2778//2778
f 2549//2549 2779//2779 2548//2548
f 2549//2549 2780//2780 2779//2779
f 2550//2550 2780//2780 2549//2549
f 2550//2550 2781//2781 2780//2780
f 2551//2551 2781//2781 2550//2550
f 2551//2551 2782//2782 2781//2781
f 2552//2552 2782//2782 2551//2551
f 2552//2552 2783//2783 2782//2782
f 2553//2553 2783//2783 2552//2552
f 2553//2553 2784//2784 2783//2783
f 2554//2554 2784//2784 2553//2553
f 2554//2554 2785//2785 2784//2784
f 2555//2555 2785//2785 2554//2554
f 2555//2555 2786//2786 2785//2785
f 2556//2556 2786//2786 2555//2555
f 2556//2556 2787//2787 2786//2786
f 2557//2557 2787//2787 2556//2556
f 2557//2557 2788//2788 2787//2787
f 2558//2558 2788//2788 2557//2557
f 2558//2558 2568//2568 2569//2569
f 2789//2789 2558//2558 2569//2569
f 2788//2788 2558//2558 2789//2789
f 2569//2569 2802//2802 2789//2789
f 2793//2793 2559//2559 2792//2792
f 2559//2559 2793//2793 2805//2805
f 2570//2570 2559//2559 2805//2805
f 2560//2560 2559//2559 2570//2570
f 2561//2561 2560//2560 2562//2562
f 2560//2560 2571//2571 2562//2562
f 2560//2560 2570//2570 2571//2571
f 2571//2571 2572//2572 2562//2562
f 2564//2564 2563//2563 2574//2574
f 2574//2574 2563//2563 2573//2573
f 2574//2574 2565//2565 2564//2564
f 2574//2574 2575//2575 2565//2565
f 2575//2575 2806//2806 2794//2794
f 2566//2566 2575//2575 2794//2794
f 2565//2565 2575//2575 2566//2566
f 2794//2794 2795//2795 2566//2566
f 2809//2809 2567//2567 2798//2798
f 2576//2576 2567//2567 2809//2809
f 2569//2569 2568//2568 2801//2801
f 2568//2568 2811//2811 2801//2801
f 2568//2568 2579//2579 2811//2811
f 2801//2801 2802//2802 2569//2569
f 2570//2570 2805//2805 2814//2814
f 2570//2570 2814//2814 2580//2580
f 2580//2580 2571//2571 2570//2570
f 2580//2580 2581//2581 2571//2571
f 2581//2581 2582//2582 2571//2571
f 2571//2571 2582//2582 2572//2572
f 2574//2574 2573//2573 2586//2586
f 2586//2586 2573//2573 2585//2585
f 2586//2586 2575//2575 2574//2574
f 2586//2586 2587//2587 2575//2575
f 2587//2587 2817//2817 2806//2806
f 2587//2587 2806//2806 2575//2575
f 2820//2820 2588//2588 2577//2577
f 2576//2576 2820//2820 2577//2577
f 2809//2809 2820//2820 2576//2576
f 2588//2588 2589//2589 2577//2577
f 2830//2830 2810//2810 2596//2596
f 2596//2596 2810//2810 2578//2578
f 2579//2579 2578//2578 2810//2810
f 2579//2579 2810//2810 2811//2811
f 2815//2815 2580//2580 2814//2814
f 2580//2580 2815//2815 2833//2833
f 2597//2597 2580//2580 2833//2833
f 2581//2581 2580//2580 2597//2597
f 2582//2582 2581//2581 2583//2583
f 2581//2581 2598//2598 2583//2583
f 2581//2581 2597//2597 2598//2598
f 2598//2598 2599//2599 2583//2583
f 2600//2600 2601//2601 2584//2584
f 2584//2584 2601//2601 2585//2585
f 2601//2601 2586//2586 2585//2585
f 2601//2601 2602//2602 2586//2586
f 2602//2602 2835//2835 2816//2816
f 2587//2587 2602//2602 2816//2816
f 2586//2586 2602//2602 2587//2587
f 2816//2816 2817//2817 2587//2587
f 2821//2821 2588//2588 2820//2820
f 2821//2821 2839//2839 2588//2588
f 2839//2839 2589//2589 2588//2588
f 2839//2839 2603//2603 2589//2589
f 2840//2840 2822//2822 2604//2604
f 2604//2604 2822//2822 2590//2590
f 2823//2823 2590//2590 2822//2822
f 2823//2823 2591//2591 2590//2590
f 2824//2824 2591//2591 2823//2823
f 2824//2824 2592//2592 2591//2591
f 2825//2825 2592//2592 2824//2824
f 2825//2825 2593//2593 2592//2592
f 2827//2827 2593//2593 2825//2825
f 2827//2827 2594//2594 2593//2593
f 2829//2829 2594//2594 2827//2827
f 2829//2829 2595//2595 2594//2594
f 2596//2596 2595//2595 2829//2829
f 2596//2596 2829//2829 2830//2830
f 2834//2834 2597//2597 2833//2833
f 2597//2597 2834//2834 2845//2845
f 2606//2606 2597//2597 2845//2845
f 2598//2598 2597//2597 2606//2606
f 2606//2606 2607//2607 2598//2598
f 2598//2598 2607//2607 2599//2599
f 2601//2601 2600//2600 2610//2610
f 2610//2610 2600//2600 2609//2609
f 2610//2610 2602//2602 2601//2601
f 2610//2610 2611//2611 2602//2602
f 2611//2611 2847//2847 2835//2835
f 2611//2611 2835//2835 2602//2602
f 2850//2850 2603//2603 2839//2839
f 2612//2612 2603//2603 2850//2850
f 2604//2604 2605//2605 2840//2840
f 2840//2840 2605//2605 2842//2842
f 2855//2855 2842//2842 2605//2605
f 2855//2855 2605//2605 2616//2616
f 2606//2606 2845//2845 2864//2864
f 2606//2606 2864//2864 2624//2624
f 2607//2607 2606//2606 2608//2608
f 2606//2606 2625//2625 2608//2608
f 2606//2606 2624//2624 2625//2625
f 2625//2625 2626//2626 2608//2608
f 2610//2610 2609//2609 2629//2629
f 2629//2629 2609//2609 2628//2628
f 2629//2629 2865//2865 2846//2846
f 2611//2611 2629//2629 2846//2846
f 2610//2610 2629//2629 2611//2611
f 2846//2846 2847//2847 2611//2611
f 2613//2613 2612//2612 2850//2850
f 2613//2613 2850//2850 2852//2852
f 2853//2853 2613//2613 2852//2852
f 2853//2853 2614//2614 2613//2613
f 2853//2853 2880//2880 2614//2614
f 2614//2614 2880//2880 2643//2643
f 2881//2881 2854//2854 2644//2644
f 2644//2644 2854//2854 2615//2615
f 2616//2616 2615//2615 2854//2854
f 2616//2616 2854//2854 2855//2855
f 2856//2856 2885//2885 2648//2648
f 2856//2856 2648//2648 2617//2617
f 2617//2617 2857//2857 2856//2856
f 2618//2618 2857//2857 2617//2617
f 2618//2618 2858//2858 2857//2857
f 2619//2619 2858//2858 2618//2618
f 2619//2619 2859//2859 2858//2858
f 2620//2620 2859//2859 2619//2619
f 2620//2620 2860//2860 2859//2859
f 2621//2621 2860//2860 2620//2620
f 2621//2621 2861//2861 2860//2860
f 2622//2622 2861//2861 2621//2621
f 2622//2622 2862//2862 2861//2861
f 2623//2623 2862//2862 2622//2622
f 2886//2886 2862//2862 2623//2623
f 2886//2886 2623//2623 2649//2649
f 2624//2624 2864//2864 2888//2888
f 2624//2624 2888//2888 2650//2650
f 2650//2650 2625//2625 2624//2624
f 2650//2650 2651//2651 2625//2625
f 2651//2651 2652//2652 2625//2625
f 2625//2625 2652//2652 2626//2626
f 2653//2653 2654//2654 2627//2627
f 2627//2627 2654//2654 2628//2628
f 2654//2654 2629//2629 2628//2628
f 2654//2654 2655//2655 2629//2629
f 2655//2655 2891//2891 2865//2865
f 2655//2655 2865//2865 2629//2629
f 2658//2658 2657//2657 2630//2630
f 2868//2868 2895//2895 2658//2658
f 2630//2630 2868//2868 2658//2658
f 2631//2631 2868//2868 2630//2630
f 2631//2631 2869//2869 2868//2868
f 2632//2632 2869//2869 2631//2631
f 2632//2632 2870//2870 2869//2869
f 2633//2633 2870//2870 2632//2632
f 2633//2633 2871//2871 2870//2870
f 2634//2634 2871//2871 2633//2633
f 2634//2634 2872//2872 2871//2871
f 2635//2635 2872//2872 2634//2634
f 2635//2635 2873//2873 2872//2872
f 2636//2636 2873//2873 2635//2635
f 2636//2636 2874//2874 2873//2873
f 2637//2637 2874//2874 2636//2636
f 2637//2637 2875//2875 2874//2874
f 2638//2638 2875//2875 2637//2637
f 2638//2638 2876//2876 2875//2875
f 2639//2639 2876//2876 2638//2638
f 2639//2639 2877//2877 2876//2876
f 2640//2640 2877//2877 2639//2639
f 2640//2640 2878//2878 2877//2877
f 2641//2641 2878//2878 2640//2640
f 2641//2641 2879//2879 2878//2878
f 2642//2642 2879//2879 2641//2641
f 2642//2642 2643//2643 2879//2879
f 2879//2879 2643//2643 2880//2880
f 2644//2644 2645//2645 2881//2881
f 2881//2881 2645//2645 2882//2882
f 2645//2645 2883//2883 2882//2882
f 2646//2646 2883//2883 2645//2645
f 2646//2646 2884//2884 2883//2883
f 2647//2647 2884//2884 2646//2646
f 2647//2647 2648//2648 2884//2884
f 2884//2884 2648//2648 2885//2885
f 2649//2649 2897//2897 2886//2886
f 2649//2649 2659//2659 2897//2897
f 2889//2889 2650//2650 2888//2888
f 2650//2650 2889//2889 2900//2900
f 2660//2660 2650//2650 2900//2900
f 2651//2651 2650//2650 2660//2660
f 2660//2660 2661//2661 2651//2651
f 2651//2651 2661//2661 2652//2652
f 2654//2654 2653//2653 2665//2665
f 2665//2665 2653//2653 2664//2664
f 2665//2665 2901//2901 2890//2890
f 2655//2655 2665//2665 2890//2890
f 2654//2654 2665//2665 2655//2655
f 2890//2890 2891//2891 2655//2655
f 2670//2670 2669//2669 2656//2656
f 2894//2894 2906//2906 2670//2670
f 2894//2894 2670//2670 2656//2656
f 2658//2658 2894//2894 2656//2656
f 2657//2657 2658//2658 2656//2656
f 2895//2895 2894//2894 2658//2658
f 2659//2659 2908//2908 2897//2897
f 2659//2659 2671//2671 2908//2908
f 2660//2660 2900//2900 2910//2910
f 2660//2660 2910//2910 2672//2672
f 2661//2661 2660//2660 2662//2662
f 2660//2660 2673//2673 2662//2662
f 2660//2660 2672//2672 2673//2673
f 2673//2673 2674//2674 2662//2662
f 2676//2676 2677//2677 2663//2663
f 2666//2666 2665//2665 2664//2664
f 2677//2677 2679//2679 2663//2663
f 2665//2665 2666//2666 2901//2901
f 2666//2666 2903//2903 2901//2901
f 2666//2666 2667//2667 2903//2903
f 2667//2667 2904//2904 2903//2903
f 2668//2668 2904//2904 2667//2667
f 2670//2670 2905//2905 2669//2669
f 2905//2905 2668//2668 2669//2669
f 2905//2905 2904//2904 2668//2668
f 2906//2906 2905//2905 2670//2670
f 2671//2671 2912//2912 2908//2908
f 2671//2671 2680//2680 2912//2912
f 2911//2911 2672//2672 2910//2910
f 2672//2672 2911//2911 2918//2918
f 2683//2683 2672//2672 2918//2918
f 2673//2673 2672//2672 2683//2683
f 2674//2674 2673//2673 2675//2675
f 2673//2673 2684//2684 2675//2675
f 2673//2673 2683//2683 2684//2684
f 2684//2684 2685//2685 2675//2675
f 2676//2676 2678//2678 2677//2677
f 2678//2678 2679//2679 2677//2677
f 2680//2680 2681//2681 2912//2912
f 2912//2912 2681//2681 2913//2913
f 2681//2681 2914//2914 2913//2913
f 2682//2682 2914//2914 2681//2681
f 2682//2682 2687//2687 2688//2688
f 2915//2915 2682//2682 2688//2688
f 2914//2914 2682//2682 2915//2915
f 2690//2690 2916//2916 2915//2915
f 2690//2690 2915//2915 2688//2688
f 2690//2690 2920//2920 2916//2916
f 2919//2919 2683//2683 2918//2918
f 2683//2683 2919//2919 2925//2925
f 2694//2694 2683//2683 2925//2925
f 2684//2684 2683//2683 2694//2694
f 2685//2685 2684//2684 2686//2686
f 2684//2684 2696//2696 2686//2686
f 2684//2684 2694//2694 2696//2696
f 2696//2696 2698//2698 2686//2686
f 2687//2687 2689//2689 2688//2688
f 2688//2688 2689//2689 2690//2690
f 2690//2690 2689//2689 2691//2691
f 2690//2690 2691//2691 2920//2920
f 2691//2691 2922//2922 2920//2920
f 2691//2691 2692//2692 2922//2922
f 2692//2692 2924//2924 2922//2922
f 2693//2693 2924//2924 2692//2692
f 2925//2925 2924//2924 2694//2694
f 2924//2924 2695//2695 2694//2694
f 2924//2924 2693//2693 2695//2695
f 2694//2694 2695//2695 2696//2696
f 2696//2696 2695//2695 2697//2697
f 2697//2697 2698//2698 2696//2696
f 2739//2739 2740//2740 2699//2699
f 2699//2699 2740//2740 2700//2700
f 2700//2700 2740//2740 2741//2741
f 2700//2700 2741//2741 2701//2701
f 2701//2701 2741//2741 2742//2742
f 2701//2701 2742//2742 2702//2702
f 2702//2702 2742//2742 2743//2743
f 2702//2702 2743//2743 2703//2703
f 2703//2703 2743//2743 2744//2744
f 2960//2960 2926//2926 2744//2744
f 2926//2926 2703//2703 2744//2744
f 2926//2926 2704//2704 2703//2703
f 2927//2927 2704//2704 2926//2926
f 2927//2927 2705//2705 2704//2704
f 2928//2928 2705//2705 2927//2927
f 2928//2928 2706//2706 2705//2705
f 2929//2929 2706//2706 2928//2928
f 2929//2929 2707//2707 2706//2706
f 2930//2930 2707//2707 2929//2929
f 2930//2930 2708//2708 2707//2707
f 2931//2931 2708//2708 2930//2930
f 2931//2931 2709//2709 2708//2708
f 2932//2932 2709//2709 2931//2931
f 2932//2932 2710//2710 2709//2709
f 2933//2933 2710//2710 2932//2932
f 2933//2933 2711//2711 2710//2710
f 2934//2934 2711//2711 2933//2933
f 2934//2934 2712//2712 2711//2711
f 2935//2935 2712//2712 2934//2934
f 2935//2935 2713//2713 2712//2712
f 2936//2936 2713//2713 2935//2935
f 2936//2936 2714//2714 2713//2713
f 2937//2937 2714//2714 2936//2936
f 2937//2937 2715//2715 2714//2714
f 2938//2938 2715//2715 2937//2937
f 2938//2938 2716//2716 2715//2715
f 2939//2939 2716//2716 2938//2938
f 2939//2939 2717//2717 2716//2716
f 2940//2940 2717//2717 2939//2939
f 2940//2940 2718//2718 2717//2717
f 2941//2941 2718//2718 2940//2940
f 2941//2941 2719//2719 2718//2718
f 2942//2942 2719//2719 2941//2941
f 2942//2942 2720//2720 2719//2719
f 2943//2943 2720//2720 2942//2942
f 2943//2943 2721//2721 2720//2720
f 2944//2944 2721//2721 2943//2943
f 2944//2944 2722//2722 2721//2721
f 2945//2945 2722//2722 2944//2944
f 2945//2945 2723//2723 2722//2722
f 2946//2946 2723//2723 2945//2945
f 2946//2946 2724//2724 2723//2723
f 2947//2947 2724//2724 2946//2946
f 2947//2947 2725//2725 2724//2724
f 2948//2948 2725//2725 2947//2947
f 2948//2948 2726//2726 2725//2725
f 2949//2949 2726//2726 2948//2948
f 2949//2949 2727//2727 2726//2726
f 2950//2950 2727//2727 2949//2949
f 2950//2950 2728//2728 2727//2727
f 2951//2951 2728//2728 2950//2950
f 2951//2951 2729//2729 2728//2728
f 2952//2952 2729//2729 2951//2951
f 2952//2952 2730//2730 2729//2729
f 2953//2953 2730//2730 2952//2952
f 2953//2953 2731//2731 2730//2730
f 2745//2745 2732//2732 2970//2970
f 2732//2732 2953//2953 2970//2970
f 2732//2732 2731//2731 2953//2953
f 2732//2732 2745//2745 2733//2733
f 2733//2733 2745//2745 2746//2746
f 2733//2733 2746//2746 2734//2734
f 2734//2734 2746//2746 2747//2747
f 2747//2747 2748//2748 2734//2734
f 2753//2753 2754//2754 2735//2735
f 2735//2735 2754//2754 2736//2736
f 2736//2736 2754//2754 2755//2755
f 2736//2736 2755//2755 2737//2737
f 2737//2737 2755//2755 2756//2756
f 2977//2977 2954//2954 2756//2756
f 2954//2954 2737//2737 2756//2756
f 2954//2954 2738//2738 2737//2737
f 2955//2955 2740//2740 2739//2739
f 2738//2738 2955//2955 2739//2739
f 2954//2954 2955//2955 2738//2738
f 2956//2956 2741//2741 2740//2740
f 2956//2956 2740//2740 2955//2955
f 2957//2957 2742//2742 2741//2741
f 2957//2957 2741//2741 2956//2956
f 2958//2958 2743//2743 2742//2742
f 2958//2958 2742//2742 2957//2957
f 2959//2959 2744//2744 2743//2743
f 2959//2959 2743//2743 2958//2958
f 2959//2959 2960//2960 2744//2744
f 2971//2971 2745//2745 2970//2970
f 2972//2972 2746//2746 2745//2745
f 2972//2972 2745//2745 2971//2971
f 2973//2973 2747//2747 2746//2746
f 2973//2973 2746//2746 2972//2972
f 2749//2749 2748//2748 2747//2747
f 2973//2973 2749//2749 2747//2747
f 2974//2974 2749//2749 2973//2973
f 2790//2790 2750//2750 3014//3014
f 2750//2750 2974//2974 3014//3014
f 2750//2750 2749//2749 2974//2974
f 2750//2750 2790//2790 2751//2751
f 2751//2751 2790//2790 2791//2791
f 2791//2791 2792//2792 2751//2751
f 2795//2795 2796//2796 2752//2752
f 2752//2752 2796//2796 2753//2753
f 2796//2796 2754//2754 2753//2753
f 2796//2796 2797//2797 2754//2754
f 2797//2797 3017//3017 2975//2975
f 2755//2755 2797//2797 2975//2975
f 2754//2754 2797//2797 2755//2755
f 2976//2976 2756//2756 2755//2755
f 2976//2976 2755//2755 2975//2975
f 2976//2976 2977//2977 2756//2756
f 2981//2981 3020//3020 2798//2798
f 2981//2981 2798//2798 2757//2757
f 2757//2757 2982//2982 2981//2981
f 2758//2758 2982//2982 2757//2757
f 2758//2758 2983//2983 2982//2982
f 2759//2759 2983//2983 2758//2758
f 2759//2759 2984//2984 2983//2983
f 2760//2760 2984//2984 2759//2759
f 2760//2760 2985//2985 2984//2984
f 2761//2761 2985//2985 2760//2760
f 2761//2761 2986//2986 2985//2985
f 2762//2762 2986//2986 2761//2761
f 2762//2762 2987//2987 2986//2986
f 2763//2763 2987//2987 2762//2762
f 2763//2763 2988//2988 2987//2987
f 2764//2764 2988//2988 2763//2763
f 2764//2764 2989//2989 2988//2988
f 2765//2765 2989//2989 2764//2764
f 2765//2765 2990//2990 2989//2989
f 2766//2766 2990//2990 2765//2765
f 2766//2766 2991//2991 2990//2990
f 2767//2767 2991//2991 2766//2766
f 2767//2767 2992//2992 2991//2991
f 2768//2768 2992//2992 2767//2767
f 2768//2768 2993//2993 2992//2992
f 2769//2769 2993//2993 2768//2768
f 2769//2769 2994//2994 2993//2993
f 2770//2770 2994//2994 2769//2769
f 2770//2770 2995//2995 2994//2994
f 2771//2771 2995//2995 2770//2770
f 2771//2771 2996//2996 2995//2995
f 2772//2772 2996//2996 2771//2771
f 2772//2772 2997//2997 2996//2996
f 2773//2773 2997//2997 2772//2772
f 2773//2773 2998//2998 2997//2997
f 2774//2774 2998//2998 2773//2773
f 2774//2774 2999//2999 2998//2998
f 2775//2775 2999//2999 2774//2774
f 2775//2775 3000//3000 2999//2999
f 2776//2776 3000//3000 2775//2775
f 2776//2776 3001//3001 3000//3000
f 2777//2777 3001//3001 2776//2776
f 2777//2777 3002//3002 3001//3001
f 2778//2778 3002//3002 2777//2777
f 2778//2778 3003//3003 3002//3002
f 2779//2779 3003//3003 2778//2778
f 2779//2779 3004//3004 3003//3003
f 2780//2780 3004//3004 2779//2779
f 2780//2780 3005//3005 3004//3004
f 2781//2781 3005//3005 2780//2780
f 2781//2781 3006//3006 3005//3005
f 2782//2782 3006//3006 2781//2781
f 2782//2782 3007//3007 3006//3006
f 2783//2783 3007//3007 2782//2782
f 2783//2783 3008//3008 3007//3007
f 2784//2784 3008//3008 2783//2783
f 2784//2784 3009//3009 3008//3008
f 2785//2785 3009//3009 2784//2784
f 2785//2785 3010//3010 3009//3009
f 2786//2786 3010//3010 2785//2785
f 2786//2786 3011//3011 3010//3010
f 2787//2787 3011//3011 2786//2786
f 2788//2788 2799//2799 3022//3022
f 3011//3011 2788//2788 3022//3022
f 2787//2787 2788//2788 3011//3011
f 2799//2799 2788//2788 2789//2789
f 2799//2799 2789//2789 2800//2800
f 3015//3015 2790//2790 3014//3014
f 2789//2789 2802//2802 2800//2800
f 2790//2790 3015//3015 3026//3026
f 2803//2803 2790//2790 3026//3026
f 2791//2791 2790//2790 2803//2803
f 2792//2792 2791//2791 2793//2793
f 2791//2791 2804//2804 2793//2793
f 2791//2791 2803//2803 2804//2804
f 2804//2804 2805//2805 2793//2793
f 2806//2806 2807//2807 2794//2794
f 2794//2794 2807//2807 2795//2795
f 2807//2807 2796//2796 2795//2795
f 2807//2807 2808//2808 2796//2796
f 2808//2808 3027//3027 3016//3016
f 2797//2797 2808//2808 3016//3016
f 2796//2796 2808//2808 2797//2797
f 3016//3016 3017//3017 2797//2797
f 3031//3031 2798//2798 3020//3020
f 2809//2809 2798//2798 3031//3031
f 2799//2799 3023//3023 3022//3022
f 2811//2811 3037//3037 3023//3023
f 2800//2800 2811//2811 3023//3023
f 2799//2799 2800//2800 3023//3023
f 2811//2811 2800//2800 2801//2801
f 2802//2802 2801//2801 2800//2800
f 2803//2803 3026//3026 3039//3039
f 2803//2803 3039//3039 2812//2812
f 2812//2812 2804//2804 2803//2803
f 2812//2812 2813//2813 2804//2804
f 2813//2813 2814//2814 2804//2804
f 2804//2804 2814//2814 2805//2805
f 2807//2807 2806//2806 2818//2818
f 2818//2818 2806//2806 2817//2817
f 2818//2818 2808//2808 2807//2807
f 2818//2818 2819//2819 2808//2808
f 2819//2819 3042//3042 3027//3027
f 2819//2819 3027//3027 2808//2808
f 3045//3045 2809//2809 3031//3031
f 2820//2820 2809//2809 3045//3045
f 3032//3032 2826//2826 3049//3049
f 3034//3034 2828//2828 3032//3032
f 3032//3032 2828//2828 2826//2826
f 2828//2828 3034//3034 2830//2830
f 3034//3034 2810//2810 2830//2830
f 3034//3034 3036//3036 2810//2810
f 2811//2811 2810//2810 3036//3036
f 2811//2811 3036//3036 3037//3037
f 3040//3040 2812//2812 3039//3039
f 2812//2812 3040//3040 3051//3051
f 2831//2831 2812//2812 3051//3051
f 2813//2813 2812//2812 2831//2831
f 2814//2814 2813//2813 2815//2815
f 2813//2813 2832//2832 2815//2815
f 2813//2813 2831//2831 2832//2832
f 2832//2832 2833//2833 2815//2815
f 2835//2835 2836//2836 2816//2816
f 2816//2816 2836//2836 2817//2817
f 2836//2836 2818//2818 2817//2817
f 2836//2836 2837//2837 2818//2818
f 2837//2837 3053//3053 3041//3041
f 2819//2819 2837//2837 3041//3041
f 2818//2818 2837//2837 2819//2819
f 3041//3041 3042//3042 2819//2819
f 3056//3056 2838//2838 2821//2821
f 2820//2820 3056//3056 2821//2821
f 3045//3045 3056//3056 2820//2820
f 2838//2838 2839//2839 2821//2821
f 2840//2840 2841//2841 2822//2822
f 3059//3059 3046//3046 2841//2841
f 3046//3046 2822//2822 2841//2841
f 3046//3046 2823//2823 2822//2822
f 3047//3047 2823//2823 3046//3046
f 3047//3047 2824//2824 2823//2823
f 3048//3048 2824//2824 3047//3047
f 3048//3048 2825//2825 2824//2824
f 3048//3048 3049//3049 2826//2826
f 2827//2827 3048//3048 2826//2826
f 2825//2825 3048//3048 2827//2827
f 2827//2827 2826//2826 2828//2828
f 2827//2827 2828//2828 2829//2829
f 2830//2830 2829//2829 2828//2828
f 3052//3052 2831//2831 3051//3051
f 2831//2831 3052//3052 3061//3061
f 2843//2843 2831//2831 3061//3061
f 2832//2832 2831//2831 2843//2843
f 2833//2833 2832//2832 2834//2834
f 2832//2832 2844//2844 2834//2834
f 2832//2832 2843//2843 2844//2844
f 2844//2844 2845//2845 2834//2834
f 2836//2836 2835//2835 2848//2848
f 2848//2848 2835//2835 2847//2847
f 2848//2848 2837//2837 2836//2836
f 2848//2848 2849//2849 2837//2837
f 2849//2849 3064//3064 3053//3053
f 2849//2849 3053//3053 2837//2837
f 3057//3057 2838//2838 3056//3056
f 2850//2850 2839//2839 2838//2838
f 3058//3058 2850//2850 2838//2838
f 3057//3057 3058//3058 2838//2838
f 2851//2851 2850//2850 3058//3058
f 3066//3066 2851//2851 3058//3058
f 2840//2840 2842//2842 2841//2841
f 3059//3059 2841//2841 2842//2842
f 2855//2855 3059//3059 2842//2842
f 3069//3069 3059//3059 2855//2855
f 3062//3062 2843//2843 3061//3061
f 2843//2843 3062//3062 3079//3079
f 2863//2863 2843//2843 3079//3079
f 2844//2844 2843//2843 2863//2863
f 2863//2863 2864//2864 2844//2844
f 2844//2844 2864//2864 2845//2845
f 2865//2865 2866//2866 2846//2846
f 2846//2846 2866//2866 2847//2847
f 2866//2866 2848//2848 2847//2847
f 2866//2866 2867//2867 2848//2848
f 2867//2867 3080//3080 3063//3063
f 2849//2849 2867//2867 3063//3063
f 2848//2848 2867//2867 2849//2849
f 3063//3063 3064//3064 2849//2849
f 2852//2852 2850//2850 2851//2851
f 2852//2852 2851//2851 3066//3066
f 3067//3067 2852//2852 3066//3066
f 2853//2853 2852//2852 3067//3067
f 3067//3067 3094//3094 2853//2853
f 2853//2853 3094//3094 2880//2880
f 3095//3095 3068//3068 2881//2881
f 2881//2881 3068//3068 2854//2854
f 2855//2855 2854//2854 3068//3068
f 2855//2855 3068//3068 3069//3069
f 3070//3070 3099//3099 2885//2885
f 3070//3070 2885//2885 2856//2856
f 2856//2856 3071//3071 3070//3070
f 2857//2857 3071//3071 2856//2856
f 2857//2857 3072//3072 3071//3071
f 2858//2858 3072//3072 2857//2857
f 2858//2858 3073//3073 3072//3072
f 2859//2859 3073//3073 2858//2858
f 2859//2859 3074//3074 3073//3073
f 2860//2860 3074//3074 2859//2859
f 2860//2860 3075//3075 3074//3074
f 2861//2861 3075//3075 2860//2860
f 2861//2861 3076//3076 3075//3075
f 2862//2862 3076//3076 2861//2861
f 3102//3102 3076//3076 2862//2862
f 3102//3102 2862//2862 2886//2886
f 2863//2863 3079//3079 3105//3105
f 2863//2863 3105//3105 2887//2887
f 2887//2887 2888//2888 2863//2863
f 2863//2863 2888//2888 2864//2864
f 2866//2866 2865//2865 2892//2892
f 2892//2892 2865//2865 2891//2891
f 2892//2892 2867//2867 2866//2866
f 2892//2892 2893//2893 2867//2867
f 2893//2893 3108//3108 3080//3080
f 2893//2893 3080//3080 2867//2867
f 2896//2896 2895//2895 2868//2868
f 3083//3083 3111//3111 2896//2896
f 2868//2868 3083//3083 2896//2896
f 2869//2869 3083//3083 2868//2868
f 2869//2869 3084//3084 3083//3083
f 2870//2870 3084//3084 2869//2869
f 2870//2870 3085//3085 3084//3084
f 2871//2871 3085//3085 2870//2870
f 2871//2871 3086//3086 3085//3085
f 2872//2872 3086//3086 2871//2871
f 2872//2872 3087//3087 3086//3086
f 2873//2873 3087//3087 2872//2872
f 2873//2873 3088//3088 3087//3087
f 2874//2874 3088//3088 2873//2873
f 2874//2874 3089//3089 3088//3088
f 2875//2875 3089//3089 2874//2874
f 2875//2875 3090//3090 3089//3089
f 2876//2876 3090//3090 2875//2875
f 2876//2876 3091//3091 3090//3090
f 2877//2877 3091//3091 2876//2876
f 2877//2877 3092//3092 3091//3091
f 2878//2878 3092//3092 2877//2877
f 2878//2878 3093//3093 3092//3092
f 2879//2879 3093//3093 2878//2878
f 2879//2879 2880//2880 3093//3093
f 3093//3093 2880//2880 3094//3094
f 2881//2881 2882//2882 3095//3095
f 3095//3095 2882//2882 3096//3096
f 2882//2882 3097//3097 3096//3096
f 2883//2883 3097//3097 2882//2882
f 2883//2883 3098//3098 3097//3097
f 2884//2884 3098//3098 2883//2883
f 2884//2884 2885//2885 3098//3098
f 3098//3098 2885//2885 3099//3099
f 2886//2886 3115//3115 3102//3102
f 2886//2886 2897//2897 3115//3115
f 2887//2887 3105//3105 3117//3117
f 2887//2887 3117//3117 2898//2898
f 2888//2888 2887//2887 2889//2889
f 2887//2887 2899//2899 2889//2889
f 2887//2887 2898//2898 2899//2899
f 2899//2899 2900//2900 2889//2889
f 2901//2901 2902//2902 2890//2890
f 3119//3119 3106//3106 2902//2902
f 2902//2902 3106//3106 2890//2890
f 3106//3106 2892//2892 2890//2890
f 2892//2892 2891//2891 2890//2890
f 3107//3107 2893//2893 2892//2892
f 3107//3107 2892//2892 3106//3106
f 3107//3107 3108//3108 2893//2893
f 2894//2894 2907//2907 2906//2906
f 3110//3110 3125//3125 2907//2907
f 3110//3110 2907//2907 2894//2894
f 2896//2896 3110//3110 2894//2894
f 2895//2895 2896//2896 2894//2894
f 3111//3111 3110//3110 2896//2896
f 2897//2897 3129//3129 3115//3115
f 2897//2897 2908//2908 3129//3129
f 3118//3118 2898//2898 3117//3117
f 2898//2898 3118//3118 3131//3131
f 2909//2909 2898//2898 3131//3131
f 2899//2899 2898//2898 2909//2909
f 2909//2909 2910//2910 2899//2899
f 2899//2899 2910//2910 2900//2900
f 2901//2901 2903//2903 2902//2902
f 2902//2902 2903//2903 3119//3119
f 2903//2903 3121//3121 3119//3119
f 2903//2903 2904//2904 3121//3121
f 2904//2904 3123//3123 3121//3121
f 2905//2905 3123//3123 2904//2904
f 2907//2907 3124//3124 2906//2906
f 3124//3124 2905//2905 2906//2906
f 3124//3124 3123//3123 2905//2905
f 3125//3125 3124//3124 2907//2907
f 2908//2908 3133//3133 3129//3129
f 2908//2908 2912//2912 3133//3133
f 3132//3132 2909//2909 3131//3131
f 2917//2917 2911//2911 3139//3139
f 3139//3139 2911//2911 3132//3132
f 2911//2911 2910//2910 3132//3132
f 2910//2910 2909//2909 3132//3132
f 2917//2917 2918//2918 2911//2911
f 2912//2912 2913//2913 3133//3133
f 3133//3133 2913//2913 3134//3134
f 2913//2913 3135//3135 3134//3134
f 2914//2914 3135//3135 2913//2913
f 2914//2914 3136//3136 3135//3135
f 2915//2915 3136//3136 2914//2914
f 2915//2915 3138//3138 3136//3136
f 2916//2916 3138//3138 2915//2915
f 2921//2921 2917//2917 3139//3139
f 2916//2916 2921//2921 3139//3139
f 3138//3138 2916//2916 3139//3139
f 2921//2921 2916//2916 2920//2920
f 2918//2918 2917//2917 2919//2919
f 2917//2917 2923//2923 2919//2919
f 2917//2917 2921//2921 2923//2923
f 2923//2923 2925//2925 2919//2919
f 2920//2920 2922//2922 2921//2921
f 2921//2921 2922//2922 2923//2923
f 2923//2923 2922//2922 2924//2924
f 2924//2924 2925//2925 2923//2923
f 2960//2960 2961//2961 2926//2926
f 2926//2926 2961//2961 2927//2927
f 2927//2927 2961//2961 2962//2962
f 2927//2927 2962//2962 2928//2928
f 2928//2928 2962//2962 2963//2963
f 2928//2928 2963//2963 2929//2929
f 2929//2929 2963//2963 2964//2964
f 2929//2929 2964//2964 2930//2930
f 2930//2930 2964//2964 2965//2965
f 3167//3167 3140//3140 2965//2965
f 3140//3140 2930//2930 2965//2965
f 3140//3140 2931//2931 2930//2930
f 3141//3141 2931//2931 3140//3140
f 3141//3141 2932//2932 2931//2931
f 3142//3142 2932//2932 3141//3141
f 3142//3142 2933//2933 2932//2932
f 3143//3143 2933//2933 3142//3142
f 3143//3143 2934//2934 2933//2933
f 3144//3144 2934//2934 3143//3143
f 3144//3144 2935//2935 2934//2934
f 3145//3145 2935//2935 3144//3144
f 3145//3145 2936//2936 2935//2935
f 3146//3146 2936//2936 3145//3145
f 3146//3146 2937//2937 2936//2936
f 3147//3147 2937//2937 3146//3146
f 3147//3147 2938//2938 2937//2937
f 3148//3148 2938//2938 3147//3147
f 3148//3148 2939//2939 2938//2938
f 3149//3149 2939//2939 3148//3148
f 3149//3149 2940//2940 2939//2939
f 3150//3150 2940//2940 3149//3149
f 3150//3150 2941//2941 2940//2940
f 3151//3151 2941//2941 3150//3150
f 3151//3151 2942//2942 2941//2941
f 3152//3152 2942//2942 3151//3151
f 3152//3152 2943//2943 2942//2942
f 3153//3153 2943//2943 3152//3152
f 3153//3153 2944//2944 2943//2943
f 3154//3154 2944//2944 3153//3153
f 3154//3154 2945//2945 2944//2944
f 3155//3155 2945//2945 3154//3154
f 3155//3155 2946//2946 2945//2945
f 3156//3156 2946//2946 3155//3155
f 3156//3156 2947//2947 2946//2946
f 3157//3157 2947//2947 3156//3156
f 3157//3157 2948//2948 2947//2947
f 3158//3158 2948//2948 3157//3157
f 3158//3158 2949//2949 2948//2948
f 2966//2966 2950//2950 3187//3187
f 2950//2950 3158//3158 3187//3187
f 2950//2950 2949//2949 3158//3158
f 2950//2950 2966//2966 2951//2951
f 2951//2951 2966//2966 2967//2967
f 2951//2951 2967//2967 2952//2952
f 2952//2952 2967//2967 2968//2968
f 2952//2952 2968//2968 2953//2953
f 2953//2953 2968//2968 2969//2969
f 2969//2969 2970//2970 2953//2953
f 2977//2977 2978//2978 2954//2954
f 2954//2954 2978//2978 2955//2955
f 2955//2955 2978//2978 2979//2979
f 2955//2955 2979//2979 2956//2956
f 2956//2956 2979//2979 2980//2980
f 3197//3197 3159//3159 2980//2980
f 3159//3159 2956//2956 2980//2980
f 3159//3159 2957//2957 2956//2956
f 3160//3160 2957//2957 3159//3159
f 3160//3160 2958//2958 2957//2957
f 3161//3161 2958//2958 3160//3160
f 3161//3161 2959//2959 2958//2958
f 3162//3162 2961//2961 2960//2960
f 2959//2959 3162//3162 2960//2960
f 3161//3161 3162//3162 2959//2959
f 3163//3163 2962//2962 2961//2961
f 3163//3163 2961//2961 3162//3162
f 3164//3164 2963//2963 2962//2962
f 3164//3164 2962//2962 3163//3163
f 3165//3165 2964//2964 2963//2963
f 3165//3165 2963//2963 3164//3164
f 3166//3166 2965//2965 2964//2964
f 3166//3166 2964//2964 3165//3165
f 3166//3166 3167//3167 2965//2965
f 3188//3188 2966//2966 3187//3187
f 3189//3189 2967//2967 2966//2966
f 3189//3189 2966//2966 3188//3188
f 3190//3190 2968//2968 2967//2967
f 3190//3190 2967//2967 3189//3189
f 3191//3191 2969//2969 2968//2968
f 3191//3191 2968//2968 3190//3190
f 2971//2971 2970//2970 2969//2969
f 3191//3191 2971//2971 2969//2969
f 3192//3192 2971//2971 3191//3191
f 3193//3193 2971//2971 3192//3192
f 3193//3193 2972//2972 2971//2971
f 3012//3012 2973//2973 3234//3234
f 2973//2973 3193//3193 3234//3234
f 2973//2973 2972//2972 3193//3193
f 2973//2973 3012//3012 2974//2974
f 2974//2974 3012//3012 3013//3013
f 3013//3013 3014//3014 2974//2974
f 3017//3017 3018//3018 2975//2975
f 2975//2975 3018//3018 2976//2976
f 2976//2976 3018//3018 3019//3019
f 3236//3236 3194//3194 3019//3019
f 3019//3019 3194//3194 2976//2976
f 3194//3194 2978//2978 2976//2976
f 2978//2978 2977//2977 2976//2976
f 3195//3195 2979//2979 2978//2978
f 3195//3195 2978//2978 3194//3194
f 3196//3196 2980//2980 2979//2979
f 3196//3196 2979//2979 3195//3195
f 3196//3196 3197//3197 2980//2980
f 3201//3201 3240//3240 3020//3020
f 3201//3201 3020//3020 2981//2981
f 2981//2981 3202//3202 3201//3201
f 2982//2982 3202//3202 2981//2981
f 2982//2982 3203//3203 3202//3202
f 2983//2983 3203//3203 2982//2982
f 2983//2983 3204//3204 3203//3203
f 2984//2984 3204//3204 2983//2983
f 2984//2984 3205//3205 3204//3204
f 2985//2985 3205//3205 2984//2984
f 2985//2985 3206//3206 3205//3205
f 2986//2986 3206//3206 2985//2985
f 2986//2986 3207//3207 3206//3206
f 2987//2987 3207//3207 2986//2986
f 2987//2987 3208//3208 3207//3207
f 2988//2988 3208//3208 2987//2987
f 2988//2988 3209//3209 3208//3208
f 2989//2989 3209//3209 2988//2988
f 2989//2989 3210//3210 3209//3209
f 2990//2990 3210//3210 2989//2989
f 2990//2990 3211//3211 3210//3210
f 2991//2991 3211//3211 2990//2990
f 2991//2991 3212//3212 3211//3211
f 2992//2992 3212//3212 2991//2991
f 2992//2992 3213//3213 3212//3212
f 2993//2993 3213//3213 2992//2992
f 2993//2993 3214//3214 3213//3213
f 2994//2994 3214//3214 2993//2993
f 2994//2994 3215//3215 3214//3214
f 2995//2995 3215//3215 2994//2994
f 2995//2995 3216//3216 3215//3215
f 2996//2996 3216//3216 2995//2995
f 2996//2996 3217//3217 3216//3216
f 2997//2997 3217//3217 2996//2996
f 2997//2997 3218//3218 3217//3217
f 2998//2998 3218//3218 2997//2997
f 2998//2998 3219//3219 3218//3218
f 2999//2999 3219//3219 2998//2998
f 2999//2999 3220//3220 3219//3219
f 3000//3000 3220//3220 2999//2999
f 3000//3000 3221//3221 3220//3220
f 3001//3001 3221//3221 3000//3000
f 3001//3001 3222//3222 3221//3221
f 3002//3002 3222//3222 3001//3001
f 3002//3002 3223//3223 3222//3222
f 3003//3003 3223//3223 3002//3002
f 3003//3003 3224//3224 3223//3223
f 3004//3004 3224//3224 3003//3003
f 3004//3004 3225//3225 3224//3224
f 3005//3005 3225//3225 3004//3004
f 3005//3005 3226//3226 3225//3225
f 3006//3006 3226//3226 3005//3005
f 3006//3006 3227//3227 3226//3226
f 3007//3007 3227//3227 3006//3006
f 3007//3007 3228//3228 3227//3227
f 3008//3008 3228//3228 3007//3007
f 3008//3008 3230//3230 3228//3228
f 3009//3009 3230//3230 3008//3008
f 3009//3009 3232//3232 3230//3230
f 3010//3010 3232//3232 3009//3009
f 3011//3011 3021//3021 3246//3246
f 3232//3232 3011//3011 3246//3246
f 3010//3010 3011//3011 3232//3232
f 3235//3235 3012//3012 3234//3234
f 3011//3011 3022//3022 3021//3021
f 3012//3012 3235//3235 3248//3248
f 3024//3024 3012//3012 3248//3248
f 3013//3013 3012//3012 3024//3024
f 3014//3014 3013//3013 3015//3015
f 3013//3013 3025//3025 3015//3015
f 3013//3013 3024//3024 3025//3025
f 3025//3025 3026//3026 3015//3015
f 3027//3027 3028//3028 3016//3016
f 3016//3016 3028//3028 3017//3017
f 3028//3028 3018//3018 3017//3017
f 3028//3028 3029//3029 3018//3018
f 3029//3029 3019//3019 3018//3018
f 3029//3029 3030//3030 3019//3019
f 3030//3030 3251//3251 3236//3236
f 3030//3030 3236//3236 3019//3019
f 3254//3254 3020//3020 3240//3240
f 3031//3031 3020//3020 3254//3254
f 3246//3246 3021//3021 3258//3258
f 3258//3258 3021//3021 3033//3033
f 3021//3021 3022//3022 3023//3023
f 3035//3035 3021//3021 3023//3023
f 3033//3033 3021//3021 3035//3035
f 3249//3249 3024//3024 3248//3248
f 3023//3023 3037//3037 3035//3035
f 3024//3024 3249//3249 3260//3260
f 3038//3038 3024//3024 3260//3260
f 3025//3025 3024//3024 3038//3038
f 3038//3038 3039//3039 3025//3025
f 3025//3025 3039//3039 3026//3026
f 3028//3028 3027//3027 3043//3043
f 3043//3043 3027//3027 3042//3042
f 3043//3043 3029//3029 3028//3028
f 3043//3043 3044//3044 3029//3029
f 3044//3044 3263//3263 3250//3250
f 3030//3030 3044//3044 3250//3250
f 3029//3029 3044//3044 3030//3030
f 3250//3250 3251//3251 3030//3030
f 3266//3266 3031//3031 3254//3254
f 3045//3045 3031//3031 3266//3266
f 3271//3271 3257//3257 3049//3049
f 3049//3049 3257//3257 3032//3032
f 3257//3257 3258//3258 3033//3033
f 3034//3034 3257//3257 3033//3033
f 3032//3032 3257//3257 3034//3034
f 3034//3034 3033//3033 3035//3035
f 3034//3034 3035//3035 3036//3036
f 3037//3037 3036//3036 3035//3035
f 3261//3261 3038//3038 3260//3260
f 3050//3050 3040//3040 3274//3274
f 3274//3274 3040//3040 3261//3261
f 3040//3040 3039//3039 3261//3261
f 3039//3039 3038//3038 3261//3261
f 3050//3050 3051//3051 3040//3040
f 3053//3053 3054//3054 3041//3041
f 3041//3041 3054//3054 3042//3042
f 3054//3054 3043//3043 3042//3042
f 3054//3054 3055//3055 3043//3043
f 3055//3055 3277//3277 3262//3262
f 3044//3044 3055//3055 3262//3262
f 3043//3043 3055//3055 3044//3044
f 3262//3262 3263//3263 3044//3044
f 3280//3280 3045//3045 3266//3266
f 3056//3056 3045//3045 3280//3280
f 3284//3284 3267//3267 3059//3059
f 3059//3059 3267//3267 3046//3046
f 3268//3268 3046//3046 3267//3267
f 3268//3268 3047//3047 3046//3046
f 3270//3270 3047//3047 3268//3268
f 3270//3270 3048//3048 3047//3047
f 3049//3049 3048//3048 3270//3270
f 3049//3049 3270//3270 3271//3271
f 3275//3275 3050//3050 3274//3274
f 3060//3060 3052//3052 3287//3287
f 3287//3287 3052//3052 3275//3275
f 3052//3052 3051//3051 3275//3275
f 3051//3051 3050//3050 3275//3275
f 3060//3060 3061//3061 3052//3052
f 3054//3054 3053//3053 3065//3065
f 3065//3065 3053//3053 3064//3064
f 3065//3065 3288//3288 3276//3276
f 3055//3055 3065//3065 3276//3276
f 3054//3054 3065//3065 3055//3055
f 3276//3276 3277//3277 3055//3055
f 3057//3057 3056//3056 3280//3280
f 3057//3057 3280//3280 3281//3281
f 3282//3282 3057//3057 3281//3281
f 3282//3282 3058//3058 3057//3057
f 3282//3282 3291//3291 3058//3058
f 3058//3058 3291//3291 3066//3066
f 3059//3059 3295//3295 3284//3284
f 3059//3059 3069//3069 3295//3295
f 3060//3060 3287//3287 3302//3302
f 3060//3060 3302//3302 3077//3077
f 3061//3061 3060//3060 3062//3062
f 3060//3060 3078//3078 3062//3062
f 3060//3060 3077//3077 3078//3078
f 3078//3078 3079//3079 3062//3062
f 3080//3080 3081//3081 3063//3063
f 3063//3063 3081//3081 3064//3064
f 3081//3081 3065//3065 3064//3064
f 3081//3081 3082//3082 3065//3065
f 3082//3082 3304//3304 3288//3288
f 3082//3082 3288//3288 3065//3065
f 3067//3067 3066//3066 3291//3291
f 3067//3067 3291//3291 3292//3292
f 3292//3292 3316//3316 3067//3067
f 3067//3067 3316//3316 3094//3094
f 3317//3317 3294//3294 3095//3095
f 3095//3095 3294//3294 3068//3068
f 3069//3069 3068//3068 3294//3294
f 3069//3069 3294//3294 3295//3295
f 3296//3296 3321//3321 3099//3099
f 3296//3296 3099//3099 3070//3070
f 3070//3070 3297//3297 3296//3296
f 3071//3071 3297//3297 3070//3070
f 3071//3071 3298//3298 3297//3297
f 3072//3072 3298//3298 3071//3071
f 3072//3072 3299//3299 3298//3298
f 3073//3073 3299//3299 3072//3072
f 3073//3073 3300//3300 3299//3299
f 3074//3074 3300//3300 3073//3073
f 3075//3075 3100//3100 3325//3325
f 3300//3300 3075//3075 3325//3325
f 3074//3074 3075//3075 3300//3300
f 3100//3100 3075//3075 3076//3076
f 3100//3100 3076//3076 3101//3101
f 3076//3076 3302//3302 3328//3328
f 3101//3101 3076//3076 3328//3328
f 3076//3076 3077//3077 3302//3302
f 3103//3103 3076//3076 3102//3102
f 3076//3076 3103//3103 3077//3077
f 3103//3103 3078//3078 3077//3077
f 3103//3103 3104//3104 3078//3078
f 3104//3104 3105//3105 3078//3078
f 3078//3078 3105//3105 3079//3079
f 3081//3081 3080//3080 3109//3109
f 3109//3109 3080//3080 3108//3108
f 3109//3109 3331//3331 3303//3303
f 3082//3082 3109//3109 3303//3303
f 3081//3081 3109//3109 3082//3082
f 3303//3303 3304//3304 3082//3082
f 3083//3083 3112//3112 3111//3111
f 3112//3112 3083//3083 3084//3084
f 3112//3112 3084//3084 3113//3113
f 3307//3307 3335//3335 3113//3113
f 3084//3084 3307//3307 3113//3113
f 3085//3085 3307//3307 3084//3084
f 3085//3085 3308//3308 3307//3307
f 3086//3086 3308//3308 3085//3085
f 3086//3086 3309//3309 3308//3308
f 3087//3087 3309//3309 3086//3086
f 3087//3087 3310//3310 3309//3309
f 3088//3088 3310//3310 3087//3087
f 3088//3088 3311//3311 3310//3310
f 3089//3089 3311//3311 3088//3088
f 3089//3089 3312//3312 3311//3311
f 3090//3090 3312//3312 3089//3089
f 3090//3090 3313//3313 3312//3312
f 3091//3091 3313//3313 3090//3090
f 3091//3091 3314//3314 3313//3313
f 3092//3092 3314//3314 3091//3091
f 3092//3092 3315//3315 3314//3314
f 3093//3093 3315//3315 3092//3092
f 3093//3093 3094//3094 3315//3315
f 3315//3315 3094//3094 3316//3316
f 3095//3095 3096//3096 3317//3317
f 3317//3317 3096//3096 3318//3318
f 3096//3096 3319//3319 3318//3318
f 3097//3097 3319//3319 3096//3096
f 3097//3097 3320//3320 3319//3319
f 3098//3098 3320//3320 3097//3097
f 3098//3098 3099//3099 3320//3320
f 3320//3320 3099//3099 3321//3321
f 3100//3100 3326//3326 3325//3325
f 3326//3326 3100//3100 3339//3339
f 3100//3100 3114//3114 3339//3339
f 3100//3100 3101//3101 3114//3114
f 3329//3329 3114//3114 3101//3101
f 3328//3328 3329//3329 3101//3101
f 3329//3329 3115//3115 3114//3114
f 3102//3102 3329//3329 3103//3103
f 3329//3329 3102//3102 3115//3115
f 3103//3103 3329//3329 3342//3342
f 3116//3116 3103//3103 3342//3342
f 3104//3104 3103//3103 3116//3116
f 3116//3116 3117//3117 3104//3104
f 3104//3104 3117//3117 3105//3105
f 3119//3119 3120//3120 3106//3106
f 3106//3106 3120//3120 3107//3107
f 3107//3107 3120//3120 3122//3122
f 3344//3344 3330//3330 3122//3122
f 3122//3122 3330//3330 3107//3107
f 3330//3330 3109//3109 3107//3107
f 3109//3109 3108//3108 3107//3107
f 3330//3330 3331//3331 3109//3109
f 3110//3110 3126//3126 3125//3125
f 3126//3126 3110//3110 3111//3111
f 3112//3112 3126//3126 3111//3111
f 3127//3127 3126//3126 3112//3112
f 3350//3350 3127//3127 3334//3334
f 3127//3127 3113//3113 3334//3334
f 3127//3127 3112//3112 3113//3113
f 3335//3335 3334//3334 3113//3113
f 3339//3339 3114//3114 3354//3354
f 3354//3354 3114//3114 3128//3128
f 3129//3129 3128//3128 3114//3114
f 3129//3129 3114//3114 3115//3115
f 3343//3343 3116//3116 3342//3342
f 3130//3130 3118//3118 3358//3358
f 3358//3358 3118//3118 3343//3343
f 3118//3118 3117//3117 3343//3343
f 3117//3117 3116//3116 3343//3343
f 3130//3130 3131//3131 3118//3118
f 3119//3119 3121//3121 3120//3120
f 3120//3120 3121//3121 3122//3122
f 3122//3122 3121//3121 3123//3123
f 3122//3122 3123//3123 3344//3344
f 3123//3123 3346//3346 3344//3344
f 3123//3123 3124//3124 3346//3346
f 3126//3126 3348//3348 3125//3125
f 3348//3348 3124//3124 3125//3125
f 3348//3348 3346//3346 3124//3124
f 3127//3127 3349//3349 3126//3126
f 3126//3126 3349//3349 3348//3348
f 3350//3350 3349//3349 3127//3127
f 3128//3128 3355//3355 3354//3354
f 3362//3362 3355//3355 3128//3128
f 3129//3129 3362//3362 3128//3128
f 3133//3133 3362//3362 3129//3129
f 3359//3359 3130//3130 3358//3358
f 3137//3137 3132//3132 3368//3368
f 3368//3368 3132//3132 3359//3359
f 3132//3132 3131//3131 3359//3359
f 3131//3131 3130//3130 3359//3359
f 3137//3137 3139//3139 3132//3132
f 3133//3133 3134//3134 3362//3362
f 3362//3362 3134//3134 3363//3363
f 3134//3134 3365//3365 3363//3363
f 3135//3135 3365//3365 3134//3134
f 3135//3135 3367//3367 3365//3365
f 3136//3136 3367//3367 3135//3135
f 3368//3368 3367//3367 3137//3137
f 3367//3367 3138//3138 3137//3137
f 3367//3367 3136//3136 3138//3138
f 3138//3138 3139//3139 3137//3137
f 3167//3167 3168//3168 3140//3140
f 3140//3140 3168//3168 3141//3141
f 3141//3141 3168//3168 3169//3169
f 3141//3141 3169//3169 3142//3142
f 3142//3142 3169//3169 3170//3170
f 3142//3142 3170//3170 3143//3143
f 3143//3143 3170//3170 3171//3171
f 3143//3143 3171//3171 3144//3144
f 3144//3144 3171//3171 3172//3172
f 3144//3144 3172//3172 3145//3145
f 3145//3145 3172//3172 3173//3173
f 3145//3145 3173//3173 3146//3146
f 3146//3146 3173//3173 3174//3174
f 3146//3146 3174//3174 3147//3147
f 3147//3147 3174//3174 3175//3175
f 3147//3147 3175//3175 3148//3148
f 3148//3148 3175//3175 3176//3176
f 3148//3148 3176//3176 3149//3149
f 3149//3149 3176//3176 3177//3177
f 3149//3149 3177//3177 3150//3150
f 3150//3150 3177//3177 3178//3178
f 3150//3150 3178//3178 3151//3151
f 3151//3151 3178//3178 3179//3179
f 3151//3151 3179//3179 3152//3152
f 3152//3152 3179//3179 3180//3180
f 3152//3152 3180//3180 3153//3153
f 3153//3153 3180//3180 3181//3181
f 3153//3153 3181//3181 3154//3154
f 3154//3154 3181//3181 3182//3182
f 3154//3154 3182//3182 3155//3155
f 3155//3155 3182//3182 3183//3183
f 3155//3155 3183//3183 3156//3156
f 3156//3156 3183//3183 3184//3184
f 3156//3156 3184//3184 3157//3157
f 3157//3157 3184//3184 3185//3185
f 3157//3157 3185//3185 3158//3158
f 3158//3158 3185//3185 3186//3186
f 3186//3186 3187//3187 3158//3158
f 3197//3197 3198//3198 3159//3159
f 3159//3159 3198//3198 3160//3160
f 3160//3160 3198//3198 3199//3199
f 3160//3160 3199//3199 3161//3161
f 3161//3161 3199//3199 3200//3200
f 3399//3399 3369//3369 3200//3200
f 3369//3369 3161//3161 3200//3200
f 3369//3369 3162//3162 3161//3161
f 3370//3370 3162//3162 3369//3369
f 3370//3370 3163//3163 3162//3162
f 3371//3371 3163//3163 3370//3370
f 3371//3371 3164//3164 3163//3163
f 3372//3372 3164//3164 3371//3371
f 3372//3372 3165//3165 3164//3164
f 3373//3373 3165//3165 3372//3372
f 3373//3373 3166//3166 3165//3165
f 3374//3374 3168//3168 3167//3167
f 3166//3166 3374//3374 3167//3167
f 3373//3373 3374//3374 3166//3166
f 3375//3375 3169//3169 3168//3168
f 3375//3375 3168//3168 3374//3374
f 3376//3376 3170//3170 3169//3169
f 3376//3376 3169//3169 3375//3375
f 3377//3377 3171//3171 3170//3170
f 3377//3377 3170//3170 3376//3376
f 3378//3378 3172//3172 3171//3171
f 3378//3378 3171//3171 3377//3377
f 3379//3379 3173//3173 3172//3172
f 3379//3379 3172//3172 3378//3378
f 3380//3380 3174//3174 3173//3173
f 3380//3380 3173//3173 3379//3379
f 3381//3381 3175//3175 3174//3174
f 3381//3381 3174//3174 3380//3380
f 3382//3382 3176//3176 3175//3175
f 3382//3382 3175//3175 3381//3381
f 3383//3383 3177//3177 3176//3176
f 3383//3383 3176//3176 3382//3382
f 3384//3384 3178//3178 3177//3177
f 3384//3384 3177//3177 3383//3383
f 3385//3385 3179//3179 3178//3178
f 3385//3385 3178//3178 3384//3384
f 3386//3386 3180//3180 3179//3179
f 3386//3386 3179//3179 3385//3385
f 3387//3387 3181//3181 3180//3180
f 3387//3387 3180//3180 3386//3386
f 3388//3388 3182//3182 3181//3181
f 3388//3388 3181//3181 3387//3387
f 3389//3389 3183//3183 3182//3182
f 3389//3389 3182//3182 3388//3388
f 3390//3390 3184//3184 3183//3183
f 3390//3390 3183//3183 3389//3389
f 3391//3391 3185//3185 3184//3184
f 3391//3391 3184//3184 3390//3390
f 3392//3392 3186//3186 3185//3185
f 3392//3392 3185//3185 3391//3391
f 3188//3188 3187//3187 3186//3186
f 3392//3392 3188//3188 3186//3186
f 3393//3393 3188//3188 3392//3392
f 3394//3394 3188//3188 3393//3393
f 3394//3394 3189//3189 3188//3188
f 3395//3395 3189//3189 3394//3394
f 3395//3395 3190//3190 3189//3189
f 3229//3229 3191//3191 3431//3431
f 3191//3191 3395//3395 3431//3431
f 3191//3191 3190//3190 3395//3395
f 3191//3191 3229//3229 3192//3192
f 3192//3192 3229//3229 3231//3231
f 3192//3192 3231//3231 3193//3193
f 3193//3193 3231//3231 3233//3233
f 3233//3233 3234//3234 3193//3193
f 3236//3236 3237//3237 3194//3194
f 3194//3194 3237//3237 3195//3195
f 3195//3195 3237//3237 3238//3238
f 3195//3195 3238//3238 3196//3196
f 3196//3196 3238//3238 3239//3239
f 3436//3436 3396//3396 3239//3239
f 3239//3239 3396//3396 3196//3196
f 3396//3396 3198//3198 3196//3196
f 3198//3198 3197//3197 3196//3196
f 3397//3397 3199//3199 3198//3198
f 3397//3397 3198//3198 3396//3396
f 3240//3240 3397//3397 3398//3398
f 3241//3241 3240//3240 3398//3398
f 3240//3240 3199//3199 3397//3397
f 3200//3200 3240//3240 3201//3201
f 3240//3240 3200//3200 3199//3199
f 3399//3399 3242//3242 3241//3241
f 3398//3398 3399//3399 3241//3241
f 3399//3399 3202//3202 3242//3242
f 3201//3201 3399//3399 3200//3200
f 3399//3399 3201//3201 3202//3202
f 3402//3402 3441//3441 3242//3242
f 3202//3202 3402//3402 3242//3242
f 3203//3203 3402//3402 3202//3202
f 3203//3203 3404//3404 3402//3402
f 3204//3204 3404//3404 3203//3203
f 3204//3204 3405//3405 3404//3404
f 3205//3205 3405//3405 3204//3204
f 3205//3205 3406//3406 3405//3405
f 3206//3206 3406//3406 3205//3205
f 3206//3206 3407//3407 3406//3406
f 3207//3207 3407//3407 3206//3206
f 3207//3207 3408//3408 3407//3407
f 3208//3208 3408//3408 3207//3207
f 3208//3208 3409//3409 3408//3408
f 3209//3209 3409//3409 3208//3208
f 3209//3209 3410//3410 3409//3409
f 3210//3210 3410//3410 3209//3209
f 3210//3210 3411//3411 3410//3410
f 3211//3211 3411//3411 3210//3210
f 3211//3211 3412//3412 3411//3411
f 3212//3212 3412//3412 3211//3211
f 3212//3212 3413//3413 3412//3412
f 3213//3213 3413//3413 3212//3212
f 3213//3213 3414//3414 3413//3413
f 3214//3214 3414//3414 3213//3213
f 3214//3214 3415//3415 3414//3414
f 3215//3215 3415//3415 3214//3214
f 3215//3215 3416//3416 3415//3415
f 3216//3216 3416//3416 3215//3215
f 3216//3216 3417//3417 3416//3416
f 3217//3217 3417//3417 3216//3216
f 3217//3217 3418//3418 3417//3417
f 3218//3218 3418//3418 3217//3217
f 3218//3218 3419//3419 3418//3418
f 3219//3219 3419//3419 3218//3218
f 3219//3219 3420//3420 3419//3419
f 3220//3220 3420//3420 3219//3219
f 3220//3220 3421//3421 3420//3420
f 3221//3221 3421//3421 3220//3220
f 3221//3221 3422//3422 3421//3421
f 3222//3222 3422//3422 3221//3221
f 3222//3222 3423//3423 3422//3422
f 3223//3223 3423//3423 3222//3222
f 3223//3223 3424//3424 3423//3423
f 3224//3224 3424//3424 3223//3223
f 3224//3224 3425//3425 3424//3424
f 3225//3225 3425//3425 3224//3224
f 3225//3225 3427//3427 3425//3425
f 3226//3226 3427//3427 3225//3225
f 3226//3226 3429//3429 3427//3427
f 3227//3227 3429//3429 3226//3226
f 3228//3228 3243//3243 3453//3453
f 3429//3429 3228//3228 3453//3453
f 3227//3227 3228//3228 3429//3429
f 3431//3431 3228//3228 3230//3230
f 3229//3229 3431//3431 3230//3230
f 3431//3431 3243//3243 3228//3228
f 3244//3244 3431//3431 3432//3432
f 3431//3431 3244//3244 3243//3243
f 3433//3433 3244//3244 3432//3432
f 3245//3245 3244//3244 3433//3433
f 3231//3231 3229//3229 3230//3230
f 3232//3232 3231//3231 3230//3230
f 3246//3246 3233//3233 3231//3231
f 3232//3232 3246//3246 3231//3231
f 3246//3246 3434//3434 3233//3233
f 3433//3433 3246//3246 3245//3245
f 3246//3246 3433//3433 3434//3434
f 3247//3247 3235//3235 3458//3458
f 3458//3458 3235//3235 3434//3434
f 3235//3235 3234//3234 3434//3434
f 3234//3234 3233//3233 3434//3434
f 3247//3247 3248//3248 3235//3235
f 3237//3237 3236//3236 3252//3252
f 3252//3252 3236//3236 3251//3251
f 3252//3252 3238//3238 3237//3237
f 3252//3252 3253//3253 3238//3238
f 3253//3253 3461//3461 3435//3435
f 3239//3239 3253//3253 3435//3435
f 3238//3238 3253//3253 3239//3239
f 3435//3435 3436//3436 3239//3239
f 3240//3240 3241//3241 3439//3439
f 3464//3464 3240//3240 3439//3439
f 3254//3254 3240//3240 3464//3464
f 3242//3242 3440//3440 3241//3241
f 3241//3241 3440//3440 3439//3439
f 3441//3441 3440//3440 3242//3242
f 3243//3243 3454//3454 3453//3453
f 3454//3454 3243//3243 3468//3468
f 3243//3243 3255//3255 3468//3468
f 3243//3243 3244//3244 3255//3255
f 3245//3245 3255//3255 3244//3244
f 3256//3256 3255//3255 3245//3245
f 3258//3258 3256//3256 3245//3245
f 3258//3258 3245//3245 3246//3246
f 3459//3459 3247//3247 3458//3458
f 3259//3259 3249//3249 3471//3471
f 3471//3471 3249//3249 3459//3459
f 3249//3249 3248//3248 3459//3459
f 3248//3248 3247//3247 3459//3459
f 3259//3259 3260//3260 3249//3249
f 3263//3263 3264//3264 3250//3250
f 3250//3250 3264//3264 3251//3251
f 3264//3264 3252//3252 3251//3251
f 3264//3264 3265//3265 3252//3252
f 3265//3265 3473//3473 3460//3460
f 3253//3253 3265//3265 3460//3460
f 3252//3252 3265//3265 3253//3253
f 3460//3460 3461//3461 3253//3253
f 3476//3476 3254//3254 3464//3464
f 3266//3266 3254//3254 3476//3476
f 3468//3468 3255//3255 3482//3482
f 3482//3482 3255//3255 3269//3269
f 3256//3256 3257//3257 3271//3271
f 3269//3269 3256//3256 3271//3271
f 3255//3255 3256//3256 3269//3269
f 3258//3258 3257//3257 3256//3256
f 3259//3259 3471//3471 3484//3484
f 3259//3259 3484//3484 3272//3272
f 3260//3260 3259//3259 3261//3261
f 3259//3259 3273//3273 3261//3261
f 3259//3259 3272//3272 3273//3273
f 3273//3273 3274//3274 3261//3261
f 3277//3277 3278//3278 3262//3262
f 3262//3262 3278//3278 3263//3263
f 3278//3278 3264//3264 3263//3263
f 3278//3278 3279//3279 3264//3264
f 3279//3279 3487//3487 3472//3472
f 3265//3265 3279//3279 3472//3472
f 3264//3264 3279//3279 3265//3265
f 3472//3472 3473//3473 3265//3265
f 3490//3490 3266//3266 3476//3476
f 3280//3280 3266//3266 3490//3490
f 3478//3478 3283//3283 3493//3493
f 3283//3283 3478//3478 3284//3284
f 3478//3478 3267//3267 3284//3284
f 3478//3478 3479//3479 3267//3267
f 3481//3481 3267//3267 3479//3479
f 3481//3481 3268//3268 3267//3267
f 3481//3481 3482//3482 3269//3269
f 3270//3270 3481//3481 3269//3269
f 3268//3268 3481//3481 3270//3270
f 3271//3271 3270//3270 3269//3269
f 3485//3485 3272//3272 3484//3484
f 3272//3272 3485//3485 3495//3495
f 3285//3285 3272//3272 3495//3495
f 3273//3273 3272//3272 3285//3285
f 3274//3274 3273//3273 3275//3275
f 3273//3273 3286//3286 3275//3275
f 3273//3273 3285//3285 3286//3286
f 3286//3286 3287//3287 3275//3275
f 3288//3288 3289//3289 3276//3276
f 3276//3276 3289//3289 3277//3277
f 3289//3289 3278//3278 3277//3277
f 3289//3289 3290//3290 3278//3278
f 3290//3290 3497//3497 3486//3486
f 3279//3279 3290//3290 3486//3486
f 3278//3278 3290//3290 3279//3279
f 3486//3486 3487//3487 3279//3279
f 3281//3281 3280//3280 3490//3490
f 3281//3281 3490//3490 3491//3491
f 3492//3492 3281//3281 3491//3491
f 3492//3492 3282//3282 3281//3281
f 3492//3492 3500//3500 3282//3282
f 3282//3282 3500//3500 3291//3291
f 3493//3493 3283//3283 3502//3502
f 3502//3502 3283//3283 3293//3293
f 3295//3295 3293//3293 3283//3283
f 3295//3295 3283//3283 3284//3284
f 3496//3496 3285//3285 3495//3495
f 3285//3285 3496//3496 3507//3507
f 3301//3301 3285//3285 3507//3507
f 3286//3286 3285//3285 3301//3301
f 3301//3301 3302//3302 3286//3286
f 3286//3286 3302//3302 3287//3287
f 3289//3289 3288//3288 3305//3305
f 3305//3305 3288//3288 3304//3304
f 3305//3305 3290//3290 3289//3289
f 3305//3305 3306//3306 3290//3290
f 3306//3306 3509//3509 3497//3497
f 3306//3306 3497//3497 3290//3290
f 3292//3292 3291//3291 3500//3500
f 3292//3292 3500//3500 3501//3501
f 3501//3501 3520//3520 3292//3292
f 3292//3292 3520//3520 3316//3316
f 3294//3294 3317//3317 3293//3293
f 3317//3317 3502//3502 3293//3293
f 3317//3317 3521//3521 3502//3502
f 3295//3295 3294//3294 3293//3293
f 3322//3322 3321//3321 3296//3296
f 3503//3503 3526//3526 3322//3322
f 3296//3296 3503//3503 3322//3322
f 3297//3297 3503//3503 3296//3296
f 3297//3297 3504//3504 3503//3503
f 3298//3298 3504//3504 3297//3297
f 3299//3299 3323//3323 3528//3528
f 3504//3504 3299//3299 3528//3528
f 3298//3298 3299//3299 3504//3504
f 3323//3323 3299//3299 3300//3300
f 3323//3323 3300//3300 3324//3324
f 3325//3325 3324//3324 3300//3300
f 3301//3301 3507//3507 3532//3532
f 3301//3301 3532//3532 3327//3327
f 3327//3327 3328//3328 3301//3301
f 3301//3301 3328//3328 3302//3302
f 3331//3331 3332//3332 3303//3303
f 3303//3303 3332//3332 3304//3304
f 3332//3332 3305//3305 3304//3304
f 3332//3332 3333//3333 3305//3305
f 3333//3333 3534//3534 3508//3508
f 3306//3306 3333//3333 3508//3508
f 3305//3305 3333//3333 3306//3306
f 3508//3508 3509//3509 3306//3306
f 3307//3307 3336//3336 3335//3335
f 3512//3512 3537//3537 3336//3336
f 3307//3307 3512//3512 3336//3336
f 3308//3308 3512//3512 3307//3307
f 3308//3308 3513//3513 3512//3512
f 3309//3309 3513//3513 3308//3308
f 3309//3309 3514//3514 3513//3513
f 3310//3310 3514//3514 3309//3309
f 3310//3310 3515//3515 3514//3514
f 3311//3311 3515//3515 3310//3310
f 3311//3311 3516//3516 3515//3515
f 3312//3312 3516//3516 3311//3311
f 3312//3312 3517//3517 3516//3516
f 3313//3313 3517//3517 3312//3312
f 3313//3313 3518//3518 3517//3517
f 3314//3314 3518//3518 3313//3313
f 3314//3314 3519//3519 3518//3518
f 3315//3315 3519//3519 3314//3314
f 3315//3315 3316//3316 3519//3519
f 3519//3519 3316//3316 3520//3520
f 3317//3317 3318//3318 3521//3521
f 3521//3521 3318//3318 3522//3522
f 3318//3318 3523//3523 3522//3522
f 3319//3319 3523//3523 3318//3318
f 3319//3319 3524//3524 3523//3523
f 3320//3320 3524//3524 3319//3319
f 3322//3322 3525//3525 3321//3321
f 3525//3525 3320//3320 3321//3321
f 3525//3525 3524//3524 3320//3320
f 3526//3526 3525//3525 3322//3322
f 3323//3323 3529//3529 3528//3528
f 3529//3529 3323//3323 3541//3541
f 3323//3323 3337//3337 3541//3541
f 3323//3323 3324//3324 3337//3337
f 3324//3324 3325//3325 3326//3326
f 3338//3338 3324//3324 3326//3326
f 3337//3337 3324//3324 3338//3338
f 3326//3326 3532//3532 3544//3544
f 3338//3338 3326//3326 3544//3544
f 3326//3326 3327//3327 3532//3532
f 3340//3340 3326//3326 3339//3339
f 3326//3326 3340//3340 3327//3327
f 3328//3328 3327//3327 3329//3329
f 3327//3327 3341//3341 3329//3329
f 3327//3327 3340//3340 3341//3341
f 3341//3341 3342//3342 3329//3329
f 3344//3344 3345//3345 3330//3330
f 3330//3330 3345//3345 3331//3331
f 3345//3345 3332//3332 3331//3331
f 3345//3345 3347//3347 3332//3332
f 3347//3347 3546//3546 3533//3533
f 3333//3333 3347//3347 3533//3533
f 3332//3332 3347//3347 3333//3333
f 3533//3533 3534//3534 3333//3333
f 3334//3334 3351//3351 3350//3350
f 3351//3351 3334//3334 3335//3335
f 3336//3336 3351//3351 3335//3335
f 3352//3352 3351//3351 3336//3336
f 3552//3552 3352//3352 3537//3537
f 3537//3537 3352//3352 3336//3336
f 3337//3337 3542//3542 3541//3541
f 3542//3542 3337//3337 3557//3557
f 3337//3337 3353//3353 3557//3557
f 3337//3337 3338//3338 3353//3353
f 3545//3545 3353//3353 3338//3338
f 3544//3544 3545//3545 3338//3338
f 3545//3545 3354//3354 3353//3353
f 3339//3339 3545//3545 3340//3340
f 3545//3545 3339//3339 3354//3354
f 3340//3340 3545//3545 3559//3559
f 3356//3356 3340//3340 3559//3559
f 3341//3341 3340//3340 3356//3356
f 3342//3342 3341//3341 3343//3343
f 3341//3341 3357//3357 3343//3343
f 3341//3341 3356//3356 3357//3357
f 3357//3357 3358//3358 3343//3343
f 3344//3344 3346//3346 3345//3345
f 3345//3345 3346//3346 3347//3347
f 3347//3347 3346//3346 3348//3348
f 3347//3347 3348//3348 3546//3546
f 3348//3348 3548//3548 3546//3546
f 3348//3348 3349//3349 3548//3548
f 3351//3351 3550//3550 3350//3350
f 3550//3550 3349//3349 3350//3350
f 3550//3550 3548//3548 3349//3349
f 3352//3352 3551//3551 3351//3351
f 3351//3351 3551//3551 3550//3550
f 3552//3552 3551//3551 3352//3352
f 3557//3557 3353//3353 3563//3563
f 3563//3563 3353//3353 3360//3360
f 3353//3353 3354//3354 3355//3355
f 3361//3361 3353//3353 3355//3355
f 3360//3360 3353//3353 3361//3361
f 3560//3560 3356//3356 3559//3559
f 3355//3355 3362//3362 3361//3361
f 3356//3356 3560//3560 3569//3569
f 3364//3364 3356//3356 3569//3569
f 3357//3357 3356//3356 3364//3364
f 3358//3358 3357//3357 3359//3359
f 3357//3357 3366//3366 3359//3359
f 3357//3357 3364//3364 3366//3366
f 3366//3366 3368//3368 3359//3359
f 3360//3360 3564//3564 3563//3563
f 3361//3361 3566//3566 3360//3360
f 3360//3360 3566//3566 3564//3564
f 3362//3362 3363//3363 3361//3361
f 3363//3363 3566//3566 3361//3361
f 3363//3363 3568//3568 3566//3566
f 3569//3569 3568//3568 3364//3364
f 3568//3568 3365//3365 3364//3364
f 3568//3568 3363//3363 3365//3365
f 3364//3364 3365//3365 3366//3366
f 3366//3366 3365//3365 3367//3367
f 3367//3367 3368//3368 3366//3366
f 3399//3399 3400//3400 3369//3369
f 3369//3369 3400//3400 3370//3370
f 3370//3370 3400//3400 3401//3401
f 3370//3370 3401//3401 3371//3371
f 3371//3371 3401//3401 3403//3403
f 3595//3595 3570//3570 3403//3403
f 3570//3570 3371//3371 3403//3403
f 3570//3570 3372//3372 3371//3371
f 3571//3571 3372//3372 3570//3570
f 3571//3571 3373//3373 3372//3372
f 3572//3572 3373//3373 3571//3571
f 3572//3572 3374//3374 3373//3373
f 3573//3573 3374//3374 3572//3572
f 3573//3573 3375//3375 3374//3374
f 3574//3574 3375//3375 3573//3573
f 3574//3574 3376//3376 3375//3375
f 3575//3575 3376//3376 3574//3574
f 3575//3575 3377//3377 3376//3376
f 3576//3576 3377//3377 3575//3575
f 3576//3576 3378//3378 3377//3377
f 3577//3577 3378//3378 3576//3576
f 3577//3577 3379//3379 3378//3378
f 3578//3578 3379//3379 3577//3577
f 3578//3578 3380//3380 3379//3379
f 3579//3579 3380//3380 3578//3578
f 3579//3579 3381//3381 3380//3380
f 3580//3580 3381//3381 3579//3579
f 3580//3580 3382//3382 3381//3381
f 3581//3581 3382//3382 3580//3580
f 3581//3581 3383//3383 3382//3382
f 3582//3582 3383//3383 3581//3581
f 3582//3582 3384//3384 3383//3383
f 3583//3583 3384//3384 3582//3582
f 3583//3583 3385//3385 3384//3384
f 3584//3584 3385//3385 3583//3583
f 3584//3584 3386//3386 3385//3385
f 3585//3585 3386//3386 3584//3584
f 3585//3585 3387//3387 3386//3386
f 3586//3586 3387//3387 3585//3585
f 3586//3586 3388//3388 3387//3387
f 3587//3587 3388//3388 3586//3586
f 3587//3587 3389//3389 3388//3388
f 3588//3588 3389//3389 3587//3587
f 3588//3588 3390//3390 3389//3389
f 3589//3589 3390//3390 3588//3588
f 3589//3589 3391//3391 3390//3390
f 3590//3590 3391//3391 3589//3589
f 3590//3590 3392//3392 3391//3391
f 3426//3426 3393//3393 3620//3620
f 3393//3393 3590//3590 3620//3620
f 3393//3393 3392//3392 3590//3590
f 3393//3393 3426//3426 3394//3394
f 3394//3394 3426//3426 3428//3428
f 3394//3394 3428//3428 3395//3395
f 3395//3395 3428//3428 3430//3430
f 3430//3430 3431//3431 3395//3395
f 3436//3436 3437//3437 3396//3396
f 3396//3396 3437//3437 3397//3397
f 3397//3397 3437//3437 3438//3438
f 3625//3625 3591//3591 3438//3438
f 3591//3591 3397//3397 3438//3438
f 3591//3591 3398//3398 3397//3397
f 3592//3592 3400//3400 3399//3399
f 3398//3398 3592//3592 3399//3399
f 3591//3591 3592//3592 3398//3398
f 3441//3441 3592//3592 3593//3593
f 3442//3442 3441//3441 3593//3593
f 3441//3441 3400//3400 3592//3592
f 3401//3401 3441//3441 3402//3402
f 3441//3441 3401//3401 3400//3400
f 3594//3594 3442//3442 3593//3593
f 3443//3443 3442//3442 3594//3594
f 3403//3403 3401//3401 3402//3402
f 3404//3404 3403//3403 3402//3402
f 3595//3595 3444//3444 3443//3443
f 3594//3594 3595//3595 3443//3443
f 3595//3595 3405//3405 3444//3444
f 3404//3404 3595//3595 3403//3403
f 3595//3595 3404//3404 3405//3405
f 3444//3444 3405//3405 3406//3406
f 3444//3444 3406//3406 3445//3445
f 3445//3445 3406//3406 3407//3407
f 3445//3445 3407//3407 3446//3446
f 3446//3446 3407//3407 3408//3408
f 3446//3446 3408//3408 3447//3447
f 3447//3447 3408//3408 3409//3409
f 3447//3447 3409//3409 3448//3448
f 3448//3448 3409//3409 3410//3410
f 3448//3448 3410//3410 3449//3449
f 3602//3602 3637//3637 3449//3449
f 3410//3410 3602//3602 3449//3449
f 3411//3411 3602//3602 3410//3410
f 3411//3411 3603//3603 3602//3602
f 3412//3412 3603//3603 3411//3411
f 3412//3412 3604//3604 3603//3603
f 3413//3413 3604//3604 3412//3412
f 3413//3413 3605//3605 3604//3604
f 3414//3414 3605//3605 3413//3413
f 3414//3414 3606//3606 3605//3605
f 3415//3415 3606//3606 3414//3414
f 3415//3415 3607//3607 3606//3606
f 3416//3416 3607//3607 3415//3415
f 3416//3416 3608//3608 3607//3607
f 3417//3417 3608//3608 3416//3416
f 3417//3417 3609//3609 3608//3608
f 3418//3418 3609//3609 3417//3417
f 3418//3418 3610//3610 3609//3609
f 3419//3419 3610//3610 3418//3418
f 3419//3419 3611//3611 3610//3610
f 3420//3420 3611//3611 3419//3419
f 3420//3420 3612//3612 3611//3611
f 3421//3421 3612//3612 3420//3420
f 3421//3421 3614//3614 3612//3612
f 3422//3422 3614//3614 3421//3421
f 3422//3422 3616//3616 3614//3614
f 3423//3423 3616//3616 3422//3422
f 3423//3423 3618//3618 3616//3616
f 3424//3424 3618//3618 3423//3423
f 3425//3425 3450//3450 3650//3650
f 3618//3618 3425//3425 3650//3650
f 3424//3424 3425//3425 3618//3618
f 3620//3620 3425//3425 3427//3427
f 3426//3426 3620//3620 3427//3427
f 3620//3620 3450//3450 3425//3425
f 3451//3451 3620//3620 3621//3621
f 3620//3620 3451//3451 3450//3450
f 3622//3622 3451//3451 3621//3621
f 3452//3452 3451//3451 3622//3622
f 3428//3428 3426//3426 3427//3427
f 3429//3429 3428//3428 3427//3427
f 3453//3453 3430//3430 3428//3428
f 3429//3429 3453//3453 3428//3428
f 3453//3453 3623//3623 3430//3430
f 3622//3622 3453//3453 3452//3452
f 3453//3453 3622//3622 3623//3623
f 3455//3455 3432//3432 3656//3656
f 3656//3656 3432//3432 3623//3623
f 3432//3432 3431//3431 3623//3623
f 3431//3431 3430//3430 3623//3623
f 3432//3432 3455//3455 3433//3433
f 3433//3433 3455//3455 3456//3456
f 3433//3433 3456//3456 3434//3434
f 3434//3434 3456//3456 3457//3457
f 3457//3457 3458//3458 3434//3434
f 3461//3461 3462//3462 3435//3435
f 3435//3435 3462//3462 3436//3436
f 3462//3462 3437//3437 3436//3436
f 3462//3462 3463//3463 3437//3437
f 3463//3463 3660//3660 3624//3624
f 3438//3438 3463//3463 3624//3624
f 3437//3437 3463//3463 3438//3438
f 3624//3624 3625//3625 3438//3438
f 3439//3439 3465//3465 3464//3464
f 3465//3465 3439//3439 3440//3440
f 3465//3465 3440//3440 3466//3466
f 3629//3629 3664//3664 3466//3466
f 3629//3629 3466//3466 3440//3440
f 3442//3442 3629//3629 3440//3440
f 3441//3441 3442//3442 3440//3440
f 3443//3443 3630//3630 3442//3442
f 3442//3442 3630//3630 3629//3629
f 3444//3444 3631//3631 3443//3443
f 3443//3443 3631//3631 3630//3630
f 3445//3445 3632//3632 3444//3444
f 3444//3444 3632//3632 3631//3631
f 3446//3446 3633//3633 3445//3445
f 3445//3445 3633//3633 3632//3632
f 3447//3447 3634//3634 3446//3446
f 3446//3446 3634//3634 3633//3633
f 3448//3448 3635//3635 3447//3447
f 3447//3447 3635//3635 3634//3634
f 3449//3449 3636//3636 3448//3448
f 3448//3448 3636//3636 3635//3635
f 3637//3637 3636//3636 3449//3449
f 3450//3450 3651//3651 3650//3650
f 3451//3451 3652//3652 3450//3450
f 3450//3450 3652//3652 3651//3651
f 3452//3452 3654//3654 3451//3451
f 3451//3451 3654//3654 3652//3652
f 3454//3454 3467//3467 3677//3677
f 3454//3454 3677//3677 3654//3654
f 3453//3453 3454//3454 3654//3654
f 3452//3452 3453//3453 3654//3654
f 3657//3657 3455//3455 3656//3656
f 3454//3454 3468//3468 3467//3467
f 3658//3658 3456//3456 3455//3455
f 3658//3658 3455//3455 3657//3657
f 3456//3456 3658//3658 3681//3681
f 3469//3469 3456//3456 3681//3681
f 3457//3457 3456//3456 3469//3469
f 3458//3458 3457//3457 3459//3459
f 3457//3457 3470//3470 3459//3459
f 3457//3457 3469//3469 3470//3470
f 3470//3470 3471//3471 3459//3459
f 3473//3473 3474//3474 3460//3460
f 3460//3460 3474//3474 3461//3461
f 3474//3474 3462//3462 3461//3461
f 3474//3474 3475//3475 3462//3462
f 3475//3475 3684//3684 3659//3659
f 3463//3463 3475//3475 3659//3659
f 3462//3462 3475//3475 3463//3463
f 3659//3659 3660//3660 3463//3463
f 3464//3464 3465//3465 3477//3477
f 3464//3464 3477//3477 3476//3476
f 3688//3688 3477//3477 3663//3663
f 3477//3477 3466//3466 3663//3663
f 3477//3477 3465//3465 3466//3466
f 3664//3664 3663//3663 3466//3466
f 3677//3677 3467//3467 3697//3697
f 3697//3697 3467//3467 3480//3480
f 3482//3482 3480//3480 3467//3467
f 3482//3482 3467//3467 3468//3468
f 3682//3682 3469//3469 3681//3681
f 3469//3469 3682//3682 3701//3701
f 3483//3483 3469//3469 3701//3701
f 3470//3470 3469//3469 3483//3483
f 3483//3483 3484//3484 3470//3470
f 3470//3470 3484//3484 3471//3471
f 3487//3487 3488//3488 3472//3472
f 3472//3472 3488//3488 3473//3473
f 3488//3488 3474//3474 3473//3473
f 3488//3488 3489//3489 3474//3474
f 3489//3489 3704//3704 3683//3683
f 3475//3475 3489//3489 3683//3683
f 3474//3474 3489//3489 3475//3475
f 3683//3683 3684//3684 3475//3475
f 3476//3476 3477//3477 3687//3687
f 3707//3707 3476//3476 3687//3687
f 3490//3490 3476//3476 3707//3707
f 3688//3688 3687//3687 3477//3477
f 3712//3712 3694//3694 3493//3493
f 3493//3493 3694//3694 3478//3478
f 3696//3696 3478//3478 3694//3694
f 3696//3696 3479//3479 3478//3478
f 3696//3696 3697//3697 3480//3480
f 3481//3481 3696//3696 3480//3480
f 3479//3479 3696//3696 3481//3481
f 3482//3482 3481//3481 3480//3480
f 3702//3702 3483//3483 3701//3701
f 3494//3494 3485//3485 3715//3715
f 3715//3715 3485//3485 3702//3702
f 3485//3485 3484//3484 3702//3702
f 3484//3484 3483//3483 3702//3702
f 3494//3494 3495//3495 3485//3485
f 3497//3497 3498//3498 3486//3486
f 3486//3486 3498//3498 3487//3487
f 3498//3498 3488//3488 3487//3487
f 3498//3498 3499//3499 3488//3488
f 3499//3499 3716//3716 3703//3703
f 3489//3489 3499//3499 3703//3703
f 3488//3488 3499//3499 3489//3489
f 3703//3703 3704//3704 3489//3489
f 3491//3491 3490//3490 3707//3707
f 3491//3491 3707//3707 3709//3709
f 3711//3711 3491//3491 3709//3709
f 3711//3711 3492//3492 3491//3491
f 3711//3711 3719//3719 3492//3492
f 3492//3492 3719//3719 3500//3500
f 3493//3493 3721//3721 3712//3712
f 3493//3493 3502//3502 3721//3721
f 3494//3494 3715//3715 3726//3726
f 3494//3494 3726//3726 3505//3505
f 3495//3495 3494//3494 3496//3496
f 3494//3494 3506//3506 3496//3496
f 3494//3494 3505//3505 3506//3506
f 3506//3506 3507//3507 3496//3496
f 3498//3498 3497//3497 3510//3510
f 3510//3510 3497//3497 3509//3509
f 3510//3510 3499//3499 3498//3498
f 3510//3510 3511//3511 3499//3499
f 3511//3511 3728//3728 3716//3716
f 3511//3511 3716//3716 3499//3499
f 3501//3501 3500//3500 3719//3719
f 3501//3501 3719//3719 3720//3720
f 3720//3720 3737//3737 3501//3501
f 3501//3501 3737//3737 3520//3520
f 3502//3502 3738//3738 3721//3721
f 3502//3502 3521//3521 3738//3738
f 3723//3723 3743//3743 3526//3526
f 3723//3723 3526//3526 3503//3503
f 3504//3504 3527//3527 3745//3745
f 3723//3723 3504//3504 3745//3745
f 3503//3503 3504//3504 3723//3723
f 3528//3528 3527//3527 3504//3504
f 3505//3505 3726//3726 3748//3748
f 3505//3505 3748//3748 3530//3530
f 3530//3530 3506//3506 3505//3505
f 3530//3530 3531//3531 3506//3506
f 3531//3531 3532//3532 3506//3506
f 3506//3506 3532//3532 3507//3507
f 3534//3534 3535//3535 3508//3508
f 3508//3508 3535//3535 3509//3509
f 3535//3535 3510//3510 3509//3509
f 3535//3535 3536//3536 3510//3510
f 3538//3538 3751//3751 3727//3727
f 3536//3536 3512//3512 3511//3511
f 3510//3510 3536//3536 3511//3511
f 3537//3537 3512//3512 3536//3536
f 3728//3728 3539//3539 3538//3538
f 3727//3727 3728//3728 3538//3538
f 3728//3728 3513//3513 3539//3539
f 3512//3512 3728//3728 3511//3511
f 3728//3728 3512//3512 3513//3513
f 3731//3731 3754//3754 3539//3539
f 3513//3513 3731//3731 3539//3539
f 3514//3514 3731//3731 3513//3513
f 3514//3514 3732//3732 3731//3731
f 3515//3515 3732//3732 3514//3514
f 3515//3515 3733//3733 3732//3732
f 3516//3516 3733//3733 3515//3515
f 3516//3516 3734//3734 3733//3733
f 3517//3517 3734//3734 3516//3516
f 3517//3517 3735//3735 3734//3734
f 3518//3518 3735//3735 3517//3517
f 3518//3518 3736//3736 3735//3735
f 3519//3519 3736//3736 3518//3518
f 3519//3519 3520//3520 3736//3736
f 3736//3736 3520//3520 3737//3737
f 3521//3521 3522//3522 3738//3738
f 3738//3738 3522//3522 3739//3739
f 3522//3522 3740//3740 3739//3739
f 3523//3523 3740//3740 3522//3522
f 3523//3523 3741//3741 3740//3740
f 3524//3524 3741//3741 3523//3523
f 3524//3524 3742//3742 3741//3741
f 3525//3525 3742//3742 3524//3524
f 3525//3525 3526//3526 3742//3742
f 3742//3742 3526//3526 3743//3743
f 3527//3527 3746//3746 3745//3745
f 3529//3529 3540//3540 3759//3759
f 3529//3529 3759//3759 3746//3746
f 3528//3528 3529//3529 3746//3746
f 3527//3527 3528//3528 3746//3746
f 3749//3749 3530//3530 3748//3748
f 3529//3529 3541//3541 3540//3540
f 3530//3530 3749//3749 3762//3762
f 3543//3543 3530//3530 3762//3762
f 3531//3531 3530//3530 3543//3543
f 3543//3543 3544//3544 3531//3531
f 3531//3531 3544//3544 3532//3532
f 3546//3546 3547//3547 3533//3533
f 3533//3533 3547//3547 3534//3534
f 3547//3547 3535//3535 3534//3534
f 3547//3547 3549//3549 3535//3535
f 3549//3549 3764//3764 3750//3750
f 3536//3536 3549//3549 3750//3750
f 3535//3535 3549//3549 3536//3536
f 3750//3750 3552//3552 3537//3537
f 3536//3536 3750//3750 3537//3537
f 3750//3750 3553//3553 3552//3552
f 3538//3538 3750//3750 3751//3751
f 3750//3750 3538//3538 3553//3553
f 3539//3539 3553//3553 3538//3538
f 3554//3554 3553//3553 3539//3539
f 3770//3770 3554//3554 3754//3754
f 3754//3754 3554//3554 3539//3539
f 3759//3759 3540//3540 3775//3775
f 3775//3775 3540//3540 3555//3555
f 3540//3540 3541//3541 3542//3542
f 3556//3556 3540//3540 3542//3542
f 3555//3555 3540//3540 3556//3556
f 3763//3763 3543//3543 3762//3762
f 3542//3542 3557//3557 3556//3556
f 3558//3558 3545//3545 3778//3778
f 3778//3778 3545//3545 3763//3763
f 3545//3545 3544//3544 3763//3763
f 3544//3544 3543//3543 3763//3763
f 3558//3558 3559//3559 3545//3545
f 3546//3546 3548//3548 3547//3547
f 3547//3547 3548//3548 3549//3549
f 3549//3549 3548//3548 3550//3550
f 3549//3549 3550//3550 3764//3764
f 3550//3550 3766//3766 3764//3764
f 3550//3550 3551//3551 3766//3766
f 3553//3553 3768//3768 3552//3552
f 3768//3768 3551//3551 3552//3552
f 3768//3768 3766//3766 3551//3551
f 3554//3554 3769//3769 3553//3553
f 3553//3553 3769//3769 3768//3768
f 3770//3770 3769//3769 3554//3554
f 3775//3775 3555//3555 3781//3781
f 3781//3781 3555//3555 3561//3561
f 3556//3556 3561//3561 3555//3555
f 3562//3562 3561//3561 3556//3556
f 3563//3563 3562//3562 3556//3556
f 3563//3563 3556//3556 3557//3557
f 3558//3558 3778//3778 3786//3786
f 3558//3558 3786//3786 3565//3565
f 3559//3559 3558//3558 3560//3560
f 3558//3558 3567//3567 3560//3560
f 3558//3558 3565//3565 3567//3567
f 3567//3567 3569//3569 3560//3560
f 3561//3561 3782//3782 3781//3781
f 3562//3562 3783//3783 3561//3561
f 3561//3561 3783//3783 3782//3782
f 3563//3563 3564//3564 3562//3562
f 3564//3564 3783//3783 3562//3562
f 3564//3564 3785//3785 3783//3783
f 3786//3786 3785//3785 3565//3565
f 3785//3785 3566//3566 3565//3565
f 3785//3785 3564//3564 3566//3566
f 3565//3565 3566//3566 3567//3567
f 3567//3567 3566//3566 3568//3568
f 3568//3568 3569//3569 3567//3567
f 3595//3595 3596//3596 3570//3570
f 3570//3570 3596//3596 3571//3571
f 3571//3571 3596//3596 3597//3597
f 3571//3571 3597//3597 3572//3572
f 3572//3572 3597//3597 3598//3598
f 3572//3572 3598//3598 3573//3573
f 3573//3573 3598//3598 3599//3599
f 3573//3573 3599//3599 3574//3574
f 3574//3574 3599//3599 3600//3600
f 3574//3574 3600//3600 3575//3575
f 3575//3575 3600//3600 3601//3601
f 3805//3805 3787//3787 3601//3601
f 3787//3787 3575//3575 3601//3601
f 3787//3787 3576//3576 3575//3575
f 3788//3788 3576//3576 3787//3787
f 3788//3788 3577//3577 3576//3576
f 3789//3789 3577//3577 3788//3788
f 3789//3789 3578//3578 3577//3577
f 3790//3790 3578//3578 3789//3789
f 3790//3790 3579//3579 3578//3578
f 3791//3791 3579//3579 3790//3790
f 3791//3791 3580//3580 3579//3579
f 3792//3792 3580//3580 3791//3791
f 3792//3792 3581//3581 3580//3580
f 3793//3793 3581//3581 3792//3792
f 3793//3793 3582//3582 3581//3581
f 3794//3794 3582//3582 3793//3793
f 3794//3794 3583//3583 3582//3582
f 3795//3795 3583//3583 3794//3794
f 3795//3795 3584//3584 3583//3583
f 3796//3796 3584//3584 3795//3795
f 3796//3796 3585//3585 3584//3584
f 3797//3797 3585//3585 3796//3796
f 3797//3797 3586//3586 3585//3585
f 3613//3613 3587//3587 3819//3819
f 3587//3587 3797//3797 3819//3819
f 3587//3587 3586//3586 3797//3797
f 3587//3587 3613//3613 3588//3588
f 3588//3588 3613//3613 3615//3615
f 3588//3588 3615//3615 3589//3589
f 3589//3589 3615//3615 3617//3617
f 3589//3589 3617//3617 3590//3590
f 3590//3590 3617//3617 3619//3619
f 3619//3619 3620//3620 3590//3590
f 3625//3625 3626//3626 3591//3591
f 3591//3591 3626//3626 3592//3592
f 3592//3592 3626//3626 3627//3627
f 3592//3592 3627//3627 3593//3593
f 3593//3593 3627//3627 3628//3628
f 3827//3827 3798//3798 3628//3628
f 3798//3798 3593//3593 3628//3628
f 3798//3798 3594//3594 3593//3593
f 3799//3799 3596//3596 3595//3595
f 3594//3594 3799//3799 3595//3595
f 3798//3798 3799//3799 3594//3594
f 3800//3800 3597//3597 3596//3596
f 3800//3800 3596//3596 3799//3799
f 3801//3801 3598//3598 3597//3597
f 3801//3801 3597//3597 3800//3800
f 3802//3802 3599//3599 3598//3598
f 3802//3802 3598//3598 3801//3801
f 3803//3803 3600//3600 3599//3599
f 3803//3803 3599//3599 3802//3802
f 3804//3804 3601//3601 3600//3600
f 3804//3804 3600//3600 3803//3803
f 3804//3804 3805//3805 3601//3601
f 3602//3602 3638//3638 3637//3637
f 3638//3638 3602//3602 3603//3603
f 3638//3638 3603//3603 3639//3639
f 3639//3639 3603//3603 3604//3604
f 3639//3639 3604//3604 3640//3640
f 3640//3640 3604//3604 3605//3605
f 3640//3640 3605//3605 3641//3641
f 3641//3641 3605//3605 3606//3606
f 3641//3641 3606//3606 3642//3642
f 3642//3642 3606//3606 3607//3607
f 3642//3642 3607//3607 3643//3643
f 3813//3813 3840//3840 3643//3643
f 3607//3607 3813//3813 3643//3643
f 3608//3608 3813//3813 3607//3607
f 3608//3608 3815//3815 3813//3813
f 3609//3609 3815//3815 3608//3608
f 3610//3610 3644//3644 3843//3843
f 3815//3815 3610//3610 3843//3843
f 3609//3609 3610//3610 3815//3815
f 3644//3644 3610//3610 3611//3611
f 3644//3644 3611//3611 3645//3645
f 3645//3645 3611//3611 3612//3612
f 3645//3645 3612//3612 3646//3646
f 3819//3819 3612//3612 3614//3614
f 3613//3613 3819//3819 3614//3614
f 3819//3819 3646//3646 3612//3612
f 3647//3647 3819//3819 3820//3820
f 3819//3819 3647//3647 3646//3646
f 3821//3821 3647//3647 3820//3820
f 3648//3648 3647//3647 3821//3821
f 3615//3615 3613//3613 3614//3614
f 3616//3616 3615//3615 3614//3614
f 3822//3822 3648//3648 3821//3821
f 3649//3649 3648//3648 3822//3822
f 3617//3617 3615//3615 3616//3616
f 3618//3618 3617//3617 3616//3616
f 3650//3650 3619//3619 3617//3617
f 3618//3618 3650//3650 3617//3617
f 3650//3650 3823//3823 3619//3619
f 3822//3822 3650//3650 3649//3649
f 3650//3650 3822//3822 3823//3823
f 3621//3621 3620//3620 3619//3619
f 3823//3823 3621//3621 3619//3619
f 3824//3824 3621//3621 3823//3823
f 3653//3653 3622//3622 3853//3853
f 3622//3622 3824//3824 3853//3853
f 3622//3622 3621//3621 3824//3824
f 3622//3622 3653//3653 3623//3623
f 3623//3623 3653//3653 3655//3655
f 3655//3655 3656//3656 3623//3623
f 3660//3660 3661//3661 3624//3624
f 3624//3624 3661//3661 3625//3625
f 3661//3661 3626//3626 3625//3625
f 3661//3661 3662//3662 3626//3626
f 3662//3662 3856//3856 3825//3825
f 3627//3627 3662//3662 3825//3825
f 3626//3626 3662//3662 3627//3627
f 3664//3664 3825//3825 3826//3826
f 3665//3665 3664//3664 3826//3826
f 3664//3664 3627//3627 3825//3825
f 3628//3628 3664//3664 3629//3629
f 3664//3664 3628//3628 3627//3627
f 3827//3827 3666//3666 3665//3665
f 3826//3826 3827//3827 3665//3665
f 3827//3827 3630//3630 3666//3666
f 3629//3629 3827//3827 3628//3628
f 3827//3827 3629//3629 3630//3630
f 3666//3666 3630//3630 3631//3631
f 3666//3666 3631//3631 3667//3667
f 3667//3667 3631//3631 3632//3632
f 3667//3667 3632//3632 3668//3668
f 3668//3668 3632//3632 3633//3633
f 3668//3668 3633//3633 3669//3669
f 3833//3833 3865//3865 3669//3669
f 3633//3633 3833//3833 3669//3669
f 3634//3634 3833//3833 3633//3633
f 3634//3634 3835//3835 3833//3833
f 3635//3635 3835//3835 3634//3634
f 3636//3636 3670//3670 3868//3868
f 3835//3835 3636//3636 3868//3868
f 3635//3635 3636//3636 3835//3835
f 3670//3670 3636//3636 3637//3637
f 3638//3638 3670//3670 3637//3637
f 3671//3671 3670//3670 3638//3638
f 3870//3870 3671//3671 3836//3836
f 3671//3671 3639//3639 3836//3836
f 3671//3671 3638//3638 3639//3639
f 3640//3640 3837//3837 3639//3639
f 3639//3639 3837//3837 3836//3836
f 3641//3641 3838//3838 3640//3640
f 3640//3640 3838//3838 3837//3837
f 3642//3642 3839//3839 3641//3641
f 3641//3641 3839//3839 3838//3838
f 3839//3839 3642//3642 3875//3875
f 3642//3642 3672//3672 3875//3875
f 3642//3642 3643//3643 3672//3672
f 3877//3877 3672//3672 3840//3840
f 3840//3840 3672//3672 3643//3643
f 3644//3644 3844//3844 3843//3843
f 3645//3645 3845//3845 3644//3644
f 3644//3644 3845//3845 3844//3844
f 3646//3646 3846//3846 3645//3645
f 3645//3645 3846//3846 3845//3845
f 3647//3647 3847//3847 3646//3646
f 3646//3646 3847//3847 3846//3846
f 3648//3648 3849//3849 3647//3647
f 3647//3647 3849//3849 3847//3847
f 3849//3849 3648//3648 3885//3885
f 3648//3648 3673//3673 3885//3885
f 3648//3648 3649//3649 3673//3673
f 3649//3649 3650//3650 3651//3651
f 3674//3674 3649//3649 3651//3651
f 3673//3673 3649//3649 3674//3674
f 3674//3674 3651//3651 3652//3652
f 3674//3674 3652//3652 3675//3675
f 3853//3853 3652//3652 3654//3654
f 3653//3653 3853//3853 3654//3654
f 3853//3853 3675//3675 3652//3652
f 3676//3676 3853//3853 3854//3854
f 3853//3853 3676//3676 3675//3675
f 3890//3890 3676//3676 3854//3854
f 3677//3677 3653//3653 3654//3654
f 3677//3677 3678//3678 3653//3653
f 3678//3678 3655//3655 3653//3653
f 3656//3656 3655//3655 3657//3657
f 3655//3655 3679//3679 3657//3657
f 3655//3655 3678//3678 3679//3679
f 3657//3657 3679//3679 3658//3658
f 3658//3658 3679//3679 3680//3680
f 3680//3680 3681//3681 3658//3658
f 3684//3684 3685//3685 3659//3659
f 3659//3659 3685//3685 3660//3660
f 3685//3685 3661//3661 3660//3660
f 3685//3685 3686//3686 3661//3661
f 3686//3686 3893//3893 3855//3855
f 3662//3662 3686//3686 3855//3855
f 3661//3661 3686//3686 3662//3662
f 3855//3855 3856//3856 3662//3662
f 3663//3663 3689//3689 3688//3688
f 3689//3689 3663//3663 3664//3664
f 3665//3665 3689//3689 3664//3664
f 3690//3690 3689//3689 3665//3665
f 3898//3898 3690//3690 3860//3860
f 3690//3690 3666//3666 3860//3860
f 3690//3690 3665//3665 3666//3666
f 3667//3667 3862//3862 3666//3666
f 3666//3666 3862//3862 3860//3860
f 3668//3668 3863//3863 3667//3667
f 3667//3667 3863//3863 3862//3862
f 3669//3669 3864//3864 3668//3668
f 3668//3668 3864//3864 3863//3863
f 3865//3865 3864//3864 3669//3669
f 3868//3868 3670//3670 3905//3905
f 3905//3905 3670//3670 3691//3691
f 3907//3907 3691//3691 3869//3869
f 3691//3691 3671//3671 3869//3869
f 3691//3691 3670//3670 3671//3671
f 3870//3870 3869//3869 3671//3671
f 3672//3672 3876//3876 3875//3875
f 3877//3877 3876//3876 3672//3672
f 3673//3673 3886//3886 3885//3885
f 3886//3886 3673//3673 3919//3919
f 3673//3673 3692//3692 3919//3919
f 3673//3673 3674//3674 3692//3692
f 3675//3675 3692//3692 3674//3674
f 3693//3693 3692//3692 3675//3675
f 3676//3676 3693//3693 3675//3675
f 3695//3695 3693//3693 3676//3676
f 3891//3891 3695//3695 3676//3676
f 3890//3890 3891//3891 3676//3676
f 3891//3891 3697//3697 3695//3695
f 3677//3677 3891//3891 3678//3678
f 3891//3891 3677//3677 3697//3697
f 3678//3678 3891//3891 3924//3924
f 3698//3698 3678//3678 3924//3924
f 3679//3679 3678//3678 3698//3698
f 3698//3698 3680//3680 3679//3679
f 3698//3698 3699//3699 3680//3680
f 3681//3681 3680//3680 3682//3682
f 3680//3680 3700//3700 3682//3682
f 3680//3680 3699//3699 3700//3700
f 3700//3700 3701//3701 3682//3682
f 3704//3704 3705//3705 3683//3683
f 3683//3683 3705//3705 3684//3684
f 3705//3705 3685//3685 3684//3684
f 3705//3705 3706//3706 3685//3685
f 3706//3706 3928//3928 3892//3892
f 3686//3686 3706//3706 3892//3892
f 3685//3685 3706//3706 3686//3686
f 3892//3892 3893//3893 3686//3686
f 3687//3687 3708//3708 3707//3707
f 3708//3708 3687//3687 3688//3688
f 3689//3689 3708//3708 3688//3688
f 3710//3710 3708//3708 3689//3689
f 3931//3931 3710//3710 3897//3897
f 3710//3710 3690//3690 3897//3897
f 3710//3710 3689//3689 3690//3690
f 3898//3898 3897//3897 3690//3690
f 3691//3691 3906//3906 3905//3905
f 3907//3907 3906//3906 3691//3691
f 3692//3692 3920//3920 3919//3919
f 3712//3712 3946//3946 3920//3920
f 3693//3693 3712//3712 3920//3920
f 3692//3692 3693//3693 3920//3920
f 3712//3712 3693//3693 3694//3694
f 3694//3694 3693//3693 3695//3695
f 3694//3694 3695//3695 3696//3696
f 3697//3697 3696//3696 3695//3695
f 3925//3925 3698//3698 3924//3924
f 3926//3926 3699//3699 3698//3698
f 3926//3926 3698//3698 3925//3925
f 3699//3699 3926//3926 3951//3951
f 3713//3713 3699//3699 3951//3951
f 3700//3700 3699//3699 3713//3713
f 3701//3701 3700//3700 3702//3702
f 3700//3700 3714//3714 3702//3702
f 3700//3700 3713//3713 3714//3714
f 3714//3714 3715//3715 3702//3702
f 3716//3716 3717//3717 3703//3703
f 3703//3703 3717//3717 3704//3704
f 3717//3717 3705//3705 3704//3704
f 3717//3717 3718//3718 3705//3705
f 3718//3718 3952//3952 3927//3927
f 3706//3706 3718//3718 3927//3927
f 3705//3705 3718//3718 3706//3706
f 3927//3927 3928//3928 3706//3706
f 3709//3709 3707//3707 3708//3708
f 3709//3709 3708//3708 3710//3710
f 3709//3709 3710//3710 3711//3711
f 3710//3710 3931//3931 3711//3711
f 3931//3931 3719//3719 3711//3711
f 3931//3931 3955//3955 3719//3719
f 3947//3947 3946//3946 3722//3722
f 3946//3946 3721//3721 3722//3722
f 3946//3946 3712//3712 3721//3721
f 3722//3722 3968//3968 3947//3947
f 3713//3713 3951//3951 3971//3971
f 3713//3713 3971//3971 3724//3724
f 3724//3724 3714//3714 3713//3713
f 3724//3724 3725//3725 3714//3714
f 3725//3725 3726//3726 3714//3714
f 3714//3714 3726//3726 3715//3715
f 3717//3717 3716//3716 3729//3729
f 3729//3729 3716//3716 3728//3728
f 3729//3729 3718//3718 3717//3717
f 3729//3729 3730//3730 3718//3718
f 3730//3730 3974//3974 3952//3952
f 3730//3730 3952//3952 3718//3718
f 3720//3720 3719//3719 3955//3955
f 3720//3720 3955//3955 3957//3957
f 3957//3957 3981//3981 3720//3720
f 3720//3720 3981//3981 3737//3737
f 3722//3722 3721//3721 3967//3967
f 3721//3721 3985//3985 3967//3967
f 3721//3721 3738//3738 3985//3985
f 3967//3967 3968//3968 3722//3722
f 3744//3744 3743//3743 3723//3723
f 3972//3972 3724//3724 3971//3971
f 3723//3723 3745//3745 3744//3744
f 3724//3724 3972//3972 3992//3992
f 3747//3747 3724//3724 3992//3992
f 3725//3725 3724//3724 3747//3747
f 3747//3747 3748//3748 3725//3725
f 3725//3725 3748//3748 3726//3726
f 3751//3751 3752//3752 3727//3727
f 3727//3727 3752//3752 3728//3728
f 3752//3752 3729//3729 3728//3728
f 3752//3752 3753//3753 3729//3729
f 3755//3755 3994//3994 3973//3973
f 3753//3753 3731//3731 3730//3730
f 3729//3729 3753//3753 3730//3730
f 3754//3754 3731//3731 3753//3753
f 3974//3974 3756//3756 3755//3755
f 3973//3973 3974//3974 3755//3755
f 3974//3974 3732//3732 3756//3756
f 3731//3731 3974//3974 3730//3730
f 3974//3974 3731//3731 3732//3732
f 3977//3977 3997//3997 3756//3756
f 3732//3732 3977//3977 3756//3756
f 3733//3733 3977//3977 3732//3732
f 3733//3733 3978//3978 3977//3977
f 3734//3734 3978//3978 3733//3733
f 3734//3734 3979//3979 3978//3978
f 3735//3735 3979//3979 3734//3734
f 3735//3735 3980//3980 3979//3979
f 3736//3736 3980//3980 3735//3735
f 3736//3736 3737//3737 3980//3980
f 3980//3980 3737//3737 3981//3981
f 3738//3738 3739//3739 3985//3985
f 3985//3985 3739//3739 3986//3986
f 3739//3739 3987//3987 3986//3986
f 3740//3740 3987//3987 3739//3739
f 3740//3740 3988//3988 3987//3987
f 3741//3741 3988//3988 3740//3740
f 3741//3741 3989//3989 3988//3988
f 3742//3742 3989//3989 3741//3741
f 3989//3989 3742//3742 3743//3743
f 3757//3757 3989//3989 3743//3743
f 3744//3744 3757//3757 3743//3743
f 4005//4005 3989//3989 3757//3757
f 3744//3744 3745//3745 3746//3746
f 3758//3758 3744//3744 3746//3746
f 3757//3757 3744//3744 3758//3758
f 3746//3746 3992//3992 4009//4009
f 3758//3758 3746//3746 4009//4009
f 3746//3746 3747//3747 3992//3992
f 3760//3760 3746//3746 3759//3759
f 3746//3746 3760//3760 3747//3747
f 3748//3748 3747//3747 3749//3749
f 3747//3747 3761//3761 3749//3749
f 3747//3747 3760//3760 3761//3761
f 3761//3761 3762//3762 3749//3749
f 3764//3764 3765//3765 3750//3750
f 3750//3750 3765//3765 3751//3751
f 3765//3765 3752//3752 3751//3751
f 3765//3765 3767//3767 3752//3752
f 3767//3767 4011//4011 3993//3993
f 3753//3753 3767//3767 3993//3993
f 3752//3752 3767//3767 3753//3753
f 3993//3993 3770//3770 3754//3754
f 3753//3753 3993//3993 3754//3754
f 3993//3993 3771//3771 3770//3770
f 3755//3755 3993//3993 3994//3994
f 3993//3993 3755//3755 3771//3771
f 3756//3756 3771//3771 3755//3755
f 3772//3772 3771//3771 3756//3756
f 3999//3999 3773//3773 3997//3997
f 3773//3773 3756//3756 3997//3997
f 3773//3773 3772//3772 3756//3756
f 4018//4018 3773//3773 3999//3999
f 3757//3757 4007//4007 4005//4005
f 4007//4007 3757//3757 4027//4027
f 3757//3757 3774//3774 4027//4027
f 3757//3757 3758//3758 3774//3774
f 4010//4010 3774//3774 3758//3758
f 4009//4009 4010//4010 3758//3758
f 4010//4010 3775//3775 3774//3774
f 3759//3759 4010//4010 3760//3760
f 4010//4010 3759//3759 3775//3775
f 3760//3760 4010//4010 4029//4029
f 3776//3776 3760//3760 4029//4029
f 3761//3761 3760//3760 3776//3776
f 3762//3762 3761//3761 3763//3763
f 3761//3761 3777//3777 3763//3763
f 3761//3761 3776//3776 3777//3777
f 3777//3777 3778//3778 3763//3763
f 3764//3764 3766//3766 3765//3765
f 3765//3765 3766//3766 3767//3767
f 3767//3767 3766//3766 3768//3768
f 3767//3767 3768//3768 4011//4011
f 3768//3768 4013//4013 4011//4011
f 3768//3768 3769//3769 4013//4013
f 3771//3771 4015//4015 3770//3770
f 4015//4015 3769//3769 3770//3770
f 4015//4015 4013//4013 3769//3769
f 3772//3772 4016//4016 3771//3771
f 3771//3771 4016//4016 4015//4015
f 3773//3773 4017//4017 3772//3772
f 3772//3772 4017//4017 4016//4016
f 4018//4018 4017//4017 3773//3773
f 4026//4026 3779//3779 4031//4031
f 4027//4027 3774//3774 4026//4026
f 3774//3774 3779//3779 4026//4026
f 3774//3774 3780//3780 3779//3779
f 3781//3781 3780//3780 3774//3774
f 3781//3781 3774//3774 3775//3775
f 4030//4030 3776//3776 4029//4029
f 3776//3776 4030//4030 4038//4038
f 3784//3784 3776//3776 4038//4038
f 3777//3777 3776//3776 3784//3784
f 3784//3784 3786//3786 3777//3777
f 3777//3777 3786//3786 3778//3778
f 3779//3779 4032//4032 4031//4031
f 3780//3780 4033//4033 3779//3779
f 3779//3779 4033//4033 4032//4032
f 3781//3781 3782//3782 3780//3780
f 3782//3782 4033//4033 3780//3780
f 3782//3782 4035//4035 4033//4033
f 3782//3782 4037//4037 4035//4035
f 3783//3783 4037//4037 3782//3782
f 4038//4038 4037//4037 3784//3784
f 4037//4037 3785//3785 3784//3784
f 4037//4037 3783//3783 3785//3785
f 3785//3785 3786//3786 3784//3784
f 3805//3805 3806//3806 3787//3787
f 3787//3787 3806//3806 3788//3788
f 3788//3788 3806//3806 3807//3807
f 3788//3788 3807//3807 3789//3789
f 3789//3789 3807//3807 3808//3808
f 3789//3789 3808//3808 3790//3790
f 3790//3790 3808//3808 3809//3809
f 3790//3790 3809//3809 3791//3791
f 3791//3791 3809//3809 3810//3810
f 3791//3791 3810//3810 3792//3792
f 3792//3792 3810//3810 3811//3811
f 3792//3792 3811//3811 3793//3793
f 3793//3793 3811//3811 3812//3812
f 3793//3793 3812//3812 3794//3794
f 3794//3794 3812//3812 3814//3814
f 3794//3794 3814//3814 3795//3795
f 3795//3795 3814//3814 3816//3816
f 3795//3795 3816//3816 3796//3796
f 3796//3796 3816//3816 3817//3817
f 3796//3796 3817//3817 3797//3797
f 3797//3797 3817//3817 3818//3818
f 3818//3818 3819//3819 3797//3797
f 3827//3827 3828//3828 3798//3798
f 3798//3798 3828//3828 3799//3799
f 3799//3799 3828//3828 3829//3829
f 3799//3799 3829//3829 3800//3800
f 3800//3800 3829//3829 3830//3830
f 3800//3800 3830//3830 3801//3801
f 3801//3801 3830//3830 3831//3831
f 3801//3801 3831//3831 3802//3802
f 3802//3802 3831//3831 3832//3832
f 3802//3802 3832//3832 3803//3803
f 3803//3803 3832//3832 3834//3834
f 4056//4056 4039//4039 3834//3834
f 4039//4039 3803//3803 3834//3834
f 4039//4039 3804//3804 3803//3803
f 4040//4040 3806//3806 3805//3805
f 3804//3804 4040//4040 3805//3805
f 4039//4039 4040//4040 3804//3804
f 4041//4041 3807//3807 3806//3806
f 4041//4041 3806//3806 4040//4040
f 4042//4042 3808//3808 3807//3807
f 4042//4042 3807//3807 4041//4041
f 4043//4043 3809//3809 3808//3808
f 4043//4043 3808//3808 4042//4042
f 4044//4044 3810//3810 3809//3809
f 4044//4044 3809//3809 4043//4043
f 4045//4045 3811//3811 3810//3810
f 4045//4045 3810//3810 4044//4044
f 3840//3840 4045//4045 4046//4046
f 3841//3841 3840//3840 4046//4046
f 3840//3840 3811//3811 4045//4045
f 3812//3812 3840//3840 3813//3813
f 3840//3840 3812//3812 3811//3811
f 4047//4047 3841//3841 4046//4046
f 3842//3842 3841//3841 4047//4047
f 3814//3814 3812//3812 3813//3813
f 3815//3815 3814//3814 3813//3813
f 3843//3843 3816//3816 3814//3814
f 3815//3815 3843//3843 3814//3814
f 3843//3843 4048//4048 3816//3816
f 4047//4047 3843//3843 3842//3842
f 3843//3843 4047//4047 4048//4048
f 4049//4049 3817//3817 3816//3816
f 4049//4049 3816//3816 4048//4048
f 4050//4050 3818//3818 3817//3817
f 4050//4050 3817//3817 4049//4049
f 3820//3820 3819//3819 3818//3818
f 4050//4050 3820//3820 3818//3818
f 4051//4051 3820//3820 4050//4050
f 3848//3848 3821//3821 4070//4070
f 3821//3821 4051//4051 4070//4070
f 3821//3821 3820//3820 4051//4051
f 3821//3821 3848//3848 3822//3822
f 3822//3822 3848//3848 3850//3850
f 3822//3822 3850//3850 3823//3823
f 3823//3823 3850//3850 3851//3851
f 3823//3823 3851//3851 3824//3824
f 3824//3824 3851//3851 3852//3852
f 3852//3852 3853//3853 3824//3824
f 3856//3856 3857//3857 3825//3825
f 3825//3825 3857//3857 3826//3826
f 3826//3826 3857//3857 3858//3858
f 3826//3826 3858//3858 3827//3827
f 3858//3858 3828//3828 3827//3827
f 3858//3858 3859//3859 3828//3828
f 3859//3859 3829//3829 3828//3828
f 3859//3859 3861//3861 3829//3829
f 3861//3861 4075//4075 4052//4052
f 3830//3830 3861//3861 4052//4052
f 3829//3829 3861//3861 3830//3830
f 4053//4053 3831//3831 3830//3830
f 4053//4053 3830//3830 4052//4052
f 3865//3865 4053//4053 4054//4054
f 3866//3866 3865//3865 4054//4054
f 3865//3865 3831//3831 4053//4053
f 3832//3832 3865//3865 3833//3833
f 3865//3865 3832//3832 3831//3831
f 4055//4055 3866//3866 4054//4054
f 3867//3867 3866//3866 4055//4055
f 3834//3834 3832//3832 3833//3833
f 3835//3835 3834//3834 3833//3833
f 4056//4056 3834//3834 3835//3835
f 3868//3868 4056//4056 3835//3835
f 4056//4056 3867//3867 4055//4055
f 4056//4056 3868//3868 3867//3867
f 3871//3871 3870//3870 3836//3836
f 3871//3871 3836//3836 3837//3837
f 3871//3871 3837//3837 3872//3872
f 3872//3872 3837//3837 3838//3838
f 3872//3872 3838//3838 3873//3873
f 3873//3873 3838//3838 3839//3839
f 3873//3873 3839//3839 3874//3874
f 3875//3875 3874//3874 3839//3839
f 3840//3840 3841//3841 3878//3878
f 3840//3840 3878//3878 3877//3877
f 3842//3842 3878//3878 3841//3841
f 3879//3879 3878//3878 3842//3842
f 3842//3842 3843//3843 3844//3844
f 3880//3880 3842//3842 3844//3844
f 3879//3879 3842//3842 3880//3880
f 3880//3880 3844//3844 3845//3845
f 3880//3880 3845//3845 3881//3881
f 3881//3881 3845//3845 3846//3846
f 3881//3881 3846//3846 3882//3882
f 3882//3882 3846//3846 3847//3847
f 3882//3882 3847//3847 3883//3883
f 4070//4070 3847//3847 3849//3849
f 3848//3848 4070//4070 3849//3849
f 4070//4070 3883//3883 3847//3847
f 3884//3884 4070//4070 4071//4071
f 4070//4070 3884//3884 3883//3883
f 3885//3885 3850//3850 3848//3848
f 3849//3849 3885//3885 3848//3848
f 3885//3885 4072//4072 3850//3850
f 4071//4071 3885//3885 3884//3884
f 3885//3885 4071//4071 4072//4072
f 3850//3850 4072//4072 4098//4098
f 3887//3887 3850//3850 4098//4098
f 3851//3851 3850//3850 3887//3887
f 3887//3887 3852//3852 3851//3851
f 3887//3887 3888//3888 3852//3852
f 3853//3853 3852//3852 3854//3854
f 3852//3852 3889//3889 3854//3854
f 3852//3852 3888//3888 3889//3889
f 3889//3889 3890//3890 3854//3854
f 3893//3893 3894//3894 3855//3855
f 3855//3855 3894//3894 3856//3856
f 3894//3894 3857//3857 3856//3856
f 3894//3894 3895//3895 3857//3857
f 3895//3895 3858//3858 3857//3857
f 3895//3895 3896//3896 3858//3858
f 3899//3899 4102//4102 4073//4073
f 3896//3896 3860//3860 3859//3859
f 3858//3858 3896//3896 3859//3859
f 3898//3898 3860//3860 3896//3896
f 4074//4074 3899//3899 4073//4073
f 3900//3900 3899//3899 4074//4074
f 3861//3861 3859//3859 3860//3860
f 3862//3862 3861//3861 3860//3860
f 4075//4075 3901//3901 3900//3900
f 4074//4074 4075//4075 3900//3900
f 4075//4075 3863//3863 3901//3901
f 3862//3862 4075//4075 3861//3861
f 4075//4075 3862//3862 3863//3863
f 3901//3901 3863//3863 3864//3864
f 3901//3901 3864//3864 3902//3902
f 3902//3902 3864//3864 3865//3865
f 3866//3866 3902//3902 3865//3865
f 3903//3903 3902//3902 3866//3866
f 3867//3867 3903//3903 3866//3866
f 3904//3904 3903//3903 3867//3867
f 3905//3905 3904//3904 3867//3867
f 3905//3905 3867//3867 3868//3868
f 3908//3908 3907//3907 3869//3869
f 3908//3908 3869//3869 3870//3870
f 3871//3871 3908//3908 3870//3870
f 3909//3909 3908//3908 3871//3871
f 3872//3872 3909//3909 3871//3871
f 3910//3910 3909//3909 3872//3872
f 3873//3873 3910//3910 3872//3872
f 3911//3911 3910//3910 3873//3873
f 3874//3874 3911//3911 3873//3873
f 3912//3912 3911//3911 3874//3874
f 3874//3874 3875//3875 3876//3876
f 3913//3913 3874//3874 3876//3876
f 3912//3912 3874//3874 3913//3913
f 4088//4088 4114//4114 3913//3913
f 4088//4088 3913//3913 3876//3876
f 3878//3878 4088//4088 3876//3876
f 3877//3877 3878//3878 3876//3876
f 3879//3879 4090//4090 3878//3878
f 3878//3878 4090//4090 4088//4088
f 3880//3880 4092//4092 3879//3879
f 3879//3879 4092//4092 4090//4090
f 4092//4092 3880//3880 4118//4118
f 3880//3880 3914//3914 4118//4118
f 3880//3880 3881//3881 3914//3914
f 3882//3882 3914//3914 3881//3881
f 3915//3915 3914//3914 3882//3882
f 3883//3883 3915//3915 3882//3882
f 3916//3916 3915//3915 3883//3883
f 3884//3884 3916//3916 3883//3883
f 3917//3917 3916//3916 3884//3884
f 3884//3884 3885//3885 3886//3886
f 3918//3918 3884//3884 3886//3886
f 3917//3917 3884//3884 3918//3918
f 4099//4099 3887//3887 4098//4098
f 3886//3886 3919//3919 3918//3918
f 3887//3887 4099//4099 4128//4128
f 3921//3921 3887//3887 4128//4128
f 3888//3888 3887//3887 3921//3921
f 3921//3921 3889//3889 3888//3888
f 3921//3921 3922//3922 3889//3889
f 3890//3890 3889//3889 3891//3891
f 3889//3889 3923//3923 3891//3891
f 3889//3889 3922//3922 3923//3923
f 3923//3923 3924//3924 3891//3891
f 3928//3928 3929//3929 3892//3892
f 3892//3892 3929//3929 3893//3893
f 3929//3929 3894//3894 3893//3893
f 3929//3929 3930//3930 3894//3894
f 3930//3930 4132//4132 4100//4100
f 3895//3895 3930//3930 4100//4100
f 3894//3894 3930//3930 3895//3895
f 3931//3931 4100//4100 4101//4101
f 3932//3932 3931//3931 4101//4101
f 3931//3931 3895//3895 4100//4100
f 3896//3896 3931//3931 3897//3897
f 3931//3931 3896//3896 3895//3895
f 3898//3898 3896//3896 3897//3897
f 4102//4102 3932//3932 4101//4101
f 4102//4102 3899//3899 3932//3932
f 3899//3899 3933//3933 3932//3932
f 3900//3900 3933//3933 3899//3899
f 3934//3934 3933//3933 3900//3900
f 3901//3901 3934//3934 3900//3900
f 3935//3935 3934//3934 3901//3901
f 3902//3902 3935//3935 3901//3901
f 3936//3936 3935//3935 3902//3902
f 3903//3903 3936//3936 3902//3902
f 3937//3937 3936//3936 3903//3903
f 3904//3904 3937//3937 3903//3903
f 3938//3938 3937//3937 3904//3904
f 3904//3904 3905//3905 3906//3906
f 3939//3939 3904//3904 3906//3906
f 3938//3938 3904//3904 3939//3939
f 3939//3939 3906//3906 3907//3907
f 3908//3908 3939//3939 3907//3907
f 3940//3940 3939//3939 3908//3908
f 3909//3909 3940//3940 3908//3908
f 3941//3941 3940//3940 3909//3909
f 3910//3910 3941//3941 3909//3909
f 3942//3942 3941//3941 3910//3910
f 4142//4142 3942//3942 4112//4112
f 3942//3942 3911//3911 4112//4112
f 3942//3942 3910//3910 3911//3911
f 3912//3912 4113//4113 3911//3911
f 3911//3911 4113//4113 4112//4112
f 4113//4113 3912//3912 4145//4145
f 3912//3912 3943//3943 4145//4145
f 3912//3912 3913//3913 3943//3943
f 4147//4147 3943//3943 4114//4114
f 4114//4114 3943//3943 3913//3913
f 3914//3914 4119//4119 4118//4118
f 3915//3915 4121//4121 3914//3914
f 3914//3914 4121//4121 4119//4119
f 3916//3916 4123//4123 3915//3915
f 3915//3915 4123//4123 4121//4121
f 3917//3917 4125//4125 3916//3916
f 3916//3916 4125//4125 4123//4123
f 4125//4125 3917//3917 4155//4155
f 3917//3917 3944//3944 4155//4155
f 3917//3917 3918//3918 3944//3944
f 3918//3918 3919//3919 3920//3920
f 3945//3945 3918//3918 3920//3920
f 3944//3944 3918//3918 3945//3945
f 4129//4129 3921//3921 4128//4128
f 3920//3920 3946//3946 3945//3945
f 4130//4130 3922//3922 3921//3921
f 4130//4130 3921//3921 4129//4129
f 3922//3922 4130//4130 4160//4160
f 3948//3948 3922//3922 4160//4160
f 3923//3923 3922//3922 3948//3948
f 3924//3924 3923//3923 3925//3925
f 3923//3923 3949//3949 3925//3925
f 3923//3923 3948//3948 3949//3949
f 3925//3925 3949//3949 3926//3926
f 3926//3926 3949//3949 3950//3950
f 3950//3950 3951//3951 3926//3926
f 3952//3952 3953//3953 3927//3927
f 3927//3927 3953//3953 3928//3928
f 3953//3953 3929//3929 3928//3928
f 3953//3953 3954//3954 3929//3929
f 3954//3954 4162//4162 4131//4131
f 3930//3930 3954//3954 4131//4131
f 3929//3929 3954//3954 3930//3930
f 4131//4131 4132//4132 3930//3930
f 3931//3931 3932//3932 3956//3956
f 3931//3931 3956//3956 3955//3955
f 3933//3933 3956//3956 3932//3932
f 3958//3958 3956//3956 3933//3933
f 3934//3934 3958//3958 3933//3933
f 3959//3959 3958//3958 3934//3934
f 3935//3935 3959//3959 3934//3934
f 3960//3960 3959//3959 3935//3935
f 3936//3936 3960//3960 3935//3935
f 3961//3961 3960//3960 3936//3936
f 3937//3937 3961//3961 3936//3936
f 3962//3962 3961//3961 3937//3937
f 3938//3938 3962//3962 3937//3937
f 3963//3963 3962//3962 3938//3938
f 3939//3939 3963//3963 3938//3938
f 3964//3964 3963//3963 3939//3939
f 4172//4172 3964//3964 4139//4139
f 3964//3964 3940//3940 4139//4139
f 3964//3964 3939//3939 3940//3940
f 3941//3941 4140//4140 3940//3940
f 3940//3940 4140//4140 4139//4139
f 3942//3942 4141//4141 3941//3941
f 3941//3941 4141//4141 4140//4140
f 4142//4142 4141//4141 3942//3942
f 3943//3943 4146//4146 4145//4145
f 4147//4147 4146//4146 3943//3943
f 3944//3944 4156//4156 4155//4155
f 4156//4156 3944//3944 4187//4187
f 3944//3944 3965//3965 4187//4187
f 3944//3944 3945//3945 3965//3965
f 3945//3945 3946//3946 3947//3947
f 3966//3966 3945//3945 3947//3947
f 3965//3965 3945//3945 3966//3966
f 3968//3968 3966//3966 3947//3947
f 4161//4161 3948//3948 4160//4160
f 3948//3948 4161//4161 4192//4192
f 3969//3969 3948//3948 4192//4192
f 3949//3949 3948//3948 3969//3969
f 3969//3969 3950//3950 3949//3949
f 3969//3969 3970//3970 3950//3950
f 3970//3970 3971//3971 3950//3950
f 3950//3950 3971//3971 3951//3951
f 3953//3953 3952//3952 3975//3975
f 3975//3975 3952//3952 3974//3974
f 3975//3975 3954//3954 3953//3953
f 3975//3975 3976//3976 3954//3954
f 3976//3976 4195//4195 4162//4162
f 3976//3976 4162//4162 3954//3954
f 3957//3957 3955//3955 3956//3956
f 3982//3982 3981//3981 3957//3957
f 3956//3956 3982//3982 3957//3957
f 3958//3958 3982//3982 3956//3956
f 3959//3959 3982//3982 3958//3958
f 3983//3983 3982//3982 3959//3959
f 3960//3960 3983//3983 3959//3959
f 3984//3984 3983//3983 3960//3960
f 4204//4204 3984//3984 4168//4168
f 3984//3984 3961//3961 4168//4168
f 3984//3984 3960//3960 3961//3961
f 3962//3962 4169//4169 3961//3961
f 3961//3961 4169//4169 4168//4168
f 3963//3963 4170//4170 3962//3962
f 3962//3962 4170//4170 4169//4169
f 3964//3964 4171//4171 3963//3963
f 3963//3963 4171//4171 4170//4170
f 4172//4172 4171//4171 3964//3964
f 3965//3965 4188//4188 4187//4187
f 3985//3985 4224//4224 4188//4188
f 3966//3966 3985//3985 4188//4188
f 3965//3965 3966//3966 4188//4188
f 3985//3985 3966//3966 3967//3967
f 3968//3968 3967//3967 3966//3966
f 4193//4193 3969//3969 4192//4192
f 3969//3969 4193//4193 4229//4229
f 3990//3990 3969//3969 4229//4229
f 3970//3970 3969//3969 3990//3990
f 3971//3971 3970//3970 3972//3972
f 3970//3970 3991//3991 3972//3972
f 3970//3970 3990//3990 3991//3991
f 3991//3991 3992//3992 3972//3972
f 3994//3994 3995//3995 3973//3973
f 3973//3973 3995//3995 3974//3974
f 3995//3995 3975//3975 3974//3974
f 3995//3995 3996//3996 3975//3975
f 3998//3998 4231//4231 4194//4194
f 3996//3996 3977//3977 3976//3976
f 3975//3975 3996//3996 3976//3976
f 3997//3997 3977//3977 3996//3996
f 4195//4195 4000//4000 3998//3998
f 4194//4194 4195//4195 3998//3998
f 4195//4195 3978//3978 4000//4000
f 3977//3977 4195//4195 3976//3976
f 4195//4195 3977//3977 3978//3978
f 4000//4000 3978//3978 3979//3979
f 4000//4000 3979//3979 4001//4001
f 4199//4199 4235//4235 4001//4001
f 3979//3979 4199//4199 4001//4001
f 3980//3980 4199//4199 3979//3979
f 3982//3982 4201//4201 3981//3981
f 4201//4201 3980//3980 3981//3981
f 4201//4201 4199//4199 3980//3980
f 3983//3983 4202//4202 3982//3982
f 3982//3982 4202//4202 4201//4201
f 3984//3984 4203//4203 3983//3983
f 3983//3983 4203//4203 4202//4202
f 4204//4204 4203//4203 3984//3984
f 3985//3985 3986//3986 4224//4224
f 4224//4224 3986//3986 4225//4225
f 3987//3987 4002//4002 4258//4258
f 4225//4225 3987//3987 4258//4258
f 3986//3986 3987//3987 4225//4225
f 4002//4002 3987//3987 3988//3988
f 4002//4002 3988//3988 4003//4003
f 4003//4003 3988//3988 3989//3989
f 4003//4003 3989//3989 4004//4004
f 3989//3989 4229//4229 4261//4261
f 4004//4004 3989//3989 4261//4261
f 3989//3989 3990//3990 4229//4229
f 4006//4006 3989//3989 4005//4005
f 3989//3989 4006//4006 3990//3990
f 4006//4006 3991//3991 3990//3990
f 4006//4006 4008//4008 3991//3991
f 4008//4008 4009//4009 3991//3991
f 3991//3991 4009//4009 3992//3992
f 4011//4011 4012//4012 3993//3993
f 3993//3993 4012//4012 3994//3994
f 4012//4012 3995//3995 3994//3994
f 4012//4012 4014//4014 3995//3995
f 4014//4014 4264//4264 4230//4230
f 3996//3996 4014//4014 4230//4230
f 3995//3995 4014//4014 3996//3996
f 4230//4230 4231//4231 3998//3998
f 3999//3999 4230//4230 3998//3998
f 4230//4230 3997//3997 3996//3996
f 4230//4230 3999//3999 3997//3997
f 4019//4019 4018//4018 3999//3999
f 3998//3998 4019//4019 3999//3999
f 4000//4000 4019//4019 3998//3998
f 4001//4001 4019//4019 4000//4000
f 4020//4020 4019//4019 4001//4001
f 4236//4236 4021//4021 4235//4235
f 4021//4021 4001//4001 4235//4235
f 4021//4021 4020//4020 4001//4001
f 4273//4273 4021//4021 4236//4236
f 4258//4258 4002//4002 4296//4296
f 4296//4296 4002//4002 4022//4022
f 4003//4003 4022//4022 4002//4002
f 4023//4023 4022//4022 4003//4003
f 4004//4004 4023//4023 4003//4003
f 4024//4024 4023//4023 4004//4004
f 4007//4007 4006//4006 4005//4005
f 4262//4262 4004//4004 4261//4261
f 4262//4262 4025//4025 4004//4004
f 4025//4025 4024//4024 4004//4004
f 4027//4027 4008//4008 4006//4006
f 4007//4007 4027//4027 4006//4006
f 4027//4027 4263//4263 4008//4008
f 4262//4262 4027//4027 4025//4025
f 4027//4027 4262//4262 4263//4263
f 4028//4028 4010//4010 4303//4303
f 4303//4303 4010//4010 4263//4263
f 4010//4010 4009//4009 4263//4263
f 4009//4009 4008//4008 4263//4263
f 4028//4028 4029//4029 4010//4010
f 4011//4011 4013//4013 4012//4012
f 4012//4012 4013//4013 4014//4014
f 4014//4014 4013//4013 4015//4015
f 4014//4014 4015//4015 4264//4264
f 4015//4015 4266//4266 4264//4264
f 4015//4015 4016//4016 4266//4266
f 4016//4016 4268//4268 4266//4266
f 4017//4017 4268//4268 4016//4016
f 4019//4019 4270//4270 4018//4018
f 4270//4270 4017//4017 4018//4018
f 4270//4270 4268//4268 4017//4017
f 4020//4020 4271//4271 4019//4019
f 4019//4019 4271//4271 4270//4270
f 4021//4021 4272//4272 4020//4020
f 4020//4020 4272//4272 4271//4271
f 4273//4273 4272//4272 4021//4021
f 4022//4022 4297//4297 4296//4296
f 4023//4023 4298//4298 4022//4022
f 4022//4022 4298//4298 4297//4297
f 4024//4024 4300//4300 4023//4023
f 4023//4023 4300//4300 4298//4298
f 4031//4031 4304//4304 4300//4300
f 4025//4025 4031//4031 4300//4300
f 4024//4024 4025//4025 4300//4300
f 4031//4031 4025//4025 4026//4026
f 4027//4027 4026//4026 4025//4025
f 4028//4028 4303//4303 4309//4309
f 4028//4028 4309//4309 4034//4034
f 4029//4029 4028//4028 4030//4030
f 4028//4028 4036//4036 4030//4030
f 4028//4028 4034//4034 4036//4036
f 4036//4036 4038//4038 4030//4030
f 4031//4031 4032//4032 4304//4304
f 4304//4304 4032//4032 4306//4306
f 4032//4032 4308//4308 4306//4306
f 4033//4033 4308//4308 4032//4032
f 4309//4309 4308//4308 4034//4034
f 4308//4308 4035//4035 4034//4034
f 4308//4308 4033//4033 4035//4035
f 4034//4034 4035//4035 4036//4036
f 4036//4036 4035//4035 4037//4037
f 4037//4037 4038//4038 4036//4036
f 4056//4056 4057//4057 4039//4039
f 4039//4039 4057//4057 4040//4040
f 4040//4040 4057//4057 4058//4058
f 4040//4040 4058//4058 4041//4041
f 4041//4041 4058//4058 4059//4059
f 4041//4041 4059//4059 4042//4042
f 4042//4042 4059//4059 4060//4060
f 4042//4042 4060//4060 4043//4043
f 4043//4043 4060//4060 4061//4061
f 4043//4043 4061//4061 4044//4044
f 4044//4044 4061//4061 4062//4062
f 4044//4044 4062//4062 4045//4045
f 4045//4045 4062//4062 4063//4063
f 4045//4045 4063//4063 4046//4046
f 4046//4046 4063//4063 4064//4064
f 4046//4046 4064//4064 4047//4047
f 4047//4047 4064//4064 4065//4065
f 4047//4047 4065//4065 4048//4048
f 4048//4048 4065//4065 4066//4066
f 4048//4048 4066//4066 4049//4049
f 4049//4049 4066//4066 4067//4067
f 4049//4049 4067//4067 4050//4050
f 4050//4050 4067//4067 4068//4068
f 4050//4050 4068//4068 4051//4051
f 4051//4051 4068//4068 4069//4069
f 4069//4069 4070//4070 4051//4051
f 4075//4075 4076//4076 4052//4052
f 4052//4052 4076//4076 4053//4053
f 4053//4053 4076//4076 4077//4077
f 4053//4053 4077//4077 4054//4054
f 4054//4054 4077//4077 4078//4078
f 4054//4054 4078//4078 4055//4055
f 4055//4055 4078//4078 4079//4079
f 4055//4055 4079//4079 4056//4056
f 4079//4079 4057//4057 4056//4056
f 4079//4079 4080//4080 4057//4057
f 4080//4080 4058//4058 4057//4057
f 4080//4080 4081//4081 4058//4058
f 4081//4081 4059//4059 4058//4058
f 4081//4081 4082//4082 4059//4059
f 4082//4082 4060//4060 4059//4059
f 4082//4082 4083//4083 4060//4060
f 4083//4083 4061//4061 4060//4060
f 4083//4083 4084//4084 4061//4061
f 4084//4084 4062//4062 4061//4061
f 4084//4084 4085//4085 4062//4062
f 4085//4085 4063//4063 4062//4062
f 4085//4085 4086//4086 4063//4063
f 4086//4086 4064//4064 4063//4063
f 4086//4086 4087//4087 4064//4064
f 4087//4087 4065//4065 4064//4064
f 4087//4087 4089//4089 4065//4065
f 4089//4089 4066//4066 4065//4065
f 4089//4089 4091//4091 4066//4066
f 4091//4091 4067//4067 4066//4066
f 4091//4091 4093//4093 4067//4067
f 4093//4093 4068//4068 4067//4067
f 4093//4093 4094//4094 4068//4068
f 4094//4094 4069//4069 4068//4068
f 4094//4094 4095//4095 4069//4069
f 4070//4070 4069//4069 4071//4071
f 4069//4069 4096//4096 4071//4071
f 4069//4069 4095//4095 4096//4096
f 4071//4071 4096//4096 4072//4072
f 4072//4072 4096//4096 4097//4097
f 4097//4097 4098//4098 4072//4072
f 4102//4102 4103//4103 4073//4073
f 4073//4073 4103//4103 4074//4074
f 4074//4074 4103//4103 4104//4104
f 4074//4074 4104//4104 4075//4075
f 4104//4104 4076//4076 4075//4075
f 4104//4104 4105//4105 4076//4076
f 4105//4105 4077//4077 4076//4076
f 4105//4105 4106//4106 4077//4077
f 4106//4106 4078//4078 4077//4077
f 4106//4106 4107//4107 4078//4078
f 4107//4107 4079//4079 4078//4078
f 4107//4107 4108//4108 4079//4079
f 4108//4108 4080//4080 4079//4079
f 4108//4108 4109//4109 4080//4080
f 4109//4109 4081//4081 4080//4080
f 4109//4109 4110//4110 4081//4081
f 4110//4110 4082//4082 4081//4081
f 4110//4110 4111//4111 4082//4082
f 4111//4111 4323//4323 4310//4310
f 4083//4083 4111//4111 4310//4310
f 4082//4082 4111//4111 4083//4083
f 4311//4311 4084//4084 4083//4083
f 4311//4311 4083//4083 4310//4310
f 4312//4312 4085//4085 4084//4084
f 4312//4312 4084//4084 4311//4311
f 4313//4313 4086//4086 4085//4085
f 4313//4313 4085//4085 4312//4312
f 4114//4114 4313//4313 4314//4314
f 4115//4115 4114//4114 4314//4314
f 4114//4114 4086//4086 4313//4313
f 4087//4087 4114//4114 4088//4088
f 4114//4114 4087//4087 4086//4086
f 4315//4315 4115//4115 4314//4314
f 4116//4116 4115//4115 4315//4315
f 4089//4089 4087//4087 4088//4088
f 4090//4090 4089//4089 4088//4088
f 4316//4316 4116//4116 4315//4315
f 4117//4117 4116//4116 4316//4316
f 4091//4091 4089//4089 4090//4090
f 4092//4092 4091//4091 4090//4090
f 4118//4118 4093//4093 4091//4091
f 4092//4092 4118//4118 4091//4091
f 4118//4118 4317//4317 4093//4093
f 4316//4316 4118//4118 4117//4117
f 4118//4118 4316//4316 4317//4317
f 4093//4093 4317//4317 4332//4332
f 4120//4120 4093//4093 4332//4332
f 4094//4094 4093//4093 4120//4120
f 4120//4120 4095//4095 4094//4094
f 4120//4120 4122//4122 4095//4095
f 4122//4122 4096//4096 4095//4095
f 4122//4122 4124//4124 4096//4096
f 4124//4124 4097//4097 4096//4096
f 4124//4124 4126//4126 4097//4097
f 4098//4098 4097//4097 4099//4099
f 4097//4097 4127//4127 4099//4099
f 4097//4097 4126//4126 4127//4127
f 4127//4127 4128//4128 4099//4099
f 4132//4132 4133//4133 4100//4100
f 4100//4100 4133//4133 4101//4101
f 4101//4101 4133//4133 4134//4134
f 4101//4101 4134//4134 4102//4102
f 4134//4134 4103//4103 4102//4102
f 4134//4134 4135//4135 4103//4103
f 4135//4135 4104//4104 4103//4103
f 4135//4135 4136//4136 4104//4104
f 4136//4136 4105//4105 4104//4104
f 4136//4136 4137//4137 4105//4105
f 4137//4137 4106//4106 4105//4105
f 4137//4137 4138//4138 4106//4106
f 4138//4138 4339//4339 4318//4318
f 4107//4107 4138//4138 4318//4318
f 4106//4106 4138//4138 4107//4107
f 4319//4319 4108//4108 4107//4107
f 4319//4319 4107//4107 4318//4318
f 4320//4320 4109//4109 4108//4108
f 4320//4320 4108//4108 4319//4319
f 4321//4321 4110//4110 4109//4109
f 4321//4321 4109//4109 4320//4320
f 4322//4322 4111//4111 4110//4110
f 4322//4322 4110//4110 4321//4321
f 4322//4322 4323//4323 4111//4111
f 4143//4143 4142//4142 4112//4112
f 4143//4143 4112//4112 4113//4113
f 4143//4143 4113//4113 4144//4144
f 4145//4145 4144//4144 4113//4113
f 4114//4114 4115//4115 4148//4148
f 4114//4114 4148//4148 4147//4147
f 4116//4116 4148//4148 4115//4115
f 4149//4149 4148//4148 4116//4116
f 4117//4117 4149//4149 4116//4116
f 4150//4150 4149//4149 4117//4117
f 4117//4117 4118//4118 4119//4119
f 4151//4151 4117//4117 4119//4119
f 4150//4150 4117//4117 4151//4151
f 4332//4332 4119//4119 4121//4121
f 4120//4120 4332//4332 4121//4121
f 4332//4332 4151//4151 4119//4119
f 4152//4152 4332//4332 4333//4333
f 4332//4332 4152//4152 4151//4151
f 4334//4334 4152//4152 4333//4333
f 4153//4153 4152//4152 4334//4334
f 4122//4122 4120//4120 4121//4121
f 4123//4123 4122//4122 4121//4121
f 4335//4335 4153//4153 4334//4334
f 4154//4154 4153//4153 4335//4335
f 4124//4124 4122//4122 4123//4123
f 4125//4125 4124//4124 4123//4123
f 4155//4155 4126//4126 4124//4124
f 4125//4125 4155//4155 4124//4124
f 4155//4155 4336//4336 4126//4126
f 4335//4335 4155//4155 4154//4154
f 4155//4155 4335//4335 4336//4336
f 4126//4126 4336//4336 4357//4357
f 4157//4157 4126//4126 4357//4357
f 4127//4127 4126//4126 4157//4157
f 4128//4128 4127//4127 4129//4129
f 4127//4127 4158//4158 4129//4129
f 4127//4127 4157//4157 4158//4158
f 4129//4129 4158//4158 4130//4130
f 4130//4130 4158//4158 4159//4159
f 4159//4159 4160//4160 4130//4130
f 4162//4162 4163//4163 4131//4131
f 4131//4131 4163//4163 4132//4132
f 4163//4163 4133//4133 4132//4132
f 4163//4163 4164//4164 4133//4133
f 4164//4164 4134//4134 4133//4133
f 4164//4164 4165//4165 4134//4134
f 4165//4165 4135//4135 4134//4134
f 4165//4165 4166//4166 4135//4135
f 4166//4166 4136//4136 4135//4135
f 4166//4166 4167//4167 4136//4136
f 4167//4167 4360//4360 4337//4337
f 4137//4137 4167//4167 4337//4337
f 4136//4136 4167//4167 4137//4137
f 4338//4338 4138//4138 4137//4137
f 4338//4338 4137//4137 4337//4337
f 4338//4338 4339//4339 4138//4138
f 4173//4173 4172//4172 4139//4139
f 4173//4173 4139//4139 4140//4140
f 4173//4173 4140//4140 4174//4174
f 4174//4174 4140//4140 4141//4141
f 4174//4174 4141//4141 4175//4175
f 4175//4175 4141//4141 4142//4142
f 4143//4143 4175//4175 4142//4142
f 4176//4176 4175//4175 4143//4143
f 4144//4144 4176//4176 4143//4143
f 4177//4177 4176//4176 4144//4144
f 4144//4144 4145//4145 4146//4146
f 4178//4178 4144//4144 4146//4146
f 4177//4177 4144//4144 4178//4178
f 4178//4178 4146//4146 4147//4147
f 4148//4148 4178//4178 4147//4147
f 4179//4179 4178//4178 4148//4148
f 4149//4149 4179//4179 4148//4148
f 4180//4180 4179//4179 4149//4149
f 4150//4150 4180//4180 4149//4149
f 4181//4181 4180//4180 4150//4150
f 4151//4151 4181//4181 4150//4150
f 4182//4182 4181//4181 4151//4151
f 4152//4152 4182//4182 4151//4151
f 4183//4183 4182//4182 4152//4152
f 4153//4153 4183//4183 4152//4152
f 4184//4184 4183//4183 4153//4153
f 4154//4154 4184//4184 4153//4153
f 4185//4185 4184//4184 4154//4154
f 4154//4154 4155//4155 4156//4156
f 4186//4186 4154//4154 4156//4156
f 4185//4185 4154//4154 4186//4186
f 4358//4358 4157//4157 4357//4357
f 4156//4156 4187//4187 4186//4186
f 4157//4157 4358//4358 4381//4381
f 4189//4189 4157//4157 4381//4381
f 4158//4158 4157//4157 4189//4189
f 4189//4189 4159//4159 4158//4158
f 4189//4189 4190//4190 4159//4159
f 4160//4160 4159//4159 4161//4161
f 4159//4159 4191//4191 4161//4161
f 4159//4159 4190//4190 4191//4191
f 4191//4191 4192//4192 4161//4161
f 4163//4163 4162//4162 4196//4196
f 4196//4196 4162//4162 4195//4195
f 4196//4196 4164//4164 4163//4163
f 4196//4196 4197//4197 4164//4164
f 4197//4197 4165//4165 4164//4164
f 4197//4197 4198//4198 4165//4165
f 4198//4198 4166//4166 4165//4165
f 4198//4198 4200//4200 4166//4166
f 4200//4200 4384//4384 4359//4359
f 4167//4167 4200//4200 4359//4359
f 4166//4166 4200//4200 4167//4167
f 4359//4359 4360//4360 4167//4167
f 4205//4205 4204//4204 4168//4168
f 4205//4205 4168//4168 4169//4169
f 4205//4205 4169//4169 4206//4206
f 4206//4206 4169//4169 4170//4170
f 4206//4206 4170//4170 4207//4207
f 4207//4207 4170//4170 4171//4171
f 4207//4207 4171//4171 4208//4208
f 4208//4208 4171//4171 4172//4172
f 4173//4173 4208//4208 4172//4172
f 4209//4209 4208//4208 4173//4173
f 4174//4174 4209//4209 4173//4173
f 4210//4210 4209//4209 4174//4174
f 4175//4175 4210//4210 4174//4174
f 4211//4211 4210//4210 4175//4175
f 4176//4176 4211//4211 4175//4175
f 4212//4212 4211//4211 4176//4176
f 4177//4177 4212//4212 4176//4176
f 4213//4213 4212//4212 4177//4177
f 4178//4178 4213//4213 4177//4177
f 4214//4214 4213//4213 4178//4178
f 4179//4179 4214//4214 4178//4178
f 4215//4215 4214//4214 4179//4179
f 4180//4180 4215//4215 4179//4179
f 4216//4216 4215//4215 4180//4180
f 4181//4181 4216//4216 4180//4180
f 4217//4217 4216//4216 4181//4181
f 4182//4182 4217//4217 4181//4181
f 4218//4218 4217//4217 4182//4182
f 4183//4183 4218//4218 4182//4182
f 4219//4219 4218//4218 4183//4183
f 4184//4184 4219//4219 4183//4183
f 4220//4220 4219//4219 4184//4184
f 4185//4185 4220//4220 4184//4184
f 4221//4221 4220//4220 4185//4185
f 4186//4186 4221//4221 4185//4185
f 4222//4222 4221//4221 4186//4186
f 4186//4186 4187//4187 4188//4188
f 4223//4223 4186//4186 4188//4188
f 4222//4222 4186//4186 4223//4223
f 4382//4382 4189//4189 4381//4381
f 4188//4188 4224//4224 4223//4223
f 4189//4189 4382//4382 4409//4409
f 4226//4226 4189//4189 4409//4409
f 4190//4190 4189//4189 4226//4226
f 4226//4226 4191//4191 4190//4190
f 4226//4226 4227//4227 4191//4191
f 4192//4192 4191//4191 4193//4193
f 4191//4191 4228//4228 4193//4193
f 4191//4191 4227//4227 4228//4228
f 4228//4228 4229//4229 4193//4193
f 4231//4231 4232//4232 4194//4194
f 4194//4194 4232//4232 4195//4195
f 4232//4232 4196//4196 4195//4195
f 4232//4232 4233//4233 4196//4196
f 4233//4233 4197//4197 4196//4196
f 4233//4233 4234//4234 4197//4197
f 4199//4199 4198//4198 4235//4235
f 4198//4198 4234//4234 4235//4235
f 4198//4198 4197//4197 4234//4234
f 4198//4198 4199//4199 4200//4200
f 4199//4199 4201//4201 4200//4200
f 4413//4413 4383//4383 4237//4237
f 4384//4384 4238//4238 4237//4237
f 4383//4383 4384//4384 4237//4237
f 4384//4384 4202//4202 4238//4238
f 4201//4201 4384//4384 4200//4200
f 4384//4384 4201//4201 4202//4202
f 4238//4238 4202//4202 4203//4203
f 4238//4238 4203//4203 4239//4239
f 4239//4239 4203//4203 4204//4204
f 4205//4205 4239//4239 4204//4204
f 4240//4240 4239//4239 4205//4205
f 4206//4206 4240//4240 4205//4205
f 4241//4241 4240//4240 4206//4206
f 4207//4207 4241//4241 4206//4206
f 4242//4242 4241//4241 4207//4207
f 4208//4208 4242//4242 4207//4207
f 4243//4243 4242//4242 4208//4208
f 4209//4209 4243//4243 4208//4208
f 4244//4244 4243//4243 4209//4209
f 4422//4422 4244//4244 4393//4393
f 4244//4244 4210//4210 4393//4393
f 4244//4244 4209//4209 4210//4210
f 4211//4211 4395//4395 4210//4210
f 4210//4210 4395//4395 4393//4393
f 4395//4395 4211//4211 4426//4426
f 4211//4211 4245//4245 4426//4426
f 4211//4211 4212//4212 4245//4245
f 4213//4213 4245//4245 4212//4212
f 4246//4246 4245//4245 4213//4213
f 4214//4214 4246//4246 4213//4213
f 4247//4247 4246//4246 4214//4214
f 4215//4215 4247//4247 4214//4214
f 4248//4248 4247//4247 4215//4215
f 4216//4216 4248//4248 4215//4215
f 4249//4249 4248//4248 4216//4216
f 4217//4217 4249//4249 4216//4216
f 4250//4250 4249//4249 4217//4217
f 4218//4218 4250//4250 4217//4217
f 4251//4251 4250//4250 4218//4218
f 4219//4219 4251//4251 4218//4218
f 4252//4252 4251//4251 4219//4219
f 4220//4220 4252//4252 4219//4219
f 4253//4253 4252//4252 4220//4220
f 4221//4221 4253//4253 4220//4220
f 4254//4254 4253//4253 4221//4221
f 4222//4222 4254//4254 4221//4221
f 4255//4255 4254//4254 4222//4222
f 4223//4223 4255//4255 4222//4222
f 4256//4256 4255//4255 4223//4223
f 4223//4223 4224//4224 4225//4225
f 4257//4257 4223//4223 4225//4225
f 4256//4256 4223//4223 4257//4257
f 4410//4410 4226//4226 4409//4409
f 4225//4225 4258//4258 4257//4257
f 4226//4226 4410//4410 4437//4437
f 4259//4259 4226//4226 4437//4437
f 4227//4227 4226//4226 4259//4259
f 4259//4259 4228//4228 4227//4227
f 4259//4259 4260//4260 4228//4228
f 4260//4260 4261//4261 4228//4228
f 4228//4228 4261//4261 4229//4229
f 4264//4264 4265//4265 4230//4230
f 4230//4230 4265//4265 4231//4231
f 4265//4265 4232//4232 4231//4231
f 4265//4265 4267//4267 4232//4232
f 4267//4267 4233//4233 4232//4232
f 4267//4267 4269//4269 4233//4233
f 4269//4269 4439//4439 4411//4411
f 4234//4234 4269//4269 4411//4411
f 4233//4233 4269//4269 4234//4234
f 4236//4236 4235//4235 4234//4234
f 4411//4411 4236//4236 4234//4234
f 4412//4412 4236//4236 4411//4411
f 4237//4237 4274//4274 4413//4413
f 4274//4274 4236//4236 4413//4413
f 4236//4236 4412//4412 4413//4413
f 4236//4236 4274//4274 4273//4273
f 4238//4238 4274//4274 4237//4237
f 4275//4275 4274//4274 4238//4238
f 4239//4239 4275//4275 4238//4238
f 4276//4276 4275//4275 4239//4239
f 4240//4240 4276//4276 4239//4239
f 4277//4277 4276//4276 4240//4240
f 4241//4241 4277//4277 4240//4240
f 4278//4278 4277//4277 4241//4241
f 4242//4242 4278//4278 4241//4241
f 4279//4279 4278//4278 4242//4242
f 4243//4243 4279//4279 4242//4242
f 4280//4280 4279//4279 4243//4243
f 4244//4244 4280//4280 4243//4243
f 4281//4281 4280//4280 4244//4244
f 4424//4424 4282//4282 4422//4422
f 4282//4282 4244//4244 4422//4422
f 4282//4282 4281//4281 4244//4244
f 4457//4457 4282//4282 4424//4424
f 4426//4426 4245//4245 4459//4459
f 4459//4459 4245//4245 4283//4283
f 4246//4246 4283//4283 4245//4245
f 4284//4284 4283//4283 4246//4246
f 4247//4247 4284//4284 4246//4246
f 4285//4285 4284//4284 4247//4247
f 4248//4248 4285//4285 4247//4247
f 4286//4286 4285//4285 4248//4248
f 4249//4249 4286//4286 4248//4248
f 4287//4287 4286//4286 4249//4249
f 4250//4250 4287//4287 4249//4249
f 4288//4288 4287//4287 4250//4250
f 4251//4251 4288//4288 4250//4250
f 4289//4289 4288//4288 4251//4251
f 4252//4252 4289//4289 4251//4251
f 4290//4290 4289//4289 4252//4252
f 4253//4253 4290//4290 4252//4252
f 4291//4291 4290//4290 4253//4253
f 4254//4254 4291//4291 4253//4253
f 4292//4292 4291//4291 4254//4254
f 4255//4255 4292//4292 4254//4254
f 4293//4293 4292//4292 4255//4255
f 4256//4256 4293//4293 4255//4255
f 4294//4294 4293//4293 4256//4256
f 4257//4257 4294//4294 4256//4256
f 4295//4295 4294//4294 4257//4257
f 4296//4296 4295//4295 4257//4257
f 4296//4296 4257//4257 4258//4258
f 4438//4438 4259//4259 4437//4437
f 4259//4259 4438//4438 4482//4482
f 4299//4299 4259//4259 4482//4482
f 4260//4260 4259//4259 4299//4299
f 4261//4261 4260//4260 4262//4262
f 4260//4260 4301//4301 4262//4262
f 4260//4260 4299//4299 4301//4301
f 4262//4262 4301//4301 4263//4263
f 4263//4263 4301//4301 4302//4302
f 4302//4302 4303//4303 4263//4263
f 4264//4264 4266//4266 4265//4265
f 4265//4265 4266//4266 4267//4267
f 4267//4267 4266//4266 4268//4268
f 4267//4267 4268//4268 4269//4269
f 4269//4269 4268//4268 4270//4270
f 4269//4269 4270//4270 4439//4439
f 4270//4270 4441//4441 4439//4439
f 4270//4270 4271//4271 4441//4441
f 4271//4271 4443//4443 4441//4441
f 4272//4272 4443//4443 4271//4271
f 4274//4274 4445//4445 4273//4273
f 4445//4445 4272//4272 4273//4273
f 4445//4445 4443//4443 4272//4272
f 4275//4275 4447//4447 4274//4274
f 4274//4274 4447//4447 4445//4445
f 4276//4276 4449//4449 4275//4275
f 4275//4275 4449//4449 4447//4447
f 4277//4277 4451//4451 4276//4276
f 4276//4276 4451//4451 4449//4449
f 4278//4278 4452//4452 4277//4277
f 4277//4277 4452//4452 4451//4451
f 4279//4279 4453//4453 4278//4278
f 4278//4278 4453//4453 4452//4452
f 4280//4280 4454//4454 4279//4279
f 4279//4279 4454//4454 4453//4453
f 4281//4281 4455//4455 4280//4280
f 4280//4280 4455//4455 4454//4454
f 4282//4282 4456//4456 4281//4281
f 4281//4281 4456//4456 4455//4455
f 4457//4457 4456//4456 4282//4282
f 4283//4283 4460//4460 4459//4459
f 4284//4284 4461//4461 4283//4283
f 4283//4283 4461//4461 4460//4460
f 4285//4285 4462//4462 4284//4284
f 4284//4284 4462//4462 4461//4461
f 4286//4286 4463//4463 4285//4285
f 4285//4285 4463//4463 4462//4462
f 4287//4287 4464//4464 4286//4286
f 4286//4286 4464//4464 4463//4463
f 4288//4288 4465//4465 4287//4287
f 4287//4287 4465//4465 4464//4464
f 4289//4289 4466//4466 4288//4288
f 4288//4288 4466//4466 4465//4465
f 4290//4290 4467//4467 4289//4289
f 4289//4289 4467//4467 4466//4466
f 4291//4291 4469//4469 4290//4290
f 4290//4290 4469//4469 4467//4467
f 4292//4292 4471//4471 4291//4291
f 4291//4291 4471//4471 4469//4469
f 4293//4293 4473//4473 4292//4292
f 4292//4292 4473//4473 4471//4471
f 4294//4294 4475//4475 4293//4293
f 4293//4293 4475//4475 4473//4473
f 4295//4295 4477//4477 4294//4294
f 4294//4294 4477//4477 4475//4475
f 4296//4296 4297//4297 4295//4295
f 4297//4297 4477//4477 4295//4295
f 4297//4297 4479//4479 4477//4477
f 4297//4297 4481//4481 4479//4479
f 4298//4298 4481//4481 4297//4297
f 4482//4482 4481//4481 4299//4299
f 4481//4481 4300//4300 4299//4299
f 4481//4481 4298//4298 4300//4300
f 4304//4304 4305//4305 4300//4300
f 4305//4305 4299//4299 4300//4300
f 4305//4305 4301//4301 4299//4299
f 4305//4305 4302//4302 4301//4301
f 4305//4305 4307//4307 4302//4302
f 4307//4307 4309//4309 4302//4302
f 4302//4302 4309//4309 4303//4303
f 4304//4304 4306//4306 4305//4305
f 4305//4305 4306//4306 4307//4307
f 4307//4307 4306//4306 4308//4308
f 4308//4308 4309//4309 4307//4307
f 4323//4323 4324//4324 4310//4310
f 4310//4310 4324//4324 4311//4311
f 4311//4311 4324//4324 4325//4325
f 4311//4311 4325//4325 4312//4312
f 4312//4312 4325//4325 4326//4326
f 4312//4312 4326//4326 4313//4313
f 4313//4313 4326//4326 4327//4327
f 4313//4313 4327//4327 4314//4314
f 4314//4314 4327//4327 4328//4328
f 4314//4314 4328//4328 4315//4315
f 4315//4315 4328//4328 4329//4329
f 4315//4315 4329//4329 4316//4316
f 4316//4316 4329//4329 4330//4330
f 4316//4316 4330//4330 4317//4317
f 4317//4317 4330//4330 4331//4331
f 4331//4331 4332//4332 4317//4317
f 4339//4339 4340//4340 4318//4318
f 4318//4318 4340//4340 4319//4319
f 4319//4319 4340//4340 4341//4341
f 4319//4319 4341//4341 4320//4320
f 4320//4320 4341//4341 4342//4342
f 4320//4320 4342//4342 4321//4321
f 4321//4321 4342//4342 4343//4343
f 4321//4321 4343//4343 4322//4322
f 4322//4322 4343//4343 4344//4344
f 4322//4322 4344//4344 4323//4323
f 4344//4344 4324//4324 4323//4323
f 4344//4344 4345//4345 4324//4324
f 4345//4345 4325//4325 4324//4324
f 4345//4345 4346//4346 4325//4325
f 4346//4346 4326//4326 4325//4325
f 4346//4346 4347//4347 4326//4326
f 4347//4347 4327//4327 4326//4326
f 4347//4347 4348//4348 4327//4327
f 4348//4348 4328//4328 4327//4327
f 4348//4348 4349//4349 4328//4328
f 4349//4349 4329//4329 4328//4328
f 4349//4349 4350//4350 4329//4329
f 4350//4350 4330//4330 4329//4329
f 4350//4350 4351//4351 4330//4330
f 4351//4351 4331//4331 4330//4330
f 4351//4351 4352//4352 4331//4331
f 4332//4332 4331//4331 4333//4333
f 4331//4331 4353//4353 4333//4333
f 4331//4331 4352//4352 4353//4353
f 4333//4333 4353//4353 4334//4334
f 4334//4334 4353//4353 4354//4354
f 4334//4334 4354//4354 4335//4335
f 4335//4335 4354//4354 4355//4355
f 4335//4335 4355//4355 4336//4336
f 4336//4336 4355//4355 4356//4356
f 4356//4356 4357//4357 4336//4336
f 4360//4360 4361//4361 4337//4337
f 4337//4337 4361//4361 4338//4338
f 4338//4338 4361//4361 4362//4362
f 4338//4338 4362//4362 4339//4339
f 4362//4362 4340//4340 4339//4339
f 4362//4362 4363//4363 4340//4340
f 4363//4363 4341//4341 4340//4340
f 4363//4363 4364//4364 4341//4341
f 4364//4364 4342//4342 4341//4341
f 4364//4364 4365//4365 4342//4342
f 4365//4365 4343//4343 4342//4342
f 4365//4365 4366//4366 4343//4343
f 4366//4366 4344//4344 4343//4343
f 4366//4366 4367//4367 4344//4344
f 4367//4367 4345//4345 4344//4344
f 4367//4367 4368//4368 4345//4345
f 4368//4368 4346//4346 4345//4345
f 4368//4368 4369//4369 4346//4346
f 4369//4369 4347//4347 4346//4346
f 4369//4369 4370//4370 4347//4347
f 4370//4370 4348//4348 4347//4347
f 4370//4370 4371//4371 4348//4348
f 4371//4371 4349//4349 4348//4348
f 4371//4371 4372//4372 4349//4349
f 4372//4372 4350//4350 4349//4349
f 4372//4372 4373//4373 4350//4350
f 4373//4373 4351//4351 4350//4350
f 4373//4373 4374//4374 4351//4351
f 4374//4374 4352//4352 4351//4351
f 4374//4374 4375//4375 4352//4352
f 4375//4375 4353//4353 4352//4352
f 4375//4375 4376//4376 4353//4353
f 4376//4376 4354//4354 4353//4353
f 4376//4376 4377//4377 4354//4354
f 4377//4377 4355//4355 4354//4354
f 4377//4377 4378//4378 4355//4355
f 4378//4378 4356//4356 4355//4355
f 4378//4378 4379//4379 4356//4356
f 4357//4357 4356//4356 4358//4358
f 4356//4356 4380//4380 4358//4358
f 4356//4356 4379//4379 4380//4380
f 4380//4380 4381//4381 4358//4358
f 4384//4384 4385//4385 4359//4359
f 4359//4359 4385//4385 4360//4360
f 4385//4385 4361//4361 4360//4360
f 4385//4385 4386//4386 4361//4361
f 4386//4386 4362//4362 4361//4361
f 4386//4386 4387//4387 4362//4362
f 4387//4387 4363//4363 4362//4362
f 4387//4387 4388//4388 4363//4363
f 4388//4388 4364//4364 4363//4363
f 4388//4388 4389//4389 4364//4364
f 4389//4389 4365//4365 4364//4364
f 4389//4389 4390//4390 4365//4365
f 4390//4390 4366//4366 4365//4365
f 4390//4390 4391//4391 4366//4366
f 4391//4391 4367//4367 4366//4366
f 4391//4391 4392//4392 4367//4367
f 4392//4392 4368//4368 4367//4367
f 4392//4392 4394//4394 4368//4368
f 4394//4394 4369//4369 4368//4368
f 4394//4394 4396//4396 4369//4369
f 4396//4396 4370//4370 4369//4369
f 4396//4396 4397//4397 4370//4370
f 4397//4397 4371//4371 4370//4370
f 4397//4397 4398//4398 4371//4371
f 4398//4398 4372//4372 4371//4371
f 4398//4398 4399//4399 4372//4372
f 4399//4399 4373//4373 4372//4372
f 4399//4399 4400//4400 4373//4373
f 4400//4400 4374//4374 4373//4373
f 4400//4400 4401//4401 4374//4374
f 4401//4401 4375//4375 4374//4374
f 4401//4401 4402//4402 4375//4375
f 4402//4402 4376//4376 4375//4375
f 4402//4402 4403//4403 4376//4376
f 4403//4403 4377//4377 4376//4376
f 4403//4403 4404//4404 4377//4377
f 4404//4404 4378//4378 4377//4377
f 4404//4404 4405//4405 4378//4378
f 4405//4405 4379//4379 4378//4378
f 4405//4405 4406//4406 4379//4379
f 4406//4406 4380//4380 4379//4379
f 4406//4406 4407//4407 4380//4380
f 4381//4381 4380//4380 4382//4382
f 4380//4380 4408//4408 4382//4382
f 4380//4380 4407//4407 4408//4408
f 4408//4408 4409//4409 4382//4382
f 4413//4413 4414//4414 4383//4383
f 4383//4383 4414//4414 4384//4384
f 4414//4414 4385//4385 4384//4384
f 4414//4414 4415//4415 4385//4385
f 4415//4415 4386//4386 4385//4385
f 4415//4415 4416//4416 4386//4386
f 4416//4416 4387//4387 4386//4386
f 4416//4416 4417//4417 4387//4387
f 4417//4417 4388//4388 4387//4387
f 4417//4417 4418//4418 4388//4388
f 4418//4418 4389//4389 4388//4388
f 4418//4418 4419//4419 4389//4389
f 4419//4419 4390//4390 4389//4389
f 4419//4419 4420//4420 4390//4390
f 4420//4420 4391//4391 4390//4390
f 4420//4420 4421//4421 4391//4391
f 4423//4423 4493//4493 4483//4483
f 4421//4421 4393//4393 4392//4392
f 4391//4391 4421//4421 4392//4392
f 4422//4422 4393//4393 4421//4421
f 4484//4484 4423//4423 4483//4483
f 4425//4425 4423//4423 4484//4484
f 4394//4394 4392//4392 4393//4393
f 4395//4395 4394//4394 4393//4393
f 4426//4426 4396//4396 4394//4394
f 4395//4395 4426//4426 4394//4394
f 4426//4426 4485//4485 4396//4396
f 4484//4484 4426//4426 4425//4425
f 4426//4426 4484//4484 4485//4485
f 4486//4486 4397//4397 4396//4396
f 4486//4486 4396//4396 4485//4485
f 4487//4487 4398//4398 4397//4397
f 4487//4487 4397//4397 4486//4486
f 4488//4488 4399//4399 4398//4398
f 4488//4488 4398//4398 4487//4487
f 4399//4399 4488//4488 4500//4500
f 4427//4427 4399//4399 4500//4500
f 4400//4400 4399//4399 4427//4427
f 4427//4427 4401//4401 4400//4400
f 4427//4427 4428//4428 4401//4401
f 4428//4428 4402//4402 4401//4401
f 4428//4428 4429//4429 4402//4402
f 4429//4429 4403//4403 4402//4402
f 4429//4429 4430//4430 4403//4403
f 4430//4430 4404//4404 4403//4403
f 4430//4430 4431//4431 4404//4404
f 4431//4431 4405//4405 4404//4404
f 4431//4431 4432//4432 4405//4405
f 4432//4432 4406//4406 4405//4405
f 4432//4432 4433//4433 4406//4406
f 4433//4433 4407//4407 4406//4406
f 4433//4433 4434//4434 4407//4407
f 4434//4434 4408//4408 4407//4407
f 4434//4434 4435//4435 4408//4408
f 4409//4409 4408//4408 4410//4410
f 4408//4408 4436//4436 4410//4410
f 4408//4408 4435//4435 4436//4436
f 4436//4436 4437//4437 4410//4410
f 4439//4439 4440//4440 4411//4411
f 4411//4411 4440//4440 4412//4412
f 4412//4412 4440//4440 4442//4442
f 4412//4412 4442//4442 4413//4413
f 4442//4442 4414//4414 4413//4413
f 4442//4442 4444//4444 4414//4414
f 4444//4444 4415//4415 4414//4414
f 4444//4444 4446//4446 4415//4415
f 4446//4446 4416//4416 4415//4415
f 4446//4446 4448//4448 4416//4416
f 4448//4448 4417//4417 4416//4416
f 4448//4448 4450//4450 4417//4417
f 4450//4450 4505//4505 4489//4489
f 4418//4418 4450//4450 4489//4489
f 4417//4417 4450//4450 4418//4418
f 4490//4490 4419//4419 4418//4418
f 4490//4490 4418//4418 4489//4489
f 4491//4491 4420//4420 4419//4419
f 4491//4491 4419//4419 4490//4490
f 4492//4492 4421//4421 4420//4420
f 4492//4492 4420//4420 4491//4491
f 4492//4492 4493//4493 4423//4423
f 4424//4424 4492//4492 4423//4423
f 4492//4492 4422//4422 4421//4421
f 4492//4492 4424//4424 4422//4422
f 4458//4458 4457//4457 4424//4424
f 4423//4423 4458//4458 4424//4424
f 4425//4425 4458//4458 4423//4423
f 4459//4459 4458//4458 4425//4425
f 4459//4459 4425//4425 4426//4426
f 4501//4501 4427//4427 4500//4500
f 4502//4502 4428//4428 4427//4427
f 4502//4502 4427//4427 4501//4501
f 4503//4503 4429//4429 4428//4428
f 4503//4503 4428//4428 4502//4502
f 4504//4504 4430//4430 4429//4429
f 4504//4504 4429//4429 4503//4503
f 4430//4430 4504//4504 4534//4534
f 4468//4468 4430//4430 4534//4534
f 4431//4431 4430//4430 4468//4468
f 4468//4468 4432//4432 4431//4431
f 4468//4468 4470//4470 4432//4432
f 4470//4470 4433//4433 4432//4432
f 4470//4470 4472//4472 4433//4433
f 4472//4472 4434//4434 4433//4433
f 4472//4472 4474//4474 4434//4434
f 4474//4474 4435//4435 4434//4434
f 4474//4474 4476//4476 4435//4435
f 4476//4476 4436//4436 4435//4435
f 4476//4476 4478//4478 4436//4436
f 4437//4437 4436//4436 4438//4438
f 4436//4436 4480//4480 4438//4438
f 4436//4436 4478//4478 4480//4480
f 4480//4480 4482//4482 4438//4438
f 4439//4439 4441//4441 4440//4440
f 4440//4440 4441//4441 4442//4442
f 4442//4442 4441//4441 4443//4443
f 4442//4442 4443//4443 4444//4444
f 4444//4444 4443//4443 4445//4445
f 4444//4444 4445//4445 4446//4446
f 4446//4446 4445//4445 4447//4447
f 4446//4446 4447//4447 4448//4448
f 4448//4448 4447//4447 4449//4449
f 4448//4448 4449//4449 4450//4450
f 4450//4450 4449//4449 4451//4451
f 4450//4450 4451//4451 4505//4505
f 4451//4451 4507//4507 4505//4505
f 4451//4451 4452//4452 4507//4507
f 4452//4452 4509//4509 4507//4507
f 4453//4453 4509//4509 4452//4452
f 4453//4453 4511//4511 4509//4509
f 4454//4454 4511//4511 4453//4453
f 4454//4454 4513//4513 4511//4511
f 4455//4455 4513//4513 4454//4454
f 4455//4455 4515//4515 4513//4513
f 4456//4456 4515//4515 4455//4455
f 4458//4458 4517//4517 4457//4457
f 4517//4517 4456//4456 4457//4457
f 4517//4517 4515//4515 4456//4456
f 4459//4459 4460//4460 4458//4458
f 4460//4460 4517//4517 4458//4458
f 4460//4460 4519//4519 4517//4517
f 4460//4460 4521//4521 4519//4519
f 4461//4461 4521//4521 4460//4460
f 4461//4461 4523//4523 4521//4521
f 4462//4462 4523//4523 4461//4461
f 4462//4462 4525//4525 4523//4523
f 4463//4463 4525//4525 4462//4462
f 4463//4463 4527//4527 4525//4525
f 4464//4464 4527//4527 4463//4463
f 4464//4464 4529//4529 4527//4527
f 4465//4465 4529//4529 4464//4464
f 4465//4465 4531//4531 4529//4529
f 4466//4466 4531//4531 4465//4465
f 4466//4466 4533//4533 4531//4531
f 4467//4467 4533//4533 4466//4466
f 4534//4534 4533//4533 4468//4468
f 4533//4533 4469//4469 4468//4468
f 4533//4533 4467//4467 4469//4469
f 4468//4468 4469//4469 4470//4470
f 4470//4470 4469//4469 4471//4471
f 4470//4470 4471//4471 4472//4472
f 4472//4472 4471//4471 4473//4473
f 4472//4472 4473//4473 4474//4474
f 4474//4474 4473//4473 4475//4475
f 4474//4474 4475//4475 4476//4476
f 4476//4476 4475//4475 4477//4477
f 4476//4476 4477//4477 4478//4478
f 4478//4478 4477//4477 4479//4479
f 4478//4478 4479//4479 4480//4480
f 4480//4480 4479//4479 4481//4481
f 4481//4481 4482//4482 4480//4480
f 4493//4493 4494//4494 4483//4483
f 4483//4483 4494//4494 4484//4484
f 4484//4484 4494//4494 4495//4495
f 4484//4484 4495//4495 4485//4485
f 4485//4485 4495//4495 4496//4496
f 4485//4485 4496//4496 4486//4486
f 4486//4486 4496//4496 4497//4497
f 4486//4486 4497//4497 4487//4487
f 4487//4487 4497//4497 4498//4498
f 4487//4487 4498//4498 4488//4488
f 4488//4488 4498//4498 4499//4499
f 4499//4499 4500//4500 4488//4488
f 4505//4505 4506//4506 4489//4489
f 4489//4489 4506//4506 4490//4490
f 4490//4490 4506//4506 4508//4508
f 4490//4490 4508//4508 4491//4491
f 4491//4491 4508//4508 4510//4510
f 4491//4491 4510//4510 4492//4492
f 4492//4492 4510//4510 4512//4512
f 4492//4492 4512//4512 4493//4493
f 4512//4512 4494//4494 4493//4493
f 4512//4512 4514//4514 4494//4494
f 4514//4514 4495//4495 4494//4494
f 4514//4514 4516//4516 4495//4495
f 4516//4516 4496//4496 4495//4495
f 4516//4516 4518//4518 4496//4496
f 4518//4518 4497//4497 4496//4496
f 4518//4518 4520//4520 4497//4497
f 4520//4520 4498//4498 4497//4497
f 4520//4520 4522//4522 4498//4498
f 4522//4522 4499//4499 4498//4498
f 4522//4522 4524//4524 4499//4499
f 4500//4500 4499//4499 4501//4501
f 4499//4499 4526//4526 4501//4501
f 4499//4499 4524//4524 4526//4526
f 4501//4501 4526//4526 4502//4502
f 4502//4502 4526//4526 4528//4528
f 4502//4502 4528//4528 4503//4503
f 4503//4503 4528//4528 4530//4530
f 4503//4503 4530//4530 4504//4504
f 4504//4504 4530//4530 4532//4532
f 4532//4532 4534//4534 4504//4504
f 4505//4505 4507//4507 4506//4506
f 4506//4506 4507//4507 4508//4508
f 4508//4508 4507//4507 4509//4509
f 4508//4508 4509//4509 4510//4510
f 4510//4510 4509//4509 4511//4511
f 4510//4510 4511//4511 4512//4512
f 4512//4512 4511//4511 4513//4513
f 4512//4512 4513//4513 4514//4514
f 4514//4514 4513//4513 4515//4515
f 4514//4514 4515//4515 4516//4516
f 4516//4516 4515//4515 4517//4517
f 4516//4516 4517//4517 4518//4518
f 4518//4518 4517//4517 4519//4519
f 4518//4518 4519//4519 4520//4520
f 4520//4520 4519//4519 4521//4521
f 4520//4520 4521//4521 4522//4522
f 4522//4522 4521//4521 4523//4523
f 4522//4522 4523//4523 4524//4524
f 4524//4524 4523//4523 4525//4525
f 4524//4524 4525//4525 4526//4526
f 4526//4526 4525//4525 4527//4527
f 4526//4526 4527//4527 4528//4528
f 4528//4528 4527//4527 4529//4529
f 4528//4528 4529//4529 4530//4530
f 4530//4530 4529//4529 4531//4531
f 4530//4530 4531//4531 4532//4532
f 4532//4532 4531//4531 4533//4533
f 4533//4533 4534//4534 4532//4532
# 9220 faces, 0 coords texture

# End of File
