# https://github.com/mikedh/trimesh
v -0.34116471 0.08076923 -0.08076923
v -0.34365320 0.08076923 -0.04846154
v -0.34438556 0.08076923 -0.01615385
v -0.34402427 0.08076923 0.01615385
v -0.34420612 0.08076923 0.04846154
v -0.34309700 0.08076923 0.08076923
v -0.33957568 0.08076923 0.11307693
v -0.34387702 0.11307693 -0.20999999
v -0.34846157 0.11307693 -0.17769231
v -0.35169494 0.11307693 -0.14538461
v -0.35430771 0.11307693 -0.11307693
v -0.35538462 0.11307693 -0.08076923
v -0.35548624 0.11307693 -0.04846154
v -0.35538462 0.11307693 -0.01615385
v -0.35543528 0.11307693 0.01615385
v -0.35528299 0.11307693 0.04846154
v -0.35528299 0.11307693 0.08076923
v -0.35383561 0.11307693 0.11307693
v -0.35102567 0.11307693 0.14538461
v -0.34766209 0.11307693 0.17769231
v -0.34338742 0.11307693 0.20999999
v -0.33942753 0.11307693 0.24230769
v -0.30907848 -0.08076923 0.01615385
v -0.30763578 -0.08076923 0.04846154
v -0.30722779 -0.04846154 -0.08076923
v -0.31241244 -0.04846154 -0.04846154
v -0.31732723 -0.04846154 -0.01615385
v -0.31953847 -0.04846154 0.01615385
v -0.31904641 -0.04846154 0.04846154
v -0.31871796 -0.04846154 0.08076923
v -0.31855386 -0.04846154 0.11307693
v -0.31699753 -0.04846154 0.14538461
v -0.31376657 -0.04846154 0.17769231
v -0.30939394 -0.04846154 0.20999999
v -0.30783668 -0.01615385 -0.24230769
v -0.31382912 -0.01615385 -0.20999999
v -0.31769234 -0.01615385 -0.17769231
v -0.31920737 -0.01615385 -0.14538461
v -0.32070306 -0.01615385 -0.11307693
v -0.32279351 -0.01615385 -0.08076923
v -0.32541764 -0.01615385 -0.04846154
v -0.32759997 -0.01615385 -0.01615385
v -0.32925236 -0.01615385 0.01615385
v -0.32954559 -0.01615385 0.04846154
v -0.32864258 -0.01615385 0.08076923
v -0.32747668 -0.01615385 0.11307693
v -0.32572025 -0.01615385 0.14538474
v -0.32392713 -0.01615385 0.17769231
v -0.32170793 -0.01615385 0.20999999
v -0.31987035 -0.01615385 0.24230769
v -0.31782612 -0.01615385 0.27461538
v -0.31373516 -0.01615385 0.30692309
v -0.31160629 0.01615385 -0.27461538
v -0.31723404 0.01615385 -0.24230769
v -0.32140586 0.01615385 -0.20999999
v -0.32322982 0.01615385 -0.17769231
v -0.32456547 0.01615385 -0.14538461
v -0.32624730 0.01615385 -0.11307693
v -0.32832780 0.01615385 -0.08076923
v -0.33130625 0.01615385 -0.04846154
v -0.33568096 0.01615385 -0.01615385
v -0.33769232 0.01615385 0.01615385
v -0.33814529 0.01615385 0.04846154
v -0.33632943 0.01615385 0.08076923
v -0.33220050 0.01615385 0.11307693
v -0.32891980 0.01615385 0.14538461
v -0.32661539 0.01615385 0.17769231
v -0.32480967 0.01615385 0.20999999
v -0.32365197 0.01615385 0.24230769
v -0.32302627 0.01615385 0.27461538
v -0.32086760 0.01615385 0.30692309
v -0.31675586 0.01615385 0.33923078
v -0.30751768 0.01615385 0.37153846
v -0.31202427 0.04846154 -0.30692309
v -0.31723404 0.04846154 -0.27461538
v -0.32090011 0.04846154 -0.24230769
v -0.32312757 0.04846154 -0.20999999
v -0.32444590 0.04846154 -0.17769231
v -0.32611951 0.04846154 -0.14538461
v -0.32667109 0.04846154 -0.11307693
v -0.32909593 0.04846154 -0.08076923
v -0.33923078 0.07558090 -0.08076923
v -0.33422366 0.04846154 -0.04846154
v -0.33923078 0.06309147 -0.04846154
v -0.33833286 0.04846154 -0.01615385
v -0.33923078 0.05195908 -0.01615385
v -0.33919922 0.04846154 0.01615385
v -0.33923078 0.04861695 0.01615385
v -0.33919588 0.04846154 0.04846154
v -0.33923078 0.04865220 0.04846154
v -0.33720711 0.04846154 0.08076923
v -0.33923078 0.05906447 0.08076923
v -0.33264065 0.04846154 0.11307693
v -0.33923078 0.07946371 0.11307693
v -0.32949615 0.04846154 0.14538461
v -0.32715487 0.04846154 0.17769231
v -0.32548407 0.04846154 0.20999999
v -0.32409659 0.04846154 0.24230769
v -0.32307693 0.04846154 0.27461538
v -0.32109311 0.04846154 0.30692309
v -0.31764734 0.04846154 0.33923078
v -0.31061220 0.04846154 0.37153846
v -0.30967116 0.08076923 -0.37153846
v -0.31714007 0.08076923 -0.33923078
v -0.32039931 0.08076923 -0.30692309
v -0.32323074 0.08076923 -0.27461538
v -0.32469788 0.08076923 -0.24230769
v -0.32690200 0.08076923 -0.20999999
v -0.33923078 0.10609589 -0.20999999
v -0.32863116 0.08076923 -0.17769231
v -0.33923078 0.09673156 -0.17769225
v -0.33214486 0.08076923 -0.14538461
v -0.33923072 0.08788263 -0.14538455
v -0.33707875 0.08076923 -0.11307693
v -0.33923078 0.08189001 -0.11307693
v -0.33923078 0.08076923 -0.10239610
v -0.33923078 0.08076923 0.11603589
v -0.33605334 0.08076923 0.14538461
v -0.33923072 0.08583924 0.14538461
v -0.33204693 0.08076923 0.17769231
v -0.33923078 0.09522478 0.17769231
v -0.32930076 0.08076923 0.20999999
v -0.33923078 0.10501073 0.20999999
v -0.32731450 0.08076923 0.24230769
v -0.33923078 0.11274170 0.24230769
v -0.32545078 0.08076923 0.27461526
v -0.32370627 0.08076923 0.30692309
v -0.32266271 0.08076923 0.33923078
v -0.31976098 0.08076923 0.37153846
v -0.31175312 0.08076923 0.40384614
v -0.31709275 0.11307693 -0.40384614
v -0.32297468 0.11307693 -0.37153846
v -0.32535172 0.11307693 -0.33923072
v -0.32850650 0.11307693 -0.30692309
v -0.33254501 0.11307693 -0.27461538
v -0.33829331 0.11307693 -0.24230769
v -0.33923078 0.11307704 -0.23742802
v -0.33923084 0.11879385 -0.20999999
v -0.33923078 0.12469317 -0.17769237
v -0.33923078 0.12876256 -0.14538461
v -0.33923078 0.13204160 -0.11307693
v -0.33923078 0.13362467 -0.08076923
v -0.33923078 0.13417581 -0.04846154
v -0.33923078 0.13466041 -0.01615385
v -0.33923078 0.14385763 0.01615385
v -0.33923078 0.14171429 0.04846154
v -0.33923078 0.13949145 0.08076923
v -0.33923078 0.13277490 0.11307693
v -0.33923078 0.12588863 0.14538461
v -0.33923078 0.12316186 0.17769231
v -0.33923078 0.11848537 0.20999999
v -0.33923078 0.11335015 0.24230769
v -0.33923078 0.11307693 0.24397653
v -0.33596370 0.11307693 0.27461550
v -0.33201644 0.11307693 0.30692309
v -0.32873419 0.11307693 0.33923078
v -0.32603300 0.11307693 0.37153834
v -0.32276827 0.11307693 0.40384614
v -0.31551874 0.11307693 0.43615386
v -0.27662721 -0.11307693 -0.17769231
v -0.27840316 -0.11307693 -0.14538461
v -0.27984130 -0.11307693 -0.11307693
v -0.28315651 -0.11307693 -0.08076923
v -0.28586712 -0.11307693 -0.04846154
v -0.28956372 -0.11307693 -0.01615385
v -0.29293156 -0.11307693 0.01615385
v -0.30692309 -0.08381213 0.01615385
v -0.29103082 -0.11307693 0.04846154
v -0.30692309 -0.08170132 0.04846154
v -0.29070827 -0.11307693 0.08076923
v -0.28947571 -0.11307693 0.11307693
v -0.28774610 -0.11307693 0.14538461
v -0.28582418 -0.11307693 0.17769231
v -0.28315651 -0.11307693 0.20999999
v -0.27909407 -0.11307693 0.24230769
v -0.28068331 -0.08076923 -0.27461538
v -0.28551841 -0.08076923 -0.24230769
v -0.28903648 -0.08076923 -0.20999999
v -0.29107788 -0.08076923 -0.17769231
v -0.29219782 -0.08076923 -0.14538455
v -0.29275304 -0.08076923 -0.11307693
v -0.29476017 -0.08076923 -0.08076923
v -0.30692309 -0.04896622 -0.08076923
v -0.29857478 -0.08076923 -0.04846154
v -0.30692309 -0.06041720 -0.04846154
v -0.30567148 -0.08076923 -0.01615385
v -0.30692309 -0.07846241 -0.01615385
v -0.30692309 -0.08076923 -0.00522888
v -0.30692309 -0.08076923 0.07021978
v -0.30613506 -0.08076923 0.08076923
v -0.30692315 -0.08016620 0.08076911
v -0.30376938 -0.08076917 0.11307693
v -0.30692309 -0.07800000 0.11307704
v -0.30123234 -0.08076923 0.14538461
v -0.30692309 -0.07282886 0.14538461
v -0.29697520 -0.08076923 0.17769231
v -0.30692309 -0.06271009 0.17769231
v -0.29333726 -0.08076917 0.20999999
v -0.30692309 -0.05295582 0.20999999
v -0.29201183 -0.08076923 0.24230781
v -0.29141539 -0.08076923 0.27461538
v -0.28704140 -0.08076923 0.30692309
v -0.27491081 -0.08076923 0.33923078
v -0.28182971 -0.04846154 -0.33923078
v -0.28628746 -0.04846154 -0.30692309
v -0.28940025 -0.04846154 -0.27461538
v -0.29145324 -0.04846154 -0.24230769
v -0.30692309 -0.01714578 -0.24230769
v -0.29416829 -0.04846154 -0.20999999
v -0.30692309 -0.02605096 -0.20999999
v -0.29759413 -0.04846154 -0.17769231
v -0.30692309 -0.03642540 -0.17769231
v -0.30276641 -0.04846154 -0.14538461
v -0.30692309 -0.04228750 -0.14538468
v -0.30322778 -0.04846148 -0.11307693
v -0.30692309 -0.04472509 -0.11307693
v -0.30692309 -0.04846154 -0.08364987
v -0.27971658 -0.04846154 0.08076923
v -0.27937832 -0.04846154 0.11307693
v -0.30692309 -0.04846154 0.23374088
v -0.30396843 -0.04846154 0.24230769
v -0.30692300 -0.04707960 0.24230769
v -0.29779962 -0.04846154 0.27461538
v -0.30692309 -0.03937833 0.27461538
v -0.29575741 -0.04846148 0.30692309
v -0.30692309 -0.02700770 0.30692309
v -0.28849447 -0.04846154 0.33923078
v -0.27733180 -0.04846154 0.37153846
v -0.27850121 -0.01615385 -0.40384614
v -0.28816003 -0.01615385 -0.37153846
v -0.29326123 -0.01615385 -0.33923078
v -0.29661211 -0.01615385 -0.30692309
v -0.30090618 -0.01615385 -0.27461538
v -0.30692309 0.00110932 -0.27461538
v -0.30692309 -0.01615385 -0.24651192
v -0.27526549 -0.01615385 -0.08076923
v -0.27543336 -0.01615385 -0.04846154
v -0.28091440 -0.01615385 -0.01615385
v -0.28251114 -0.01615385 0.01615385
v -0.28802279 -0.01615385 0.08076923
v -0.28777778 -0.01615385 0.11307693
v -0.28653160 -0.01615385 0.14538461
v -0.28524914 -0.01615385 0.17769231
v -0.28489512 -0.01615385 0.20999999
v -0.28198588 -0.01615385 0.24230769
v -0.27473184 -0.01615385 0.27461538
v -0.30692309 -0.01615385 0.32841969
v -0.30270049 -0.01615385 0.33923078
v -0.30692309 -0.00856238 0.33923078
v -0.29219541 -0.01615385 0.37153846
v -0.30692309 0.01540538 0.37153846
v -0.28268281 -0.01615385 0.40384614
v -0.28173804 0.01615385 -0.43615386
v -0.29040796 0.01615385 -0.40384614
v -0.29346648 0.01615385 -0.37153846
v -0.29746532 0.01615385 -0.33923078
v -0.30389670 0.01615385 -0.30692309
v -0.30692309 0.02535019 -0.30692309
v -0.30692309 0.01615385 -0.29704988
v -0.27855968 0.01615385 -0.17769231
v -0.28673077 0.01615385 -0.11307693
v -0.28707954 0.01615385 -0.08076923
v -0.28795341 0.01615385 -0.04846154
v -0.28997481 0.01615385 -0.01615385
v -0.28986290 0.01615385 0.01615385
v -0.28950980 0.01615385 0.08076923
v -0.29003012 0.01615385 0.11307693
v -0.28928068 0.01615385 0.14538461
v -0.28798816 0.01615385 0.17769231
v -0.28692606 0.01615385 0.20999999
v -0.28599501 0.01615385 0.24230769
v -0.28454000 0.01615385 0.27461538
v -0.28302419 0.01615385 0.30692309
v -0.30692309 0.01615385 0.37252256
v -0.29479975 0.01615385 0.40384614
v -0.28816003 0.01615385 0.43615386
v -0.28547400 0.04846154 -0.43615386
v -0.29183906 0.04846154 -0.40384614
v -0.29270768 0.04846154 -0.37153846
v -0.30692309 0.07553851 -0.37153846
v -0.30249295 0.04846154 -0.33923084
v -0.30692309 0.05239216 -0.33923078
v -0.30692300 0.04846154 -0.33100331
v -0.27999541 0.04846154 -0.24230769
v -0.28347984 0.04846154 -0.20999999
v -0.28632849 0.04846154 -0.17769231
v -0.28411764 0.04846154 -0.14538461
v -0.29145002 0.04846154 -0.11307693
v -0.29326123 0.04846154 -0.08076923
v -0.29344684 0.04846154 -0.04846154
v -0.29255170 0.04846154 -0.01615385
v -0.29201183 0.04846154 0.01615385
v -0.28692606 0.04846154 0.04846154
v -0.28974274 0.04846154 0.08076923
v -0.28767082 0.04846154 0.11307693
v -0.28624618 0.04846154 0.14538461
v -0.28478506 0.04846154 0.17769231
v -0.28361201 0.04846154 0.20999999
v -0.28224894 0.04846154 0.24230769
v -0.28120551 0.04846154 0.27461538
v -0.28187835 0.04846154 0.30692309
v -0.28216681 0.04846154 0.33923078
v -0.30692309 0.04846154 0.37936631
v -0.29171249 0.04846154 0.40384614
v -0.30692309 0.07095925 0.40384614
v -0.28986880 0.04846154 0.43615386
v -0.27836379 0.04846154 0.46846154
v -0.28216025 0.08076923 -0.46846154
v -0.29214403 0.08076923 -0.43615386
v -0.29892102 0.08076923 -0.40384614
v -0.30692309 0.09332953 -0.40384614
v -0.30692309 0.08076923 -0.37933686
v -0.27616128 0.08076923 -0.33923078
v -0.28213757 0.08076923 -0.30692309
v -0.28565213 0.08076923 -0.27461538
v -0.28857696 0.08076923 -0.24230769
v -0.29076922 0.08076923 -0.20999999
v -0.29256409 0.08076923 -0.17769225
v -0.29442084 0.08076923 -0.14538455
v -0.29704157 0.08076923 -0.11307693
v -0.30092189 0.08076923 -0.08076917
v -0.30166173 0.08076923 -0.04846160
v -0.30030099 0.08076923 -0.01615385
v -0.29733726 0.08076923 0.01615385
v -0.29107788 0.08076923 0.04846154
v -0.29150832 0.08076911 0.08076911
v -0.29129031 0.08076923 0.11307693
v -0.29092211 0.08076923 0.14538461
v -0.29076922 0.08076923 0.17769231
v -0.28986290 0.08076923 0.20999999
v -0.28832874 0.08076923 0.24230769
v -0.28669128 0.08076923 0.27461538
v -0.28444818 0.08076923 0.30692309
v -0.28114474 0.08076923 0.33923078
v -0.27504736 0.08076923 0.37153846
v -0.30692300 0.08076923 0.41265735
v -0.29600829 0.08076923 0.43615398
v -0.30692309 0.09898791 0.43615386
v -0.28826159 0.08076923 0.46846154
v -0.27502960 0.08076923 0.50076926
v -0.28542939 0.11307693 -0.50076926
v -0.29196179 0.11307693 -0.46846154
v -0.30198389 0.11307693 -0.43615386
v -0.30692309 0.11307693 -0.42704144
v -0.30692315 0.12384611 -0.40384620
v -0.30692309 0.12970747 -0.37153846
v -0.27575380 0.11307693 -0.33923078
v -0.30692309 0.12986018 -0.33923078
v -0.27973452 0.11307693 -0.30692309
v -0.30692309 0.12991478 -0.30692309
v -0.28501952 0.11307693 -0.27461538
v -0.30692309 0.13002519 -0.27461538
v -0.28859249 0.11307693 -0.24230769
v -0.30692309 0.13019355 -0.24230769
v -0.29040796 0.11307693 -0.20999999
v -0.30692309 0.13036536 -0.20999999
v -0.29161942 0.11307693 -0.17769231
v -0.30692309 0.12969232 -0.17769231
v -0.29383186 0.11307693 -0.14538461
v -0.30692309 0.12762871 -0.14538461
v -0.29512820 0.11307693 -0.11307698
v -0.30692309 0.12683749 -0.11307693
v -0.29588792 0.11307693 -0.08076923
v -0.30692300 0.12651829 -0.08076917
v -0.29550117 0.11307693 -0.04846154
v -0.30692309 0.12721154 -0.04846154
v -0.29480770 0.11307693 -0.01615385
v -0.30692309 0.12843116 -0.01615385
v -0.29337844 0.11307693 0.01615385
v -0.30692309 0.13676924 0.01615385
v -0.29076922 0.11307693 0.04846154
v -0.30692309 0.13838202 0.04846154
v -0.29081988 0.11307693 0.08076923
v -0.30692309 0.13816571 0.08076923
v -0.29092112 0.11307693 0.11307693
v -0.30692309 0.13147196 0.11307693
v -0.29024816 0.11307693 0.14538461
v -0.30692309 0.12953949 0.14538461
v -0.28909817 0.11307693 0.17769231
v -0.30692309 0.13042328 0.17769231
v -0.28737965 0.11307693 0.20999999
v -0.30692309 0.13065942 0.20999999
v -0.28520367 0.11307693 0.24230769
v -0.30692309 0.13096358 0.24230769
v -0.28301916 0.11307693 0.27461538
v -0.30692309 0.13167125 0.27461538
v -0.28078282 0.11307693 0.30692309
v -0.30692309 0.13243733 0.30692309
v -0.27804470 0.11307693 0.33923078
v -0.30692309 0.13346839 0.33923078
v -0.30692309 0.13550302 0.37153846
v -0.30692309 0.13916017 0.40384614
v -0.30692309 0.14215697 0.43615386
v -0.30692309 0.11307693 0.45512947
v -0.30036500 0.11307693 0.46846154
v -0.29167557 0.11307693 0.50076926
v -0.28304675 0.11307693 0.53307694
v -0.27784377 0.14538461 0.50076926
v -0.28182971 0.14538461 0.53307694
v -0.27461538 -0.11508876 -0.17769231
v -0.24250291 -0.14538461 -0.14538461
v -0.27461538 -0.11686470 -0.14538461
v -0.24499607 -0.14538461 -0.11307693
v -0.27461538 -0.11838628 -0.11307693
v -0.24888030 -0.14538461 -0.08076923
v -0.27461538 -0.12253086 -0.08076923
v -0.25248039 -0.14538461 -0.04846154
v -0.27461538 -0.12668437 -0.04846154
v -0.25597256 -0.14538461 -0.01615385
v -0.27461538 -0.13132820 -0.01615385
v -0.25820512 -0.14538461 0.01615385
v -0.27461538 -0.13384613 0.01615385
v -0.25761133 -0.14538461 0.04846154
v -0.27461538 -0.13233873 0.04846154
v -0.25632799 -0.14538461 0.08076923
v -0.27461538 -0.13228692 0.08076923
v -0.25493664 -0.14538461 0.11307693
v -0.27461538 -0.13117217 0.11307693
v -0.25247583 -0.14538461 0.14538461
v -0.27461538 -0.12900844 0.14538461
v -0.24916086 -0.14538461 0.17769231
v -0.27461538 -0.12584975 0.17769231
v -0.24559850 -0.14538461 0.20999999
v -0.27461538 -0.12198673 0.20999999
v -0.24270965 -0.14538461 0.24230769
v -0.27461538 -0.11755567 0.24230769
v -0.24367927 -0.11307693 -0.37153846
v -0.25422391 -0.11307693 -0.33923078
v -0.25811788 -0.11307693 -0.30692309
v -0.26211312 -0.11307693 -0.27461538
v -0.27461538 -0.08943144 -0.27461538
v -0.26554018 -0.11307693 -0.24230769
v -0.27461538 -0.09905446 -0.24230769
v -0.27114582 -0.11307693 -0.20999993
v -0.27461538 -0.10888182 -0.20999999
v -0.27461538 -0.11307693 -0.18918248
v -0.24634948 -0.11307693 0.08076923
v -0.24519604 -0.11307693 0.11307693
v -0.24287739 -0.11307693 0.14538461
v -0.24266158 -0.11307693 0.17769231
v -0.27461538 -0.11307693 0.26730442
v -0.26908931 -0.11307693 0.27461538
v -0.27461538 -0.11158906 0.27461538
v -0.26349089 -0.11307693 0.30692309
v -0.27461538 -0.09837557 0.30692309
v -0.25541538 -0.11307693 0.33923078
v -0.27461538 -0.08107217 0.33923078
v -0.24659789 -0.11307693 0.37153846
v -0.24686113 -0.08076923 -0.40384614
v -0.25786325 -0.08076923 -0.37153846
v -0.26418006 -0.08076929 -0.33923078
v -0.27461538 -0.06215882 -0.33923078
v -0.26899433 -0.08076923 -0.30692315
v -0.27461538 -0.07854609 -0.30692309
v -0.27461538 -0.08076917 -0.30197755
v -0.24598345 -0.08076923 -0.27461538
v -0.25176871 -0.08076923 -0.24230769
v -0.25180992 -0.08076923 -0.20999999
v -0.25218922 -0.08076923 -0.17769231
v -0.25596955 -0.08076923 -0.08076923
v -0.25174269 -0.08076923 -0.04846154
v -0.25631610 -0.08076923 -0.01615385
v -0.25532719 -0.08076923 0.01615385
v -0.26428869 -0.08076923 0.08076923
v -0.27461538 -0.05484903 0.08076923
v -0.26402718 -0.08076923 0.11307693
v -0.27461538 -0.05383535 0.11307693
v -0.26156241 -0.08076923 0.14538461
v -0.26084951 -0.08076923 0.17769231
v -0.26143572 -0.08076923 0.20999999
v -0.26018000 -0.08076923 0.24230769
v -0.25570357 -0.08076923 0.27461538
v -0.27461538 -0.08076923 0.33972535
v -0.26253179 -0.08076923 0.37153846
v -0.27461538 -0.05278765 0.37153846
v -0.25568047 -0.08076923 0.40384614
v -0.24344610 -0.08076923 0.43615386
v -0.24930704 -0.04846154 -0.43615386
v -0.25823078 -0.04846154 -0.40384614
v -0.27461538 -0.02046646 -0.40384614
v -0.26775822 -0.04846154 -0.37153840
v -0.27461538 -0.04252512 -0.37153840
v -0.27461538 -0.04846154 -0.35987180
v -0.24461100 -0.04846154 -0.33923078
v -0.25731450 -0.04846154 -0.30692309
v -0.25695735 -0.04846154 -0.27461538
v -0.25777748 -0.04846154 -0.24230769
v -0.25892901 -0.04846154 -0.20999999
v -0.26101825 -0.04846148 -0.17769225
v -0.25629503 -0.04846154 -0.11307693
v -0.26302606 -0.04846154 -0.08076923
v -0.27461538 -0.01715939 -0.08076923
v -0.26389080 -0.04846148 -0.04846148
v -0.27461538 -0.01774943 -0.04846154
v -0.26704082 -0.04846154 -0.01615385
v -0.27461538 -0.03042076 -0.01615385
v -0.26787916 -0.04846148 0.01615385
v -0.27461538 -0.03452658 0.01615385
v -0.25381362 -0.04846154 0.04846154
v -0.27461538 -0.04846154 0.07762503
v -0.27461538 -0.04846154 0.13424693
v -0.27304262 -0.04846154 0.14538461
v -0.27461538 -0.04586023 0.14538461
v -0.27034423 -0.04846154 0.17769231
v -0.27461538 -0.04080660 0.17769243
v -0.27067107 -0.04846148 0.20999999
v -0.27461538 -0.04002930 0.20999999
v -0.26721969 -0.04846154 0.24230769
v -0.27461538 -0.02906674 0.24230769
v -0.26375678 -0.04846154 0.27461538
v -0.27461538 -0.01627105 0.27461538
v -0.25087610 -0.04846154 0.30692309
v -0.27461538 -0.04846154 0.37741941
v -0.26400685 -0.04846154 0.40384614
v -0.27461538 -0.03058055 0.40384614
v -0.25525540 -0.04846154 0.43615386
v -0.24347660 -0.04846154 0.46846154
v -0.24276185 -0.01615385 -0.50076926
v -0.25483003 -0.01615385 -0.46846154
v -0.26496685 -0.01615385 -0.43615386
v -0.27461538 0.00301295 -0.43615386
v -0.27461538 -0.01615385 -0.41188863
v -0.24372838 -0.01615385 -0.37153846
v -0.25593564 -0.01615385 -0.33923078
v -0.25846153 -0.01615385 -0.30692309
v -0.25977132 -0.01615385 -0.27461538
v -0.26253951 -0.01615385 -0.24230769
v -0.26577750 -0.01615385 -0.20999999
v -0.27000612 -0.01615385 -0.17769225
v -0.27461538 0.00144602 -0.17769231
v -0.25713933 -0.01615385 -0.14538461
v -0.27353582 -0.01615385 -0.11307693
v -0.27461538 -0.01439380 -0.11307693
v -0.27461538 -0.01615385 -0.09181868
v -0.27461538 -0.01615385 0.02580410
v -0.26067081 -0.01615385 0.04846166
v -0.27461538 -0.01615385 0.06516530
v -0.27461538 -0.01615385 0.27489945
v -0.26899847 -0.01615385 0.30692309
v -0.27461538 -0.00201923 0.30692309
v -0.25571966 -0.01615385 0.33923078
v -0.24450144 -0.01615385 0.37153846
v -0.27461538 -0.01615385 0.42713398
v -0.26864588 -0.01615385 0.43615371
v -0.27461538 -0.01125871 0.43615386
v -0.25195548 -0.01615385 0.46846154
v -0.24443150 -0.01615385 0.50076926
v -0.25564572 0.01615385 -0.50076926
v -0.26380134 0.01615385 -0.46846154
v -0.27461538 0.01615385 -0.44777945
v -0.24629328 0.01615385 -0.37153846
v -0.25892901 0.01615385 -0.33923078
v -0.26107073 0.01615385 -0.30692300
v -0.26512989 0.01615385 -0.27461538
v -0.27069062 0.01615385 -0.24230769
v -0.27461538 0.03152595 -0.24230769
v -0.27431068 0.01615385 -0.20999999
v -0.27461538 0.01694741 -0.20999999
v -0.27461538 0.01615385 -0.20792969
v -0.27461538 0.01615385 -0.16144720
v -0.27068853 0.01615385 -0.14538468
v -0.27461532 0.02444275 -0.14538455
v -0.27461538 0.01615385 -0.13936119
v -0.27461538 0.01615385 0.04779429
v -0.27401778 0.01615385 0.04846154
v -0.27461538 0.01711367 0.04846166
v -0.27461538 0.01615385 0.04916231
v -0.27461538 0.01615385 0.33304417
v -0.27098578 0.01615385 0.33923078
v -0.27461538 0.02566989 0.33923078
v -0.27461538 0.01615385 0.46810278
v -0.27406621 0.01615385 0.46846154
v -0.27461538 0.01803295 0.46846154
v -0.25370759 0.01615385 0.50076926
v -0.24403952 0.01615385 0.53307694
v -0.24309571 0.04846154 -0.53307694
v -0.25666666 0.04846154 -0.50076926
v -0.26573554 0.04846154 -0.46846154
v -0.27461538 0.06432009 -0.46846160
v -0.27461538 0.04846154 -0.45659855
v -0.26347184 0.04846154 -0.33923078
v -0.27461538 0.07900807 -0.33923078
v -0.26715377 0.04846154 -0.30692300
v -0.27461538 0.06716087 -0.30692309
v -0.27323800 0.04846154 -0.27461538
v -0.27461544 0.05102994 -0.27461544
v -0.27461532 0.04846154 -0.26730764
v -0.27461538 0.04846154 0.34950563
v -0.27461538 0.07990468 0.37153846
v -0.27461538 0.04846154 0.47449225
v -0.25863618 0.04846154 0.50076926
v -0.27461538 0.08005171 0.50076926
v -0.25223777 0.04846154 0.53307694
v -0.25678203 0.08076923 -0.53307694
v -0.26565260 0.08076923 -0.50076926
v -0.27461538 0.09370431 -0.50076926
v -0.27461538 0.08076923 -0.48382735
v -0.25393307 0.08076923 -0.43615386
v -0.25952429 0.08076923 -0.40384614
v -0.27277091 0.08076923 -0.37153846
v -0.27461538 0.08076923 -0.34819257
v -0.27461538 0.08637326 0.37153846
v -0.27461538 0.08076923 0.37239489
v -0.26663348 0.08076923 0.40384614
v -0.25914562 0.08076923 0.43615386
v -0.25532967 0.08076923 0.46846154
v -0.27461538 0.08076923 0.50129759
v -0.25987649 0.08076911 0.53307694
v -0.27461538 0.10301971 0.53307694
v -0.25818774 0.11307693 -0.56538463
v -0.27130759 0.11307693 -0.53307694
v -0.27461538 0.11307693 -0.52710617
v -0.27461538 0.12416766 -0.50076926
v -0.27461538 0.12928142 -0.46846154
v -0.25389701 0.11307693 -0.43615386
v -0.27461538 0.12923077 -0.43615386
v -0.26019430 0.11307693 -0.40384614
v -0.27461538 0.12749796 -0.40384614
v -0.27132791 0.11307693 -0.37153840
v -0.27461538 0.11636434 -0.37153840
v -0.27461538 0.11307693 -0.34710762
v -0.27461538 0.11307693 0.36301169
v -0.27329600 0.11307693 0.37153846
v -0.27461538 0.11585201 0.37153846
v -0.26488078 0.11307693 0.40384614
v -0.27461538 0.13138680 0.40384614
v -0.25936788 0.11307693 0.43615386
v -0.27461538 0.13947691 0.43615386
v -0.25507203 0.11307693 0.46846154
v -0.27461538 0.14405358 0.46846154
v -0.24462709 0.11307693 0.50076926
v -0.27461538 0.11307693 0.54553688
v -0.26298460 0.11307693 0.56538463
v -0.24311371 0.11307693 0.59769231
v -0.27461538 0.14538461 0.47781378
v -0.27461538 0.14846694 0.50076926
v -0.27461538 0.15259895 0.53307694
v -0.27461538 0.14538461 0.54408544
v -0.25681117 0.14538461 0.56538463
v -0.24501352 0.14538461 0.59769231
v -0.24230769 -0.14557983 -0.14538461
v -0.24230769 -0.14802672 -0.11307693
v -0.24230769 -0.15125121 -0.08076923
v -0.24230769 -0.15353702 -0.04846154
v -0.24230769 -0.15521739 -0.01615385
v -0.24230769 -0.15592709 0.01615385
v -0.24230769 -0.15583509 0.04846154
v -0.24230769 -0.15511923 0.08076923
v -0.24230769 -0.15443368 0.11307693
v -0.24230769 -0.15316452 0.14538461
v -0.24230769 -0.15118343 0.17769231
v -0.24230769 -0.14850824 0.20999999
v -0.24230769 -0.14578657 0.24230769
v -0.24230769 -0.11444850 -0.37153846
v -0.24230769 -0.12499321 -0.33923078
v -0.21509060 -0.14538461 -0.30692309
v -0.24230775 -0.12940830 -0.30692309
v -0.22194937 -0.14538461 -0.27461538
v -0.24230769 -0.13269448 -0.27461538
v -0.22776440 -0.14538468 -0.24230775
v -0.24230769 -0.13512060 -0.24230769
v -0.23375419 -0.14538455 -0.20999993
v -0.24230775 -0.13844739 -0.20999999
v -0.23980005 -0.14538468 -0.17769231
v -0.24230769 -0.14297846 -0.17769231
v -0.24230769 -0.14538461 -0.14765391
v -0.24230769 -0.12001643 0.08076923
v -0.24230769 -0.11834388 0.11307693
v -0.24230769 -0.11426038 0.14538461
v -0.24230769 -0.11392318 0.17769231
v -0.24230769 -0.14538461 0.24544364
v -0.23846765 -0.14538461 0.27461550
v -0.24230769 -0.13442051 0.27461538
v -0.22973815 -0.14538461 0.30692309
v -0.24230769 -0.13611247 0.30692309
v -0.22039138 -0.14538461 0.33923078
v -0.24230769 -0.12854104 0.33923078
v -0.21046333 -0.14538461 0.37153846
v -0.24230769 -0.11736711 0.37153846
v -0.22081399 -0.11307693 -0.43615386
v -0.22991057 -0.11307693 -0.40384614
v -0.24230769 -0.08754032 -0.40384614
v -0.24230769 -0.11307693 -0.37369868
v -0.24230769 -0.08170071 -0.27461538
v -0.24230769 -0.08639704 -0.24230769
v -0.24230769 -0.08889335 -0.20999999
v -0.21194510 -0.11307693 -0.17769231
v -0.24230769 -0.09065075 -0.17769231
v -0.21261013 -0.11307693 -0.14538461
v -0.21468279 -0.11307693 -0.11307693
v -0.22898938 -0.11307698 -0.08076923
v -0.24230769 -0.10847006 -0.08076923
v -0.22195640 -0.11307693 -0.04846154
v -0.24230763 -0.09915114 -0.04846154
v -0.23301627 -0.11307686 -0.01615385
v -0.24230769 -0.10985113 -0.01615385
v -0.23322269 -0.11307698 0.01615385
v -0.24230769 -0.10900303 0.01615385
v -0.21539593 -0.11307693 0.04846154
v -0.24230769 -0.11307693 0.07713673
v -0.24230769 -0.11307693 0.20079662
v -0.24199995 -0.11307693 0.20999999
v -0.24230769 -0.11300322 0.20999999
v -0.23926671 -0.11307698 0.24230769
v -0.24230769 -0.11223850 0.24230769
v -0.22728565 -0.11307693 0.27461538
v -0.24230769 -0.10505491 0.27461538
v -0.21455929 -0.11307693 0.30692309
v -0.21210070 -0.11307693 0.33923078
v -0.24230769 -0.11307693 0.38253209
v -0.23416650 -0.11307693 0.40384614
v -0.24230769 -0.10351553 0.40384603
v -0.22515206 -0.11307693 0.43615386
v -0.24230769 -0.08209096 0.43615386
v -0.21270582 -0.11307693 0.46846154
v -0.22316240 -0.08076923 -0.46846154
v -0.23149075 -0.08076929 -0.43615386
v -0.24230769 -0.06039988 -0.43615386
v -0.24230769 -0.08076923 -0.41218102
v -0.21437116 -0.08076923 -0.37153846
v -0.22456215 -0.08076923 -0.33923078
v -0.24230769 -0.04930958 -0.33923078
v -0.23687318 -0.08076923 -0.30692309
v -0.24230769 -0.07146516 -0.30692309
v -0.24230769 -0.08076923 -0.27881980
v -0.24230769 -0.08076923 -0.16601186
v -0.22821905 -0.08076923 -0.14538461
v -0.24172524 -0.08076923 -0.11307693
v -0.24230769 -0.07976966 -0.11307693
v -0.24230769 -0.08076923 -0.11228231
v -0.24230769 -0.08076923 0.03970320
v -0.23718862 -0.08076923 0.04846154
v -0.24230775 -0.07256462 0.04846141
v -0.24230775 -0.08076929 0.05389500
v -0.24230769 -0.08076923 0.29345447
v -0.23162854 -0.08076923 0.30692309
v -0.24230769 -0.06210521 0.30692309
v -0.22737095 -0.08076923 0.33923078
v -0.22349110 -0.08076923 0.37153846
v -0.21229111 -0.08076923 0.40384614
v -0.24230769 -0.08076929 0.43854836
v -0.22916864 -0.08076923 0.46846154
v -0.24230769 -0.05090350 0.46846154
v -0.21271636 -0.08076923 0.50076926
v -0.22236779 -0.04846154 -0.50076926
v -0.24230769 -0.01661367 -0.50076926
v -0.23350997 -0.04846154 -0.46846154
v -0.24230775 -0.03640950 -0.46846154
v -0.24230769 -0.04846154 -0.44993326
v -0.22199577 -0.04846154 -0.40384614
v -0.23015299 -0.04846154 -0.37153846
v -0.24230769 -0.01783964 -0.37153846
v -0.24230769 -0.04846154 -0.34037128
v -0.24230769 -0.04846154 -0.14611398
v -0.24157384 -0.04846154 -0.14538461
v -0.24230769 -0.04755631 -0.14538461
v -0.24230769 -0.04846154 -0.14412944
v -0.24230769 -0.04846154 0.33686522
v -0.24140099 -0.04846154 0.33923078
v -0.24230769 -0.04707178 0.33923078
v -0.22145517 -0.04846154 0.37153846
v -0.24230769 -0.02023871 0.37153846
v -0.21807693 -0.04846154 0.40384614
v -0.24230769 -0.04846154 0.47305620
v -0.22829472 -0.04846154 0.50076926
v -0.24230769 -0.02381359 0.50076926
v -0.21137159 -0.04846154 0.53307694
v -0.21107955 -0.01615385 -0.56538463
v -0.22942351 -0.01615385 -0.53307694
v -0.24230769 -0.01615385 -0.50149333
v -0.21184263 -0.01615385 -0.43615386
v -0.22686785 -0.01615385 -0.40384614
v -0.24230769 -0.01615385 -0.37340790
v -0.21284577 -0.01615385 0.37153846
v -0.24230769 0.01415212 0.37153846
v -0.24230769 -0.01615385 0.37674552
v -0.24230769 -0.01615385 0.50508821
v -0.22106226 -0.01615385 0.53307694
v -0.24230769 0.01256412 0.53307694
v -0.21421403 -0.01615385 0.56538463
v -0.22231066 0.01615385 -0.56538463
v -0.24026258 0.01615385 -0.53307694
v -0.24230769 0.03973709 -0.53307694
v -0.24230769 0.01615385 -0.53024411
v -0.24230769 0.01615385 -0.38281155
v -0.24230763 0.02546641 -0.37153840
v -0.24230769 0.01615385 0.37124774
v -0.24230769 0.01615385 0.53508151
v -0.22573031 0.01615385 0.56538463
v -0.22498815 0.04846154 -0.56538463
v -0.24230769 0.04846154 -0.53388458
v -0.24230769 0.06470868 -0.43615386
v -0.24230769 0.05825809 -0.40384614
v -0.24230769 0.05675426 -0.37153846
v -0.24230769 0.04846154 -0.36149624
v -0.24230769 0.04846154 0.36620754
v -0.24230769 0.05310772 0.37153846
v -0.24230769 0.05119903 0.40384614
v -0.24230769 0.04993702 0.43615386
v -0.21224718 0.04846154 0.46846154
v -0.24230769 0.05087392 0.46846154
v -0.21278279 0.04846154 0.50076926
v -0.24230769 0.04846154 0.54792374
v -0.23104386 0.04846154 0.56538463
v -0.22269937 0.08076923 -0.59769231
v -0.23823312 0.08076923 -0.56538463
v -0.24230763 0.08395731 -0.56538463
v -0.24230763 0.08076923 -0.56156778
v -0.21978730 0.08076923 -0.53307694
v -0.22728086 0.08076923 -0.50076926
v -0.24025156 0.08076923 -0.46846154
v -0.24230769 0.08076923 -0.46483472
v -0.24230769 0.08076923 0.49668333
v -0.24015227 0.08076911 0.50076908
v -0.24230769 0.09628714 0.50076926
v -0.21913633 0.08076923 0.53307694
v -0.24230769 0.08076923 0.56482536
v -0.24153402 0.08076923 0.56538463
v -0.24230769 0.08129080 0.56538463
v -0.21958581 0.08076923 0.59769231
v -0.24230769 0.11227091 0.59769231
v -0.22399424 0.11307693 -0.63000000
v -0.24150765 0.11307693 -0.59769231
v -0.24230775 0.11307693 -0.59681183
v -0.24230769 0.12843621 -0.56538463
v -0.22063380 0.11307693 -0.53307694
v -0.24230769 0.12923077 -0.53307694
v -0.23007467 0.11307693 -0.50076926
v -0.24230769 0.12531000 -0.50076926
v -0.24170090 0.11307693 -0.46846154
v -0.24230769 0.11368366 -0.46846154
v -0.24230769 0.11307693 -0.46739259
v -0.24230769 0.13109644 0.50076926
v -0.24230775 0.11307693 0.50342786
v -0.22693367 0.11307693 0.53307694
v -0.24230769 0.11307693 0.59850818
v -0.22221078 0.11307693 0.63000000
v -0.24230769 0.14538461 0.49711752
v -0.24042976 0.14538461 0.50076926
v -0.24230769 0.14725152 0.50076926
v -0.23010007 0.14538461 0.53307694
v -0.24230769 0.15350886 0.53307694
v -0.24230769 0.15545908 0.56538463
v -0.24230769 0.14809044 0.59769231
v -0.24230769 0.14538461 0.60047776
v -0.22491987 0.14538461 0.63000000
v -0.20999999 -0.14978825 -0.30692309
v -0.20999999 -0.15431611 -0.27461538
v -0.20999999 -0.15719183 -0.24230769
v -0.20999999 -0.15932913 -0.20999999
v -0.20999999 -0.16159140 -0.17769231
v -0.20999999 -0.16296698 -0.14538455
v -0.21000007 -0.16404611 -0.11307693
v -0.20999999 -0.16489114 -0.08076923
v -0.17819187 -0.17769231 -0.04846154
v -0.20999999 -0.16557692 -0.04846154
v -0.17998181 -0.17769231 -0.01615385
v -0.20999993 -0.16618636 -0.01615385
v -0.18064092 -0.17769231 0.01615385
v -0.21000007 -0.16635515 0.01615385
v -0.17993474 -0.17769231 0.04846154
v -0.20999999 -0.16602029 0.04846154
v -0.17865165 -0.17769231 0.08076923
v -0.20999999 -0.16553755 0.08076923
v -0.20999999 -0.16496502 0.11307693
v -0.20999993 -0.16414766 0.14538461
v -0.20999999 -0.16342729 0.17769231
v -0.20999999 -0.16267304 0.20999999
v -0.20999999 -0.16195534 0.24230769
v -0.20999999 -0.16040394 0.27461538
v -0.20999999 -0.15789685 0.30692309
v -0.20999999 -0.15364936 0.33923078
v -0.20999999 -0.14584795 0.37153846
v -0.17924000 -0.14538461 -0.43615386
v -0.20999999 -0.12393608 -0.43615386
v -0.19053982 -0.14538461 -0.40384614
v -0.20999999 -0.13268352 -0.40384614
v -0.20086195 -0.14538461 -0.37153846
v -0.20999999 -0.13820072 -0.37153846
v -0.20950295 -0.14538461 -0.33923078
v -0.20999999 -0.14482084 -0.33923078
v -0.20999999 -0.14538461 -0.33635333
v -0.20999999 -0.11510546 -0.17769231
v -0.20999999 -0.11568705 -0.14538461
v -0.20999999 -0.11624165 -0.11307693
v -0.20999999 -0.11783377 -0.08076923
v -0.20999999 -0.11808833 -0.04846154
v -0.20999999 -0.11824954 -0.01615385
v -0.20999999 -0.11816025 0.01615385
v -0.20999999 -0.11816025 0.04846154
v -0.20999999 -0.11835596 0.08076923
v -0.20999999 -0.11853146 0.11307693
v -0.20999999 -0.11894353 0.14538461
v -0.20999999 -0.11914484 0.17769231
v -0.20999999 -0.11940859 0.20999999
v -0.20999999 -0.11957090 0.24230769
v -0.20999999 -0.12057374 0.27461538
v -0.20999999 -0.11974258 0.30692309
v -0.20999999 -0.11691111 0.33923078
v -0.20999999 -0.14538461 0.37300384
v -0.20095383 -0.14538461 0.40384614
v -0.20999999 -0.13705270 0.40384614
v -0.19065191 -0.14538461 0.43615386
v -0.20999999 -0.13029818 0.43615386
v -0.17915620 -0.14538461 0.46846154
v -0.20999999 -0.11578275 0.46846154
v -0.18042986 -0.11307693 -0.53307694
v -0.19314378 -0.11307693 -0.50076926
v -0.20655058 -0.11307693 -0.46846154
v -0.20999999 -0.10829179 -0.46846154
v -0.20999999 -0.11307693 -0.46225941
v -0.17792240 -0.11307693 -0.40384614
v -0.18146044 -0.11307693 -0.37153846
v -0.20999999 -0.08473294 -0.37153846
v -0.18304862 -0.11307693 -0.33923078
v -0.20999999 -0.09485880 -0.33923078
v -0.18514316 -0.11307693 -0.30692309
v -0.20999999 -0.10046752 -0.30692309
v -0.18846156 -0.11307693 -0.27461538
v -0.20999999 -0.10384613 -0.27461538
v -0.19701581 -0.11307693 -0.24230769
v -0.20999999 -0.10928914 -0.24230769
v -0.20772979 -0.11307693 -0.21000007
v -0.20999999 -0.11259215 -0.20999999
v -0.20999999 -0.11307693 -0.20379306
v -0.20999999 -0.11307698 0.34706786
v -0.20084697 -0.11307686 0.37153858
v -0.20999999 -0.10762849 0.37153846
v -0.18544270 -0.11307693 0.40384614
v -0.20999999 -0.08263157 0.40384614
v -0.20999999 -0.11307693 0.47267562
v -0.19776697 -0.11307693 0.50076926
v -0.20999999 -0.08499891 0.50076926
v -0.18268573 -0.11307693 0.53307694
v -0.19217509 -0.08076923 -0.53307694
v -0.20580508 -0.08076923 -0.50076926
v -0.21000007 -0.07444028 -0.50076926
v -0.20999999 -0.08076923 -0.49500751
v -0.18855682 -0.08076923 -0.43615386
v -0.20255032 -0.08076929 -0.40384620
v -0.20999999 -0.06875497 -0.40384614
v -0.20999999 -0.08076923 -0.38177401
v -0.20999999 -0.08076917 0.40550846
v -0.18200585 -0.08076923 0.43615386
v -0.20999993 -0.08076917 0.50532371
v -0.19777364 -0.08076923 0.53307694
v -0.20999999 -0.05083417 0.53307694
v -0.18205823 -0.08076923 0.56538463
v -0.18936433 -0.04846154 -0.56538463
v -0.20999999 -0.01723340 -0.56538463
v -0.20513347 -0.04846148 -0.53307694
v -0.20999993 -0.04332220 -0.53307694
v -0.20999999 -0.04846154 -0.52582282
v -0.20588174 -0.04846154 -0.43615386
v -0.20999999 -0.02732013 -0.43615386
v -0.20999999 -0.04846154 -0.43037584
v -0.20999999 -0.01695567 0.37153846
v -0.20999999 -0.01679706 0.40384614
v -0.20999999 -0.04846154 0.41659909
v -0.18625320 -0.04846154 0.43615386
v -0.18053536 -0.04846154 0.46846154
v -0.20999999 -0.04846154 0.53570843
v -0.19424017 -0.04846154 0.56538463
v -0.20999999 -0.02360950 0.56538463
v -0.17857610 -0.04846154 0.59769231
v -0.19447230 -0.01615385 -0.59769231
v -0.20999999 -0.01615385 -0.56676424
v -0.20999999 -0.01615385 -0.43847701
v -0.20999993 -0.00815691 -0.43615386
v -0.20999999 0.01275108 -0.40384614
v -0.20999999 -0.01615385 0.37115937
v -0.20999999 -0.01615385 0.57195574
v -0.19625823 -0.01615385 0.59769231
v -0.17981470 -0.01615385 0.63000000
v -0.18707660 0.01615385 -0.63000000
v -0.20089880 0.01615385 -0.59769231
v -0.20999999 0.01615385 -0.58511984
v -0.20999999 0.01615385 -0.39915550
v -0.20999999 0.03435737 -0.37153846
v -0.20999999 0.01615385 0.36894688
v -0.20999999 0.04812483 0.46846154
v -0.20999999 0.04199998 0.50076926
v -0.20999999 0.01615385 0.58888108
v -0.20245506 0.01615397 0.59769231
v -0.18634219 0.01615385 0.63000000
v -0.19063959 0.04846154 -0.63000000
v -0.20583627 0.04846154 -0.59769231
v -0.20999999 0.05476141 -0.59769231
v -0.20999993 0.04846154 -0.59292394
v -0.20999999 0.07115164 -0.53307694
v -0.20999999 0.06095393 -0.50076926
v -0.20999999 0.06029703 -0.46846154
v -0.21000007 0.05923073 -0.43615386
v -0.20999993 0.05784583 -0.40384614
v -0.20999999 0.05624144 -0.37153846
v -0.20999999 0.04846154 -0.36215582
v -0.20999999 0.04846154 0.36546266
v -0.20999999 0.05377582 0.37153846
v -0.20999999 0.05133584 0.40384614
v -0.20999999 0.04979837 0.43615386
v -0.20999999 0.04846154 0.46637613
v -0.18688250 0.04846154 0.46846154
v -0.20999999 0.04846154 0.50792056
v -0.18891497 0.04846154 0.53307694
v -0.20999999 0.05962079 0.53307694
v -0.17958127 0.04846154 0.56538463
v -0.20999999 0.04846154 0.59754169
v -0.20978087 0.04846154 0.59769231
v -0.20999999 0.04880748 0.59769231
v -0.19094671 0.04846154 0.63000000
v -0.18855202 0.08076923 -0.66230768
v -0.20092376 0.08076923 -0.63000000
v -0.20999999 0.08995239 -0.63000000
v -0.21000007 0.08076923 -0.61923081
v -0.18879117 0.08076923 -0.59769231
v -0.19683759 0.08076923 -0.56538463
v -0.20999999 0.08076923 -0.54337937
v -0.20999999 0.08076923 0.54452825
v -0.19680561 0.08076923 0.56538463
v -0.20999999 0.08076923 0.61098975
v -0.19765267 0.08076923 0.63000011
v -0.20999999 0.09696498 0.63000000
v -0.17803875 0.08076923 0.66230768
v -0.19353145 0.11307693 -0.69461536
v -0.20748620 0.11307680 -0.66230768
v -0.20999999 0.11307680 -0.65907693
v -0.20999999 0.12722251 -0.63000000
v -0.19116855 0.11307693 -0.59769231
v -0.21000007 0.12918036 -0.59769231
v -0.19932146 0.11307693 -0.56538463
v -0.20999999 0.12371067 -0.56538457
v -0.20999999 0.11307693 -0.54923075
v -0.20999999 0.11307693 0.56441188
v -0.20907444 0.11307693 0.56538463
v -0.18992533 0.11307693 0.59769231
v -0.20999999 0.11307693 0.65071142
v -0.20183767 0.11307693 0.66230768
v -0.20999999 0.14538461 0.55194980
v -0.20083156 0.14538461 0.56538463
v -0.20999999 0.15451182 0.56538463
v -0.18750493 0.14538461 0.59769231
v -0.20999999 0.15932919 0.59769231
v -0.20999999 0.16004992 0.63000000
v -0.20999999 0.14538461 0.65963393
v -0.20773274 0.14538474 0.66230780
v -0.19085471 0.14538461 0.69461536
v -0.17769231 -0.17799395 -0.04846154
v -0.17769231 -0.17900011 -0.01615385
v -0.17769231 -0.17935616 0.01615385
v -0.17769231 -0.17900011 0.04846154
v -0.17769231 -0.17827778 0.08076923
v -0.17769231 -0.14692307 -0.43615386
v -0.17769231 -0.15502027 -0.40384614
v -0.17769231 -0.15896322 -0.37153846
v -0.17769231 -0.16164137 -0.33923078
v -0.17769231 -0.16320953 -0.30692309
v -0.14858823 -0.17769231 -0.27461538
v -0.17769231 -0.16522814 -0.27461538
v -0.15324746 -0.17769231 -0.24230769
v -0.17769225 -0.16705850 -0.24230763
v -0.15924187 -0.17769231 -0.20999999
v -0.17769231 -0.16896151 -0.20999999
v -0.16441295 -0.17769231 -0.17769231
v -0.17769225 -0.17110214 -0.17769225
v -0.16898616 -0.17769237 -0.14538461
v -0.17769231 -0.17312026 -0.14538461
v -0.17314337 -0.17769231 -0.11307686
v -0.17769231 -0.17518923 -0.11307686
v -0.17584167 -0.17769237 -0.08076923
v -0.17769231 -0.17662452 -0.08076923
v -0.17769231 -0.17769231 -0.05544405
v -0.17769231 -0.17769231 0.10157382
v -0.17713784 -0.17769231 0.11307693
v -0.17769231 -0.17736590 0.11307693
v -0.17539510 -0.17769225 0.14538474
v -0.17769225 -0.17637286 0.14538461
v -0.17311873 -0.17769231 0.17769231
v -0.17769231 -0.17514633 0.17769231
v -0.16989952 -0.17769231 0.20999999
v -0.17769225 -0.17347822 0.20999999
v -0.16640031 -0.17769231 0.24230769
v -0.17769231 -0.17175829 0.24230769
v -0.16255042 -0.17769231 0.27461538
v -0.17769231 -0.16994148 0.27461538
v -0.15731809 -0.17769231 0.30692309
v -0.17769231 -0.16785952 0.30692309
v -0.15103234 -0.17769231 0.33923078
v -0.17769231 -0.16565610 0.33923078
v -0.14555106 -0.17769231 0.37153846
v -0.17769231 -0.16308746 0.37153846
v -0.17769231 -0.15956847 0.40384614
v -0.17769231 -0.15531470 0.43615386
v -0.17769231 -0.14684851 0.46846154
v -0.17769231 -0.11581448 -0.53307694
v -0.15219915 -0.14538461 -0.50076926
v -0.17769231 -0.12935407 -0.50076926
v -0.16641979 -0.14538461 -0.46846148
v -0.17769231 -0.13700852 -0.46846154
v -0.17769231 -0.14538461 -0.44019231
v -0.17769231 -0.11360990 -0.40384614
v -0.17769231 -0.11805414 -0.37153846
v -0.17769231 -0.11788498 -0.33923078
v -0.17769231 -0.11819605 -0.30692309
v -0.17769231 -0.11846152 -0.27461538
v -0.17769231 -0.11840883 -0.24230769
v -0.17769231 -0.11849658 -0.20999999
v -0.17769231 -0.11860103 -0.17769231
v -0.17769231 -0.11870474 -0.14538461
v -0.17769231 -0.11863566 -0.11307693
v -0.17769231 -0.11870474 -0.08076923
v -0.17769231 -0.11867023 -0.04846154
v -0.17769231 -0.11873906 -0.01615385
v -0.17769231 -0.11873906 0.01615385
v -0.17769231 -0.11870474 0.04846154
v -0.17769231 -0.11877339 0.08076923
v -0.17769231 -0.11914484 0.11307693
v -0.17769231 -0.11937593 0.14538461
v -0.17769231 -0.11953849 0.17769231
v -0.17769231 -0.11979434 0.20999999
v -0.17769231 -0.12010720 0.24230769
v -0.17769231 -0.12056240 0.27461538
v -0.17769231 -0.12091488 0.30692309
v -0.17769231 -0.12134167 0.33923078
v -0.17769231 -0.12172681 0.37153846
v -0.17769231 -0.12150916 0.40384614
v -0.17769231 -0.14538461 0.47213176
v -0.16733111 -0.14538461 0.50076926
v -0.17769231 -0.13665383 0.50076908
v -0.15076193 -0.14538461 0.53307694
v -0.17769231 -0.11823382 0.53307694
v -0.15181382 -0.11307693 -0.59769231
v -0.16319296 -0.11307693 -0.56538463
v -0.17769231 -0.11307693 -0.53661358
v -0.15420926 -0.11307693 -0.43615386
v -0.17769231 -0.09655951 -0.43615386
v -0.17769231 -0.11307693 -0.40430313
v -0.17769231 -0.11307693 0.41808072
v -0.16531682 -0.11307693 0.43615386
v -0.17769231 -0.09054132 0.43615386
v -0.15928303 -0.11307693 0.46846154
v -0.15516841 -0.11307693 0.50076926
v -0.17769231 -0.11307693 0.53991240
v -0.16455221 -0.11307693 0.56538463
v -0.17769231 -0.08679679 0.56538463
v -0.14563197 -0.11307693 0.59769231
v -0.16051880 -0.08076923 -0.59769231
v -0.17359321 -0.08076923 -0.56538463
v -0.17769231 -0.07416569 -0.56538463
v -0.17769231 -0.08076923 -0.56048316
v -0.17769231 -0.08076923 -0.44660228
v -0.17769231 -0.08076923 0.45239052
v -0.16783741 -0.08076917 0.46846166
v -0.17769231 -0.05854334 0.46846154
v -0.15799046 -0.08076923 0.50076926
v -0.15145347 -0.08076923 0.53307694
v -0.17769231 -0.08076923 0.57103276
v -0.16219510 -0.08076923 0.59769231
v -0.17769231 -0.04964838 0.59769231
v -0.15400739 -0.04846154 -0.63000000
v -0.17026661 -0.04846154 -0.59769231
v -0.17769231 -0.03997360 -0.59769231
v -0.17769231 -0.04846154 -0.58653355
v -0.17769231 -0.04846154 -0.45077348
v -0.17769231 -0.02371148 0.37153846
v -0.17769231 -0.03169973 0.40384614
v -0.17769231 -0.02811592 0.43615386
v -0.17769231 -0.03221538 0.46846154
v -0.17769231 -0.04846154 0.48548597
v -0.15802132 -0.04846154 0.50076926
v -0.15130766 -0.04846154 0.53307694
v -0.17769225 -0.04846154 0.59865201
v -0.15308490 -0.04846154 0.63000000
v -0.17769231 -0.01845062 0.63000000
v -0.15646346 -0.01615385 -0.66230768
v -0.17476569 -0.01615385 -0.63000000
v -0.17769225 -0.00983118 -0.63000000
v -0.17769231 -0.01615385 -0.62656587
v -0.17769231 -0.01615385 -0.44539303
v -0.17769231 0.00524835 -0.43615386
v -0.17769231 0.01303466 -0.40384614
v -0.17769231 -0.01615385 0.36731157
v -0.15576923 -0.01615385 0.37153846
v -0.17769231 -0.01615385 0.63229680
v -0.15924871 -0.01615385 0.66230768
v -0.15304756 0.01615385 -0.69461536
v -0.16561642 0.01615385 -0.66230768
v -0.17769231 0.01615385 -0.64314377
v -0.17769231 0.01615385 -0.40175626
v -0.17769231 0.03783913 -0.37153846
v -0.17769231 0.01615385 0.36910599
v -0.17769231 0.04233791 0.50076926
v -0.17769231 0.04282054 0.53307694
v -0.17769231 0.04657258 0.56538463
v -0.17769225 0.01615385 0.64061809
v -0.16387917 0.01615385 0.66230768
v -0.15844004 0.04846154 -0.69461536
v -0.17088024 0.04846154 -0.66230774
v -0.17769231 0.05971335 -0.66230768
v -0.17769231 0.04846154 -0.65308464
v -0.17769231 0.07294410 -0.59769231
v -0.17769231 0.06318686 -0.56538463
v -0.17769237 0.06204008 -0.53307694
v -0.17769231 0.06126265 -0.50076926
v -0.17769231 0.06029703 -0.46846154
v -0.17769231 0.05900408 -0.43615386
v -0.17769237 0.05756274 -0.40384614
v -0.17769231 0.05594701 -0.37153846
v -0.17769231 0.04846154 -0.36243573
v -0.17769231 0.04846154 0.36538699
v -0.17769231 0.05381107 0.37153846
v -0.17769237 0.05119903 0.40384614
v -0.17769231 0.04976349 0.43615386
v -0.17502974 0.04846154 0.46846154
v -0.17769231 0.04849974 0.46846166
v -0.17769231 0.04846154 0.46912298
v -0.17769231 0.04846154 0.56806690
v -0.15217999 0.04846154 0.59769231
v -0.14657411 0.04846154 0.63000000
v -0.17769231 0.04846154 0.64999157
v -0.16707693 0.04846154 0.66230768
v -0.17769231 0.07997702 0.66230768
v -0.14736311 0.04846154 0.69461536
v -0.15458959 0.08076923 -0.72692305
v -0.17015390 0.08076923 -0.69461536
v -0.17769231 0.08779994 -0.69461536
v -0.17769231 0.08076923 -0.68349308
v -0.14773661 0.08076923 -0.66230768
v -0.16283198 0.08076923 -0.63000000
v -0.17769231 0.08076923 -0.60706896
v -0.17769231 0.08076923 0.59518123
v -0.17525379 0.08076923 0.59769231
v -0.17769231 0.08458634 0.59769231
v -0.15724605 0.08076923 0.63000000
v -0.17769231 0.08076923 0.66265410
v -0.15541114 0.08076923 0.69461536
v -0.15840411 0.11307693 -0.75923079
v -0.17477611 0.11307693 -0.72692305
v -0.17769237 0.11307693 -0.72384959
v -0.17769231 0.12891601 -0.69461536
v -0.15777236 0.11307693 -0.66230768
v -0.17769231 0.12918036 -0.66230768
v -0.17185953 0.11307693 -0.63000000
v -0.17769231 0.11890969 -0.63000000
v -0.17769231 0.11307693 -0.62239504
v -0.17769231 0.11307693 0.61661124
v -0.16800003 0.11307693 0.63000000
v -0.14835942 0.11307693 0.66230768
v -0.17769231 0.11307693 0.69251382
v -0.17555292 0.11307693 0.69461536
v -0.17769237 0.11602911 0.69461524
v -0.15039603 0.11307693 0.72692305
v -0.17769231 0.14538461 0.60922301
v -0.16561642 0.14538461 0.63000000
v -0.17769231 0.15746044 0.63000000
v -0.15076219 0.14538461 0.66230768
v -0.17769237 0.16148780 0.66230768
v -0.17769231 0.15854695 0.69461536
v -0.17769231 0.14538461 0.71675777
v -0.16994148 0.14538461 0.72692305
v -0.14984457 0.14538461 0.75923079
v -0.14538461 -0.17978160 -0.27461538
v -0.14538461 -0.18209594 -0.24230769
v -0.14538461 -0.18472259 -0.20999999
v -0.14538461 -0.18636924 -0.17769231
v -0.14538461 -0.18767071 -0.14538461
v -0.14538461 -0.18863952 -0.11307693
v -0.14538461 -0.18932310 -0.08076923
v -0.14538461 -0.18980770 -0.04846154
v -0.14538461 -0.19015647 -0.01615385
v -0.14538461 -0.19019449 0.01615385
v -0.14538461 -0.18996421 0.04846154
v -0.14538461 -0.18984707 0.08076923
v -0.14538461 -0.18960853 0.11307693
v -0.14538461 -0.18924002 0.14538461
v -0.14538461 -0.18872745 0.17769231
v -0.14538461 -0.18804999 0.20999999
v -0.14538461 -0.18722807 0.24230769
v -0.14538461 -0.18620607 0.27461538
v -0.14538461 -0.18428241 0.30692309
v -0.14538461 -0.18130200 0.33923078
v -0.14538461 -0.17782973 0.37153846
v -0.14538461 -0.15114942 -0.50076926
v -0.14538461 -0.15819737 -0.46846154
v -0.11392977 -0.17769231 -0.43615386
v -0.14538461 -0.16284817 -0.43615386
v -0.12075663 -0.17769231 -0.40384614
v -0.14538461 -0.16581638 -0.40384614
v -0.12933540 -0.17769231 -0.37153846
v -0.14538461 -0.16915125 -0.37153846
v -0.13733684 -0.17769231 -0.33923078
v -0.14538461 -0.17319489 -0.33923078
v -0.14397728 -0.17769231 -0.30692309
v -0.14538455 -0.17685030 -0.30692300
v -0.14538461 -0.17769231 -0.29790851
v -0.14538468 -0.17769231 0.37248597
v -0.13900760 -0.17769231 0.40384614
v -0.14538461 -0.17368983 0.40384603
v -0.12935223 -0.17769231 0.43615386
v -0.14538461 -0.16825736 0.43615386
v -0.11829539 -0.17769231 0.46846154
v -0.14538461 -0.16394813 0.46846166
v -0.14538461 -0.15968660 0.50076926
v -0.14538461 -0.15059279 0.53307694
v -0.12109432 -0.14538461 -0.59769231
v -0.14538461 -0.11973962 -0.59769231
v -0.12954399 -0.14538461 -0.56538463
v -0.14538461 -0.13329487 -0.56538463
v -0.14255062 -0.14538461 -0.53307694
v -0.14538455 -0.14282785 -0.53307694
v -0.14538461 -0.14538461 -0.52391756
v -0.14538461 -0.11816025 -0.43615386
v -0.14538461 -0.11837365 -0.40384614
v -0.14538461 -0.11863566 -0.37153846
v -0.14538461 -0.11853146 -0.33923078
v -0.14538461 -0.11849658 -0.30692309
v -0.14538461 -0.11853146 -0.27461538
v -0.14538461 -0.11846152 -0.24230769
v -0.14538461 -0.11856627 -0.20999999
v -0.14538461 -0.11846152 -0.17769231
v -0.14538461 -0.11856627 -0.14538461
v -0.14538461 -0.11880758 -0.11307693
v -0.14538461 -0.11887574 -0.08076923
v -0.14538461 -0.11884172 -0.04846154
v -0.14538461 -0.11897729 -0.01615385
v -0.14538461 -0.11894353 0.01615385
v -0.14538461 -0.11897729 0.04846154
v -0.14538461 -0.11914484 0.08076923
v -0.14538461 -0.11947366 0.11307693
v -0.14538461 -0.11969901 0.14538461
v -0.14538461 -0.11995173 0.17769231
v -0.14538461 -0.12019957 0.20999999
v -0.14538461 -0.12035202 0.24230769
v -0.14538461 -0.12071048 0.27461538
v -0.14538461 -0.12122934 0.30692309
v -0.14538461 -0.12175386 0.33923078
v -0.14538461 -0.12235911 0.37153846
v -0.14538461 -0.12319908 0.40384614
v -0.14538461 -0.12479004 0.43615386
v -0.14538461 -0.12671794 0.46846154
v -0.14538461 -0.12459174 0.50076926
v -0.14538461 -0.14538461 0.54504627
v -0.13612221 -0.14538461 0.56538463
v -0.14538461 -0.13739371 0.56538463
v -0.11710084 -0.14538461 0.59769231
v -0.14538461 -0.11333715 0.59769231
v -0.12148069 -0.11307693 -0.66230768
v -0.13360649 -0.11307693 -0.63000005
v -0.14538461 -0.11307693 -0.60762835
v -0.14538461 -0.11307693 -0.44126403
v -0.14538461 -0.11307693 0.51768363
v -0.13438348 -0.11307693 0.53307694
v -0.14538461 -0.09206448 0.53307694
v -0.11559455 -0.11307693 0.56538463
v -0.14538468 -0.11307693 0.59796494
v -0.12638007 -0.11307693 0.63000000
v -0.11801612 -0.08076923 -0.69461536
v -0.12981334 -0.08076923 -0.66230768
v -0.14324023 -0.08076923 -0.63000000
v -0.14538461 -0.07549100 -0.63000005
v -0.14538461 -0.08076923 -0.62758815
v -0.14538461 -0.08076923 -0.45018530
v -0.14538461 -0.08076923 0.54086733
v -0.12311780 -0.08076923 0.56538463
v -0.14538461 -0.08076923 0.62435073
v -0.13799712 -0.08076929 0.63000000
v -0.14538461 -0.06878504 0.63000000
v -0.11316504 -0.08076923 0.66230768
v -0.12371067 -0.04846154 -0.69461536
v -0.13452601 -0.04846154 -0.66230768
v -0.14538468 -0.03255320 -0.66230768
v -0.14538461 -0.04846154 -0.64351469
v -0.14538461 -0.04846154 -0.45121667
v -0.14538461 -0.03129808 0.40384614
v -0.14538461 -0.03944932 0.43615398
v -0.14538468 -0.04095881 0.46846154
v -0.14538461 -0.03611039 0.50076926
v -0.14538461 -0.02390990 0.53307694
v -0.14538461 -0.04846154 0.56433666
v -0.14327376 -0.04846154 0.56538463
v -0.11745813 -0.04846154 0.59769231
v -0.14538461 -0.04846154 0.64057767
v -0.12851675 -0.04846154 0.66230768
v -0.14538461 -0.03356848 0.66230768
v -0.11766758 -0.01615385 -0.72692305
v -0.13728872 -0.01615385 -0.69461536
v -0.14538461 0.00058664 -0.69461536
v -0.14538455 -0.01615385 -0.68199885
v -0.14538461 -0.01615385 -0.44519374
v -0.14538461 0.00699496 -0.43615386
v -0.14538461 0.01362993 -0.40384614
v -0.14538461 0.00998277 0.37153846
v -0.14538468 -0.01615385 0.37507001
v -0.14538461 -0.01615385 0.68070978
v -0.13388059 -0.01615385 0.69461548
v -0.11594081 0.01615385 -0.75923079
v -0.13138853 0.01615385 -0.72692305
v -0.14538461 0.01615385 -0.70408410
v -0.14538468 0.01615385 -0.40275729
v -0.14538461 0.03798629 -0.37153846
v -0.14538461 0.01615385 0.37133956
v -0.14191578 0.01615385 0.37153846
v -0.14538461 0.04690768 0.46846154
v -0.14538461 0.04167289 0.50076926
v -0.14538461 0.03926827 0.53307694
v -0.14538461 0.04193749 0.56538463
v -0.14538461 0.04344378 0.59769231
v -0.14538461 0.04761954 0.63000000
v -0.14538461 0.01615385 0.68844789
v -0.13921717 0.01615385 0.69461548
v -0.14538461 0.04146362 0.69461536
v -0.11844402 0.01615385 0.72692305
v -0.12541710 0.04846154 -0.75923079
v -0.13986661 0.04846154 -0.72692305
v -0.14538461 0.05942607 -0.72692305
v -0.14538461 0.04846154 -0.71943223
v -0.14538461 0.07954887 -0.66230768
v -0.14538461 0.06520572 -0.63000000
v -0.14538461 0.06519044 -0.59769231
v -0.14538468 0.06435226 -0.56538463
v -0.14538461 0.06323703 -0.53307694
v -0.14538461 0.06190340 -0.50076926
v -0.14538461 0.06037776 -0.46846154
v -0.14538461 0.05891202 -0.43615386
v -0.14538461 0.05740548 -0.40384614
v -0.14538461 0.05585717 -0.37153852
v -0.14538461 0.04846154 -0.36240387
v -0.14538461 0.04846154 0.36530700
v -0.14538461 0.05391607 0.37153846
v -0.14538461 0.05094318 0.40384614
v -0.14538461 0.04912299 0.43615386
v -0.14538461 0.04846154 0.45596421
v -0.14538468 0.04846141 0.63095206
v -0.12144039 0.04846154 0.66230768
v -0.14538461 0.04846154 0.69660568
v -0.12512064 0.04846154 0.72692305
v -0.11419770 0.08076923 -0.79153848
v -0.13456976 0.08076923 -0.75923079
v -0.14538461 0.09441789 -0.75923079
v -0.14538461 0.08076923 -0.74135119
v -0.12450189 0.08076923 -0.69461536
v -0.14538461 0.08076923 -0.66371423
v -0.14538461 0.08076923 0.64816052
v -0.13550310 0.08076923 0.66230768
v -0.14538461 0.10706298 0.66230768
v -0.14538461 0.08076923 0.70743167
v -0.13159244 0.08076923 0.72692305
v -0.14538461 0.10624316 0.72692305
v -0.11907811 0.11307693 -0.82384616
v -0.13594961 0.11307693 -0.79153848
v -0.14538461 0.11307680 -0.77928382
v -0.14538461 0.12670673 -0.75923079
v -0.12091488 0.11307693 -0.72692305
v -0.14538461 0.12923077 -0.72692305
v -0.13636173 0.11307693 -0.69461536
v -0.14538461 0.12209974 -0.69461536
v -0.14538461 0.11307693 -0.68221241
v -0.14538461 0.11307680 0.66533434
v -0.14538461 0.11307693 0.73207051
v -0.12198421 0.11307693 0.75923079
v -0.14538461 0.14080116 0.75923079
v -0.14538461 0.14538461 0.66795164
v -0.14538461 0.16275439 0.69461536
v -0.14538461 0.16442409 0.72692305
v -0.14538461 0.15325992 0.75923079
v -0.14538461 0.14538461 0.76378894
v -0.12434075 0.14538461 0.79153848
v -0.11307693 -0.17842013 -0.43615386
v -0.11307693 -0.18264955 -0.40384614
v -0.11307693 -0.18631507 -0.37153846
v -0.11307693 -0.18828058 -0.33923078
v -0.11307693 -0.18964870 -0.30692309
v -0.11307693 -0.19071181 -0.27461538
v -0.11307693 -0.19166942 -0.24230769
v -0.11307693 -0.19253638 -0.20999999
v -0.11307693 -0.19327110 -0.17769231
v -0.11307693 -0.19358975 -0.14538461
v -0.11307693 -0.19358975 -0.11307693
v -0.11307693 -0.19358808 -0.08076923
v -0.11307693 -0.19358808 -0.04846154
v -0.11307693 -0.19332507 -0.01615385
v -0.11307693 -0.19332507 0.01615385
v -0.11307693 -0.19332507 0.04846154
v -0.11307693 -0.19337869 0.08076923
v -0.11307693 -0.19343193 0.11307693
v -0.11307693 -0.19348486 0.14538461
v -0.11307693 -0.19358975 0.17769231
v -0.11307693 -0.19364169 0.20999999
v -0.11307693 -0.19358975 0.24230769
v -0.11307693 -0.19348486 0.27461538
v -0.11307693 -0.19293982 0.30692309
v -0.11307693 -0.19217509 0.33923078
v -0.11307693 -0.19096045 0.37153846
v -0.11307693 -0.18948719 0.40384614
v -0.11307693 -0.18722807 0.43615386
v -0.11307693 -0.18163662 0.46846154
v -0.11307693 -0.15317240 -0.59769231
v -0.08371896 -0.17769231 -0.56538463
v -0.11307693 -0.15727384 -0.56538463
v -0.09123382 -0.17769231 -0.53307694
v -0.11307693 -0.16298461 -0.53307694
v -0.09819705 -0.17769231 -0.50076926
v -0.11307693 -0.16748253 -0.50076926
v -0.10644966 -0.17769231 -0.46846154
v -0.11307693 -0.17288055 -0.46846154
v -0.11307693 -0.17769231 -0.43991354
v -0.11307693 -0.17769231 0.49217603
v -0.11090733 -0.17769231 0.50076926
v -0.11307693 -0.17610462 0.50076926
v -0.09812175 -0.17769231 0.53307694
v -0.11307693 -0.16791788 0.53307694
v -0.08609806 -0.17769231 0.56538463
v -0.11307693 -0.16147660 0.56538463
v -0.11307693 -0.14923131 0.59769231
v -0.09140217 -0.14538461 -0.69461536
v -0.09978764 -0.14538461 -0.66230768
v -0.11307693 -0.12384617 -0.66230768
v -0.11062763 -0.14538461 -0.63000000
v -0.11307686 -0.14287734 -0.63000000
v -0.11307693 -0.14538461 -0.62333536
v -0.11307693 -0.11846152 -0.43615386
v -0.11307693 -0.11849658 -0.40384614
v -0.11307693 -0.11860103 -0.37153846
v -0.11307693 -0.11860103 -0.33923078
v -0.11307693 -0.11867023 -0.30692309
v -0.11307693 -0.11887574 -0.27461538
v -0.11307693 -0.11880758 -0.24230769
v -0.11307693 -0.11873906 -0.20999999
v -0.11307693 -0.11880758 -0.17769231
v -0.11307693 -0.11897729 -0.14538461
v -0.11307693 -0.11897729 -0.11307693
v -0.11307693 -0.11907811 -0.08076923
v -0.11307693 -0.11897729 -0.04846154
v -0.11307693 -0.11917812 -0.01615385
v -0.11307693 -0.11911151 0.01615385
v -0.11307693 -0.11917812 0.04846154
v -0.11307693 -0.11934315 0.08076923
v -0.11307693 -0.11966703 0.11307693
v -0.11307693 -0.11973087 0.14538461
v -0.11307693 -0.12001415 0.17769231
v -0.11307693 -0.12019957 0.20999999
v -0.11307693 -0.12035202 0.24230769
v -0.11307693 -0.12065144 0.27461538
v -0.11307693 -0.12105882 0.30692309
v -0.11307693 -0.12161805 0.33923078
v -0.11307693 -0.12256240 0.37153846
v -0.11307693 -0.12371067 0.40384614
v -0.11307693 -0.12495290 0.43615386
v -0.11307693 -0.12690651 0.46846154
v -0.11307693 -0.12757541 0.50076926
v -0.11307693 -0.12754744 0.53307694
v -0.11307693 -0.11610355 0.56538463
v -0.11307698 -0.14538468 0.60602200
v -0.10245002 -0.14538468 0.62999988
v -0.11307698 -0.13310279 0.63000000
v -0.08421415 -0.14538461 0.66230768
v -0.08088625 -0.11307693 -0.75923079
v -0.09369230 -0.11307693 -0.72692305
v -0.10559145 -0.11307693 -0.69461536
v -0.11307693 -0.09286496 -0.69461536
v -0.11307693 -0.11307693 -0.67969823
v -0.11307693 -0.11307693 -0.44156668
v -0.11307693 -0.11307693 0.56846488
v -0.08683980 -0.11307693 0.59769231
v -0.11307693 -0.11307693 0.64993447
v -0.10186264 -0.11307686 0.66230768
v -0.11307693 -0.08098515 0.66230768
v -0.08395448 -0.11307693 0.69461536
v -0.09009295 -0.08076923 -0.75923079
v -0.09926379 -0.08076923 -0.72692305
v -0.11307693 -0.08076923 -0.70090276
v -0.11307693 -0.08076923 -0.44847351
v -0.11307693 -0.08076923 0.59599710
v -0.10560112 -0.08076923 0.59769231
v -0.11307698 -0.07685383 0.59769219
v -0.08391633 -0.08076923 0.63000000
v -0.11307686 -0.08076923 0.66239643
v -0.09217196 -0.08076923 0.69461536
v -0.09424548 -0.04846154 -0.75923079
v -0.10369263 -0.04846148 -0.72692305
v -0.11307693 -0.02545988 -0.72692305
v -0.11307693 -0.04846154 -0.71222758
v -0.11307693 -0.04846154 -0.44643593
v -0.11307693 -0.03053815 0.40384614
v -0.11307693 -0.03702652 0.43615386
v -0.11307693 -0.03488682 0.46846154
v -0.11307693 -0.03795178 0.50076926
v -0.11307693 -0.04087248 0.53307694
v -0.11307693 -0.03179426 0.56538463
v -0.11307693 -0.03076652 0.59769231
v -0.11307693 -0.04846154 0.61891139
v -0.09464787 -0.04846154 0.63000000
v -0.11307693 -0.04846154 0.68679506
v -0.10548928 -0.04846160 0.69461524
v -0.11307693 -0.04346504 0.69461536
v -0.09153848 -0.04846154 0.72692305
v -0.08128156 -0.01615385 -0.79153848
v -0.10061269 -0.01615385 -0.75923079
v -0.11307693 0.01182182 -0.75923079
v -0.11307693 -0.01615385 -0.73366445
v -0.11307693 -0.01615385 -0.44486085
v -0.11307693 0.00666036 -0.43615386
v -0.11307693 0.01545505 -0.40384614
v -0.11307693 -0.01615385 0.37954304
v -0.11307693 -0.01615385 0.72428292
v -0.11055929 -0.01615385 0.72692305
v -0.11307686 -0.00657285 0.72692305
v -0.08745497 -0.01615385 0.75923079
v -0.09484266 0.01615385 -0.79153848
v -0.11307693 0.01615385 -0.76228607
v -0.10812639 0.01615385 -0.40384614
v -0.11307693 0.01615385 -0.40352374
v -0.11307693 0.03769235 -0.37153846
v -0.11307693 0.01844816 0.37153846
v -0.11307693 0.01615385 0.37407780
v -0.11307693 0.04162051 0.46846154
v -0.11307693 0.03430425 0.50076926
v -0.11307693 0.03050278 0.53307694
v -0.11307693 0.03505185 0.56538463
v -0.11307693 0.04023993 0.59769231
v -0.11307693 0.04133729 0.63000000
v -0.11307693 0.04082090 0.66230768
v -0.11307693 0.01615385 0.73229021
v -0.09260473 0.01615385 0.75923079
v -0.08693668 0.04846154 -0.82384616
v -0.10343616 0.04846154 -0.79153848
v -0.11307693 0.07816200 -0.79153848
v -0.11307693 0.04846154 -0.77871329
v -0.11307693 0.06835584 -0.69461536
v -0.11307693 0.06757312 -0.66230768
v -0.11307693 0.06710553 -0.63000000
v -0.11307693 0.06539601 -0.59769231
v -0.11307693 0.06477856 -0.56538463
v -0.11307693 0.06381578 -0.53307694
v -0.11307693 0.06253564 -0.50076926
v -0.11307693 0.06069450 -0.46846154
v -0.11307693 0.05895811 -0.43615386
v -0.11307693 0.05737898 -0.40384614
v -0.11307693 0.05594701 -0.37153846
v -0.11307693 0.04846154 -0.36221799
v -0.11307693 0.04846154 0.36507690
v -0.11307693 0.05391607 0.37153846
v -0.11307693 0.05093246 0.40384614
v -0.11307693 0.04927963 0.43615386
v -0.11307693 0.04846154 0.44671142
v -0.11307693 0.04846154 0.67138708
v -0.11307693 0.04846154 0.74099261
v -0.09828185 0.04846154 0.75923079
v -0.09385670 0.08076923 -0.82384616
v -0.11307693 0.10682105 -0.82384616
v -0.11307693 0.08076923 -0.79271609
v -0.08155356 0.08076923 -0.75923079
v -0.09856185 0.08076923 -0.72692305
v -0.11307693 0.09085183 -0.72692305
v -0.11307693 0.08076923 -0.71931648
v -0.11307693 0.08076923 0.68192530
v -0.11307693 0.08076923 0.74932516
v -0.10370193 0.08076923 0.75923079
v -0.11307693 0.09770469 0.75923079
v -0.08477177 0.08076923 0.79153848
v -0.09670438 0.11307693 -0.85615385
v -0.11307693 0.11307693 -0.83088630
v -0.11307693 0.12138136 -0.82384616
v -0.11307693 0.13036536 -0.79153848
v -0.09928332 0.11307693 -0.75923079
v -0.11307693 0.12681839 -0.75923079
v -0.11307693 0.11307693 -0.73703462
v -0.11307693 0.11307693 0.68216997
v -0.11307693 0.11307693 0.77129501
v -0.09830341 0.11307693 0.79153860
v -0.11307693 0.13060272 0.79153848
v -0.11307693 0.14538461 0.68014926
v -0.11307693 0.16280898 0.69461536
v -0.11307693 0.16495122 0.72692305
v -0.11307693 0.16852394 0.75923079
v -0.11307693 0.16897094 0.79153848
v -0.11307693 0.14538461 0.80850512
v -0.10225998 0.14538461 0.82384604
v -0.08491122 0.17769231 0.82384616
v -0.08547087 0.17769231 0.85615385
v -0.08076923 -0.18060851 -0.56538463
v -0.08076923 -0.18620607 -0.53307694
v -0.08076923 -0.18894406 -0.50076926
v -0.08076923 -0.19074774 -0.46846154
v -0.08076923 -0.19223633 -0.43615386
v -0.08076923 -0.19327110 -0.40384614
v -0.08076923 -0.19384615 -0.37153846
v -0.08076923 -0.19384615 -0.33923078
v -0.08076923 -0.19405191 -0.30692309
v -0.08076923 -0.19437061 -0.27461538
v -0.08076917 -0.19469635 -0.24230769
v -0.08076923 -0.19503872 -0.20999999
v -0.08076917 -0.19522445 -0.17769225
v -0.08076917 -0.19552881 -0.14538461
v -0.08076917 -0.19576174 -0.11307686
v -0.08076923 -0.19603701 -0.08076923
v -0.08076923 -0.19615389 -0.04846154
v -0.08076923 -0.19596614 -0.01615385
v -0.08076929 -0.19588727 0.01615385
v -0.08076923 -0.19577542 0.04846154
v -0.08076923 -0.19564736 0.08076923
v -0.08076923 -0.19561563 0.11307693
v -0.08076923 -0.19579378 0.14538461
v -0.08076923 -0.19597316 0.17769231
v -0.08076923 -0.19607127 0.20999999
v -0.08076923 -0.19630432 0.24230769
v -0.08076929 -0.19640605 0.27461526
v -0.08076923 -0.19638757 0.30692309
v -0.08076923 -0.19615389 0.33923066
v -0.08076923 -0.19579822 0.37153846
v -0.08076923 -0.19524355 0.40384614
v -0.08076923 -0.19407205 0.43615386
v -0.08076923 -0.19315876 0.46846154
v -0.08076923 -0.19114384 0.50076926
v -0.08076923 -0.18814075 0.53307694
v -0.08076923 -0.18221407 0.56538463
v -0.05736635 -0.17769231 -0.72692305
v -0.06392208 -0.17769231 -0.69461536
v -0.08076923 -0.15801620 -0.69461536
v -0.07049327 -0.17769231 -0.66230768
v -0.08076923 -0.16865772 -0.66230768
v -0.07693942 -0.17769231 -0.63000000
v -0.08076923 -0.17418256 -0.63000000
v -0.08064611 -0.17769231 -0.59769231
v -0.08076923 -0.17757910 -0.59769231
v -0.08076923 -0.17769231 -0.59658670
v -0.08076923 -0.17769231 0.57878679
v -0.06891765 -0.17769231 0.59769231
v -0.08076923 -0.16911612 0.59769231
v -0.06295196 -0.17769231 0.63000000
v -0.08076923 -0.16196273 0.63000000
v -0.05561906 -0.17769231 0.66230768
v -0.08076923 -0.14875188 0.66230768
v -0.05185044 -0.14538461 -0.79153848
v -0.06466980 -0.14538461 -0.75923079
v -0.08076923 -0.11320263 -0.75923079
v -0.07453585 -0.14538461 -0.72692305
v -0.08076923 -0.13681774 -0.72692305
v -0.08076929 -0.14538461 -0.71629280
v -0.08076923 -0.11839127 -0.43615386
v -0.08076923 -0.11853146 -0.40384614
v -0.08076923 -0.11873906 -0.37153846
v -0.08076923 -0.11890969 -0.33923078
v -0.08076923 -0.11894353 -0.30692309
v -0.08076923 -0.11901100 -0.27461538
v -0.08076923 -0.11897729 -0.24230769
v -0.08076923 -0.11890969 -0.20999999
v -0.08076923 -0.11870474 -0.17769231
v -0.08076923 -0.11863566 -0.14538461
v -0.08076923 -0.11870474 -0.11307693
v -0.08076923 -0.11901100 -0.08076923
v -0.08076923 -0.11920918 -0.04846154
v -0.08076923 -0.11947286 -0.01615385
v -0.08076923 -0.11927573 0.01615385
v -0.08076923 -0.11921127 0.04846154
v -0.08076923 -0.11924437 0.08076923
v -0.08076923 -0.11950589 0.11307693
v -0.08076923 -0.11973204 0.14538461
v -0.08076923 -0.11992282 0.17769231
v -0.08076923 -0.12017270 0.20999999
v -0.08076923 -0.12026519 0.24230769
v -0.08076923 -0.12065816 0.27461538
v -0.08076923 -0.12089393 0.30692309
v -0.08076923 -0.12157504 0.33923078
v -0.08076923 -0.12241026 0.37153846
v -0.08076923 -0.12343460 0.40384614
v -0.08076923 -0.12483694 0.43615386
v -0.08076923 -0.12690608 0.46846154
v -0.08076917 -0.12952206 0.50076926
v -0.08076923 -0.13105601 0.53307694
v -0.04868905 -0.14538461 0.56538463
v -0.08076923 -0.12875912 0.56538463
v -0.08076923 -0.12038018 0.59769231
v -0.08076923 -0.14538461 0.66791975
v -0.06754564 -0.14538468 0.69461536
v -0.08076923 -0.11821065 0.69461536
v -0.05495533 -0.14538461 0.72692305
v -0.05112490 -0.11307693 -0.82384616
v -0.06554624 -0.11307693 -0.79153848
v -0.08076923 -0.11307693 -0.75936460
v -0.08076923 -0.11307693 -0.44149604
v -0.08076923 -0.11307693 0.62185913
v -0.08076923 -0.09687211 0.63000000
v -0.08076923 -0.11307693 0.69892526
v -0.06750219 -0.11307693 0.72692305
v -0.05555731 -0.11307693 0.75923079
v -0.05777546 -0.08076923 -0.82384616
v -0.06934728 -0.08076923 -0.79153848
v -0.08076923 -0.08076923 -0.77294028
v -0.08076923 -0.08076923 -0.44568142
v -0.08076923 -0.08076923 0.64233005
v -0.05559189 -0.08076923 0.66230768
v -0.08076923 -0.08076923 0.72531277
v -0.07914981 -0.08076923 0.72692305
v -0.08076929 -0.07909268 0.72692305
v -0.06210774 -0.08076923 0.75923079
v -0.06112517 -0.04846154 -0.82384616
v -0.07392573 -0.04846154 -0.79153848
v -0.08076923 -0.01798131 -0.79153848
v -0.08076917 -0.04846148 -0.78271794
v -0.08076923 -0.04846154 -0.44379357
v -0.06116018 -0.04846154 -0.43615386
v -0.08076923 -0.03112566 0.40384614
v -0.08076929 -0.03817362 0.43615386
v -0.08076923 -0.03643458 0.46846154
v -0.08076923 -0.03505209 0.50076926
v -0.08076923 -0.03596724 0.53307694
v -0.08076923 -0.03986489 0.56538463
v -0.08076923 -0.04134869 0.59769231
v -0.08076923 -0.03783747 0.63000000
v -0.08076923 -0.04846154 0.64941651
v -0.05820953 -0.04846154 0.66230768
v -0.08076923 -0.04846154 0.74322891
v -0.06843928 -0.04846154 0.75923079
v -0.08076923 -0.02732444 0.75923079
v -0.05736635 -0.04846154 0.79153848
v -0.04955287 -0.01615385 -0.85615385
v -0.06467011 -0.01615385 -0.82384616
v -0.08076923 -0.01615385 -0.79209530
v -0.08076923 -0.01615385 -0.43626827
v -0.08071106 -0.01615385 -0.43615386
v -0.08076923 -0.01603590 -0.43615380
v -0.06540988 -0.01615385 0.37153846
v -0.08076929 -0.01615385 0.37768218
v -0.08076923 -0.01615385 0.76708436
v -0.06603238 -0.01615385 0.79153848
v -0.05867496 0.01615385 -0.85615385
v -0.07552557 0.01615385 -0.82384616
v -0.08076923 0.03072166 -0.82384616
v -0.08076923 0.01615385 -0.81698632
v -0.08076923 0.01615385 -0.40846151
v -0.08076923 0.01877007 -0.40384614
v -0.08076923 0.03776740 -0.37153846
v -0.08076923 0.01969514 0.37153834
v -0.08076923 0.01615385 0.37569684
v -0.08076923 0.03982250 0.46846154
v -0.08076923 0.02859829 0.50076926
v -0.08076923 0.02578944 0.53307694
v -0.08076923 0.03507551 0.56538463
v -0.08076923 0.03941974 0.59769231
v -0.08076923 0.03951106 0.63000000
v -0.08076923 0.03999418 0.66230768
v -0.08076923 0.01615385 0.77660561
v -0.07000004 0.01615385 0.79153836
v -0.05573663 0.01615385 0.82384616
v -0.06641019 0.04846154 -0.85615385
v -0.08076923 0.04846154 -0.83177859
v -0.08076923 0.07999452 -0.75923079
v -0.08076923 0.07583208 -0.72692305
v -0.08076923 0.07375702 -0.69461536
v -0.08076923 0.07031123 -0.66230768
v -0.08076923 0.06866383 -0.63000000
v -0.08076923 0.06511662 -0.59769231
v -0.08076923 0.06194851 -0.56538463
v -0.08076923 0.06272569 -0.53307694
v -0.08076917 0.06282058 -0.50076926
v -0.08076923 0.06115161 -0.46846154
v -0.08076917 0.05909528 -0.43615386
v -0.08076923 0.05737898 -0.40384614
v -0.08076923 0.05585717 -0.37153852
v -0.08076923 0.04846154 -0.36237657
v -0.08076923 0.04846154 0.36481193
v -0.08076923 0.05398571 0.37153846
v -0.08076923 0.05096462 0.40384626
v -0.08076923 0.04924944 0.43615398
v -0.08076923 0.04846154 0.44600007
v -0.08076923 0.04846154 0.67013752
v -0.08076923 0.04846154 0.78577250
v -0.07542697 0.04846154 0.79153848
v -0.08076923 0.06726415 0.79153848
v -0.06078120 0.04846154 0.82384616
v -0.05359853 0.08076923 -0.88846153
v -0.07349414 0.08076923 -0.85615385
v -0.08076917 0.08940322 -0.85615385
v -0.08076923 0.08076923 -0.84613848
v -0.08076923 0.08076923 -0.76030570
v -0.08076923 0.08076923 0.67851245
v -0.08076923 0.08076923 0.79640746
v -0.06597847 0.08076923 0.82384616
v -0.04926755 0.08076923 0.85615385
v -0.04930262 0.11307693 -0.92076921
v -0.07404855 0.11307693 -0.88846153
v -0.08076923 0.11307693 -0.88052797
v -0.08076923 0.13246161 -0.85615385
v -0.08076923 0.13177219 -0.82384616
v -0.07892698 0.11307704 -0.79153848
v -0.08076923 0.11366086 -0.79153848
v -0.08076917 0.11307693 -0.79104787
v -0.08076923 0.11307693 0.67861438
v -0.08076923 0.11307693 0.81981522
v -0.07769010 0.11307704 0.82384616
v -0.08076929 0.11632218 0.82384616
v -0.05891202 0.11307693 0.85615385
v -0.04950055 0.14538461 -0.92076921
v -0.04962927 0.14538461 -0.14538461
v -0.04878647 0.14538461 0.01615385
v -0.04907215 0.14538461 0.04846154
v -0.08076923 0.14538461 0.67810017
v -0.08076923 0.16761784 0.69461536
v -0.08076923 0.17022458 0.72692305
v -0.08076923 0.17484266 0.75923079
v -0.08076923 0.17743880 0.79153848
v -0.08076923 0.14538461 0.85381848
v -0.07856994 0.14538461 0.85615373
v -0.08076923 0.15508208 0.85615385
v -0.05886568 0.14538461 0.88846153
v -0.05457814 0.17769231 0.75923079
v -0.07909404 0.17769231 0.79153848
v -0.08076929 0.17769219 0.79617846
v -0.08076929 0.17913894 0.82384616
v -0.08076923 0.18239394 0.85615385
v -0.08076923 0.17769231 0.86299181
v -0.06113312 0.17769231 0.88846153
v -0.05558418 0.17769231 0.92076921
v -0.04846154 -0.18655676 -0.72692305
v -0.04846154 -0.19096045 -0.69461536
v -0.04846154 -0.19241758 -0.66230768
v -0.04846154 -0.19305173 -0.63000000
v -0.04846154 -0.19316208 -0.59769231
v -0.04846154 -0.19336951 -0.56538463
v -0.04846154 -0.19416086 -0.53307694
v -0.04846148 -0.19470195 -0.50076926
v -0.04846154 -0.19528453 -0.46846154
v -0.04846154 -0.19592597 -0.43615386
v -0.04846154 -0.19662721 -0.40384614
v -0.04846154 -0.19742221 -0.37153846
v -0.04846154 -0.19812402 -0.33923078
v -0.04846154 -0.19857810 -0.30692309
v -0.04846154 -0.19900872 -0.27461538
v -0.04846154 -0.19945745 -0.24230769
v -0.04846154 -0.19987790 -0.20999999
v -0.04846148 -0.20012426 -0.17769231
v -0.04846154 -0.20052302 -0.14538461
v -0.04846154 -0.20108120 -0.11307693
v -0.04846154 -0.20162950 -0.08076917
v -0.04846148 -0.20190379 -0.04846148
v -0.04846160 -0.20158373 -0.01615385
v -0.04846154 -0.20098649 0.01615385
v -0.04846154 -0.20063443 0.04846154
v -0.04846154 -0.20048082 0.08076923
v -0.04846154 -0.20048082 0.11307693
v -0.04846154 -0.20079015 0.14538461
v -0.04846154 -0.20114861 0.17769231
v -0.01735418 -0.20999999 0.20999999
v -0.04846154 -0.20141944 0.21000013
v -0.01981758 -0.20999999 0.24230769
v -0.04846154 -0.20183767 0.24230769
v -0.02229824 -0.20999999 0.27461538
v -0.04846154 -0.20232978 0.27461538
v -0.02504646 -0.20999999 0.30692309
v -0.04846148 -0.20278104 0.30692321
v -0.02832167 -0.20999999 0.33923078
v -0.04846154 -0.20324919 0.33923078
v -0.03092939 -0.20999999 0.37153846
v -0.04846148 -0.20353843 0.37153846
v -0.03272457 -0.20999999 0.40384614
v -0.04846154 -0.20380120 0.40384614
v -0.03499996 -0.20999993 0.43615398
v -0.04846154 -0.20431352 0.43615386
v -0.03786058 -0.20999999 0.46846154
v -0.04846160 -0.20501865 0.46846154
v -0.04049319 -0.20999999 0.50076938
v -0.04846154 -0.20104071 0.50076908
v -0.04156535 -0.20999999 0.53307694
v -0.04846154 -0.19531474 0.53307682
v -0.04105543 -0.20999999 0.56538463
v -0.04846154 -0.19422716 0.56538451
v -0.03880832 -0.21000007 0.59769231
v -0.04846154 -0.19684887 0.59769231
v -0.03498560 -0.20999999 0.63000000
v -0.04846154 -0.19568181 0.63000000
v -0.02748053 -0.20999999 0.66230768
v -0.04846154 -0.18567008 0.66230768
v -0.03351850 -0.17769231 -0.79153848
v -0.04846154 -0.14955513 -0.79153848
v -0.04561867 -0.17769225 -0.75923079
v -0.04846154 -0.17465927 -0.75923079
v -0.04846154 -0.17769231 -0.75266290
v -0.04846154 -0.14596935 0.56538463
v -0.04846154 -0.17769231 0.68193084
v -0.04327641 -0.17769231 0.69461536
v -0.04846154 -0.17164429 0.69461536
v -0.03459794 -0.17769231 0.72692305
v -0.04846154 -0.15384236 0.72692305
v -0.01935961 -0.17769231 0.75923079
v -0.03666671 -0.14538461 -0.82384616
v -0.04846154 -0.11744285 -0.82384616
v -0.04846154 -0.14538461 -0.79700816
v -0.04846154 -0.11870474 -0.43615386
v -0.04846154 -0.11870474 -0.40384614
v -0.04846154 -0.11890969 -0.37153846
v -0.04846154 -0.11921127 -0.33923078
v -0.04846154 -0.11917812 -0.30692309
v -0.04846154 -0.11937593 -0.27461538
v -0.04846154 -0.11953849 -0.24230769
v -0.04846154 -0.11969901 -0.20999999
v -0.04846154 -0.11969901 -0.17769231
v -0.04846154 -0.11976267 -0.14538461
v -0.04846154 -0.11982780 -0.11307693
v -0.04846154 -0.12014177 -0.08076923
v -0.04846154 -0.12039263 -0.04846154
v -0.04846154 -0.12083076 -0.01615385
v -0.04846154 -0.12041955 0.01615385
v -0.04846154 -0.12018866 0.04846154
v -0.04846154 -0.12008975 0.08076923
v -0.04846154 -0.12041955 0.11307693
v -0.04846154 -0.12050768 0.14538461
v -0.04846154 -0.12056332 0.17769231
v -0.04846154 -0.12058113 0.20999999
v -0.04846154 -0.12055081 0.24230769
v -0.04846154 -0.12073913 0.27461538
v -0.04846154 -0.12104589 0.30692309
v -0.04846154 -0.12154299 0.33923078
v -0.04846154 -0.12245192 0.37153846
v -0.04846154 -0.12347638 0.40384614
v -0.04846154 -0.12485006 0.43615386
v -0.04846154 -0.12776226 0.46846154
v -0.04846154 -0.13553014 0.50076926
v -0.02757783 -0.14538461 0.53307694
v -0.04846160 -0.14260282 0.53307694
v -0.04846154 -0.14538461 0.56096643
v -0.04846154 -0.14538461 0.57205468
v -0.04356160 -0.14538461 0.59769231
v -0.04846154 -0.13890198 0.59769231
v -0.03019270 -0.14538461 0.63000000
v -0.02170488 -0.14538461 0.66230768
v -0.04846154 -0.14538461 0.73916197
v -0.03902653 -0.14538461 0.75923079
v -0.04846154 -0.12613131 0.75923079
v -0.02744843 -0.14538461 0.79153848
v -0.03163465 -0.11307693 -0.85615385
v -0.04846154 -0.11307693 -0.82717836
v -0.04846154 -0.11307693 -0.44184032
v -0.02082862 -0.11307693 0.56538463
v -0.03140252 -0.11307693 0.59769231
v -0.04846154 -0.11307693 0.62923551
v -0.04846154 -0.11115746 0.63000000
v -0.04846154 -0.09536305 0.66230768
v -0.04846154 -0.11307693 0.77172118
v -0.03853152 -0.11307698 0.79153848
v -0.01940687 -0.11307693 0.82384616
v -0.03787327 -0.08076923 -0.85615385
v -0.04846154 -0.08076923 -0.83840734
v -0.04846154 -0.08076923 -0.44214910
v -0.04846154 -0.05724299 -0.43615386
v -0.03319419 -0.08076929 0.59769231
v -0.03508303 -0.08076929 0.63000000
v -0.02261541 -0.08076923 0.66230768
v -0.04846154 -0.08076923 0.67051190
v -0.04846154 -0.08076923 0.79118633
v -0.04820174 -0.08076923 0.79153848
v -0.04846148 -0.08009515 0.79153848
v -0.03449700 -0.08076917 0.82384628
v -0.01949086 -0.04846154 -0.88846153
v -0.04300700 -0.04846154 -0.85615385
v -0.04846154 -0.02089794 -0.85615385
v -0.04846154 -0.04846154 -0.84837610
v -0.04846154 -0.04846154 -0.43348125
v -0.04846154 -0.02076921 0.37153846
v -0.04846154 -0.03441745 0.40384614
v -0.04846154 -0.03874294 0.43615386
v -0.04846154 -0.03629858 0.46846154
v -0.04846154 -0.03595984 0.50076926
v -0.04846154 -0.03498689 0.53307706
v -0.01885998 -0.04846154 0.56538463
v -0.04846154 -0.03993946 0.56538463
v -0.03714841 -0.04846154 0.59769231
v -0.04846160 -0.04569841 0.59769231
v -0.03728589 -0.04846154 0.63000000
v -0.04846154 -0.04490058 0.63000011
v -0.02283503 -0.04846154 0.66230768
v -0.04846154 -0.04023777 0.66230768
v -0.04846154 -0.04846154 0.66813642
v -0.04846154 -0.04846154 0.80769229
v -0.03959709 -0.04846154 0.82384628
v -0.03486710 -0.01615385 -0.88846153
v -0.04846154 -0.01615385 -0.85824084
v -0.04846154 -0.01615385 -0.42452663
v -0.02282899 -0.01615385 0.04846154
v -0.04846154 -0.01615385 0.36183101
v -0.04846154 -0.00813953 0.37153846
v -0.04846154 -0.01615385 0.82349825
v -0.04812434 -0.01615385 0.82384628
v -0.04846154 -0.01502247 0.82384616
v -0.02175122 -0.01615385 0.85615385
v -0.03924664 0.01615385 -0.88846153
v -0.04846160 0.01615385 -0.87364644
v -0.04846154 0.01615385 -0.40670887
v -0.04846154 0.02004244 -0.40384614
v -0.04846154 0.03776778 -0.37153846
v -0.04846148 0.02107350 0.37153846
v -0.04846154 0.01615385 0.37737432
v -0.04846154 0.04052055 0.46846154
v -0.04846154 0.03064020 0.50076926
v -0.04846154 0.02635624 0.53307694
v -0.04846154 0.03360866 0.56538463
v -0.04846154 0.03835380 0.59769231
v -0.04846154 0.03850786 0.63000000
v -0.04846154 0.03765661 0.66230768
v -0.04846160 0.01615385 0.83469313
v -0.03586698 0.01615385 0.85615396
v -0.04397743 0.04846154 -0.88846153
v -0.04846154 0.06327818 -0.88846153
v -0.04846154 0.04846154 -0.88360947
v -0.04846154 0.08024446 -0.75923079
v -0.04846154 0.07855700 -0.72692305
v -0.04846154 0.07829154 -0.69461536
v -0.04846154 0.07837127 -0.66230768
v -0.04846154 0.07497676 -0.63000000
v -0.04846154 0.06891771 -0.59769231
v -0.04846154 0.06259616 -0.56538463
v -0.04846160 0.06272100 -0.53307694
v -0.04846154 0.06288972 -0.50076926
v -0.04846154 0.06151703 -0.46846154
v -0.04846154 0.05923073 -0.43615386
v -0.04846160 0.05735249 -0.40384614
v -0.04846154 0.05582722 -0.37153840
v -0.04846154 0.04846154 -0.36230069
v -0.04846154 0.04846154 0.36464813
v -0.04846154 0.05408936 0.37153846
v -0.04846154 0.05092161 0.40384614
v -0.04846154 0.04930958 0.43615386
v -0.04846154 0.04846154 0.44652236
v -0.04846154 0.04846154 0.67044502
v -0.04846154 0.04846154 0.84553218
v -0.04100589 0.04846154 0.85615385
v -0.04846154 0.07823040 0.85615385
v -0.02955183 0.08076923 -0.92076921
v -0.04846154 0.11189070 -0.92076921
v -0.04846154 0.08076923 -0.89535612
v -0.04846154 0.09702734 -0.79153848
v -0.04846154 0.08076923 -0.76126820
v -0.03089618 0.08076923 -0.75923079
v -0.01972780 0.08076923 -0.69461536
v -0.01814060 0.08076923 -0.66230768
v -0.04729239 0.08076923 0.01615385
v -0.02175381 0.08076923 0.04846154
v -0.03336291 0.08076923 0.08076923
v -0.04846154 0.08076923 0.67856443
v -0.04846154 0.08076923 0.85749537
v -0.04846154 0.11307693 -0.92185682
v -0.04846154 0.13863195 -0.88846153
v -0.04846154 0.13439333 -0.85615385
v -0.04846154 0.13269454 -0.82384616
v -0.04846154 0.11307693 -0.79780465
v -0.04846154 0.14367670 -0.14538461
v -0.04817197 0.11307693 0.01615385
v -0.04846160 0.12433466 0.01615385
v -0.04846154 0.13336931 0.04846154
v -0.04846154 0.11307693 0.67877012
v -0.04846154 0.11307693 0.88307333
v -0.04429774 0.11307693 0.88846153
v -0.04846154 0.11849473 0.88846153
v -0.04846154 0.14538461 -0.92288280
v -0.04846154 0.14641099 -0.92076921
v -0.04846154 0.14538461 -0.91716039
v -0.04846154 0.14538461 -0.14742510
v -0.04846154 0.14655937 -0.14538468
v -0.04846154 0.14538461 -0.12124813
v -0.04846154 0.14538461 0.01586533
v -0.04846154 0.14572625 0.01615385
v -0.04846148 0.14585836 0.04846154
v -0.04846154 0.14538461 0.06603072
v -0.04768264 0.14538461 0.08076923
v -0.04587329 0.14538461 0.11307693
v -0.04846154 0.14538461 0.67754918
v -0.04846154 0.17008138 0.69461536
v -0.04846154 0.17440674 0.72692305
v -0.04846154 0.14538461 0.90202713
v -0.04846154 0.16796243 0.92076921
v -0.04846154 0.17769231 0.75391257
v -0.03480449 0.17769231 0.75923079
v -0.04846154 0.17839295 0.75923079
v -0.04846154 0.18175283 0.79153836
v -0.04846154 0.18496740 0.82384616
v -0.04846154 0.18687141 0.85615385
v -0.04846148 0.18707660 0.88846153
v -0.04846154 0.18481494 0.92076921
v -0.04846154 0.17769231 0.92789185
v -0.01615385 -0.21044189 0.20999999
v -0.01615385 -0.21133104 0.24230769
v -0.01615385 -0.21218838 0.27461538
v -0.01615385 -0.21316472 0.30692309
v -0.01615385 -0.21442243 0.33923078
v -0.01615385 -0.21559331 0.37153846
v -0.01615385 -0.21642922 0.40384614
v -0.01615385 -0.21736568 0.43615386
v -0.01615385 -0.21812412 0.46846154
v -0.01615385 -0.21912727 0.50076926
v -0.01615385 -0.22040415 0.53307694
v -0.01615385 -0.22137962 0.56538463
v -0.01615385 -0.22254008 0.59769231
v -0.01615385 -0.22309123 0.63000000
v -0.01615385 -0.22026408 0.66230768
v -0.01615385 -0.19336630 -0.79153848
v -0.01615385 -0.19673179 -0.75923079
v -0.01615385 -0.19765070 -0.72692305
v -0.01615385 -0.19804360 -0.69461536
v -0.01615385 -0.19841062 -0.66230768
v -0.01615385 -0.19879121 -0.63000000
v -0.01615385 -0.19936620 -0.59769225
v -0.01615385 -0.20016728 -0.56538463
v -0.01615385 -0.20095092 -0.53307694
v -0.01615385 -0.20165169 -0.50076926
v -0.01615385 -0.20248482 -0.46846154
v -0.01615385 -0.20334606 -0.43615386
v -0.01615385 -0.20416723 -0.40384614
v -0.01615385 -0.20520654 -0.37153846
v -0.01615385 -0.20625159 -0.33923078
v -0.01615385 -0.20700048 -0.30692315
v -0.01615385 -0.20758305 -0.27461538
v -0.01615385 -0.20801041 -0.24230769
v -0.01615385 -0.20831347 -0.20999999
v -0.01615385 -0.20846727 -0.17769231
v -0.01615385 -0.20863421 -0.14538461
v -0.01615385 -0.20879714 -0.11307693
v -0.01615385 -0.20900308 -0.08076923
v -0.01615385 -0.20907481 -0.04846154
v -0.01615385 -0.20884286 -0.01615385
v -0.01615385 -0.20787619 0.01615385
v -0.01615385 -0.20732604 0.04846154
v -0.01615385 -0.20731537 0.08076923
v -0.01615385 -0.20798816 0.11307693
v -0.01615385 -0.20882055 0.14538461
v -0.01615385 -0.20965511 0.17769231
v -0.01615385 -0.20999999 0.19183099
v -0.01507139 -0.20999999 0.20999999
v -0.01284487 -0.20999999 0.24230769
v -0.01064077 -0.20999999 0.27461538
v -0.00823357 -0.20999999 0.30692309
v -0.00531342 -0.20999999 0.33923078
v -0.00279197 -0.20999999 0.37153846
v -0.00117747 -0.20999999 0.40384614
v 0.00090239 -0.20999999 0.43615386
v 0.00330319 -0.20999999 0.46846154
v 0.00636765 -0.20999999 0.50076926
v 0.00800741 -0.20999999 0.53307694
v 0.00712375 -0.20999999 0.56538463
v 0.00517453 -0.20999999 0.59769231
v 0.00163175 -0.20999999 0.63000000
v -0.00566615 -0.20999999 0.66230768
v -0.01615385 -0.20999999 0.68918192
v -0.01615385 -0.20710444 0.69461536
v -0.01615385 -0.19549689 0.72692305
v -0.01615385 -0.18089807 0.75923079
v -0.01615385 -0.17066203 -0.82384616
v -0.01615385 -0.17769231 -0.81633860
v 0.00146858 -0.17769231 -0.79153848
v 0.01407558 -0.17769231 -0.75923079
v -0.01615385 -0.15064621 0.53307694
v -0.01615385 -0.15798989 0.56538463
v -0.01615385 -0.15667920 0.59769231
v -0.01615385 -0.15249167 0.63000000
v -0.01615385 -0.14960171 0.66230768
v 0.00819635 -0.17769231 0.69461536
v 0.00120718 -0.17769231 0.72692305
v -0.01294802 -0.17769225 0.75923079
v -0.01615385 -0.17769231 0.76245457
v -0.01615385 -0.15672529 0.79153848
v -0.01615385 -0.13430762 -0.85615385
v -0.01615385 -0.14538461 -0.84734267
v 0.00399915 -0.14538461 -0.82384616
v -0.01615385 -0.12071048 -0.43615386
v -0.01615385 -0.12108742 -0.40384614
v -0.01615385 -0.12125749 -0.37153846
v -0.01615385 -0.12148069 -0.33923078
v -0.01615385 -0.12159068 -0.30692309
v -0.01615385 -0.12172681 -0.27461538
v -0.01615385 -0.12178079 -0.24230769
v -0.01615385 -0.12175386 -0.20999999
v -0.01615385 -0.12161805 -0.17769231
v -0.01615385 -0.12175386 -0.14538461
v -0.01615385 -0.12188813 -0.11307693
v -0.01615385 -0.12229730 -0.08076923
v -0.01615385 -0.12241026 -0.04846154
v -0.01615385 -0.12261268 -0.01615385
v -0.01615385 -0.12256240 0.01615385
v -0.01615385 -0.12271257 0.04846154
v -0.01615385 -0.12266272 0.08076923
v -0.01615385 -0.12281154 0.11307693
v -0.01615385 -0.12276218 0.14538461
v -0.01615385 -0.12276218 0.17769231
v -0.01615385 -0.12286071 0.20999999
v -0.01615385 -0.12290970 0.24230769
v -0.01615385 -0.12305532 0.27461538
v -0.01615385 -0.12329392 0.30692309
v -0.01615385 -0.12361798 0.33923078
v -0.01615385 -0.12411879 0.37153846
v -0.01615385 -0.12553641 0.40384614
v -0.01615385 -0.12655729 0.43615386
v -0.01615385 -0.12874353 0.46846154
v -0.01615385 -0.13727331 0.50076926
v -0.01615385 -0.14538461 0.52969140
v -0.00551295 -0.14538461 0.53307694
v 0.01359173 -0.14538461 0.56538463
v -0.01615385 -0.12194187 0.56538463
v 0.00785015 -0.14538461 0.59769231
v -0.01615385 -0.12564424 0.59769231
v -0.00315123 -0.14538461 0.63000000
v -0.01615385 -0.12707159 0.63000000
v -0.01066591 -0.14538455 0.66230768
v -0.01615385 -0.12852538 0.66230768
v -0.01615385 -0.14538461 0.69267762
v 0.00661808 -0.14538461 0.75923079
v -0.00485927 -0.14538461 0.79153848
v -0.01615385 -0.14538461 0.80394238
v -0.01615385 -0.11685047 0.82384616
v -0.01615385 -0.11307693 -0.86966431
v -0.00024205 -0.11307686 -0.85615385
v -0.01615385 -0.11307693 -0.44643831
v -0.01615385 -0.11307693 0.55428660
v -0.00190042 -0.11307693 0.56538463
v -0.01615385 -0.09234469 0.56538463
v 0.00612733 -0.11307693 0.79153848
v -0.01280851 -0.11307693 0.82384616
v -0.01615385 -0.11307686 0.82715404
v -0.01615385 -0.05346821 -0.88846153
v -0.01615385 -0.08076923 -0.87805736
v 0.00603169 -0.08076923 -0.85615385
v -0.01615385 -0.08076923 -0.44376656
v -0.01615385 -0.05592298 -0.43615386
v -0.01615385 -0.05479388 0.56538463
v -0.01615385 -0.08076923 0.57725632
v 0.01476821 -0.08076923 0.79153848
v 0.00135556 -0.08076923 0.82384616
v -0.01615385 -0.08076923 0.83974355
v -0.01615385 -0.04846154 -0.89105034
v -0.01356510 -0.04846154 -0.88846153
v 0.01089243 -0.04846154 -0.85615385
v -0.01615385 -0.04846154 -0.43370306
v -0.01615385 -0.02798817 0.04846154
v -0.01615385 -0.02713372 0.37153846
v -0.01615385 -0.03491307 0.40384614
v -0.01615385 -0.04140729 0.43615386
v -0.01615385 -0.04086163 0.46846166
v -0.01615385 -0.04146571 0.50076926
v -0.01615385 -0.04235899 0.53307682
v -0.01615385 -0.04846154 0.56045288
v 0.00676955 -0.04846154 0.82384616
v -0.01615385 -0.04846154 0.84607941
v -0.01615385 -0.02527033 0.85615385
v -0.01615385 -0.01615385 -0.90192813
v -0.00153993 -0.01615385 -0.88846153
v -0.01615385 -0.01615385 -0.42601806
v -0.01615385 -0.01615385 0.03569173
v -0.00409873 -0.01615385 0.04846154
v -0.01615385 0.01011255 0.04846154
v -0.01615385 -0.01615385 0.05878348
v -0.01615385 -0.01615385 0.34894350
v -0.01615385 -0.00274859 0.37153858
v 0.01596405 -0.01615385 0.82384616
v -0.01105265 -0.01615385 0.85615385
v -0.01615385 -0.01615385 0.86103851
v -0.01615385 0.01615385 -0.90695697
v 0.00497820 0.01615385 -0.88846153
v -0.01615385 0.01615385 -0.41080746
v -0.01615385 0.02244336 -0.40384614
v -0.01615385 0.03765463 -0.37153846
v -0.01615385 0.02111652 0.37153846
v -0.01615385 0.01615385 0.37758076
v -0.01615385 0.04203978 0.46846154
v -0.01615385 0.03391418 0.50076926
v -0.01615385 0.02792858 0.53307694
v -0.01615385 0.03101930 0.56538463
v -0.01615385 0.03659979 0.59769231
v -0.01615385 0.03733926 0.63000000
v -0.01615385 0.03700539 0.66230768
v 0.00253008 0.01615385 0.85615385
v -0.01615385 0.01615385 0.87145758
v -0.01615385 0.05881392 -0.92076921
v -0.01615385 0.04846154 -0.91463697
v 0.01199362 0.04846154 -0.88846153
v -0.01615385 0.08047788 -0.72692305
v -0.01615385 0.07829424 -0.63000000
v -0.01615385 0.06683649 -0.59769231
v -0.01615385 0.06138466 -0.56538463
v -0.01615385 0.06213017 -0.53307694
v -0.01615385 0.06237518 -0.50076920
v -0.01615385 0.06129950 -0.46846154
v -0.01615385 0.05914064 -0.43615386
v -0.01615385 0.05732612 -0.40384614
v -0.01615385 0.05588724 -0.37153846
v -0.01615385 0.04846154 -0.36225912
v -0.01615385 0.05743099 0.01615385
v -0.01615385 0.07897282 0.04846154
v -0.01615385 0.06230764 0.08076923
v -0.01615385 0.04846154 0.36432931
v -0.01615385 0.05408936 0.37153846
v -0.01615385 0.05108232 0.40384614
v -0.01615385 0.04942863 0.43615386
v -0.01615385 0.04846154 0.44842452
v -0.01615385 0.04846154 0.67063814
v 0.00728939 0.04846154 0.85615385
v -0.01615385 0.04846154 0.87599736
v -0.01615385 0.08076923 -0.93286550
v -0.00400001 0.08076923 -0.92076921
v -0.01615385 0.10078702 -0.79153848
v 0.01450275 0.08076923 -0.75923079
v -0.01615385 0.08120810 -0.75923079
v -0.01615385 0.08076923 -0.73967975
v -0.01615385 0.08076923 -0.71148252
v -0.01294704 0.08076923 -0.69461536
v -0.01615385 0.08108325 -0.69461536
v -0.01488443 0.08076923 -0.66230768
v -0.01615385 0.08092230 -0.66230768
v -0.01615385 0.08076923 -0.65912426
v -0.01615385 0.08076923 0.00653329
v 0.01273173 0.08076923 0.01615385
v -0.01350570 0.08076911 0.04846154
v -0.01615385 0.08542552 0.04846154
v -0.00454499 0.08076923 0.08076923
v -0.01615385 0.10289918 0.08076923
v -0.01615385 0.08076923 0.10982217
v -0.01615385 0.08076923 0.67835665
v 0.01554403 0.08076923 0.85615385
v -0.01615385 0.08076923 0.88712472
v -0.01615385 0.08279019 0.88846165
v -0.01615385 0.11307693 -0.94463199
v 0.01581492 0.11307693 -0.92076921
v -0.01615385 0.14053632 -0.88846153
v -0.01615385 0.13531016 -0.85615385
v -0.01615385 0.13350870 -0.82384616
v -0.01615385 0.11307693 -0.79706258
v -0.01615385 0.14305641 -0.14538461
v -0.01615385 0.11307693 0.00598806
v 0.01285103 0.11307693 0.01615385
v -0.01615385 0.11307693 0.04599604
v -0.01615385 0.11691413 0.04846154
v -0.01615385 0.11501481 0.08076923
v -0.01615385 0.11536347 0.11307704
v -0.01615385 0.11307693 0.67851377
v 0.01067737 0.11307693 0.88846153
v -0.01615385 0.11307693 0.90120006
v -0.01615385 0.14538461 -0.92496502
v -0.01615385 0.14683126 -0.92076921
v -0.01615385 0.14538461 -0.91399139
v -0.01615385 0.14538461 -0.14718084
v -0.01144629 0.14538461 -0.14538461
v -0.01615385 0.14713813 -0.14538461
v -0.01615385 0.14538461 -0.13961820
v -0.01615385 0.14538461 0.00797574
v 0.01354428 0.14538461 0.01615385
v -0.01615385 0.15524279 0.01615385
v 0.01171644 0.14538461 0.04846154
v -0.01615385 0.15554819 0.04846154
v 0.01256412 0.14538461 0.08076923
v -0.01615385 0.15416242 0.08076923
v 0.01230493 0.14538461 0.11307693
v -0.01615385 0.15325721 0.11307693
v -0.01615385 0.14538461 0.12392524
v -0.01615385 0.14538461 0.67782390
v -0.01615385 0.16998512 0.69461536
v -0.01615385 0.17270030 0.72692305
v -0.01615385 0.17670093 0.75923079
v -0.01615385 0.14538461 0.90830505
v -0.01615385 0.16809036 0.92076921
v -0.00159663 0.17769231 0.75923079
v -0.01615385 0.17769231 0.76855606
v -0.01615385 0.17993547 0.79153848
v -0.01615385 0.18376023 0.82384616
v -0.01615385 0.18666263 0.85615385
v -0.01615385 0.18717779 0.88846153
v -0.01615385 0.18447295 0.92076921
v -0.01615385 0.17769231 0.92758352
v 0.01615385 -0.18653014 -0.72692305
v 0.01615385 -0.19063959 -0.69461536
v 0.01615385 -0.19195731 -0.66230768
v 0.01615385 -0.19282649 -0.63000000
v 0.01615385 -0.19327110 -0.59769231
v 0.01615385 -0.19310713 -0.56538463
v 0.01615385 -0.19363904 -0.53307694
v 0.01615385 -0.19420972 -0.50076926
v 0.01615385 -0.19486581 -0.46846154
v 0.01615385 -0.19539514 -0.43615386
v 0.01615385 -0.19602290 -0.40384614
v 0.01615385 -0.19680223 -0.37153846
v 0.01615385 -0.19745992 -0.33923078
v 0.01615385 -0.19792418 -0.30692309
v 0.01615385 -0.19832799 -0.27461538
v 0.01615385 -0.19870548 -0.24230769
v 0.01615385 -0.19900730 -0.20999993
v 0.01615385 -0.19936712 -0.17769237
v 0.01615385 -0.19960295 -0.14538461
v 0.01615385 -0.20009808 -0.11307693
v 0.01615385 -0.20080674 -0.08076923
v 0.01615385 -0.20125879 -0.04846154
v 0.01615385 -0.20063074 -0.01615385
v 0.01615385 -0.19994199 0.01615385
v 0.01615385 -0.19952185 0.04846154
v 0.01615385 -0.19937439 0.08076923
v 0.01615385 -0.19956653 0.11307693
v 0.01615385 -0.20004262 0.14538461
v 0.01615385 -0.20037951 0.17769231
v 0.01615385 -0.20072785 0.20999999
v 0.01615385 -0.20112181 0.24230781
v 0.01615385 -0.20152956 0.27461538
v 0.01615385 -0.20186608 0.30692309
v 0.01615385 -0.20220432 0.33923078
v 0.01615385 -0.20253228 0.37153846
v 0.01615385 -0.20267905 0.40384614
v 0.01615385 -0.20300892 0.43615386
v 0.01615385 -0.20222428 0.46846154
v 0.01615385 -0.19932823 0.50076926
v 0.01615385 -0.19430554 0.53307682
v 0.01615385 -0.19193982 0.56538463
v 0.01615385 -0.19566388 0.59769231
v 0.01615385 -0.19323388 0.63000000
v 0.01615385 -0.18166791 0.66230768
v 0.01615385 -0.14892215 -0.79153848
v 0.01615385 -0.17545715 -0.75923079
v 0.01615385 -0.17769231 -0.75424296
v 0.02503198 -0.17769225 -0.72692305
v 0.03055775 -0.17769231 -0.69461536
v 0.03628650 -0.17769231 -0.66230768
v 0.04132176 -0.17769231 -0.63000000
v 0.04659710 -0.17769231 -0.59769231
v 0.03389939 -0.17769231 0.59769231
v 0.02840850 -0.17769237 0.62999988
v 0.02004146 -0.17769231 0.66230768
v 0.01615397 -0.17769231 0.67210138
v 0.01615385 -0.16861711 0.69461536
v 0.01615385 -0.15096202 0.72692305
v 0.01615385 -0.11830370 -0.82384616
v 0.01615385 -0.14538461 -0.79590046
v 0.01893362 -0.14538461 -0.79153848
v 0.03214563 -0.14538468 -0.75923079
v 0.04161804 -0.14538461 -0.72692305
v 0.01615385 -0.11873906 -0.43615386
v 0.01615385 -0.11863566 -0.40384614
v 0.01615385 -0.11890969 -0.37153846
v 0.01615385 -0.11914484 -0.33923078
v 0.01615385 -0.11934315 -0.30692309
v 0.01615385 -0.11950614 -0.27461538
v 0.01615385 -0.11985954 -0.24230769
v 0.01615385 -0.11992042 -0.20999999
v 0.01615385 -0.12007959 -0.17769231
v 0.01615385 -0.12017270 -0.14538461
v 0.01615385 -0.12023444 -0.11307693
v 0.01615385 -0.12056856 -0.08076923
v 0.01615385 -0.12082139 -0.04846154
v 0.01615385 -0.12118348 -0.01615385
v 0.01615385 -0.12082275 0.01615385
v 0.01615385 -0.12060732 0.04846154
v 0.01615385 -0.12073833 0.08076923
v 0.01615385 -0.12081604 0.11307693
v 0.01615385 -0.12106264 0.14538461
v 0.01615385 -0.12082275 0.17769231
v 0.01615385 -0.12075398 0.20999999
v 0.01615385 -0.12083711 0.24230769
v 0.01615385 -0.12090551 0.27461538
v 0.01615385 -0.12135276 0.30692309
v 0.01615385 -0.12173556 0.33923078
v 0.01615385 -0.12254515 0.37153846
v 0.01615385 -0.12347638 0.40384614
v 0.01615385 -0.12451921 0.43615386
v 0.01615385 -0.12725604 0.46846154
v 0.01615385 -0.13178907 0.50076926
v 0.01615385 -0.13967435 0.53307694
v 0.01615385 -0.14046040 0.56538463
v 0.03478169 -0.14538461 0.69461536
v 0.02083700 -0.14538461 0.72692305
v 0.01615385 -0.14538461 0.73623353
v 0.01615385 -0.12149924 0.75923079
v 0.01615385 -0.11307693 -0.82823437
v 0.01952248 -0.11307693 -0.82384616
v 0.03312911 -0.11307693 -0.79153848
v 0.04792481 -0.11307693 -0.75923079
v 0.01615385 -0.11307693 -0.44190496
v 0.01615385 -0.11307693 0.58721030
v 0.01948661 -0.11307693 0.59769231
v 0.03502152 -0.11307693 0.72692305
v 0.02033330 -0.11307693 0.75923091
v 0.01615385 -0.11307693 0.76721269
v 0.01615385 -0.08076923 -0.83971858
v 0.02607844 -0.08076923 -0.82384616
v 0.03699750 -0.08076923 -0.79153848
v 0.01615385 -0.08076923 -0.44197842
v 0.01615385 -0.05993038 -0.43615386
v 0.01615385 -0.05187441 0.56538463
v 0.01615385 -0.08076923 0.57737309
v 0.04432066 -0.08076923 0.72692305
v 0.02833541 -0.08076923 0.75923079
v 0.01615385 -0.08076923 0.78921616
v 0.01615385 -0.07649648 0.79153860
v 0.01615385 -0.02700925 -0.85615385
v 0.01615385 -0.04846154 -0.84876668
v 0.02900352 -0.04846148 -0.82384616
v 0.04158674 -0.04846154 -0.79153848
v 0.03616634 -0.04846154 -0.43615386
v 0.01615385 -0.04846154 -0.43245670
v 0.01615385 -0.02475918 0.37153846
v 0.01615385 -0.03435712 0.40384614
v 0.01615385 -0.03836539 0.43615386
v 0.01615385 -0.03705875 0.46846154
v 0.01615385 -0.03903004 0.50076926
v 0.01615385 -0.04210375 0.53307694
v 0.01615385 -0.04846154 0.56258672
v 0.03491319 -0.04846154 0.75923079
v 0.02349476 -0.04846154 0.79153848
v 0.01615385 -0.04846154 0.80499399
v 0.01615385 -0.01615385 -0.85952926
v 0.01904909 -0.01615385 -0.85615385
v 0.03296261 -0.01615385 -0.82384616
v 0.01615385 -0.01615385 -0.42344263
v 0.01615385 -0.01615385 0.34734750
v 0.01615385 -0.00651234 0.37153846
v 0.03281780 -0.01615385 0.79153848
v 0.01615385 -0.01615385 0.82363969
v 0.01615385 -0.01532158 0.82384616
v 0.01615385 0.01615385 -0.87273657
v 0.02762627 0.01615385 -0.85615385
v 0.04118644 0.01615385 -0.82384616
v 0.01615385 0.01615385 -0.40682608
v 0.01615385 0.02013857 -0.40384614
v 0.01615385 0.03773056 -0.37153846
v 0.01615385 0.02261541 0.37153846
v 0.01615385 0.01615385 0.37921447
v 0.01615385 0.04026248 0.46846154
v 0.01615385 0.03151486 0.50076926
v 0.01615385 0.02535475 0.53307694
v 0.01615385 0.03155048 0.56538463
v 0.01615385 0.03783124 0.59769231
v 0.01615385 0.03847557 0.63000000
v 0.01615385 0.03861101 0.66230768
v 0.03712087 0.01615385 0.79153848
v 0.02205428 0.01615385 0.82384628
v 0.01615385 0.01615385 0.83205211
v 0.01615385 0.06132995 -0.88846153
v 0.01615385 0.04846154 -0.88423187
v 0.03396298 0.04846154 -0.85615385
v 0.01615385 0.08074520 -0.75923079
v 0.01615385 0.07892513 -0.72692305
v 0.01615385 0.07762133 -0.69461536
v 0.01615385 0.07412945 -0.66230768
v 0.01615385 0.06501494 -0.63000000
v 0.01615385 0.06141511 -0.59769231
v 0.01615385 0.06057692 -0.56538463
v 0.01615385 0.06173209 -0.53307694
v 0.01615385 0.06271324 -0.50076926
v 0.01615385 0.06162388 -0.46846154
v 0.01615385 0.05940869 -0.43615386
v 0.01615385 0.05745811 -0.40384614
v 0.01615385 0.05576696 -0.37153846
v 0.01615385 0.04846154 -0.36225805
v 0.01615385 0.04846154 0.36473143
v 0.01615385 0.05405497 0.37153846
v 0.01615385 0.05096462 0.40384626
v 0.01615385 0.04918338 0.43615386
v 0.01615385 0.04846154 0.44517532
v 0.01615385 0.04846154 0.67041618
v 0.04283914 0.04846154 0.79153848
v 0.02736265 0.04846154 0.82384616
v 0.01615385 0.04846154 0.84272009
v 0.01615385 0.08076923 -0.89534998
v 0.02202051 0.08076923 -0.88846153
v 0.04025287 0.08076923 -0.85615385
v 0.01615385 0.09911928 -0.79153848
v 0.01615385 0.08076923 -0.75931209
v 0.01700694 0.08076923 -0.75923079
v 0.01615385 0.08076923 0.67861533
v 0.03343735 0.08076923 0.82384616
v 0.01615385 0.08076923 0.85551667
v 0.01615385 0.08203483 0.85615396
v 0.01615385 0.13693672 -0.92076921
v 0.01615385 0.11307693 -0.92044085
v 0.04085060 0.11307693 -0.88846153
v 0.01615385 0.13905382 -0.88846153
v 0.01615385 0.13466041 -0.85615385
v 0.01615385 0.13284454 -0.82384616
v 0.01615385 0.11307693 -0.79743886
v 0.04524475 0.11307693 -0.79153848
v 0.01615385 0.11307693 0.67871964
v 0.04187143 0.11307693 0.82384616
v 0.02651152 0.11307693 0.85615385
v 0.01615385 0.11307693 0.88139820
v 0.01615385 0.12003233 0.88846153
v 0.01615385 0.14538461 -0.92095494
v 0.01627241 0.14538461 -0.92076921
v 0.01615385 0.14550096 -0.92076921
v 0.01615372 0.14538461 -0.92029428
v 0.01615385 0.14538461 0.67793369
v 0.01615385 0.16957706 0.69461536
v 0.01615385 0.17408249 0.72692305
v 0.04409562 0.14538461 0.85615385
v 0.02665042 0.14538449 0.88846153
v 0.01615385 0.14538461 0.90099400
v 0.01615385 0.17188504 0.92076921
v 0.01615385 0.17769231 0.75186509
v 0.02417765 0.17769231 0.75923079
v 0.01615385 0.17884243 0.75923067
v 0.04672811 0.17769231 0.79153848
v 0.01615385 0.18349119 0.79153848
v 0.01615385 0.18653014 0.82384616
v 0.01615385 0.18786192 0.85615385
v 0.02999995 0.17769231 0.88846153
v 0.01615385 0.18771882 0.88846153
v 0.02076305 0.17769231 0.92076933
v 0.01615385 0.18230151 0.92076933
v 0.01615385 0.17769231 0.92537856
v 0.04846154 -0.17920211 -0.56538463
v 0.04846154 -0.18496740 -0.53307694
v 0.04846154 -0.18828058 -0.50076926
v 0.04846154 -0.19027011 -0.46846154
v 0.04846154 -0.19176635 -0.43615386
v 0.04846154 -0.19288331 -0.40384614
v 0.04846154 -0.19364169 -0.37153846
v 0.04846154 -0.19379582 -0.33923078
v 0.04846154 -0.19384615 -0.30692309
v 0.04846154 -0.19410257 -0.27461538
v 0.04846141 -0.19436729 -0.24230775
v 0.04846154 -0.19458525 -0.20999999
v 0.04846154 -0.19481541 -0.17769231
v 0.04846154 -0.19510558 -0.14538461
v 0.04846154 -0.19541666 -0.11307693
v 0.04846154 -0.19577542 -0.08076923
v 0.04846154 -0.19592017 -0.04846160
v 0.04846154 -0.19548838 -0.01615385
v 0.04846154 -0.19555728 0.01615385
v 0.04846154 -0.19550151 0.04846154
v 0.04846141 -0.19531474 0.08076923
v 0.04846154 -0.19530450 0.11307693
v 0.04846154 -0.19541666 0.14538461
v 0.04846154 -0.19552881 0.17769231
v 0.04846154 -0.19565359 0.20999999
v 0.04846154 -0.19581196 0.24230769
v 0.04846154 -0.19590834 0.27461538
v 0.04846154 -0.19578004 0.30692309
v 0.04846154 -0.19557890 0.33923078
v 0.04846154 -0.19516486 0.37153846
v 0.04846154 -0.19450107 0.40384614
v 0.04846166 -0.19390014 0.43615386
v 0.04846154 -0.19279864 0.46846154
v 0.04846154 -0.19109972 0.50076926
v 0.04846154 -0.18752509 0.53307694
v 0.04846154 -0.18056667 0.56538463
v 0.04846154 -0.15615387 -0.69461536
v 0.04846154 -0.16687591 -0.66230768
v 0.04846154 -0.17123075 -0.63000000
v 0.04846154 -0.17594914 -0.59769231
v 0.04846154 -0.17769231 -0.58031875
v 0.05000825 -0.17769237 -0.56538463
v 0.05683092 -0.17769231 -0.53307694
v 0.06373432 -0.17769237 -0.50076926
v 0.07103270 -0.17769231 -0.46846154
v 0.07933936 -0.17769231 -0.43615386
v 0.07567432 -0.17769231 0.50076926
v 0.06324282 -0.17769231 0.53307706
v 0.05152797 -0.17769225 0.56538463
v 0.04846154 -0.17769231 0.57266122
v 0.04846154 -0.16721545 0.59769231
v 0.04846154 -0.16045305 0.63000000
v 0.04846154 -0.14778301 0.66230768
v 0.04846154 -0.13549687 -0.72692305
v 0.04846154 -0.14538461 -0.71423602
v 0.05794702 -0.14538461 -0.69461536
v 0.06575305 -0.14538461 -0.66230768
v 0.07497048 -0.14538461 -0.63000000
v 0.04846154 -0.11830284 -0.43615386
v 0.04846154 -0.11849658 -0.40384614
v 0.04846154 -0.11863566 -0.37153846
v 0.04846154 -0.11877339 -0.33923078
v 0.04846154 -0.11887574 -0.30692309
v 0.04846154 -0.11897729 -0.27461538
v 0.04846154 -0.11897729 -0.24230769
v 0.04846154 -0.11890969 -0.20999999
v 0.04846154 -0.11873906 -0.17769231
v 0.04846154 -0.11880758 -0.14538461
v 0.04846154 -0.11884172 -0.11307693
v 0.04846154 -0.11914484 -0.08076923
v 0.04846154 -0.11947329 -0.04846154
v 0.04846154 -0.11983144 -0.01615385
v 0.04846154 -0.11957090 0.01615385
v 0.04846154 -0.11937488 0.04846154
v 0.04846154 -0.11950589 0.08076923
v 0.04846154 -0.11970000 0.11307693
v 0.04846154 -0.11979594 0.14538461
v 0.04846154 -0.11998574 0.17769231
v 0.04846154 -0.12011071 0.20999999
v 0.04846154 -0.12032644 0.24230769
v 0.04846154 -0.12038739 0.27461538
v 0.04846154 -0.12089393 0.30692309
v 0.04846154 -0.12151970 0.33923078
v 0.04846154 -0.12245192 0.37153846
v 0.04846154 -0.12352740 0.40384614
v 0.04846154 -0.12479577 0.43615386
v 0.04846154 -0.12688877 0.46846154
v 0.04846154 -0.12834094 0.50076926
v 0.04846154 -0.12832068 0.53307694
v 0.04846154 -0.12484463 0.56538463
v 0.04846154 -0.11686470 0.59769231
v 0.06766716 -0.14538461 0.63000000
v 0.05088821 -0.14538461 0.66230768
v 0.04846154 -0.14538455 0.66616648
v 0.04846154 -0.11550101 0.69461536
v 0.04846154 -0.11174773 -0.75923079
v 0.04846154 -0.11307693 -0.75835919
v 0.06069450 -0.11307693 -0.72692305
v 0.07159013 -0.11307693 -0.69461536
v 0.04846154 -0.11307693 -0.44140732
v 0.07511541 -0.11307693 0.56538463
v 0.05144885 -0.11307693 0.59769231
v 0.04846154 -0.08701172 0.59769231
v 0.04846154 -0.11307693 0.61001486
v 0.06683969 -0.11307693 0.66230768
v 0.04995797 -0.11307693 0.69461536
v 0.04846154 -0.11307693 0.69682235
v 0.04846154 -0.08076923 -0.77271014
v 0.05758887 -0.08076929 -0.75923079
v 0.06604391 -0.08076923 -0.72692305
v 0.04846154 -0.08076923 -0.44521752
v 0.04846154 -0.07427254 0.56538463
v 0.04846154 -0.08076923 0.56989545
v 0.07336435 -0.08076923 0.66230768
v 0.05786937 -0.08076917 0.69461548
v 0.04846154 -0.08076923 0.72196692
v 0.04846154 -0.07349900 0.72692323
v 0.04846154 -0.01802327 -0.79153848
v 0.04846154 -0.04846154 -0.78256702
v 0.06179963 -0.04846160 -0.75923079
v 0.07013549 -0.04846154 -0.72692305
v 0.04846154 -0.04846154 -0.44135407
v 0.04846154 -0.03130374 -0.43615386
v 0.04846154 -0.01701896 0.37153846
v 0.04846154 -0.03471076 0.40384614
v 0.04846154 -0.03876926 0.43615386
v 0.04846154 -0.03809117 0.46846154
v 0.06651778 -0.04846154 0.50076926
v 0.04846154 -0.04332164 0.50076938
v 0.04851515 -0.04846154 0.53307706
v 0.04846154 -0.04843159 0.53307694
v 0.04846154 -0.04846160 0.53322393
v 0.06947761 -0.04846154 0.69461536
v 0.05498793 -0.04846154 0.72692305
v 0.04846154 -0.04846154 0.73683065
v 0.04846154 -0.02133355 0.75923079
v 0.04846154 -0.01615385 -0.79213172
v 0.04898915 -0.01615385 -0.79153848
v 0.06725872 -0.01615385 -0.75923079
v 0.06170362 -0.01615385 -0.43615386
v 0.04846154 -0.01615385 -0.43343699
v 0.04846154 -0.01615385 0.36908740
v 0.05473712 -0.01615385 0.37153846
v 0.04846154 -0.01409382 0.37153846
v 0.07427537 -0.01615385 0.72692305
v 0.05162632 -0.01615385 0.75923079
v 0.04846154 -0.01615385 0.76284367
v 0.04846154 0.03642109 -0.82384616
v 0.04846154 0.01615385 -0.81412250
v 0.06148104 0.01615385 -0.79153848
v 0.08037041 0.01615385 -0.75923079
v 0.04846154 0.01615385 -0.40504840
v 0.06017207 0.01615385 -0.40384614
v 0.04846154 0.01724973 -0.40384614
v 0.04846154 0.03780388 -0.37153846
v 0.04846154 0.02171721 0.37153846
v 0.04846154 0.01615385 0.37814212
v 0.04846154 0.03836908 0.46846154
v 0.04846154 0.02832013 0.50076926
v 0.04846154 0.02499427 0.53307694
v 0.04846154 0.03572574 0.56538463
v 0.04846154 0.04032139 0.59769231
v 0.04846154 0.04114503 0.63000000
v 0.04846154 0.04059869 0.66230768
v 0.05984116 0.01615385 0.75923079
v 0.04846154 0.01615385 0.77547801
v 0.04846154 0.04846154 -0.82961816
v 0.05321839 0.04846154 -0.82384616
v 0.06896196 0.04846154 -0.79153848
v 0.04846154 0.07684231 -0.72692305
v 0.04846154 0.07441144 -0.69461536
v 0.04846154 0.06612118 -0.66230768
v 0.04846154 0.06267207 -0.63000000
v 0.04846154 0.06465470 -0.59769231
v 0.04846154 0.06039785 -0.56538463
v 0.04846154 0.06180875 -0.53307694
v 0.04846154 0.06275798 -0.50076926
v 0.04846154 0.06137246 -0.46846154
v 0.04846154 0.05940869 -0.43615386
v 0.04846154 0.05756274 -0.40384614
v 0.04846154 0.05588724 -0.37153846
v 0.04846154 0.04846154 -0.36223114
v 0.04846154 0.04846154 0.36483693
v 0.04846154 0.05405497 0.37153846
v 0.04846154 0.05078099 0.40384614
v 0.04846154 0.04904091 0.43615386
v 0.04846154 0.04846154 0.44315448
v 0.04846154 0.04846154 0.67013282
v 0.06484610 0.04846154 0.75923079
v 0.04846154 0.04846154 0.78537142
v 0.04846154 0.06984044 0.79153848
v 0.04846154 0.09068903 -0.85615385
v 0.04846154 0.08076923 -0.84433663
v 0.06050532 0.08076923 -0.82384616
v 0.07879966 0.08076923 -0.79153848
v 0.04846154 0.08174828 -0.75923079
v 0.04846154 0.08076923 -0.75387168
v 0.05857926 0.08076923 -0.72692305
v 0.04846154 0.08076923 0.67856312
v 0.06960110 0.08076923 0.75923079
v 0.05158516 0.08076923 0.79153836
v 0.04846154 0.08076923 0.79522383
v 0.04846154 0.11307693 -0.87925762
v 0.06340081 0.11307693 -0.85615385
v 0.04846154 0.13199994 -0.85615385
v 0.04846154 0.13183998 -0.82384616
v 0.04846154 0.11407113 -0.79153848
v 0.04846154 0.11307693 -0.79065126
v 0.06467331 0.11307693 -0.75923079
v 0.04846154 0.11307693 0.67856312
v 0.06348659 0.11307693 0.79153848
v 0.04846154 0.11307693 0.81421256
v 0.04846154 0.12073371 0.82384628
v 0.04846154 0.14538461 0.67810017
v 0.04846154 0.16724183 0.69461536
v 0.04846154 0.16967270 0.72692305
v 0.04846154 0.17440872 0.75923079
v 0.04846154 0.17729411 0.79153848
v 0.06692301 0.14538461 0.82384616
v 0.04846154 0.14538461 0.85100925
v 0.04846154 0.15955472 0.85615385
v 0.04846154 0.17769231 0.79737490
v 0.05257136 0.17769231 0.82384628
v 0.04846154 0.17941292 0.82384616
v 0.05384607 0.17769231 0.85615373
v 0.04846154 0.18307696 0.85615373
v 0.04846154 0.17769231 0.86423075
v 0.08076923 -0.18022762 -0.40384614
v 0.08076923 -0.18437806 -0.37153846
v 0.08076923 -0.18702564 -0.33923078
v 0.08076923 -0.18863952 -0.30692309
v 0.08076923 -0.18992533 -0.27461538
v 0.08076923 -0.19092533 -0.24230769
v 0.08076923 -0.19183050 -0.20999999
v 0.08076923 -0.19270399 -0.17769231
v 0.08076923 -0.19327110 -0.14538461
v 0.08076923 -0.19343193 -0.11307693
v 0.08076923 -0.19348258 -0.08076923
v 0.08076923 -0.19348258 -0.04846154
v 0.08076923 -0.19327110 -0.01615385
v 0.08076923 -0.19327110 0.01615385
v 0.08076923 -0.19332507 0.04846154
v 0.08076923 -0.19327110 0.08076923
v 0.08076923 -0.19327110 0.11307693
v 0.08076923 -0.19337869 0.14538461
v 0.08076923 -0.19348486 0.17769231
v 0.08076923 -0.19358808 0.20999999
v 0.08076923 -0.19348258 0.24230769
v 0.08076923 -0.19299595 0.27461538
v 0.08076923 -0.19217509 0.30692309
v 0.08076923 -0.19140567 0.33923078
v 0.08076923 -0.19011833 0.37153846
v 0.08076923 -0.18850629 0.40384614
v 0.08076923 -0.18578815 0.43615386
v 0.08076923 -0.17952557 0.46846154
v 0.08076923 -0.15028751 -0.59769231
v 0.08076923 -0.15606144 -0.56538463
v 0.08076923 -0.16129185 -0.53307694
v 0.08076923 -0.16617274 -0.50076926
v 0.08076923 -0.17072396 -0.46846154
v 0.08076923 -0.17657737 -0.43615386
v 0.08076935 -0.17769225 -0.42660242
v 0.08437375 -0.17769225 -0.40384609
v 0.09257539 -0.17769231 -0.37153846
v 0.10012410 -0.17769231 -0.33923078
v 0.10709700 -0.17769231 -0.30692309
v 0.11243495 -0.17769231 -0.27461538
v 0.11046045 -0.17769231 0.37153846
v 0.10235235 -0.17769231 0.40384614
v 0.09347853 -0.17769231 0.43615386
v 0.08293426 -0.17769237 0.46846154
v 0.08076923 -0.17769231 0.47853318
v 0.08076923 -0.17388351 0.50076926
v 0.08076923 -0.16651925 0.53307706
v 0.08076923 -0.15910606 0.56538463
v 0.08076923 -0.14686576 0.59769231
v 0.08076923 -0.12094557 -0.66230768
v 0.08076923 -0.13920553 -0.63000000
v 0.08076923 -0.14538461 -0.61222762
v 0.08564624 -0.14538468 -0.59769231
v 0.09443786 -0.14538461 -0.56538463
v 0.10714704 -0.14538461 -0.53307694
v 0.08076923 -0.11830284 -0.43615386
v 0.08076923 -0.11849658 -0.40384614
v 0.08076923 -0.11867023 -0.37153846
v 0.08076923 -0.11873906 -0.33923078
v 0.08076923 -0.11880758 -0.30692309
v 0.08076923 -0.11877339 -0.27461538
v 0.08076923 -0.11880758 -0.24230769
v 0.08076923 -0.11863566 -0.20999999
v 0.08076923 -0.11860103 -0.17769231
v 0.08076923 -0.11884172 -0.14538461
v 0.08076923 -0.11890969 -0.11307693
v 0.08076923 -0.11887574 -0.08076923
v 0.08076923 -0.11904459 -0.04846154
v 0.08076923 -0.11904459 -0.01615385
v 0.08076923 -0.11917812 0.01615385
v 0.08076923 -0.11914484 0.04846154
v 0.08076923 -0.11937593 0.08076923
v 0.08076923 -0.11953849 0.11307693
v 0.08076923 -0.11979434 0.14538461
v 0.08076923 -0.11998297 0.17769231
v 0.08076923 -0.12019957 0.20999999
v 0.08076923 -0.12035202 0.24230769
v 0.08076923 -0.12056240 0.27461538
v 0.08076923 -0.12085683 0.30692309
v 0.08076923 -0.12148069 0.33923078
v 0.08076923 -0.12246122 0.37153846
v 0.08076923 -0.12357350 0.40384614
v 0.08076923 -0.12487181 0.43615386
v 0.08076923 -0.12672313 0.46846154
v 0.08076923 -0.12693967 0.50076926
v 0.08076923 -0.12451089 0.53307694
v 0.10003129 -0.14538461 0.56538463
v 0.08225038 -0.14538461 0.59769231
v 0.08076923 -0.14538461 0.60050869
v 0.08076923 -0.12633133 0.63000000
v 0.08076923 -0.08458333 -0.69461536
v 0.08076923 -0.11307693 -0.67526126
v 0.08754987 -0.11307693 -0.66230768
v 0.09905421 -0.11307693 -0.63000000
v 0.08076923 -0.11307693 -0.44143510
v 0.09599369 -0.11307693 0.53307694
v 0.08076923 -0.11307693 0.56240100
v 0.08076923 -0.08534922 0.56538463
v 0.10882525 -0.11307693 0.59769231
v 0.08918421 -0.11307698 0.62999988
v 0.08076923 -0.11307693 0.64194208
v 0.08076923 -0.08076923 -0.69654250
v 0.08239901 -0.08076917 -0.69461536
v 0.09589658 -0.08076923 -0.66230768
v 0.10681070 -0.08076923 -0.63000000
v 0.08076923 -0.08076923 -0.44843456
v 0.08076923 -0.05828273 0.50076926
v 0.08515093 -0.08076923 0.53307694
v 0.08076923 -0.07202174 0.53307682
v 0.08111394 -0.08076929 0.56538463
v 0.08076923 -0.07496074 0.56538463
v 0.08076923 -0.08076923 0.56660718
v 0.09962274 -0.08076923 0.63000000
v 0.08076923 -0.08076923 0.65958214
v 0.08076923 -0.07723939 0.66230768
v 0.08076923 -0.01966205 -0.72692305
v 0.08076923 -0.04846154 -0.70918775
v 0.09005136 -0.04846154 -0.69461536
v 0.09998569 -0.04846154 -0.66230768
v 0.08076923 -0.04846154 -0.44617260
v 0.08076923 -0.02962627 0.40384614
v 0.08076923 -0.03548209 0.43615386
v 0.08076923 -0.03980216 0.46846142
v 0.08076923 -0.04846154 0.49083871
v 0.09350133 -0.04846148 0.66230780
v 0.08076923 -0.04846154 0.68060589
v 0.08076923 -0.03811471 0.69461524
v 0.08076923 -0.01615385 -0.72940332
v 0.08259127 -0.01615385 -0.72692305
v 0.10239893 -0.01615385 -0.69461536
v 0.08076923 -0.01615385 -0.44376126
v 0.08076923 0.00074230 -0.43615386
v 0.08076923 0.01384080 -0.40384614
v 0.08076923 -0.01615385 0.37910491
v 0.09777334 -0.01615385 0.69461536
v 0.08076923 -0.01615385 0.71928501
v 0.08076923 0.01113288 0.72692305
v 0.08076923 0.01698759 -0.75923079
v 0.08076911 0.01615385 -0.75877249
v 0.09692308 0.01615385 -0.72692305
v 0.08076923 0.01615385 -0.40260509
v 0.08076923 0.03761853 -0.37153846
v 0.08076923 0.02026576 0.37153846
v 0.08076923 0.01615385 0.37631330
v 0.08076923 0.03888892 0.46846154
v 0.08076923 0.03096606 0.50076926
v 0.08076923 0.03090111 0.53307694
v 0.08076923 0.04244846 0.56538463
v 0.08076923 0.04250022 0.59769231
v 0.08076923 0.04167892 0.63000000
v 0.08076923 0.04118644 0.66230768
v 0.10276596 0.01615385 0.69461536
v 0.08219849 0.01615385 0.72692305
v 0.08076923 0.01615385 0.72835237
v 0.08076923 0.04846154 -0.77388078
v 0.09112691 0.04846154 -0.75923079
v 0.10437725 0.04846154 -0.72692305
v 0.08076923 0.06735239 -0.69461536
v 0.08076923 0.06533439 -0.66230768
v 0.08076923 0.06742054 -0.63000000
v 0.08076923 0.06521817 -0.59769231
v 0.08076923 0.06387334 -0.56538463
v 0.08076923 0.06387148 -0.53307694
v 0.08076923 0.06282058 -0.50076926
v 0.08076923 0.06096379 -0.46846154
v 0.08076923 0.05936457 -0.43615386
v 0.08076923 0.05766651 -0.40384614
v 0.08076923 0.05603612 -0.37153846
v 0.08076923 0.04846154 -0.36205897
v 0.08076923 0.04846154 0.36503747
v 0.08076923 0.05398571 0.37153846
v 0.08076935 0.05070470 0.40384614
v 0.08076923 0.04890349 0.43615386
v 0.08076923 0.04846154 0.44202051
v 0.10708246 0.04846154 0.63000000
v 0.08811544 0.04846154 0.66230768
v 0.08076923 0.04846154 0.67049456
v 0.10955720 0.04846154 0.69461536
v 0.09030499 0.04846154 0.72692293
v 0.08076923 0.04846154 0.73748213
v 0.08076923 0.10979136 -0.82384616
v 0.08076923 0.08239556 -0.79153848
v 0.08076923 0.08076923 -0.78986174
v 0.10004053 0.08076923 -0.75923079
v 0.08076923 0.10260943 -0.72692305
v 0.08076923 0.08076923 -0.71284771
v 0.09022698 0.08076923 -0.69461536
v 0.11083598 0.08076923 -0.66230768
v 0.10049912 0.08076923 0.66230768
v 0.08076923 0.08076923 0.68181425
v 0.09552253 0.08076923 0.72692305
v 0.08076923 0.08076923 0.74582911
v 0.08076923 0.10416441 0.75923079
v 0.08076923 0.11307693 -0.82745820
v 0.08403631 0.11307693 -0.82384616
v 0.08076923 0.11772926 -0.82384616
v 0.10151971 0.11307693 -0.79153848
v 0.08076923 0.13038076 -0.79153848
v 0.08076923 0.12840380 -0.75923079
v 0.08076923 0.11307693 -0.73153138
v 0.08484910 0.11307693 -0.72692305
v 0.10131697 0.11307693 -0.69461536
v 0.11266627 0.11307693 0.66230768
v 0.08076923 0.11307693 0.68440205
v 0.08615389 0.11307693 0.75923067
v 0.08076923 0.11307693 0.76646054
v 0.08076923 0.13371673 0.79153848
v 0.08076923 0.14538461 0.68246770
v 0.08076923 0.16072258 0.69461536
v 0.08076923 0.16575095 0.72692305
v 0.08076923 0.16951174 0.75923079
v 0.08991160 0.14538461 0.79153848
v 0.08076923 0.17045172 0.79153848
v 0.08076923 0.14538461 0.80407214
v 0.11307693 -0.17968196 -0.24230769
v 0.11307693 -0.18215227 -0.20999999
v 0.11307693 -0.18475345 -0.17769231
v 0.11307693 -0.18642311 -0.14538461
v 0.11307693 -0.18767071 -0.11307693
v 0.11307693 -0.18850629 -0.08076923
v 0.11307693 -0.18915635 -0.04846154
v 0.11307693 -0.18948719 -0.01615385
v 0.11307693 -0.18952781 0.01615385
v 0.11307693 -0.18932310 0.04846154
v 0.11307693 -0.18902947 0.08076923
v 0.11307693 -0.18872745 0.11307693
v 0.11307693 -0.18828058 0.14538461
v 0.11307693 -0.18771882 0.17769231
v 0.11307693 -0.18697450 0.20999999
v 0.11307693 -0.18604061 0.24230769
v 0.11307693 -0.18466064 0.27461538
v 0.11307693 -0.18196352 0.30692309
v 0.11307693 -0.17931069 0.33923078
v 0.11307693 -0.14923291 -0.50076926
v 0.11307693 -0.15693708 -0.46846154
v 0.11307693 -0.16169947 -0.43615386
v 0.11307693 -0.16463682 -0.40384614
v 0.11307693 -0.16761790 -0.37153846
v 0.11307693 -0.17078620 -0.33923072
v 0.11307693 -0.17432362 -0.30692309
v 0.11307693 -0.17729805 -0.27461538
v 0.11307693 -0.17769231 -0.26949719
v 0.11624725 -0.17769231 -0.24230763
v 0.12122335 -0.17769231 -0.21000007
v 0.12718196 -0.17769231 -0.17769231
v 0.13193634 -0.17769231 -0.14538461
v 0.13655849 -0.17769231 -0.11307693
v 0.13988891 -0.17769231 -0.08076923
v 0.14255801 -0.17769231 -0.04846154
v 0.14454557 -0.17769231 -0.01615385
v 0.14510596 -0.17769231 0.01615385
v 0.14455394 -0.17769231 0.04846154
v 0.14326864 -0.17769231 0.08076923
v 0.14169912 -0.17769231 0.11307693
v 0.13932693 -0.17769231 0.14538461
v 0.13645534 -0.17769231 0.17769231
v 0.13321069 -0.17769231 0.20999999
v 0.13010913 -0.17769231 0.24230769
v 0.12605897 -0.17769231 0.27461538
v 0.12024418 -0.17769231 0.30692309
v 0.11534030 -0.17769237 0.33923078
v 0.11307693 -0.17769231 0.35503349
v 0.11307693 -0.17600571 0.37153846
v 0.11307693 -0.17123075 0.40384614
v 0.11307693 -0.16670103 0.43615386
v 0.11307693 -0.16276394 0.46846154
v 0.11307693 -0.15753938 0.50076926
v 0.11307693 -0.14686576 0.53307694
v 0.11307693 -0.11559770 -0.59769231
v 0.11307693 -0.13079406 -0.56538463
v 0.11307693 -0.14042737 -0.53307694
v 0.11307693 -0.14538461 -0.51452398
v 0.11735152 -0.14538468 -0.50076926
v 0.13123077 -0.14538461 -0.46846154
v 0.14487143 -0.14538461 -0.43615386
v 0.11307693 -0.11773777 -0.43615386
v 0.11307693 -0.11830284 -0.40384614
v 0.11307693 -0.11853146 -0.37153846
v 0.11307693 -0.11846152 -0.33923078
v 0.11307693 -0.11849658 -0.30692309
v 0.11307693 -0.11842646 -0.27461538
v 0.11307693 -0.11846152 -0.24230769
v 0.11307693 -0.11835596 -0.20999999
v 0.11307693 -0.11839127 -0.17769231
v 0.11307693 -0.11867023 -0.14538461
v 0.11307693 -0.11867023 -0.11307693
v 0.11307693 -0.11873906 -0.08076923
v 0.11307693 -0.11877339 -0.04846154
v 0.11307693 -0.11887574 -0.01615385
v 0.11307693 -0.11890969 0.01615385
v 0.11307693 -0.11907811 0.04846154
v 0.11307693 -0.11934315 0.08076923
v 0.11307693 -0.11950614 0.11307693
v 0.11307693 -0.11976267 0.14538461
v 0.11307693 -0.12001415 0.17769231
v 0.11307693 -0.12013807 0.20999999
v 0.11307693 -0.12038228 0.24230769
v 0.11307693 -0.12053251 0.27461538
v 0.11307693 -0.12091488 0.30692309
v 0.11307693 -0.12145296 0.33923078
v 0.11307693 -0.12223019 0.37153846
v 0.11307693 -0.12305532 0.40384614
v 0.11307693 -0.12474900 0.43615386
v 0.14392035 -0.14538461 0.46846154
v 0.11307693 -0.12581180 0.46846154
v 0.13030176 -0.14538461 0.50076926
v 0.11307693 -0.11776389 0.50076926
v 0.11454920 -0.14538468 0.53307682
v 0.11307693 -0.14538461 0.53609884
v 0.11307693 -0.13361481 0.56538463
v 0.11307693 -0.11307693 -0.60115498
v 0.11561218 -0.11307693 -0.59769231
v 0.12786768 -0.11307693 -0.56538463
v 0.14400145 -0.11307693 -0.53307694
v 0.11307693 -0.11307693 -0.44063795
v 0.11956375 -0.11307693 -0.43615386
v 0.13774459 -0.11307693 -0.40384614
v 0.13042907 -0.11307693 0.43615386
v 0.12552187 -0.11307693 0.46846154
v 0.11631516 -0.11307693 0.50076926
v 0.11307693 -0.11307693 0.50545621
v 0.12857512 -0.11307693 0.56538463
v 0.11307693 -0.11307693 0.59299350
v 0.11307693 -0.10664450 0.59769231
v 0.11307693 -0.06257773 -0.63000000
v 0.11307693 -0.08076923 -0.62153846
v 0.12613241 -0.08076923 -0.59769231
v 0.13665377 -0.08076923 -0.56538463
v 0.11307693 -0.08076923 -0.45006651
v 0.13659140 -0.08076923 0.46846154
v 0.11702000 -0.08076923 0.50076926
v 0.11307693 -0.05143357 0.50076926
v 0.11307693 -0.08076923 0.51722157
v 0.12481321 -0.08076923 0.59769243
v 0.11307693 -0.08076923 0.61511892
v 0.11307693 -0.05384250 0.63000000
v 0.11307693 -0.02798750 -0.66230768
v 0.11307693 -0.04846154 -0.63695008
v 0.11816025 -0.04846148 -0.63000000
v 0.13488804 -0.04846154 -0.59769231
v 0.11307693 -0.04846154 -0.45130259
v 0.11307693 -0.02872819 0.40384614
v 0.11307693 -0.03604310 0.43615386
v 0.12976417 -0.04846154 0.46846154
v 0.11307693 -0.04276939 0.46846154
v 0.11307693 -0.04846154 0.49060678
v 0.14012185 -0.04846154 0.59769231
v 0.11587777 -0.04846154 0.63000000
v 0.11307693 -0.04846154 0.63355076
v 0.11307693 -0.02828969 0.66230768
v 0.11307693 0.01097944 -0.69461536
v 0.11307693 -0.01615385 -0.67674303
v 0.12220413 -0.01615385 -0.66230768
v 0.13763380 -0.01615385 -0.63000000
v 0.11307693 -0.01615385 -0.44403476
v 0.11307693 0.00343592 -0.43615386
v 0.11307693 0.01123283 -0.40384614
v 0.13439235 -0.01615385 0.37153846
v 0.11307693 -0.01615385 0.37700063
v 0.14248776 -0.01615385 0.63000000
v 0.12325035 -0.01615385 0.66230768
v 0.11307693 -0.01615385 0.67482483
v 0.11307693 0.01615385 -0.69773853
v 0.11582502 0.01615385 -0.69461542
v 0.13039653 0.01615385 -0.66230768
v 0.11307680 0.01615385 -0.40188324
v 0.11307693 0.03754963 -0.37153846
v 0.12850079 0.01615385 0.37153846
v 0.11307693 0.01800411 0.37153846
v 0.11307704 0.01615385 0.37329605
v 0.11307693 0.04530501 0.46846154
v 0.11307693 0.04308859 0.50076926
v 0.11307693 0.04539325 0.53307694
v 0.11307693 0.04581031 0.56538463
v 0.11307693 0.04473291 0.59769231
v 0.12806858 0.01615385 0.66230768
v 0.11307693 0.01615385 0.68273759
v 0.11307693 0.06741204 -0.72692305
v 0.11307693 0.04846154 -0.71370894
v 0.12402420 0.04846154 -0.69461536
v 0.13495114 0.04846154 -0.66230768
v 0.11307693 0.06594309 -0.63000000
v 0.11307693 0.06547119 -0.59769231
v 0.11307693 0.06477129 -0.56538463
v 0.11307693 0.06387148 -0.53307694
v 0.11307693 0.06253564 -0.50076926
v 0.11307693 0.06088762 -0.46846154
v 0.11307693 0.05936457 -0.43615386
v 0.11307704 0.05784583 -0.40384614
v 0.11307704 0.05627053 -0.37153846
v 0.11307693 0.04846154 -0.36181760
v 0.11307693 0.04846154 0.36539167
v 0.11307693 0.05374058 0.37153846
v 0.11307693 0.05073736 0.40384614
v 0.11307704 0.04878641 0.43615386
v 0.11307693 0.04846154 0.44509003
v 0.13521217 0.04846154 0.46846154
v 0.13151510 0.04846154 0.56538463
v 0.11771607 0.04846154 0.59769231
v 0.11307693 0.04846154 0.61980450
v 0.11307693 0.05262842 0.62999988
v 0.13233960 0.04846154 0.66230768
v 0.11307693 0.04846154 0.69151860
v 0.11307693 0.05816836 0.69461536
v 0.11307693 0.09929466 -0.75923079
v 0.11307693 0.08076923 -0.73592871
v 0.11957090 0.08076923 -0.72692305
v 0.13530226 0.08076923 -0.69461536
v 0.11307693 0.08323855 -0.66230768
v 0.11307693 0.08076923 -0.66092306
v 0.12893498 0.08076923 -0.63000000
v 0.13934997 0.08076923 0.59769231
v 0.12362970 0.08076923 0.63000000
v 0.11307693 0.08076923 0.64257485
v 0.13837732 0.08076923 0.66230768
v 0.11940859 0.08076923 0.69461536
v 0.11307693 0.08076923 0.70161539
v 0.11307693 0.11147105 0.72692305
v 0.11307693 0.11307693 -0.77430767
v 0.12357350 0.11307693 -0.75923079
v 0.11307693 0.12418269 -0.75923079
v 0.13823128 0.11307693 -0.72692305
v 0.11307693 0.12923077 -0.72692305
v 0.11307693 0.12474357 -0.69461536
v 0.11307693 0.11307693 -0.67663372
v 0.12315138 0.11307693 -0.66230768
v 0.13677676 0.11307693 -0.63000000
v 0.13422142 0.11307693 0.63000000
v 0.11307693 0.11307693 0.66190207
v 0.11307693 0.12590207 0.66230780
v 0.13830844 0.11307693 0.69461536
v 0.11450914 0.11307693 0.72692305
v 0.11307693 0.11307693 0.72834665
v 0.11307693 0.14418176 0.75923079
v 0.13225776 0.14538461 0.63000000
v 0.11370041 0.14538461 0.66230768
v 0.11307693 0.14538474 0.66292351
v 0.11307693 0.16333327 0.69461536
v 0.13439333 0.14538461 0.72692305
v 0.11307693 0.16485447 0.72692305
v 0.11427978 0.14538461 0.75923079
v 0.11307693 0.14756493 0.75923079
v 0.11307693 0.14538461 0.76044089
v 0.14538461 -0.15322256 -0.40384614
v 0.14538461 -0.15782025 -0.37153846
v 0.14538461 -0.16029586 -0.33923078
v 0.14538461 -0.16222253 -0.30692309
v 0.14538461 -0.16384615 -0.27461538
v 0.14538461 -0.16553755 -0.24230769
v 0.14538474 -0.16728817 -0.20999999
v 0.14538461 -0.16912395 -0.17769237
v 0.14538461 -0.17094328 -0.14538461
v 0.14538461 -0.17304607 -0.11307693
v 0.14538461 -0.17467202 -0.08076917
v 0.14538461 -0.17607392 -0.04846154
v 0.14538461 -0.17720450 -0.01615385
v 0.14538474 -0.17753062 0.01615385
v 0.14538474 -0.17721973 0.04846154
v 0.14538461 -0.17651287 0.08076911
v 0.14538461 -0.17566939 0.11307693
v 0.14538461 -0.17442523 0.14538461
v 0.14538461 -0.17295381 0.17769231
v 0.14538461 -0.17136064 0.20999999
v 0.14538461 -0.17000003 0.24230769
v 0.14538461 -0.16830800 0.27461538
v 0.14538461 -0.16644056 0.30692309
v 0.14538449 -0.16438916 0.33923078
v 0.14538461 -0.16212104 0.37153846
v 0.14538461 -0.15828359 0.40384614
v 0.14538461 -0.15339512 0.43615386
v 0.14538461 -0.12667666 -0.50076926
v 0.14538461 -0.13564999 -0.46846154
v 0.14538461 -0.14462586 -0.43615386
v 0.14538461 -0.14538461 -0.43467805
v 0.15522578 -0.14538455 -0.40384614
v 0.16563423 -0.14538461 -0.37153846
v 0.14538461 -0.11634234 -0.37153846
v 0.17491081 -0.14538461 -0.33923078
v 0.14538461 -0.11779939 -0.33923078
v 0.14538461 -0.11783377 -0.30692309
v 0.14538461 -0.11783377 -0.27461538
v 0.14538461 -0.11792522 -0.24230769
v 0.14538461 -0.11788868 -0.20999999
v 0.14538461 -0.11794346 -0.17769231
v 0.14538461 -0.11816025 -0.14538461
v 0.14538461 -0.11814231 -0.11307693
v 0.14538461 -0.11810633 -0.08076923
v 0.14538461 -0.11830284 -0.04846154
v 0.14538461 -0.11870474 -0.01615385
v 0.14538461 -0.11867023 0.01615385
v 0.14538461 -0.11860103 0.04846154
v 0.14538461 -0.11880758 0.08076923
v 0.14538461 -0.11907811 0.11307693
v 0.14538461 -0.11934315 0.14538461
v 0.14538461 -0.11966703 0.17769231
v 0.14538461 -0.11976267 0.20999999
v 0.14538461 -0.12007626 0.24230769
v 0.14538461 -0.12029126 0.27461538
v 0.14538461 -0.12065144 0.30692309
v 0.14538461 -0.12105882 0.33923078
v 0.17574665 -0.14538461 0.37153846
v 0.14538461 -0.12136286 0.37153846
v 0.16577941 -0.14538461 0.40384614
v 0.14538461 -0.11894543 0.40384614
v 0.15510918 -0.14538461 0.43615386
v 0.14538461 -0.14538461 0.46448395
v 0.14538461 -0.14397217 0.46846154
v 0.14538461 -0.13359195 0.50076926
v 0.14538461 -0.11332890 0.53307694
v 0.14538449 -0.11081373 -0.53307694
v 0.14538461 -0.11307693 -0.53096855
v 0.15795206 -0.11307698 -0.50076926
v 0.16945554 -0.11307693 -0.46846154
v 0.14538461 -0.09143237 -0.43615386
v 0.14538461 -0.11125489 -0.40384614
v 0.14538461 -0.11307693 -0.38895735
v 0.14749591 -0.11307693 -0.37153846
v 0.14956407 -0.11307693 -0.33923078
v 0.15125152 -0.11307693 -0.30692309
v 0.15290830 -0.11307693 -0.27461538
v 0.15546955 -0.11307693 -0.24230769
v 0.15974365 -0.11307686 -0.20999999
v 0.16478631 -0.11307693 -0.17769231
v 0.16997550 -0.11307693 -0.14538461
v 0.17249596 -0.11307693 0.33923078
v 0.16018105 -0.11307693 0.37153846
v 0.14965342 -0.11307693 0.40384614
v 0.14538461 -0.11307698 0.41138732
v 0.14538461 -0.09042522 0.43615386
v 0.17717715 -0.11307693 0.46846154
v 0.16310564 -0.11307693 0.50076926
v 0.14563812 -0.11307693 0.53307694
v 0.14538461 -0.11307693 0.53336418
v 0.14538461 -0.08131477 0.56538463
v 0.14538461 -0.06514281 -0.56538457
v 0.14538461 -0.08076917 -0.55297470
v 0.15746820 -0.08076923 -0.53307694
v 0.16880123 -0.08076923 -0.50076926
v 0.14538461 -0.08076923 -0.44387540
v 0.15310623 -0.08076917 -0.43615386
v 0.16771385 -0.08076923 -0.40384614
v 0.15200554 -0.08076923 0.43615386
v 0.14538461 -0.08076923 0.45550933
v 0.16140980 -0.08076917 0.53307694
v 0.14586638 -0.08076923 0.56538475
v 0.14538461 -0.08076923 0.56587845
v 0.14538461 -0.03505086 -0.59769231
v 0.14538461 -0.04846154 -0.57995474
v 0.15453783 -0.04846160 -0.56538463
v 0.16901544 -0.04846154 -0.53307694
v 0.14538461 -0.04846154 -0.45057365
v 0.16745073 -0.04846154 -0.43615386
v 0.14538461 -0.01818744 0.37153846
v 0.14538461 -0.03330252 0.40384614
v 0.15302353 -0.04846154 0.43615386
v 0.14538461 -0.03912056 0.43615386
v 0.14538461 -0.04846154 0.45812914
v 0.16033635 -0.04846154 0.56538463
v 0.14538461 -0.04846154 0.59274310
v 0.14538461 -0.04365545 0.59769231
v 0.14538461 0.00847315 -0.63000000
v 0.14538461 -0.01615385 -0.61973876
v 0.15899779 -0.01615385 -0.59769231
v 0.17561404 -0.01615385 -0.56538463
v 0.14538461 -0.01615385 -0.44367918
v 0.14538461 0.00144923 -0.43615386
v 0.14538461 0.01121410 -0.40384614
v 0.14538461 -0.01615385 0.37022048
v 0.15942544 -0.01615385 0.59769231
v 0.14538461 -0.01615385 0.62575930
v 0.14538461 -0.00165911 0.63000000
v 0.14538461 0.01615385 -0.63337547
v 0.14827999 0.01615385 -0.63000000
v 0.16593815 0.01615385 -0.59769231
v 0.14538461 0.01615385 -0.40089244
v 0.14538461 0.03709881 -0.37153846
v 0.14538461 0.01615385 0.37039721
v 0.14538461 0.04652993 0.50076926
v 0.14538461 0.04770359 0.53307694
v 0.16644049 0.01615385 0.59769231
v 0.14885357 0.01615385 0.63000000
v 0.14538474 0.01615385 0.63367516
v 0.14538461 0.06735115 -0.66230768
v 0.14538461 0.04846154 -0.64592791
v 0.15526620 0.04846154 -0.63000000
v 0.16830800 0.04846154 -0.59769231
v 0.14538461 0.07644115 -0.59769231
v 0.14538461 0.06382613 -0.56538463
v 0.14538461 0.06300557 -0.53307694
v 0.14538461 0.06217491 -0.50076926
v 0.14538461 0.06103934 -0.46846154
v 0.14538461 0.05971335 -0.43615386
v 0.14538461 0.05819622 -0.40384614
v 0.14538461 0.05664211 -0.37153846
v 0.14538461 0.04846154 -0.36150873
v 0.14538461 0.04846154 0.36550504
v 0.14538461 0.05370520 0.37153846
v 0.14538461 0.05111424 0.40384626
v 0.14538461 0.04969373 0.43615386
v 0.14538461 0.04885111 0.46846154
v 0.14538461 0.04846154 0.47974220
v 0.14706160 0.04846154 0.53307694
v 0.14538461 0.04846154 0.54113597
v 0.14538474 0.05086837 0.56538475
v 0.17052406 0.04846154 0.59769231
v 0.15476891 0.04846154 0.63000011
v 0.14538461 0.04846154 0.64226758
v 0.14538461 0.09273180 -0.69461536
v 0.14538461 0.08076923 -0.67617309
v 0.15325153 0.08076923 -0.66230768
v 0.16627190 0.08076923 -0.63000000
v 0.14538461 0.08076923 -0.60257548
v 0.15414752 0.08076923 -0.59769231
v 0.16313730 0.08076923 -0.56538463
v 0.16141695 0.08076923 0.56538463
v 0.14538461 0.08076923 0.59065640
v 0.14538461 0.09093884 0.59769231
v 0.16229567 0.08076923 0.63000000
v 0.14538461 0.08076923 0.65668249
v 0.14538461 0.08642934 0.66230768
v 0.14538461 0.11307693 -0.71784902
v 0.15899704 0.11307693 -0.69461536
v 0.14538461 0.12683873 -0.69461536
v 0.17063116 0.11307693 -0.66230768
v 0.14538461 0.12913045 -0.66230768
v 0.14538461 0.12164522 -0.63000005
v 0.14538461 0.11307693 -0.61741471
v 0.15705669 0.11307693 -0.59769231
v 0.16609800 0.11307693 -0.56538463
v 0.17332639 0.11307693 0.56538463
v 0.15615380 0.11307693 0.59769219
v 0.14538461 0.11307693 0.61335665
v 0.16574922 0.11307693 0.66230768
v 0.14538461 0.11307693 0.68661845
v 0.14538461 0.12492992 0.69461536
v 0.16781664 0.14538461 0.56538463
v 0.15422972 0.14538461 0.59769231
v 0.14538461 0.14538461 0.60746682
v 0.14538461 0.15851146 0.63000000
v 0.17119808 0.14538461 0.66230768
v 0.14538449 0.16143678 0.66230756
v 0.15574229 0.14538461 0.69461536
v 0.14538461 0.15574229 0.69461536
v 0.14538461 0.14538461 0.71005356
v 0.17769231 -0.14763862 -0.30692309
v 0.17769231 -0.15248039 -0.27461538
v 0.17769231 -0.15569262 -0.24230769
v 0.17769231 -0.15793493 -0.20999999
v 0.17769231 -0.15987879 -0.17769231
v 0.17769231 -0.16180159 -0.14538468
v 0.17769231 -0.16278945 -0.11307693
v 0.17769231 -0.16358615 -0.08076923
v 0.17769231 -0.16418180 -0.04846148
v 0.17769231 -0.16470885 -0.01615385
v 0.17769231 -0.16500217 0.01615385
v 0.17769231 -0.16481787 0.04846154
v 0.17769231 -0.16452990 0.08076923
v 0.17769231 -0.16397893 0.11307693
v 0.17769231 -0.16327122 0.14538461
v 0.17769231 -0.16255812 0.17769231
v 0.17769231 -0.16200593 0.20999999
v 0.17769231 -0.16122782 0.24230769
v 0.17769231 -0.15918148 0.27461538
v 0.17769231 -0.15633294 0.30692309
v 0.17769231 -0.15138580 0.33923078
v 0.17769231 -0.12096424 -0.43615386
v 0.17769231 -0.13079005 -0.40384614
v 0.17769231 -0.13665383 -0.37153846
v 0.17769231 -0.14294271 -0.33923078
v 0.17769231 -0.14538461 -0.32243076
v 0.18020970 -0.14538468 -0.30692309
v 0.18691565 -0.14538468 -0.27461538
v 0.19287795 -0.14538461 -0.24230769
v 0.19844316 -0.14538461 -0.20999999
v 0.20452155 -0.14538461 -0.17769231
v 0.20818006 -0.14538461 -0.14538461
v 0.17769231 -0.11345424 -0.11307693
v 0.17769231 -0.11704063 -0.08076923
v 0.17769231 -0.11727184 -0.04846154
v 0.17769231 -0.11766758 -0.01615385
v 0.17769231 -0.11787044 0.01615385
v 0.17769231 -0.11763036 0.04846154
v 0.17769231 -0.11808833 0.08076923
v 0.17769231 -0.11849658 0.11307693
v 0.17769231 -0.11870474 0.14538461
v 0.17769231 -0.11894353 0.17769231
v 0.17769231 -0.11911151 0.20999999
v 0.20917685 -0.14538461 0.24230769
v 0.17769231 -0.11936841 0.24230769
v 0.20377754 -0.14538461 0.27461538
v 0.17769231 -0.12111595 0.27461538
v 0.19490199 -0.14538461 0.30692309
v 0.17769231 -0.11693816 0.30692309
v 0.18497147 -0.14538468 0.33923078
v 0.17769231 -0.14538461 0.36452255
v 0.17769231 -0.14100119 0.37153846
v 0.17769231 -0.13614328 0.40384614
v 0.17769231 -0.12723009 0.43615386
v 0.17769231 -0.09923076 -0.46846160
v 0.17769231 -0.11307693 -0.45189157
v 0.18561678 -0.11307693 -0.43615386
v 0.19520257 -0.11307693 -0.40384614
v 0.20840436 -0.11307693 -0.37153846
v 0.17769231 -0.08281434 -0.37153846
v 0.17769231 -0.09289251 -0.33923078
v 0.17769231 -0.09888888 -0.30692309
v 0.17769231 -0.10136375 -0.27461538
v 0.17769231 -0.10402791 -0.24230769
v 0.17769231 -0.10727811 -0.20999999
v 0.17769231 -0.10966775 -0.17769231
v 0.17769231 -0.11111487 -0.14538461
v 0.17769231 -0.11307693 -0.11849886
v 0.17827748 -0.11307693 -0.11307693
v 0.19002301 -0.11307693 -0.08076917
v 0.18494350 -0.11307693 -0.04846154
v 0.18803865 -0.11307693 -0.01615385
v 0.19190259 -0.11307693 0.01615385
v 0.18229510 -0.11307693 0.04846154
v 0.20495193 -0.11307693 0.14538461
v 0.20467868 -0.11307693 0.17769231
v 0.20044316 -0.11307693 0.20999999
v 0.19406749 -0.11307693 0.24230769
v 0.18977922 -0.11307693 0.27461550
v 0.17978166 -0.11307693 0.30692309
v 0.17769231 -0.11307693 0.32384166
v 0.17769231 -0.11096673 0.33923078
v 0.17769231 -0.09997097 0.37153846
v 0.20029317 -0.11307693 0.40384614
v 0.17769231 -0.08096463 0.40384614
v 0.19005862 -0.11307693 0.43615386
v 0.17769231 -0.11307693 0.46759722
v 0.17769231 -0.11219462 0.46846154
v 0.17769231 -0.08258819 0.50076926
v 0.17769231 -0.06522316 -0.50076926
v 0.17769231 -0.08076929 -0.48609492
v 0.18781446 -0.08076923 -0.46846154
v 0.19753583 -0.08076923 -0.43615386
v 0.17769231 -0.06206479 -0.40384614
v 0.17769231 -0.08076923 -0.37578237
v 0.18062009 -0.08076923 -0.37153846
v 0.19090591 -0.08076923 -0.33923078
v 0.20083162 -0.08076923 -0.30692309
v 0.20554005 -0.08076923 -0.27461538
v 0.20998004 -0.08076923 -0.24230769
v 0.19395831 -0.08076923 -0.14538461
v 0.20858885 -0.08076923 -0.11307693
v 0.20281167 -0.08076923 0.04846154
v 0.19801082 -0.08076923 0.30692309
v 0.19330412 -0.08076923 0.33923078
v 0.18992908 -0.08076923 0.37153846
v 0.17806882 -0.08076929 0.40384614
v 0.17769231 -0.08076929 0.40408218
v 0.20789301 -0.08076923 0.43615386
v 0.19279611 -0.08076923 0.46846166
v 0.17908694 -0.08076923 0.50076926
v 0.17769231 -0.08076923 0.50251341
v 0.17769231 -0.04933891 0.53307694
v 0.17769231 -0.03775299 -0.53307694
v 0.17769231 -0.04846154 -0.51780063
v 0.18707660 -0.04846148 -0.50076926
v 0.19896153 -0.04846154 -0.46846154
v 0.17769231 -0.01764227 -0.43615386
v 0.17769231 -0.04846154 -0.41954708
v 0.18751684 -0.04846154 -0.40384614
v 0.19774979 -0.04846154 -0.37153846
v 0.20515491 -0.04846154 -0.14538461
v 0.20921136 -0.04846154 0.33923078
v 0.19050069 -0.04846148 0.37153846
v 0.17769231 -0.01816069 0.37153846
v 0.18219984 -0.04846154 0.40384614
v 0.17769231 -0.02199438 0.40384614
v 0.17769231 -0.04846154 0.42013654
v 0.20823465 -0.04846154 0.46846154
v 0.19060224 -0.04846154 0.50076926
v 0.17838986 -0.04846160 0.53307694
v 0.17769231 -0.04846154 0.53403538
v 0.17769231 -0.01902137 0.56538463
v 0.17769231 -0.01153848 -0.56538457
v 0.17769231 -0.01615385 -0.56264037
v 0.19322352 -0.01615385 -0.53307694
v 0.20751835 -0.01615385 -0.50076926
v 0.17769231 -0.01615385 -0.43670517
v 0.17822324 -0.01615385 -0.43615380
v 0.17769219 -0.01361354 -0.43615392
v 0.19300994 -0.01615385 -0.40384614
v 0.17769231 0.01093791 -0.40384614
v 0.17769231 -0.01615385 0.36981329
v 0.18813688 -0.01615385 0.53307694
v 0.17981470 -0.01615385 0.56538463
v 0.17769243 -0.01615385 0.56788683
v 0.17769231 0.01615385 -0.57892305
v 0.18712726 0.01615385 -0.56538463
v 0.20470335 0.01615385 -0.53307694
v 0.17769231 0.01615385 -0.39822376
v 0.17769231 0.03479969 -0.37153846
v 0.17769231 0.01615385 0.36901048
v 0.19641837 0.01615385 0.37153846
v 0.17769231 0.04423217 0.50076926
v 0.20897757 0.01615385 0.53307694
v 0.18920268 0.01615385 0.56538451
v 0.17769231 0.01615385 0.58177125
v 0.17769231 0.06449300 -0.59769231
v 0.17769231 0.04846141 -0.58377028
v 0.18902953 0.04846154 -0.56538463
v 0.20743850 0.04846154 -0.53307694
v 0.17769231 0.07576380 -0.53307694
v 0.17769231 0.06241116 -0.50076926
v 0.17769231 0.06107692 -0.46846154
v 0.17769231 0.06013349 -0.43615386
v 0.17769231 0.05877251 -0.40384614
v 0.17769231 0.05708431 -0.37153846
v 0.17769231 0.04846154 -0.36115545
v 0.17769231 0.04846154 0.36567339
v 0.17769231 0.05349100 0.37153858
v 0.17769231 0.05122023 0.40384614
v 0.17769231 0.04978099 0.43615386
v 0.17769231 0.04859821 0.46846154
v 0.17769231 0.04846154 0.47113582
v 0.17927697 0.04846154 0.50076926
v 0.17769231 0.04846154 0.50414723
v 0.17769231 0.07301348 0.53307694
v 0.19557256 0.04846154 0.56538463
v 0.17769231 0.04846154 0.59133822
v 0.17769231 0.06455882 0.59769231
v 0.17769231 0.09574104 -0.63000000
v 0.17769231 0.08076923 -0.61276925
v 0.18721981 0.08076923 -0.59769231
v 0.20227222 0.08076923 -0.56538463
v 0.17769231 0.08076923 -0.53817815
v 0.18511333 0.08076923 -0.53307694
v 0.19468458 0.08076923 -0.50076926
v 0.20190422 0.08076923 0.50076926
v 0.18212885 0.08076923 0.53307694
v 0.17769231 0.08076923 0.53734094
v 0.20542161 0.08076923 0.56538463
v 0.18359274 0.08076923 0.59769231
v 0.17769231 0.08076923 0.60501409
v 0.17769231 0.10113889 0.63000000
v 0.17769231 0.11307693 -0.65141678
v 0.18915635 0.11307693 -0.63000005
v 0.17769231 0.12472891 -0.63000000
v 0.20502463 0.11307693 -0.59769231
v 0.17769231 0.12918036 -0.59769231
v 0.17769231 0.12462465 -0.56538463
v 0.17769231 0.11307693 -0.54724342
v 0.18747616 0.11307693 -0.53307694
v 0.19640605 0.11307693 -0.50076926
v 0.20752908 0.11307693 -0.46846154
v 0.19215167 0.11307693 0.53307694
v 0.17769231 0.11307693 0.56010556
v 0.20770235 0.11307693 0.59769231
v 0.18767063 0.11307693 0.63000000
v 0.17769231 0.11307693 0.64545149
v 0.20789967 0.14538461 0.50076926
v 0.19662124 0.14538461 0.53307694
v 0.17769231 0.14538461 0.55040753
v 0.17769231 0.15521739 0.56538463
v 0.17769231 0.15961808 0.59769231
v 0.19168654 0.14538461 0.63000000
v 0.17769231 0.15932919 0.63000000
v 0.17769231 0.14538461 0.65434355
v 0.20999999 -0.14579576 -0.11307693
v 0.20999999 -0.14899431 -0.08076923
v 0.20999999 -0.15148582 -0.04846154
v 0.20999999 -0.15367727 -0.01615385
v 0.20999999 -0.15476891 0.01615385
v 0.20999999 -0.15471795 0.04846154
v 0.20999999 -0.15419583 0.08076923
v 0.20999999 -0.15348046 0.11307693
v 0.20999999 -0.15210204 0.14538461
v 0.20999999 -0.15003085 0.17769231
v 0.20999999 -0.14740755 0.20999999
v 0.20999999 -0.12343460 -0.33923078
v 0.20999999 -0.12797405 -0.30692309
v 0.20999987 -0.13193308 -0.27461538
v 0.20999999 -0.13426234 -0.24230769
v 0.20999999 -0.13698091 -0.20999999
v 0.20999999 -0.14075686 -0.17769231
v 0.20999999 -0.14360768 -0.14538461
v 0.20999999 -0.14538461 -0.11893490
v 0.21041127 -0.14538455 -0.11307693
v 0.21375562 -0.14538468 -0.08076929
v 0.21715271 -0.14538461 -0.04846154
v 0.22103553 -0.14538461 -0.01615385
v 0.22360873 -0.14538461 0.01615385
v 0.22346158 -0.14538461 0.04846154
v 0.22226882 -0.14538455 0.08076923
v 0.20999999 -0.11887574 0.08076923
v 0.22093964 -0.14538461 0.11307693
v 0.20999999 -0.11668157 0.11307693
v 0.21845430 -0.14538461 0.14538461
v 0.21526635 -0.14538461 0.17769231
v 0.21203488 -0.14538455 0.20999999
v 0.20999999 -0.14538461 0.23350905
v 0.20999999 -0.14215389 0.24230769
v 0.20999999 -0.13566257 0.27461538
v 0.20999999 -0.13540623 0.30692309
v 0.20999999 -0.12661324 0.33923078
v 0.20999999 -0.11471804 0.37153846
v 0.20999999 -0.08097616 -0.40384614
v 0.20999999 -0.11077787 -0.37153840
v 0.20999987 -0.11307698 -0.36833423
v 0.22035767 -0.11307693 -0.33923078
v 0.22399424 -0.11307693 -0.30692309
v 0.22824566 -0.11307693 -0.27461538
v 0.23136042 -0.11307693 -0.24230769
v 0.23546420 -0.11307693 -0.20999999
v 0.20999999 -0.08431903 -0.20999999
v 0.24090147 -0.11307693 -0.17769231
v 0.20999999 -0.08917300 -0.17769231
v 0.20999999 -0.10438557 -0.08076923
v 0.20999999 -0.08979846 -0.04846154
v 0.20999999 -0.09845069 -0.01615385
v 0.20999999 -0.10355891 0.01615385
v 0.20999999 -0.11307693 0.07829128
v 0.21314974 -0.11307698 0.08076923
v 0.21179813 -0.11307686 0.11307693
v 0.20999999 -0.11307693 0.12981470
v 0.20999999 -0.11185502 0.14538461
v 0.20999999 -0.11167225 0.17769231
v 0.20999999 -0.10969418 0.20999999
v 0.20999999 -0.10470951 0.24230769
v 0.23465954 -0.11307693 0.27461538
v 0.20999999 -0.09783958 0.27461538
v 0.23080175 -0.11307693 0.30692309
v 0.22171879 -0.11307693 0.33923078
v 0.21165098 -0.11307693 0.37153846
v 0.20999999 -0.11307693 0.37519944
v 0.20999999 -0.09840158 0.40384614
v 0.20999999 -0.05298804 -0.43615386
v 0.20999999 -0.08076923 -0.40409288
v 0.21015541 -0.08076929 -0.40384614
v 0.22305550 -0.08076923 -0.37153846
v 0.23040478 -0.08076923 -0.33923078
v 0.20999999 -0.04872996 -0.33923078
v 0.23329486 -0.08076923 -0.30692309
v 0.20999999 -0.06255548 -0.30692309
v 0.20999999 -0.07270210 -0.27461538
v 0.20999987 -0.08073731 -0.24230769
v 0.20999999 -0.08076917 -0.24214716
v 0.21551259 -0.08076917 -0.20999999
v 0.21898548 -0.08076923 -0.17769225
v 0.20999999 -0.08076929 -0.16857164
v 0.20999999 -0.07780379 -0.11307693
v 0.20999987 -0.08076929 -0.11089760
v 0.22231060 -0.08076929 -0.08076929
v 0.21538466 -0.08076923 -0.04846160
v 0.21963559 -0.08076923 -0.01615385
v 0.22134782 -0.08076923 0.01615385
v 0.20999999 -0.08076923 0.03719715
v 0.20999999 -0.06914861 0.04846154
v 0.21000013 -0.08076923 0.05656077
v 0.23238900 -0.08076923 0.08076923
v 0.23479252 -0.08076923 0.11307693
v 0.23228598 -0.08076923 0.14538461
v 0.23014326 -0.08076923 0.17769231
v 0.22795630 -0.08076923 0.20999999
v 0.22537038 -0.08076923 0.24230769
v 0.22106633 -0.08076923 0.27461538
v 0.20999999 -0.08076923 0.28881556
v 0.20999999 -0.06044320 0.30692309
v 0.24027996 -0.08076923 0.33923078
v 0.22879054 -0.08076923 0.37153846
v 0.22085916 -0.08076923 0.40384614
v 0.20999999 -0.08076923 0.43290502
v 0.21000013 -0.07734840 0.43615386
v 0.20999999 -0.03190382 -0.46846154
v 0.20999999 -0.04846154 -0.44153160
v 0.21299939 -0.04846154 -0.43615386
v 0.22392978 -0.04846148 -0.40384614
v 0.23180212 -0.04846154 -0.37153846
v 0.20999999 -0.01854663 -0.37153846
v 0.20999999 -0.04846154 -0.33961332
v 0.21181946 -0.04846154 -0.33923084
v 0.22349030 -0.04846160 -0.30692309
v 0.22344692 -0.04846160 -0.27461538
v 0.22304107 -0.04846154 -0.24230769
v 0.22415593 -0.04846160 -0.21000007
v 0.22642954 -0.04846154 -0.17769231
v 0.20999999 -0.04846154 -0.15047620
v 0.20999999 -0.04139127 -0.14538461
v 0.20999999 -0.04846154 -0.13623005
v 0.22082046 -0.04846148 -0.11307686
v 0.22903948 -0.04846154 -0.08076923
v 0.22844408 -0.04846154 -0.04846154
v 0.23088580 -0.04846154 -0.01615385
v 0.23233971 -0.04846154 0.01615385
v 0.22085854 -0.04846154 0.04846154
v 0.24162813 -0.04846154 0.17769231
v 0.24047443 -0.04846154 0.20999999
v 0.23711728 -0.04846154 0.24230769
v 0.23252384 -0.04846154 0.27461538
v 0.21845430 -0.04846154 0.30692309
v 0.20999999 -0.04846154 0.33710051
v 0.20999999 -0.04719644 0.33923078
v 0.24227145 -0.04846154 0.37153846
v 0.22959766 -0.04846154 0.40384614
v 0.22040415 -0.04846154 0.43615386
v 0.20999999 -0.04846154 0.46690619
v 0.21000013 -0.04703160 0.46846166
v 0.20999999 -0.01863518 0.50076926
v 0.21000013 -0.01225490 -0.50076926
v 0.20999999 -0.01615385 -0.49605909
v 0.22058827 -0.01615385 -0.46846154
v 0.23046578 -0.01615385 -0.43615386
v 0.20999999 -0.01615385 -0.37393126
v 0.21251345 -0.01615385 -0.37153846
v 0.22217306 -0.01615385 -0.33923078
v 0.22419229 -0.01615385 -0.30692315
v 0.22599387 -0.01615385 -0.27461538
v 0.22856104 -0.01615385 -0.24230769
v 0.23084365 -0.01615385 -0.20999999
v 0.23312859 -0.01615385 -0.17769231
v 0.22238776 -0.01615385 -0.14538461
v 0.23681828 -0.01615385 -0.11307693
v 0.23897961 -0.01615385 -0.08076923
v 0.24027367 -0.01615385 -0.04846154
v 0.22955464 -0.01615385 0.04846154
v 0.23594411 -0.01615385 0.30692309
v 0.22219402 -0.01615385 0.33923078
v 0.20999999 -0.01615385 0.37069708
v 0.20999999 -0.00368155 0.37153846
v 0.23344694 -0.01615385 0.43615386
v 0.22202492 -0.01615385 0.46846166
v 0.21119706 -0.01615385 0.50076926
v 0.21000013 -0.01615385 0.50262541
v 0.20999999 0.01615385 -0.52518088
v 0.22224158 0.01615385 -0.50076926
v 0.23039147 0.01615385 -0.46846154
v 0.20999999 0.01615385 -0.37922001
v 0.21310304 0.01615385 -0.37153846
v 0.20999999 0.02281124 -0.37153846
v 0.22584327 0.01615385 -0.33923078
v 0.22773531 0.01615385 -0.30692309
v 0.23097047 0.01615385 -0.27461538
v 0.23432580 0.01615385 -0.24230769
v 0.23630656 0.01615385 -0.20999999
v 0.24048565 0.01615385 -0.17769231
v 0.23204689 0.01615385 -0.14538461
v 0.23692304 0.01615385 0.33923078
v 0.21082203 0.01615385 0.37153846
v 0.20999999 0.02040145 0.37153846
v 0.20999999 0.01615385 0.37349471
v 0.24081866 0.01615385 0.46846154
v 0.22661540 0.01615385 0.50076926
v 0.20999999 0.01615385 0.53184372
v 0.21000013 0.01966556 0.53307706
v 0.20999999 0.05243061 -0.53307694
v 0.20999999 0.04846154 -0.52985656
v 0.22280112 0.04846154 -0.50076926
v 0.23128808 0.04846154 -0.46846154
v 0.20999999 0.08054320 -0.46846154
v 0.20999999 0.06317454 -0.43615386
v 0.20999999 0.05940869 -0.40384614
v 0.20999999 0.05784583 -0.37153846
v 0.20999999 0.04846154 -0.36013061
v 0.22895803 0.04846154 -0.33923078
v 0.23454751 0.04846154 -0.30692309
v 0.24065523 0.04846154 -0.27461538
v 0.20999999 0.04846154 0.36627460
v 0.20999999 0.05316317 0.37153846
v 0.20999999 0.05128333 0.40384614
v 0.20999999 0.05015824 0.43615386
v 0.20999999 0.05456853 0.46846154
v 0.22925270 0.04846154 0.50076926
v 0.21659011 0.04846154 0.53307694
v 0.20999999 0.04846154 0.54146057
v 0.20999999 0.08964860 -0.56538457
v 0.20999999 0.08076923 -0.55461544
v 0.22121990 0.08076923 -0.53307694
v 0.23148613 0.08076923 -0.50076926
v 0.20999999 0.08076923 -0.46867204
v 0.21080294 0.08076923 -0.46846154
v 0.20999999 0.08282075 -0.46846154
v 0.22499079 0.08076923 -0.43615386
v 0.23039147 0.08076923 -0.40384614
v 0.23674889 0.08076923 0.40384614
v 0.22759223 0.08076923 0.43615386
v 0.22245492 0.08076923 0.46846154
v 0.20999999 0.08076923 0.48636544
v 0.23953050 0.08076923 0.50076926
v 0.20999999 0.10839698 0.50076926
v 0.22537322 0.08076923 0.53307706
v 0.20999999 0.08076923 0.56062323
v 0.20999999 0.08480486 0.56538463
v 0.20999987 0.11307693 -0.59090447
v 0.22322495 0.11307693 -0.56538463
v 0.20999999 0.12620378 -0.56538457
v 0.23711728 0.11307693 -0.53307694
v 0.20999999 0.12923077 -0.53307694
v 0.20999999 0.12662157 -0.50076926
v 0.20999999 0.11554784 -0.46846154
v 0.20999999 0.11307693 -0.46377030
v 0.22058827 0.11307693 -0.43615386
v 0.22811539 0.11307693 -0.40384614
v 0.23897961 0.11307693 -0.37153846
v 0.23597603 0.11307693 0.40384614
v 0.22914523 0.11307693 0.43615386
v 0.22387913 0.11307693 0.46846154
v 0.21175253 0.11307693 0.50076926
v 0.20999999 0.12758029 0.50076926
v 0.20999999 0.11307693 0.50252175
v 0.22922336 0.11307693 0.56538463
v 0.20999999 0.11307693 0.59532601
v 0.20999999 0.14072895 0.59769231
v 0.20999999 0.14538461 0.49631125
v 0.20999999 0.14748494 0.50076926
v 0.20999999 0.15389831 0.53307694
v 0.22414029 0.14538461 0.56538463
v 0.20999999 0.15606372 0.56538463
v 0.21041127 0.14538461 0.59769231
v 0.21000013 0.14579576 0.59769231
v 0.20999999 0.14538461 0.59810603
v 0.24230769 -0.11341720 -0.14538461
v 0.24230769 -0.11442534 -0.11307693
v 0.24230769 -0.11891567 -0.08076923
v 0.24230769 -0.12422305 -0.04846154
v 0.24230769 -0.12855934 -0.01615385
v 0.24230781 -0.13210747 0.01615385
v 0.24230757 -0.13114734 0.04846154
v 0.24230769 -0.13096020 0.08076923
v 0.24230769 -0.12993307 0.11307693
v 0.24230769 -0.12782289 0.14538461
v 0.24230769 -0.12394970 0.17769231
v 0.24230769 -0.11866462 0.20999999
v 0.24230769 -0.11412697 0.24230769
v 0.24230769 -0.08351751 -0.27461538
v 0.24230769 -0.09377468 -0.24230769
v 0.24230769 -0.10308251 -0.20999999
v 0.24230769 -0.11154222 -0.17769231
v 0.24230769 -0.11307693 -0.15150905
v 0.24264784 -0.11307693 -0.14538461
v 0.24365623 -0.11307693 -0.11307693
v 0.24793550 -0.11307693 -0.08076923
v 0.25204223 -0.11307693 -0.04846160
v 0.25462729 -0.11307698 -0.01615385
v 0.25815442 -0.11307693 0.01615385
v 0.25646916 -0.11307693 0.04846154
v 0.25645328 -0.11307693 0.08076923
v 0.25584841 -0.11307698 0.11307680
v 0.25469545 -0.11307686 0.14538461
v 0.25214046 -0.11307693 0.17769231
v 0.24786636 -0.11307693 0.20999999
v 0.24335773 -0.11307693 0.24230769
v 0.24230769 -0.11307698 0.24898666
v 0.24230781 -0.10900450 0.27461538
v 0.24230769 -0.09580057 0.30692309
v 0.24230769 -0.05472899 -0.33923078
v 0.24230757 -0.07224419 -0.30692315
v 0.24230769 -0.08076923 -0.28481779
v 0.24443008 -0.08076923 -0.27461538
v 0.25060043 -0.08076923 -0.24230769
v 0.25442308 -0.08076923 -0.20999999
v 0.25772244 -0.08076923 -0.17769231
v 0.25877026 -0.08076923 -0.14538461
v 0.25931180 -0.08076923 -0.11307693
v 0.26107073 -0.08076923 -0.08076923
v 0.26421124 -0.08076923 -0.04846154
v 0.27017418 -0.08076923 -0.01615385
v 0.27303737 -0.08076923 0.01615385
v 0.27159518 -0.08076923 0.04846154
v 0.26590216 -0.08076923 0.08076923
v 0.24230769 -0.05444239 0.08076923
v 0.26130071 -0.08076923 0.11307693
v 0.24230769 -0.06265451 0.11307693
v 0.26071408 -0.08076923 0.14538461
v 0.24230769 -0.05242568 0.14538461
v 0.25993010 -0.08076923 0.17769231
v 0.25881353 -0.08076923 0.20999999
v 0.25749162 -0.08076923 0.24230769
v 0.25760573 -0.08076923 0.27461538
v 0.25280428 -0.08076923 0.30692309
v 0.24230769 -0.08076923 0.33541489
v 0.24230757 -0.07760555 0.33923078
v 0.24230769 -0.01620604 -0.40384614
v 0.24230769 -0.03757527 -0.37153840
v 0.24230769 -0.04846154 -0.34873301
v 0.24579735 -0.04846154 -0.33923078
v 0.25194329 -0.04846154 -0.30692309
v 0.25532719 -0.04846160 -0.27461538
v 0.25777742 -0.04846154 -0.24230769
v 0.26039535 -0.04846154 -0.20999999
v 0.26374686 -0.04846154 -0.17769231
v 0.26724970 -0.04846154 -0.14538461
v 0.26822791 -0.04846154 -0.11307693
v 0.27191067 -0.04846154 -0.08076923
v 0.24230769 -0.01659204 -0.01615385
v 0.24230769 -0.02018916 0.01615385
v 0.24230769 -0.04846154 0.07822326
v 0.24820861 -0.04846160 0.08076923
v 0.25594872 -0.04846160 0.11307693
v 0.24940827 -0.04846154 0.14538461
v 0.24230769 -0.04846154 0.16942756
v 0.24230769 -0.04693892 0.17769231
v 0.26672679 -0.04846154 0.20999999
v 0.24230769 -0.04388019 0.20999999
v 0.26106444 -0.04846154 0.24230769
v 0.24230769 -0.03197111 0.24230769
v 0.25988403 -0.04846154 0.27461538
v 0.24230769 -0.01718743 0.27461538
v 0.26121369 -0.04846154 0.30692309
v 0.25434384 -0.04846154 0.33923078
v 0.24230769 -0.04846154 0.37150925
v 0.24230769 -0.04844268 0.37153846
v 0.24230769 -0.02692304 0.40384614
v 0.24230769 0.01234043 -0.43615386
v 0.24230769 -0.01615385 -0.40393507
v 0.24235883 -0.01615385 -0.40384614
v 0.25406173 -0.01615385 -0.37153846
v 0.25977433 -0.01615385 -0.33923078
v 0.26301098 -0.01615385 -0.30692309
v 0.26696143 -0.01615385 -0.27461538
v 0.27252740 -0.01615385 -0.24230769
v 0.24230769 -0.00416429 -0.11307698
v 0.24230769 -0.00855511 -0.08076923
v 0.24230769 -0.01267208 -0.04846154
v 0.24230769 -0.01615385 -0.01940576
v 0.24254888 -0.01615385 -0.01615385
v 0.24421933 -0.01615385 0.01615385
v 0.24230769 -0.01615385 0.01897922
v 0.24230769 0.01495037 0.04846154
v 0.24230769 -0.01615385 0.06636287
v 0.25347337 -0.01615385 0.08076923
v 0.25465700 -0.01615385 0.11307693
v 0.25351921 -0.01615385 0.14538461
v 0.25356272 -0.01615385 0.17769231
v 0.25435209 -0.01615385 0.20999999
v 0.25118756 -0.01615385 0.24230769
v 0.24364957 -0.01615385 0.27461538
v 0.24230757 -0.01615385 0.27641228
v 0.24230769 0.00888959 0.30692309
v 0.26731008 -0.01615385 0.33923078
v 0.25879812 -0.01615385 0.37153846
v 0.24936883 -0.01615385 0.40384614
v 0.24230769 -0.01615385 0.41930884
v 0.24230757 -0.00597623 0.43615386
v 0.24230769 0.01615385 -0.43991321
v 0.24461630 0.01615385 -0.43615386
v 0.25592011 0.01615385 -0.40384614
v 0.26013261 0.01615385 -0.37153846
v 0.26416701 0.01615385 -0.33923078
v 0.26970422 0.01615385 -0.30692309
v 0.24230769 0.04029834 -0.24230769
v 0.24230769 0.03336895 -0.20999999
v 0.24230769 0.02567815 -0.17769231
v 0.24230769 0.04552217 -0.14538461
v 0.24230769 0.01615385 -0.12692308
v 0.25062826 0.01615385 -0.11307693
v 0.25109217 0.01615385 -0.08076923
v 0.25385541 0.01615385 -0.04846160
v 0.25557590 0.01615385 -0.01615385
v 0.25568041 0.01615385 0.01615385
v 0.24310768 0.01615385 0.04846154
v 0.25418362 0.01615385 0.08076923
v 0.25564566 0.01615385 0.11307693
v 0.25477186 0.01615385 0.14538461
v 0.25372958 0.01615385 0.17769231
v 0.25242984 0.01615385 0.20999999
v 0.25051636 0.01615385 0.24230769
v 0.24681793 0.01615385 0.27461550
v 0.24546348 0.01615385 0.30692309
v 0.24230781 0.01615385 0.31878456
v 0.24230781 0.02661024 0.33923078
v 0.27307582 0.01615385 0.37153846
v 0.26155990 0.01615385 0.40384614
v 0.25523081 0.01615385 0.43615386
v 0.24230769 0.01615385 0.46636823
v 0.24230769 0.03164834 0.46846154
v 0.24230769 0.06952136 -0.46846154
v 0.24230769 0.04846154 -0.44987935
v 0.24985269 0.04846154 -0.43615386
v 0.25766194 0.04846154 -0.40384609
v 0.25906581 0.04846154 -0.37153846
v 0.24230769 0.07994153 -0.37153846
v 0.26576632 0.04846154 -0.33923078
v 0.24230769 0.07000004 -0.33923078
v 0.24230769 0.05926758 -0.30692309
v 0.24230769 0.05026374 -0.27461538
v 0.24230769 0.04846154 -0.26405028
v 0.24715735 0.04846154 -0.24230769
v 0.24808340 0.04846154 -0.20999999
v 0.24639361 0.04846154 -0.17769225
v 0.24383752 0.04846154 -0.14538461
v 0.25668424 0.04846154 -0.11307693
v 0.25975966 0.04846154 -0.08076923
v 0.26134163 0.04846154 -0.04846154
v 0.26033992 0.04846154 -0.01615385
v 0.26116380 0.04846154 0.01615385
v 0.25402093 0.04846154 0.04846154
v 0.25316623 0.04846154 0.08076923
v 0.25316623 0.04846154 0.11307693
v 0.25079402 0.04846154 0.14538461
v 0.24880143 0.04846154 0.17769219
v 0.24817435 0.04846154 0.20999999
v 0.24751586 0.04846154 0.24230769
v 0.24768877 0.04846154 0.27461538
v 0.25098580 0.04846154 0.30692309
v 0.25430354 0.04846154 0.33923078
v 0.24230769 0.04846154 0.35402340
v 0.24230769 0.07274739 0.37153846
v 0.25851861 0.04846154 0.40384614
v 0.25650948 0.04846154 0.43615386
v 0.24384049 0.04846154 0.46846154
v 0.24230769 0.04846154 0.47086838
v 0.24230769 0.09704102 -0.50076926
v 0.24230769 0.08076923 -0.47938570
v 0.24814047 0.08076923 -0.46846154
v 0.25749803 0.08076923 -0.43615386
v 0.26089710 0.08076923 -0.40384614
v 0.24230769 0.08076923 -0.37245643
v 0.24230769 0.08495423 -0.37153846
v 0.25755915 0.08076923 -0.33923078
v 0.25888661 0.08076923 -0.30692309
v 0.25915381 0.08076923 -0.27461538
v 0.25930613 0.08076923 -0.24230769
v 0.26170444 0.08076923 -0.20999999
v 0.26439846 0.08076923 -0.17769231
v 0.26683548 0.08076923 -0.14538461
v 0.27151236 0.08076923 -0.11307693
v 0.27243802 0.08076923 -0.01615385
v 0.27453750 0.08076923 0.01615385
v 0.25828913 0.08076923 0.04846154
v 0.25806198 0.08076923 0.08076923
v 0.25936529 0.08076923 0.11307693
v 0.26269916 0.08076923 0.14538461
v 0.26188809 0.08076923 0.17769231
v 0.26041359 0.08076923 0.20999999
v 0.25914568 0.08076923 0.24230769
v 0.25825438 0.08076923 0.27461538
v 0.25591704 0.08076923 0.30692309
v 0.25458762 0.08076923 0.33923078
v 0.24710028 0.08076923 0.37153846
v 0.24230769 0.08076923 0.38200668
v 0.26215491 0.08076923 0.43615386
v 0.25518215 0.08076923 0.46846154
v 0.24230769 0.08076923 0.49930522
v 0.24230757 0.08176628 0.50076926
v 0.24230769 0.10721556 0.53307694
v 0.24230769 0.11307693 -0.52304471
v 0.25198567 0.11307693 -0.50076926
v 0.24230769 0.12288456 -0.50076926
v 0.25937390 0.11307693 -0.46846154
v 0.24230769 0.12918012 -0.46846154
v 0.26821864 0.11307693 -0.43615386
v 0.24230769 0.12918036 -0.43615386
v 0.24230769 0.12706931 -0.40384614
v 0.24230769 0.11640500 -0.37153846
v 0.24230769 0.11307693 -0.34597063
v 0.24325705 0.11307693 -0.33923078
v 0.24459448 0.11307693 -0.30692309
v 0.25146091 0.11307693 -0.27461538
v 0.25547016 0.11307693 -0.24230769
v 0.25913200 0.11307693 -0.20999999
v 0.26234743 0.11307693 -0.17769231
v 0.26454547 0.11307693 -0.14538461
v 0.26709381 0.11307693 -0.11307693
v 0.27249300 0.11307693 -0.08076923
v 0.27261463 0.11307693 -0.01615385
v 0.26591152 0.11307693 0.01615385
v 0.25820506 0.11307693 0.04846154
v 0.25815281 0.11307693 0.08076923
v 0.25867265 0.11307693 0.11307693
v 0.25856999 0.11307693 0.14538461
v 0.25747928 0.11307693 0.17769231
v 0.25644588 0.11307693 0.20999999
v 0.25518215 0.11307693 0.24230769
v 0.25385541 0.11307693 0.27461538
v 0.25252461 0.11307693 0.30692309
v 0.25062826 0.11307693 0.33923078
v 0.24379452 0.11307693 0.37153846
v 0.24230769 0.11307693 0.37687629
v 0.24230769 0.12853703 0.40384614
v 0.24230769 0.13906479 0.43615386
v 0.26680639 0.11307693 0.46846154
v 0.24230769 0.14438781 0.46846154
v 0.25866872 0.11307693 0.50076926
v 0.24758685 0.11307693 0.53307694
v 0.24230769 0.11307693 0.54045987
v 0.24230781 0.14538461 0.47558764
v 0.24576925 0.14538461 0.50076926
v 0.24230769 0.14865169 0.50076926
v 0.24902511 0.14538461 0.53307694
v 0.24230769 0.15210204 0.53307694
v 0.24230769 0.14538461 0.54253292
v 0.27461538 -0.05384250 -0.04846154
v 0.27461538 -0.07113364 -0.01615385
v 0.27461538 -0.07784452 0.01615385
v 0.27461538 -0.07457067 0.04846154
v 0.27461526 -0.07216033 0.08076923
v 0.27461538 -0.06799646 0.11307693
v 0.27461538 -0.06127633 0.14538461
v 0.27461538 -0.05317864 0.17769231
v 0.27461538 -0.01992117 -0.20999999
v 0.27461538 -0.03066183 -0.17769231
v 0.27461538 -0.03683075 -0.14538461
v 0.27461538 -0.04004933 -0.11307693
v 0.27461538 -0.04584285 -0.08076923
v 0.27461538 -0.04846154 -0.06779841
v 0.27741623 -0.04846154 -0.04846154
v 0.28342658 -0.04846148 -0.01615385
v 0.28547391 -0.04846154 0.01615385
v 0.28439924 -0.04846154 0.04846154
v 0.28355932 -0.04846154 0.08076923
v 0.28253996 -0.04846154 0.11307693
v 0.28048205 -0.04846154 0.14538461
v 0.27708617 -0.04846154 0.17769231
v 0.27461538 -0.04846154 0.20385936
v 0.27461538 -0.04746801 0.20999999
v 0.27461538 -0.04128658 0.24230769
v 0.27461538 -0.03154537 0.27461538
v 0.27461538 -0.01948489 0.30692309
v 0.27461538 0.00849866 -0.27461538
v 0.27461538 -0.01251470 -0.24230769
v 0.27461538 -0.01615385 -0.23159298
v 0.27763572 -0.01615385 -0.20999999
v 0.28337312 -0.01615385 -0.17769231
v 0.28573766 -0.01615385 -0.14538461
v 0.28683996 -0.01615385 -0.11307693
v 0.28825900 -0.01615385 -0.08076923
v 0.29165438 -0.01615385 -0.04846154
v 0.29386759 -0.01615385 -0.01615385
v 0.29533368 -0.01615385 0.01615385
v 0.29520997 -0.01615385 0.04846154
v 0.29434529 -0.01615385 0.08076923
v 0.29310989 -0.01615385 0.11307693
v 0.29162502 -0.01615385 0.14538461
v 0.28904837 -0.01615385 0.17769231
v 0.28688729 -0.01615385 0.20999999
v 0.28515792 -0.01615385 0.24230769
v 0.28265435 -0.01615385 0.27461538
v 0.27702159 -0.01615385 0.30692309
v 0.27461538 -0.01615385 0.31389931
v 0.27461538 -0.00050222 0.33923078
v 0.27461538 0.03954693 -0.30692309
v 0.27461538 0.01615385 -0.28719726
v 0.27734229 0.01615385 -0.27461538
v 0.28389752 0.01615385 -0.24230769
v 0.28774235 0.01615385 -0.20999999
v 0.29051277 0.01615385 -0.17769231
v 0.29134429 0.01615385 -0.14538461
v 0.29275310 0.01615385 -0.11307693
v 0.29476836 0.01615385 -0.08076923
v 0.29733726 0.01615385 -0.04846154
v 0.30088842 0.01615385 -0.01615385
v 0.30323401 0.01615385 0.01615385
v 0.30335331 0.01615385 0.04846154
v 0.30026913 0.01615385 0.08076923
v 0.29723781 0.01615385 0.11307693
v 0.29512826 0.01615385 0.14538461
v 0.29324323 0.01615385 0.17769231
v 0.29173201 0.01615385 0.20999999
v 0.29081988 0.01615385 0.24230769
v 0.29030177 0.01615385 0.27461538
v 0.28737965 0.01615385 0.30692309
v 0.28227833 0.01615385 0.33923078
v 0.27461538 0.01615385 0.36710820
v 0.27461538 0.02651362 0.37153846
v 0.27461538 0.06147648 -0.33923078
v 0.27461538 0.04846154 -0.31392062
v 0.27630186 0.04846154 -0.30692309
v 0.28288013 0.04846154 -0.27461538
v 0.28707954 0.04846154 -0.24230769
v 0.29008523 0.04846154 -0.20999999
v 0.29124275 0.04846154 -0.17769231
v 0.29281521 0.04846154 -0.14538461
v 0.29304209 0.04846154 -0.11307693
v 0.29574361 0.04846154 -0.08076923
v 0.27461538 0.07837337 -0.08076923
v 0.30137020 0.04846154 -0.04846154
v 0.27461538 0.07493202 -0.04846154
v 0.30554557 0.04846154 -0.01615385
v 0.30567512 0.04846154 0.01615385
v 0.30563849 0.04846154 0.04846154
v 0.30282399 0.04846154 0.08076923
v 0.29827321 0.04846154 0.11307693
v 0.29588792 0.04846154 0.14538461
v 0.29404852 0.04846154 0.17769231
v 0.29244030 0.04846154 0.20999999
v 0.29113045 0.04846154 0.24230769
v 0.29061642 0.04846154 0.27461538
v 0.28798810 0.04846154 0.30692309
v 0.28434995 0.04846154 0.33923078
v 0.27767715 0.04846154 0.37153846
v 0.27461538 0.04846154 0.37774083
v 0.27461538 0.07434440 0.40384614
v 0.27461538 0.09842653 -0.40384614
v 0.27461538 0.08086659 -0.37153846
v 0.27461538 0.08076923 -0.37123552
v 0.28198108 0.08076923 -0.33923072
v 0.28645089 0.08076923 -0.30692309
v 0.28929079 0.08076923 -0.27461538
v 0.29054937 0.08076923 -0.24230769
v 0.29018444 0.08076923 -0.20999999
v 0.29060715 0.08076923 -0.17769231
v 0.29308993 0.08076923 -0.14538461
v 0.29823819 0.08076923 -0.11307693
v 0.27461538 0.08076923 -0.09132521
v 0.28723261 0.08076923 -0.08076923
v 0.27461538 0.09443786 -0.08076923
v 0.28847209 0.08076923 -0.04846148
v 0.27461538 0.08076923 -0.02684601
v 0.30556196 0.08076923 0.11307693
v 0.29924965 0.08076923 0.14538461
v 0.29545262 0.08076923 0.17769231
v 0.29406193 0.08076923 0.20999999
v 0.29320341 0.08076923 0.24230769
v 0.29197800 0.08076923 0.27461538
v 0.29071820 0.08076923 0.30692294
v 0.28951818 0.08076923 0.33923078
v 0.28636953 0.08076923 0.37153846
v 0.27780062 0.08076923 0.40384614
v 0.27461550 0.08076923 0.40944403
v 0.27461538 0.10132314 0.43615386
v 0.27461550 0.11307693 -0.42296359
v 0.28312910 0.11307693 -0.40384614
v 0.27461538 0.12213252 -0.40384614
v 0.29008955 0.11307693 -0.37153846
v 0.27461538 0.12928562 -0.37153846
v 0.29244030 0.11307693 -0.33923078
v 0.27461538 0.13002519 -0.33923078
v 0.29545903 0.11307693 -0.30692309
v 0.27461538 0.13013710 -0.30692309
v 0.29920146 0.11307693 -0.27461538
v 0.27461538 0.13019355 -0.27461538
v 0.30482274 0.11307693 -0.24230769
v 0.27461538 0.13030767 -0.24230769
v 0.27461538 0.12861887 -0.20999999
v 0.27461538 0.12629053 -0.17769237
v 0.27461526 0.12431432 -0.14538468
v 0.27461538 0.12187149 -0.11307698
v 0.27461538 0.11583562 -0.08076923
v 0.27461538 0.11307693 -0.05969900
v 0.27578324 0.11307693 -0.04846154
v 0.27461538 0.11307693 -0.03675760
v 0.27461538 0.11609517 -0.01615385
v 0.27461538 0.14299208 0.01615385
v 0.27461538 0.14377764 0.04846154
v 0.27461538 0.13850981 0.08076923
v 0.27461538 0.13134834 0.11307693
v 0.27461538 0.12956500 0.14538461
v 0.27461538 0.13056760 0.17769231
v 0.27461538 0.13090183 0.20999999
v 0.30600947 0.11307693 0.24230769
v 0.27461538 0.13140750 0.24230769
v 0.30211127 0.11307693 0.27461538
v 0.27461538 0.13208140 0.27461538
v 0.29877061 0.11307693 0.30692309
v 0.27461538 0.13288237 0.30692309
v 0.29584429 0.11307693 0.33923078
v 0.27461538 0.13404739 0.33923078
v 0.29275310 0.11307693 0.37153846
v 0.27461538 0.13623141 0.37153846
v 0.28986290 0.11307693 0.40384614
v 0.27461538 0.13885096 0.40384614
v 0.28204107 0.11307693 0.43615386
v 0.27461538 0.13636291 0.43615386
v 0.27461538 0.11307693 0.45177603
v 0.30692309 0.07459544 -0.08076923
v 0.30692309 0.06184067 -0.04846154
v 0.30692309 0.05276929 -0.01615385
v 0.30692309 0.05241755 0.01615385
v 0.30692309 0.05553723 0.04846154
v 0.30692309 0.07067677 0.08076923
v 0.30692309 0.10860920 -0.20999999
v 0.30692309 0.09887119 -0.17769231
v 0.30692309 0.08989706 -0.14538461
v 0.30692309 0.08222979 -0.11307693
v 0.30692321 0.08076923 -0.10251879
v 0.30932918 0.08076923 -0.08076917
v 0.31218436 0.08076923 -0.04846160
v 0.31282350 0.08076923 -0.01615385
v 0.31234261 0.08076923 0.01615372
v 0.31107974 0.08076923 0.04846154
v 0.30892381 0.08076923 0.08076923
v 0.30692309 0.08076923 0.10145106
v 0.30692309 0.08243820 0.11307693
v 0.30692309 0.09012038 0.14538461
v 0.30692309 0.09959488 0.17769231
v 0.30692309 0.10843173 0.20999999
v 0.30692309 0.11307693 -0.23012385
v 0.31025115 0.11307693 -0.20999999
v 0.30692309 0.11710503 -0.20999999
v 0.31565380 0.11307693 -0.17769231
v 0.30692309 0.12378585 -0.17769231
v 0.31907779 0.11307693 -0.14538461
v 0.30692309 0.12806587 -0.14538461
v 0.32152787 0.11307693 -0.11307693
v 0.30692309 0.13114734 -0.11307693
v 0.32297525 0.11307693 -0.08076929
v 0.30692309 0.13313428 -0.08076923
v 0.32307693 0.11307693 -0.04846154
v 0.30692309 0.13396272 -0.04846154
v 0.32312757 0.11307693 -0.01615385
v 0.30692309 0.13479635 -0.01615385
v 0.32312757 0.11307693 0.01615385
v 0.30692309 0.14294611 0.01615385
v 0.32307693 0.11307693 0.04846154
v 0.30692309 0.14171527 0.04846154
v 0.32266271 0.11307680 0.08076923
v 0.30692309 0.13726789 0.08076923
v 0.32001430 0.11307693 0.11307693
v 0.30692309 0.13170946 0.11307693
v 0.31690153 0.11307693 0.14538461
v 0.30692309 0.12442820 0.14538449
v 0.31351319 0.11307693 0.17769231
v 0.30692309 0.12125355 0.17769231
v 0.30951181 0.11307680 0.20999999
v 0.30692309 0.11652911 0.20999999
v 0.30692309 0.11307693 0.23421721
f 82 1 116
f 84 2 82
f 82 2 1
f 86 3 84
f 84 3 2
f 88 4 86
f 86 4 3
f 90 5 88
f 88 5 4
f 92 6 90
f 90 6 5
f 94 7 92
f 92 7 6
f 117 7 94
f 109 8 137
f 111 9 109
f 109 9 8
f 113 10 111
f 111 10 9
f 115 11 113
f 113 11 10
f 116 1 115
f 1 11 115
f 1 12 11
f 2 12 1
f 13 12 2
f 3 13 2
f 14 13 3
f 4 14 3
f 15 14 4
f 5 15 4
f 16 15 5
f 6 16 5
f 17 16 6
f 7 17 6
f 18 17 7
f 119 19 117
f 19 7 117
f 19 18 7
f 121 20 119
f 119 20 19
f 123 21 121
f 121 21 20
f 125 22 123
f 123 22 21
f 153 22 125
f 8 138 137
f 9 139 8
f 8 139 138
f 10 140 9
f 9 140 139
f 11 141 10
f 10 141 140
f 12 142 11
f 11 142 141
f 13 143 12
f 12 143 142
f 14 144 13
f 13 144 143
f 15 145 14
f 14 145 144
f 16 146 15
f 15 146 145
f 17 147 16
f 16 147 146
f 18 148 17
f 17 148 147
f 19 149 18
f 18 149 148
f 20 150 19
f 19 150 149
f 21 151 20
f 20 151 150
f 22 152 21
f 21 152 151
f 153 152 22
f 167 23 188
f 169 24 167
f 167 24 23
f 189 24 169
f 183 25 217
f 185 26 183
f 183 26 25
f 187 27 185
f 185 27 26
f 188 23 187
f 23 27 187
f 23 28 27
f 24 28 23
f 29 28 24
f 191 30 189
f 30 24 189
f 30 29 24
f 193 31 191
f 191 31 30
f 195 32 193
f 193 32 31
f 197 33 195
f 195 33 32
f 199 34 197
f 197 34 33
f 220 34 199
f 208 35 235
f 210 36 208
f 208 36 35
f 212 37 210
f 210 37 36
f 214 38 212
f 212 38 37
f 216 39 214
f 214 39 38
f 217 25 216
f 25 39 216
f 25 40 39
f 26 40 25
f 41 40 26
f 27 41 26
f 42 41 27
f 28 42 27
f 43 42 28
f 29 43 28
f 44 43 29
f 30 44 29
f 45 44 30
f 31 45 30
f 46 45 31
f 32 46 31
f 47 46 32
f 33 47 32
f 48 47 33
f 34 48 33
f 49 48 34
f 222 50 220
f 50 34 220
f 50 49 34
f 224 51 222
f 222 51 50
f 226 52 224
f 224 52 51
f 247 52 226
f 234 53 259
f 235 35 234
f 35 53 234
f 35 54 53
f 36 54 35
f 55 54 36
f 37 55 36
f 56 55 37
f 38 56 37
f 57 56 38
f 39 57 38
f 58 57 39
f 40 58 39
f 59 58 40
f 41 59 40
f 60 59 41
f 42 60 41
f 61 60 42
f 43 61 42
f 62 61 43
f 44 62 43
f 63 62 44
f 45 63 44
f 64 63 45
f 46 64 45
f 65 64 46
f 47 65 46
f 66 65 47
f 48 66 47
f 67 66 48
f 49 67 48
f 68 67 49
f 50 68 49
f 69 68 50
f 51 69 50
f 70 69 51
f 52 70 51
f 71 70 52
f 249 72 247
f 72 52 247
f 72 71 52
f 251 73 249
f 249 73 72
f 274 73 251
f 258 74 283
f 259 53 258
f 53 74 258
f 53 75 74
f 54 75 53
f 76 75 54
f 55 76 54
f 77 76 55
f 56 77 55
f 78 77 56
f 57 78 56
f 79 78 57
f 58 79 57
f 80 79 58
f 59 80 58
f 81 80 59
f 60 81 59
f 83 81 60
f 61 83 60
f 85 83 61
f 62 85 61
f 87 85 62
f 63 87 62
f 89 87 63
f 64 89 63
f 91 89 64
f 65 91 64
f 93 91 65
f 66 93 65
f 95 93 66
f 67 95 66
f 96 95 67
f 68 96 67
f 97 96 68
f 69 97 68
f 98 97 69
f 70 98 69
f 99 98 70
f 71 99 70
f 100 99 71
f 72 100 71
f 101 100 72
f 73 101 72
f 102 101 73
f 303 102 274
f 274 102 73
f 280 103 312
f 282 104 280
f 280 104 103
f 283 74 282
f 74 104 282
f 74 105 104
f 75 105 74
f 106 105 75
f 76 106 75
f 107 106 76
f 77 107 76
f 108 107 77
f 78 108 77
f 110 108 78
f 79 110 78
f 112 110 79
f 80 112 79
f 114 112 80
f 81 82 116
f 114 81 116
f 80 81 114
f 82 81 83
f 82 83 84
f 84 83 85
f 84 85 86
f 86 85 87
f 86 87 88
f 88 87 89
f 88 89 90
f 90 89 91
f 90 91 92
f 92 91 93
f 92 93 94
f 118 117 94
f 93 118 94
f 95 118 93
f 96 118 95
f 120 118 96
f 97 120 96
f 122 120 97
f 98 122 97
f 124 122 98
f 99 124 98
f 126 124 99
f 100 126 99
f 127 126 100
f 101 127 100
f 128 127 101
f 102 128 101
f 129 128 102
f 305 130 303
f 130 102 303
f 130 129 102
f 336 130 305
f 311 131 344
f 312 103 311
f 103 131 311
f 103 132 131
f 104 132 103
f 133 132 104
f 105 133 104
f 134 133 105
f 106 134 105
f 135 134 106
f 107 135 106
f 136 135 107
f 108 109 137
f 136 108 137
f 107 108 136
f 109 108 110
f 109 110 111
f 111 110 112
f 111 112 113
f 113 112 114
f 113 114 115
f 116 115 114
f 119 117 118
f 119 118 120
f 119 120 121
f 121 120 122
f 121 122 123
f 123 122 124
f 123 124 125
f 154 153 125
f 124 154 125
f 126 154 124
f 127 154 126
f 155 154 127
f 128 155 127
f 156 155 128
f 129 156 128
f 157 156 129
f 130 157 129
f 158 157 130
f 338 159 336
f 159 130 336
f 159 158 130
f 394 159 338
f 131 345 344
f 132 346 131
f 131 346 345
f 133 348 132
f 132 348 346
f 134 350 133
f 133 350 348
f 135 352 134
f 134 352 350
f 136 354 135
f 135 354 352
f 137 138 136
f 138 354 136
f 138 356 354
f 138 358 356
f 139 358 138
f 139 360 358
f 140 360 139
f 140 362 360
f 141 362 140
f 141 364 362
f 142 364 141
f 142 366 364
f 143 366 142
f 143 368 366
f 144 368 143
f 144 370 368
f 145 370 144
f 145 372 370
f 146 372 145
f 146 374 372
f 147 374 146
f 147 376 374
f 148 376 147
f 148 378 376
f 149 378 148
f 149 380 378
f 150 380 149
f 150 382 380
f 151 382 150
f 151 384 382
f 152 384 151
f 154 386 153
f 386 152 153
f 386 384 152
f 155 388 154
f 154 388 386
f 156 390 155
f 155 390 388
f 157 391 156
f 156 391 390
f 158 392 157
f 157 392 391
f 159 393 158
f 158 393 392
f 394 393 159
f 400 160 436
f 402 161 400
f 400 161 160
f 404 162 402
f 402 162 161
f 406 163 404
f 404 163 162
f 408 164 406
f 406 164 163
f 410 165 408
f 408 165 164
f 412 166 410
f 410 166 165
f 414 168 412
f 412 168 166
f 416 170 414
f 414 170 168
f 418 171 416
f 416 171 170
f 420 172 418
f 418 172 171
f 422 173 420
f 420 173 172
f 424 174 422
f 422 174 173
f 426 175 424
f 424 175 174
f 441 175 426
f 431 176 455
f 433 177 431
f 431 177 176
f 435 178 433
f 433 178 177
f 436 160 435
f 160 178 435
f 160 179 178
f 161 179 160
f 180 179 161
f 162 180 161
f 181 180 162
f 163 181 162
f 182 181 163
f 164 182 163
f 184 182 164
f 165 184 164
f 186 184 165
f 166 167 188
f 186 166 188
f 165 166 186
f 167 166 168
f 167 168 169
f 190 189 169
f 168 190 169
f 170 190 168
f 171 190 170
f 192 190 171
f 172 192 171
f 194 192 172
f 173 194 172
f 196 194 173
f 174 196 173
f 198 196 174
f 175 198 174
f 200 198 175
f 443 201 441
f 201 175 441
f 201 200 175
f 445 202 443
f 443 202 201
f 447 203 445
f 445 203 202
f 473 203 447
f 452 204 483
f 454 205 452
f 452 205 204
f 455 176 454
f 176 205 454
f 176 206 205
f 177 206 176
f 207 206 177
f 178 207 177
f 209 207 178
f 179 209 178
f 211 209 179
f 180 211 179
f 213 211 180
f 181 213 180
f 215 213 181
f 182 183 217
f 215 182 217
f 181 182 215
f 183 182 184
f 183 184 185
f 185 184 186
f 185 186 187
f 188 187 186
f 500 218 191
f 189 500 191
f 500 190 465
f 500 189 190
f 218 219 191
f 219 193 191
f 190 467 465
f 190 192 467
f 501 195 193
f 219 501 193
f 501 194 195
f 192 501 467
f 501 192 194
f 195 194 196
f 195 196 197
f 197 196 198
f 197 198 199
f 221 220 199
f 198 221 199
f 200 221 198
f 201 221 200
f 223 221 201
f 202 223 201
f 225 223 202
f 203 225 202
f 227 225 203
f 475 228 473
f 228 203 473
f 228 227 203
f 513 228 475
f 480 229 522
f 482 230 480
f 480 230 229
f 483 204 482
f 204 230 482
f 204 231 230
f 205 231 204
f 232 231 205
f 206 232 205
f 233 232 206
f 207 208 235
f 233 207 235
f 206 207 233
f 208 207 209
f 208 209 210
f 210 209 211
f 210 211 212
f 212 211 213
f 212 213 214
f 214 213 215
f 214 215 216
f 217 216 215
f 534 236 492
f 237 494 492
f 237 492 236
f 238 496 494
f 238 494 237
f 239 498 496
f 239 496 238
f 239 535 498
f 218 500 537
f 218 537 240
f 240 219 218
f 240 241 219
f 242 503 501
f 219 242 501
f 241 242 219
f 243 505 503
f 243 503 242
f 244 507 505
f 244 505 243
f 220 244 245
f 222 220 245
f 220 507 244
f 509 220 221
f 220 509 507
f 245 246 222
f 246 224 222
f 221 511 509
f 221 223 511
f 538 226 224
f 246 538 224
f 538 225 226
f 223 538 511
f 538 223 225
f 248 247 226
f 225 248 226
f 227 248 225
f 228 248 227
f 250 248 228
f 515 252 513
f 252 228 513
f 252 250 228
f 543 252 515
f 521 253 550
f 522 229 521
f 229 253 521
f 229 254 253
f 230 254 229
f 255 254 230
f 231 255 230
f 256 255 231
f 232 256 231
f 257 256 232
f 233 234 259
f 257 233 259
f 232 233 257
f 235 234 233
f 260 530 559
f 260 560 530
f 261 533 563
f 236 534 533
f 261 236 533
f 262 236 261
f 262 237 236
f 262 263 237
f 263 238 237
f 263 264 238
f 264 239 238
f 264 265 239
f 265 564 535
f 265 535 239
f 240 537 567
f 240 567 266
f 266 241 240
f 266 267 241
f 267 242 241
f 267 268 242
f 268 243 242
f 268 269 243
f 269 244 243
f 269 270 244
f 270 245 244
f 270 271 245
f 271 246 245
f 271 272 246
f 273 540 538
f 246 273 538
f 272 273 246
f 273 568 540
f 248 249 247
f 249 248 250
f 249 250 251
f 275 274 251
f 250 275 251
f 252 275 250
f 545 276 543
f 276 252 543
f 276 275 252
f 571 276 545
f 550 253 580
f 580 253 277
f 254 277 253
f 278 277 254
f 255 278 254
f 279 278 255
f 256 279 255
f 281 279 256
f 257 258 283
f 281 257 283
f 256 257 281
f 259 258 257
f 284 556 587
f 285 558 556
f 285 556 284
f 260 559 558
f 285 260 558
f 286 260 285
f 287 562 560
f 260 287 560
f 286 287 260
f 261 563 562
f 287 261 562
f 288 261 287
f 288 262 261
f 288 289 262
f 289 263 262
f 289 290 263
f 290 264 263
f 290 291 264
f 291 265 264
f 291 292 265
f 293 566 564
f 265 293 564
f 292 293 265
f 266 567 566
f 293 266 566
f 294 266 293
f 294 267 266
f 294 295 267
f 295 268 267
f 295 296 268
f 296 269 268
f 296 297 269
f 297 270 269
f 297 298 270
f 298 271 270
f 298 299 271
f 299 272 271
f 299 300 272
f 300 273 272
f 300 301 273
f 302 570 568
f 273 302 568
f 301 302 273
f 302 588 570
f 274 275 304
f 274 304 303
f 276 304 275
f 306 304 276
f 573 307 571
f 307 276 571
f 307 306 276
f 590 307 573
f 579 308 597
f 580 277 579
f 277 308 579
f 277 309 308
f 278 309 277
f 310 309 278
f 279 280 312
f 310 279 312
f 278 279 310
f 601 279 281
f 582 601 281
f 601 280 279
f 282 601 313
f 601 282 280
f 283 584 582
f 281 283 582
f 283 314 584
f 313 283 282
f 283 313 314
f 315 586 584
f 315 584 314
f 284 587 586
f 315 284 586
f 316 284 315
f 316 285 284
f 316 317 285
f 317 286 285
f 317 318 286
f 318 287 286
f 318 319 287
f 319 288 287
f 319 320 288
f 320 289 288
f 320 321 289
f 321 290 289
f 321 322 290
f 322 291 290
f 322 323 291
f 323 292 291
f 323 324 292
f 324 293 292
f 324 325 293
f 325 294 293
f 325 326 294
f 326 295 294
f 326 327 295
f 327 296 295
f 327 328 296
f 328 297 296
f 328 329 297
f 329 298 297
f 329 330 298
f 330 299 298
f 330 331 299
f 331 300 299
f 331 332 300
f 332 301 300
f 332 333 301
f 333 302 301
f 333 334 302
f 335 589 588
f 302 335 588
f 334 335 302
f 335 603 589
f 304 305 303
f 337 336 305
f 304 337 305
f 306 337 304
f 307 337 306
f 339 337 307
f 592 340 590
f 340 307 590
f 340 339 307
f 607 340 592
f 596 341 612
f 597 308 596
f 308 341 596
f 308 342 341
f 309 342 308
f 343 342 309
f 310 311 344
f 343 310 344
f 309 310 343
f 312 311 310
f 313 601 621
f 313 621 347
f 347 314 313
f 347 349 314
f 349 315 314
f 349 351 315
f 351 316 315
f 351 353 316
f 353 317 316
f 353 355 317
f 355 318 317
f 355 357 318
f 357 319 318
f 357 359 319
f 359 320 319
f 359 361 320
f 361 321 320
f 361 363 321
f 363 322 321
f 363 365 322
f 365 323 322
f 365 367 323
f 367 324 323
f 367 369 324
f 369 325 324
f 369 371 325
f 371 326 325
f 371 373 326
f 373 327 326
f 373 375 327
f 375 328 327
f 375 377 328
f 377 329 328
f 377 379 329
f 379 330 329
f 379 381 330
f 381 331 330
f 381 383 331
f 383 332 331
f 383 385 332
f 385 333 332
f 385 387 333
f 387 334 333
f 387 389 334
f 389 622 602
f 335 389 602
f 334 389 335
f 602 603 335
f 338 336 337
f 395 394 338
f 337 395 338
f 339 395 337
f 340 395 339
f 396 395 340
f 609 397 607
f 397 340 607
f 397 396 340
f 632 397 609
f 341 613 612
f 342 614 341
f 341 614 613
f 343 616 342
f 342 616 614
f 344 345 343
f 345 616 343
f 345 618 616
f 345 620 618
f 346 620 345
f 621 620 347
f 620 348 347
f 620 346 348
f 347 348 349
f 349 348 350
f 349 350 351
f 351 350 352
f 351 352 353
f 353 352 354
f 353 354 355
f 355 354 356
f 355 356 357
f 357 356 358
f 357 358 359
f 359 358 360
f 359 360 361
f 361 360 362
f 361 362 363
f 363 362 364
f 363 364 365
f 365 364 366
f 365 366 367
f 367 366 368
f 367 368 369
f 369 368 370
f 369 370 371
f 371 370 372
f 371 372 373
f 373 372 374
f 373 374 375
f 375 374 376
f 375 376 377
f 377 376 378
f 377 378 379
f 379 378 380
f 379 380 381
f 381 380 382
f 381 382 383
f 383 382 384
f 383 384 385
f 385 384 386
f 385 386 387
f 387 386 388
f 387 388 389
f 389 388 390
f 389 390 622
f 390 624 622
f 390 391 624
f 391 626 624
f 392 626 391
f 392 628 626
f 393 628 392
f 395 630 394
f 630 393 394
f 630 628 393
f 630 395 635
f 395 398 635
f 395 396 398
f 397 398 396
f 399 398 397
f 638 399 632
f 632 399 397
f 398 636 635
f 399 637 398
f 398 637 636
f 638 637 399
f 641 401 666
f 642 403 641
f 641 403 401
f 643 405 642
f 642 405 403
f 644 407 643
f 643 407 405
f 645 409 644
f 644 409 407
f 646 411 645
f 645 411 409
f 647 413 646
f 646 413 411
f 648 415 647
f 647 415 413
f 649 417 648
f 648 417 415
f 650 419 649
f 649 419 417
f 651 421 650
f 650 421 419
f 652 423 651
f 651 423 421
f 653 425 652
f 652 425 423
f 671 425 653
f 654 427 683
f 655 428 654
f 654 428 427
f 657 429 655
f 655 429 428
f 659 430 657
f 657 430 429
f 661 432 659
f 659 432 430
f 663 434 661
f 661 434 432
f 434 663 436
f 663 400 436
f 663 665 400
f 665 666 401
f 402 665 401
f 400 665 402
f 402 401 403
f 402 403 404
f 404 403 405
f 404 405 406
f 406 405 407
f 406 407 408
f 408 407 409
f 408 409 410
f 410 409 411
f 410 411 412
f 412 411 413
f 412 413 414
f 700 413 415
f 667 700 415
f 700 414 413
f 416 700 437
f 700 416 414
f 437 438 416
f 438 418 416
f 415 668 667
f 415 417 668
f 438 439 418
f 439 420 418
f 417 669 668
f 417 419 669
f 439 440 420
f 440 422 420
f 419 670 669
f 419 421 670
f 701 424 422
f 440 701 422
f 701 423 424
f 421 701 670
f 701 421 423
f 424 423 425
f 424 425 426
f 442 441 426
f 442 426 425
f 673 442 425
f 671 673 425
f 675 444 673
f 673 444 442
f 677 446 675
f 675 446 444
f 679 448 677
f 677 448 446
f 710 448 679
f 682 449 719
f 683 427 682
f 427 449 682
f 427 450 449
f 428 450 427
f 451 450 428
f 429 451 428
f 453 451 429
f 455 456 431
f 725 430 684
f 725 453 430
f 453 429 430
f 456 457 431
f 457 433 431
f 430 685 684
f 430 432 685
f 457 458 433
f 458 435 433
f 432 686 685
f 432 434 686
f 436 688 686
f 434 436 686
f 436 459 688
f 458 436 435
f 436 458 459
f 459 726 688
f 460 692 730
f 461 694 692
f 461 692 460
f 462 696 694
f 462 694 461
f 463 698 696
f 463 696 462
f 463 731 698
f 437 700 734
f 437 734 464
f 464 438 437
f 464 466 438
f 466 439 438
f 466 468 439
f 468 440 439
f 468 469 440
f 470 703 701
f 440 470 701
f 469 470 440
f 471 705 703
f 471 703 470
f 441 471 472
f 443 441 472
f 441 705 471
f 707 441 442
f 441 707 705
f 735 445 443
f 472 735 443
f 735 444 445
f 442 735 707
f 735 442 444
f 445 444 446
f 445 446 447
f 474 473 447
f 446 474 447
f 448 474 446
f 712 476 710
f 476 448 710
f 476 474 448
f 714 477 712
f 712 477 476
f 741 477 714
f 718 478 749
f 719 449 718
f 449 478 718
f 449 479 478
f 450 479 449
f 481 479 450
f 483 484 452
f 753 451 722
f 753 481 451
f 481 450 451
f 484 485 452
f 485 454 452
f 451 724 722
f 451 453 724
f 453 725 724
f 456 454 485
f 486 456 485
f 455 454 456
f 486 457 456
f 486 487 457
f 487 458 457
f 487 488 458
f 488 459 458
f 488 489 459
f 489 754 726
f 489 726 459
f 490 729 757
f 460 730 729
f 490 460 729
f 491 460 490
f 491 461 460
f 491 493 461
f 493 462 461
f 493 495 462
f 495 463 462
f 495 497 463
f 499 733 731
f 463 499 731
f 497 499 463
f 500 465 464
f 500 464 734
f 499 500 734
f 733 499 734
f 464 465 466
f 466 465 467
f 501 502 467
f 502 466 467
f 502 468 466
f 502 469 468
f 502 504 469
f 504 470 469
f 504 506 470
f 506 471 470
f 506 508 471
f 508 472 471
f 508 510 472
f 512 737 735
f 472 512 735
f 510 512 472
f 512 758 737
f 475 473 474
f 514 513 475
f 474 514 475
f 476 514 474
f 477 514 476
f 516 514 477
f 743 517 741
f 517 477 741
f 517 516 477
f 764 517 743
f 746 518 770
f 748 519 746
f 746 519 518
f 749 478 748
f 478 519 748
f 478 520 519
f 479 480 522
f 520 479 522
f 478 479 520
f 773 479 481
f 752 773 481
f 773 480 479
f 482 773 523
f 773 482 480
f 481 753 752
f 484 482 523
f 524 484 523
f 483 482 484
f 524 485 484
f 524 525 485
f 525 486 485
f 525 526 486
f 526 487 486
f 526 527 487
f 527 488 487
f 527 528 488
f 528 489 488
f 528 529 489
f 531 756 754
f 489 531 754
f 529 531 489
f 490 757 756
f 531 490 756
f 532 490 531
f 492 491 534
f 491 532 534
f 491 490 532
f 491 492 493
f 493 492 494
f 493 494 495
f 495 494 496
f 495 496 497
f 497 496 498
f 535 536 498
f 536 497 498
f 536 499 497
f 536 537 499
f 499 537 500
f 501 503 502
f 502 503 504
f 504 503 505
f 504 505 506
f 506 505 507
f 506 507 508
f 508 507 509
f 508 509 510
f 510 509 511
f 538 539 511
f 539 510 511
f 539 512 510
f 541 760 758
f 512 541 758
f 539 541 512
f 542 762 760
f 542 760 541
f 542 776 762
f 514 515 513
f 544 543 515
f 514 544 515
f 516 544 514
f 517 544 516
f 546 544 517
f 766 547 764
f 547 517 764
f 547 546 517
f 777 547 766
f 770 518 784
f 784 518 548
f 519 548 518
f 549 548 519
f 520 521 550
f 549 520 550
f 519 520 549
f 522 521 520
f 523 773 785
f 523 785 551
f 551 524 523
f 551 552 524
f 552 525 524
f 552 553 525
f 553 526 525
f 553 554 526
f 554 527 526
f 554 555 527
f 555 528 527
f 555 557 528
f 530 529 559
f 529 557 559
f 529 528 557
f 560 561 530
f 561 529 530
f 561 531 529
f 533 532 563
f 532 561 563
f 532 531 561
f 533 534 532
f 536 535 565
f 565 535 564
f 565 567 536
f 536 567 537
f 538 540 539
f 568 569 540
f 569 539 540
f 569 541 539
f 569 787 775
f 542 569 775
f 541 569 542
f 775 776 542
f 545 543 544
f 572 571 545
f 544 572 545
f 546 572 544
f 547 572 546
f 574 572 547
f 779 575 777
f 575 547 777
f 575 574 547
f 788 575 779
f 783 576 791
f 784 548 783
f 548 576 783
f 548 577 576
f 549 577 548
f 578 577 549
f 580 578 549
f 580 549 550
f 786 551 785
f 551 786 795
f 581 551 795
f 552 551 581
f 581 553 552
f 581 583 553
f 583 554 553
f 583 585 554
f 556 555 587
f 555 585 587
f 555 554 585
f 555 556 557
f 557 556 558
f 558 559 557
f 560 562 561
f 562 563 561
f 564 566 565
f 566 567 565
f 568 570 569
f 787 569 570
f 588 787 570
f 796 787 588
f 573 571 572
f 591 590 573
f 572 591 573
f 574 591 572
f 575 591 574
f 593 591 575
f 803 593 788
f 788 593 575
f 791 576 808
f 808 576 594
f 577 594 576
f 595 594 577
f 578 579 597
f 595 578 597
f 577 578 595
f 580 579 578
f 812 598 792
f 599 793 792
f 599 792 598
f 600 794 793
f 600 793 599
f 601 582 581
f 601 581 795
f 600 601 795
f 794 600 795
f 581 582 583
f 583 582 584
f 583 584 585
f 585 584 586
f 586 587 585
f 588 589 796
f 796 589 797
f 589 603 604
f 798 589 604
f 797 589 798
f 605 799 798
f 605 798 604
f 606 801 799
f 606 799 605
f 606 813 801
f 591 592 590
f 608 607 592
f 591 608 592
f 593 608 591
f 817 608 803
f 803 608 593
f 807 610 824
f 808 594 807
f 594 610 807
f 594 611 610
f 595 596 612
f 611 595 612
f 594 595 611
f 597 596 595
f 598 812 832
f 598 832 615
f 615 599 598
f 615 617 599
f 617 600 599
f 617 619 600
f 619 621 600
f 600 621 601
f 622 623 602
f 602 623 603
f 623 604 603
f 623 625 604
f 625 605 604
f 625 627 605
f 627 606 605
f 627 629 606
f 631 815 813
f 606 631 813
f 629 631 606
f 631 834 815
f 608 609 607
f 633 632 609
f 633 609 608
f 819 633 608
f 817 819 608
f 821 634 819
f 819 634 633
f 836 634 821
f 610 825 824
f 611 827 610
f 610 827 825
f 612 613 611
f 613 827 611
f 613 829 827
f 613 831 829
f 614 831 613
f 832 831 615
f 831 616 615
f 831 614 616
f 615 616 617
f 617 616 618
f 617 618 619
f 619 618 620
f 620 621 619
f 622 624 623
f 623 624 625
f 625 624 626
f 625 626 627
f 627 626 628
f 627 628 629
f 629 628 630
f 631 629 833
f 629 635 833
f 635 838 833
f 629 630 635
f 833 834 631
f 632 633 639
f 632 639 638
f 634 639 633
f 640 639 634
f 845 640 836
f 836 640 634
f 635 636 838
f 838 636 840
f 636 842 840
f 637 842 636
f 639 843 638
f 843 637 638
f 843 842 637
f 640 844 639
f 639 844 843
f 845 844 640
f 847 656 882
f 848 658 847
f 847 658 656
f 849 660 848
f 848 660 658
f 850 662 849
f 849 662 660
f 851 664 850
f 850 664 662
f 664 851 666
f 851 641 666
f 851 852 641
f 853 641 852
f 853 642 641
f 854 642 853
f 854 643 642
f 856 643 854
f 856 644 643
f 858 644 856
f 858 645 644
f 860 645 858
f 860 646 645
f 862 646 860
f 862 647 646
f 864 647 862
f 864 648 647
f 865 648 864
f 865 649 648
f 866 649 865
f 866 650 649
f 867 650 866
f 867 651 650
f 868 651 867
f 868 652 651
f 869 652 868
f 869 653 652
f 671 653 672
f 653 870 672
f 653 869 870
f 871 674 870
f 870 674 672
f 872 676 871
f 871 676 674
f 873 678 872
f 872 678 676
f 900 678 873
f 875 680 911
f 877 681 875
f 875 681 680
f 681 877 683
f 877 654 683
f 877 879 654
f 881 654 879
f 881 655 654
f 881 882 656
f 657 881 656
f 655 881 657
f 657 656 658
f 657 658 659
f 659 658 660
f 659 660 661
f 661 660 662
f 661 662 663
f 925 662 664
f 883 925 664
f 925 663 662
f 665 925 687
f 925 665 663
f 666 884 883
f 664 666 883
f 666 689 884
f 687 666 665
f 666 687 689
f 690 885 884
f 690 884 689
f 691 886 885
f 691 885 690
f 693 887 886
f 693 886 691
f 695 888 887
f 695 887 693
f 697 889 888
f 697 888 695
f 699 890 889
f 699 889 697
f 890 699 700
f 667 890 700
f 891 890 667
f 667 892 891
f 668 892 667
f 668 893 892
f 669 893 668
f 669 894 893
f 670 894 669
f 670 701 702
f 895 670 702
f 894 670 895
f 704 896 895
f 704 895 702
f 671 704 706
f 673 671 706
f 671 896 704
f 897 671 672
f 671 897 896
f 706 708 673
f 708 675 673
f 672 898 897
f 672 674 898
f 708 709 675
f 709 677 675
f 674 899 898
f 674 676 899
f 926 679 677
f 709 926 677
f 926 678 679
f 676 926 899
f 926 676 678
f 711 710 679
f 711 679 678
f 902 711 678
f 900 902 678
f 904 713 902
f 902 713 711
f 906 715 904
f 904 715 713
f 931 715 906
f 910 716 938
f 911 680 910
f 680 716 910
f 680 717 716
f 681 682 719
f 717 681 719
f 680 681 717
f 683 682 681
f 942 720 914
f 721 916 914
f 721 914 720
f 723 918 916
f 723 916 721
f 918 723 725
f 684 918 725
f 920 918 684
f 684 922 920
f 685 922 684
f 685 924 922
f 686 924 685
f 925 924 687
f 924 688 687
f 924 686 688
f 726 727 688
f 727 687 688
f 727 689 687
f 727 690 689
f 727 728 690
f 692 691 730
f 691 728 730
f 691 690 728
f 691 692 693
f 693 692 694
f 693 694 695
f 695 694 696
f 695 696 697
f 697 696 698
f 731 732 698
f 732 697 698
f 732 699 697
f 732 734 699
f 699 734 700
f 701 703 702
f 702 703 704
f 704 703 705
f 704 705 706
f 706 705 707
f 735 736 707
f 736 706 707
f 736 708 706
f 736 709 708
f 736 738 709
f 739 928 926
f 709 739 926
f 738 739 709
f 710 739 740
f 712 710 740
f 710 928 739
f 930 710 711
f 710 930 928
f 943 714 712
f 740 943 712
f 943 713 714
f 711 943 930
f 943 711 713
f 742 741 714
f 713 742 714
f 715 742 713
f 933 744 931
f 744 715 931
f 744 742 715
f 945 744 933
f 937 745 953
f 938 716 937
f 716 745 937
f 716 747 745
f 717 718 749
f 747 717 749
f 716 717 747
f 719 718 717
f 956 750 941
f 720 942 941
f 750 720 941
f 751 720 750
f 722 721 753
f 721 751 753
f 721 720 751
f 721 722 723
f 723 722 724
f 724 725 723
f 727 726 755
f 755 726 754
f 729 728 757
f 728 755 757
f 728 727 755
f 729 730 728
f 731 733 732
f 733 734 732
f 735 737 736
f 758 759 737
f 759 736 737
f 759 738 736
f 759 739 738
f 759 761 739
f 761 740 739
f 761 763 740
f 763 959 943
f 763 943 740
f 743 741 742
f 765 764 743
f 742 765 743
f 744 765 742
f 947 767 945
f 767 744 945
f 767 765 744
f 962 767 947
f 950 768 967
f 952 769 950
f 950 769 768
f 746 770 745
f 745 770 953
f 770 769 953
f 769 952 953
f 746 745 747
f 746 747 748
f 749 748 747
f 968 771 955
f 750 956 955
f 771 750 955
f 772 750 771
f 752 751 773
f 751 772 773
f 751 750 772
f 752 753 751
f 754 756 755
f 756 757 755
f 758 760 759
f 759 760 761
f 760 762 761
f 971 957 774
f 776 763 761
f 762 776 761
f 776 958 763
f 957 776 774
f 776 957 958
f 958 959 763
f 766 764 765
f 778 777 766
f 765 778 766
f 767 778 765
f 964 780 962
f 780 767 962
f 780 778 767
f 972 780 964
f 967 768 977
f 977 768 781
f 769 781 768
f 782 781 769
f 784 782 769
f 784 769 770
f 969 771 968
f 970 772 771
f 970 771 969
f 970 978 772
f 978 773 772
f 978 785 773
f 775 787 774
f 787 971 774
f 787 980 971
f 776 775 774
f 779 777 778
f 789 788 779
f 778 789 779
f 780 789 778
f 983 789 972
f 972 789 780
f 977 781 989
f 989 781 790
f 782 783 791
f 790 782 791
f 781 782 790
f 784 783 782
f 786 785 978
f 786 978 979
f 979 996 786
f 786 996 795
f 787 997 980
f 787 796 997
f 800 981 1001
f 802 982 981
f 802 981 800
f 802 1003 982
f 788 789 804
f 788 804 803
f 1007 804 983
f 983 804 789
f 988 805 1014
f 989 790 988
f 790 805 988
f 790 806 805
f 990 791 808
f 809 990 808
f 990 790 791
f 806 990 1017
f 990 806 790
f 810 991 990
f 810 990 809
f 811 992 991
f 811 991 810
f 992 811 812
f 792 992 812
f 993 992 792
f 792 994 993
f 793 994 792
f 793 995 994
f 794 995 793
f 794 795 995
f 995 795 996
f 796 797 997
f 997 797 998
f 797 999 998
f 798 999 797
f 798 1000 999
f 799 1000 798
f 1001 1000 800
f 1000 801 800
f 1000 799 801
f 813 814 801
f 814 800 801
f 814 802 800
f 816 1005 1003
f 802 816 1003
f 814 816 802
f 1005 804 818
f 1018 1005 818
f 1005 803 804
f 817 1005 816
f 1005 817 803
f 1009 820 1007
f 820 804 1007
f 820 818 804
f 1020 820 1009
f 1013 822 1026
f 1014 805 1013
f 805 822 1013
f 805 823 822
f 806 807 824
f 823 806 824
f 805 806 823
f 807 826 809
f 808 807 809
f 807 1032 826
f 1017 807 806
f 807 1017 1032
f 826 810 809
f 826 828 810
f 828 811 810
f 828 830 811
f 830 832 811
f 811 832 812
f 813 815 814
f 834 835 815
f 835 814 815
f 835 816 814
f 819 1033 1018
f 818 819 1018
f 819 835 1033
f 816 819 817
f 819 816 835
f 819 818 820
f 819 820 821
f 837 836 821
f 837 821 820
f 1022 837 820
f 1020 1022 820
f 1036 837 1022
f 822 1027 1026
f 823 1029 822
f 822 1029 1027
f 824 825 823
f 825 1029 823
f 825 1031 1029
f 1032 1031 826
f 1031 827 826
f 1031 825 827
f 826 827 828
f 828 827 829
f 828 829 830
f 830 829 831
f 831 832 830
f 838 839 833
f 833 839 834
f 839 835 834
f 839 841 835
f 841 1038 1033
f 841 1033 835
f 836 837 846
f 836 846 845
f 1044 846 1036
f 1036 846 837
f 838 840 839
f 839 840 841
f 841 840 842
f 841 842 1038
f 842 1040 1038
f 842 843 1040
f 843 1042 1040
f 844 1042 843
f 846 1043 845
f 1043 844 845
f 1043 1042 844
f 1044 1043 846
f 1047 855 1071
f 1048 857 1047
f 1047 857 855
f 1049 859 1048
f 1048 859 857
f 1050 861 1049
f 1049 861 859
f 1051 863 1050
f 1050 863 861
f 1072 863 1051
f 1052 874 1099
f 1053 876 1052
f 1052 876 874
f 1054 878 1053
f 1053 878 876
f 1055 880 1054
f 1054 880 878
f 880 1055 882
f 1055 847 882
f 1055 1056 847
f 1058 847 1056
f 1058 848 847
f 1060 848 1058
f 1060 849 848
f 1062 849 1060
f 1062 850 849
f 1064 850 1062
f 1064 851 850
f 1066 851 1064
f 1066 852 851
f 1068 852 1066
f 1068 853 852
f 1070 853 1068
f 1070 854 853
f 1070 1071 855
f 856 1070 855
f 854 1070 856
f 856 855 857
f 856 857 858
f 858 857 859
f 858 859 860
f 860 859 861
f 860 861 862
f 862 861 863
f 862 863 864
f 864 863 1072
f 1074 864 1072
f 865 864 1074
f 1076 865 1074
f 1076 866 865
f 1078 866 1076
f 1078 867 866
f 1080 867 1078
f 1080 868 867
f 1082 868 1080
f 1082 869 868
f 1084 869 1082
f 1084 870 869
f 1086 870 1084
f 1086 871 870
f 1088 871 1086
f 1088 872 871
f 1090 872 1088
f 1090 873 872
f 900 873 901
f 873 1091 901
f 873 1090 1091
f 1092 903 1091
f 1091 903 901
f 1093 905 1092
f 1092 905 903
f 1126 905 1093
f 1094 907 1133
f 1096 908 1094
f 1094 908 907
f 1098 909 1096
f 1096 909 908
f 875 911 874
f 874 911 1099
f 911 909 1099
f 909 1098 1099
f 1136 874 876
f 1100 1136 876
f 1136 875 874
f 877 1136 912
f 1136 877 875
f 912 913 877
f 913 879 877
f 876 1101 1100
f 876 878 1101
f 913 915 879
f 915 881 879
f 878 1102 1101
f 878 880 1102
f 882 1103 1102
f 880 882 1102
f 882 917 1103
f 915 882 881
f 882 915 917
f 919 1104 1103
f 919 1103 917
f 921 1105 1104
f 921 1104 919
f 923 1106 1105
f 923 1105 921
f 1106 923 925
f 883 1106 925
f 1107 1106 883
f 883 1108 1107
f 884 1108 883
f 884 1109 1108
f 885 1109 884
f 885 1110 1109
f 886 1110 885
f 886 1111 1110
f 887 1111 886
f 887 1112 1111
f 888 1112 887
f 888 1113 1112
f 889 1113 888
f 889 1114 1113
f 890 1114 889
f 890 1115 1114
f 891 1115 890
f 891 1116 1115
f 892 1116 891
f 892 1117 1116
f 893 1117 892
f 893 1118 1117
f 894 1118 893
f 894 1119 1118
f 895 1119 894
f 895 1120 1119
f 896 1120 895
f 896 1121 1120
f 897 1121 896
f 897 1122 1121
f 898 1122 897
f 898 1123 1122
f 899 1123 898
f 899 926 927
f 1124 899 927
f 1123 899 1124
f 900 927 929
f 902 900 929
f 900 1124 927
f 1125 900 901
f 900 1125 1124
f 1137 904 902
f 929 1137 902
f 1137 903 904
f 901 1137 1125
f 1137 901 903
f 904 903 905
f 904 905 906
f 932 931 906
f 932 906 905
f 1128 932 905
f 1126 1128 905
f 1130 934 1128
f 1128 934 932
f 1142 934 1130
f 1133 907 1149
f 1149 907 935
f 908 935 907
f 936 935 908
f 909 910 938
f 936 909 938
f 908 909 936
f 911 910 909
f 1150 939 1135
f 912 1136 1135
f 939 912 1135
f 940 912 939
f 914 913 942
f 913 940 942
f 913 912 940
f 913 914 915
f 915 914 916
f 915 916 917
f 917 916 918
f 917 918 919
f 919 918 920
f 919 920 921
f 921 920 922
f 921 922 923
f 923 922 924
f 924 925 923
f 926 928 927
f 927 928 929
f 929 928 930
f 943 944 930
f 930 944 929
f 944 1139 929
f 1139 1137 929
f 944 1151 1139
f 933 931 932
f 946 945 933
f 932 946 933
f 934 946 932
f 1144 948 1142
f 948 934 1142
f 948 946 934
f 1156 948 1144
f 1148 949 1162
f 1149 935 1148
f 935 949 1148
f 935 951 949
f 936 937 953
f 951 936 953
f 935 936 951
f 938 937 936
f 939 1150 1163
f 939 1163 954
f 941 940 956
f 940 954 956
f 940 939 954
f 941 942 940
f 944 943 960
f 960 943 959
f 961 1153 1151
f 944 961 1151
f 960 961 944
f 961 1168 1153
f 947 945 946
f 963 962 947
f 946 963 947
f 948 963 946
f 1158 965 1156
f 965 948 1156
f 965 963 948
f 1171 965 1158
f 1161 966 1177
f 950 967 949
f 949 967 1162
f 967 966 1162
f 966 1161 1162
f 950 949 951
f 950 951 952
f 953 952 951
f 968 955 954
f 1163 968 954
f 1178 968 1163
f 955 956 954
f 1181 1164 971
f 971 1164 957
f 1165 957 1164
f 1165 958 957
f 1166 960 959
f 958 1166 959
f 1165 1166 958
f 1167 961 960
f 1167 960 1166
f 1167 1168 961
f 964 962 963
f 973 972 964
f 963 973 964
f 965 973 963
f 1173 974 1171
f 974 965 1171
f 974 973 965
f 1183 974 1173
f 1176 975 1187
f 1177 966 1176
f 966 975 1176
f 966 976 975
f 977 976 966
f 977 966 967
f 969 968 1178
f 969 1178 1179
f 1180 969 1179
f 1180 970 969
f 1180 1188 970
f 970 1188 978
f 971 1190 1181
f 971 980 1190
f 972 973 984
f 972 984 983
f 974 984 973
f 985 984 974
f 1194 985 1183
f 1183 985 974
f 1187 975 1199
f 1199 975 986
f 976 986 975
f 987 986 976
f 989 987 976
f 989 976 977
f 979 978 1188
f 979 1188 1189
f 1189 1208 979
f 979 1208 996
f 980 1209 1190
f 980 997 1209
f 1002 1001 981
f 1191 1215 1002
f 981 1191 1002
f 982 1191 981
f 982 1003 1004
f 1192 982 1004
f 1191 982 1192
f 1006 1193 1192
f 1006 1192 1004
f 1193 984 1008
f 1216 1193 1008
f 1193 983 984
f 1007 1193 1006
f 1193 1007 983
f 985 1008 984
f 1010 1008 985
f 1219 1010 1194
f 1194 1010 985
f 1198 1011 1226
f 1199 986 1198
f 986 1011 1198
f 986 1012 1011
f 1014 1015 988
f 1229 987 1200
f 1229 1012 987
f 1012 986 987
f 989 1201 1200
f 987 989 1200
f 989 1016 1201
f 1015 989 988
f 989 1015 1016
f 1201 1016 1017
f 990 1201 1017
f 1202 1201 990
f 990 1203 1202
f 991 1203 990
f 991 1204 1203
f 992 1204 991
f 992 1205 1204
f 993 1205 992
f 993 1206 1205
f 994 1206 993
f 994 1207 1206
f 995 1207 994
f 995 996 1207
f 1207 996 1208
f 997 998 1209
f 1209 998 1210
f 998 1211 1210
f 999 1211 998
f 999 1212 1211
f 1000 1212 999
f 1002 1214 1001
f 1214 1000 1001
f 1214 1212 1000
f 1215 1214 1002
f 1003 1005 1004
f 1018 1019 1005
f 1019 1004 1005
f 1019 1006 1004
f 1009 1230 1216
f 1008 1009 1216
f 1009 1019 1230
f 1006 1009 1007
f 1009 1006 1019
f 1021 1020 1009
f 1008 1021 1009
f 1010 1021 1008
f 1221 1023 1219
f 1023 1010 1219
f 1023 1021 1010
f 1234 1023 1221
f 1225 1024 1238
f 1226 1011 1225
f 1011 1024 1225
f 1011 1025 1024
f 1012 1013 1026
f 1025 1012 1026
f 1011 1012 1025
f 1013 1028 1015
f 1014 1013 1015
f 1013 1244 1028
f 1229 1013 1012
f 1013 1229 1244
f 1028 1016 1015
f 1028 1030 1016
f 1030 1032 1016
f 1016 1032 1017
f 1019 1018 1034
f 1034 1018 1033
f 1035 1232 1230
f 1019 1035 1230
f 1034 1035 1019
f 1035 1245 1232
f 1021 1022 1020
f 1037 1036 1022
f 1021 1037 1022
f 1023 1037 1021
f 1248 1037 1234
f 1234 1037 1023
f 1024 1239 1238
f 1025 1241 1024
f 1024 1241 1239
f 1026 1027 1025
f 1027 1241 1025
f 1027 1243 1241
f 1244 1243 1028
f 1243 1029 1028
f 1243 1027 1029
f 1028 1029 1030
f 1030 1029 1031
f 1031 1032 1030
f 1034 1033 1039
f 1039 1033 1038
f 1039 1035 1034
f 1039 1041 1035
f 1041 1252 1245
f 1041 1245 1035
f 1036 1037 1045
f 1036 1045 1044
f 1250 1046 1248
f 1046 1037 1248
f 1046 1045 1037
f 1258 1046 1250
f 1038 1040 1039
f 1039 1040 1041
f 1041 1040 1042
f 1041 1042 1252
f 1042 1254 1252
f 1042 1043 1254
f 1045 1256 1044
f 1256 1043 1044
f 1256 1254 1043
f 1046 1257 1045
f 1045 1257 1256
f 1258 1257 1046
f 1261 1057 1294
f 1262 1059 1261
f 1261 1059 1057
f 1263 1061 1262
f 1262 1061 1059
f 1264 1063 1263
f 1263 1063 1061
f 1265 1065 1264
f 1264 1065 1063
f 1266 1067 1265
f 1265 1067 1065
f 1267 1069 1266
f 1266 1069 1067
f 1069 1267 1071
f 1267 1047 1071
f 1267 1268 1047
f 1269 1047 1268
f 1269 1048 1047
f 1270 1048 1269
f 1270 1049 1048
f 1271 1049 1270
f 1271 1050 1049
f 1272 1050 1271
f 1272 1051 1050
f 1072 1051 1073
f 1051 1273 1073
f 1051 1272 1273
f 1274 1075 1273
f 1273 1075 1073
f 1275 1077 1274
f 1274 1077 1075
f 1276 1079 1275
f 1275 1079 1077
f 1277 1081 1276
f 1276 1081 1079
f 1278 1083 1277
f 1277 1083 1081
f 1279 1085 1278
f 1278 1085 1083
f 1280 1087 1279
f 1279 1087 1085
f 1281 1089 1280
f 1280 1089 1087
f 1295 1089 1281
f 1282 1095 1310
f 1283 1097 1282
f 1282 1097 1095
f 1097 1283 1099
f 1283 1052 1099
f 1283 1285 1052
f 1287 1052 1285
f 1287 1053 1052
f 1289 1053 1287
f 1289 1054 1053
f 1291 1054 1289
f 1291 1055 1054
f 1293 1055 1291
f 1293 1056 1055
f 1293 1294 1057
f 1058 1293 1057
f 1056 1293 1058
f 1058 1057 1059
f 1058 1059 1060
f 1060 1059 1061
f 1060 1061 1062
f 1062 1061 1063
f 1062 1063 1064
f 1064 1063 1065
f 1064 1065 1066
f 1066 1065 1067
f 1066 1067 1068
f 1068 1067 1069
f 1068 1069 1070
f 1071 1070 1069
f 1074 1072 1073
f 1074 1073 1075
f 1074 1075 1076
f 1076 1075 1077
f 1076 1077 1078
f 1078 1077 1079
f 1078 1079 1080
f 1080 1079 1081
f 1080 1081 1082
f 1082 1081 1083
f 1082 1083 1084
f 1084 1083 1085
f 1084 1085 1086
f 1086 1085 1087
f 1086 1087 1088
f 1088 1087 1089
f 1088 1089 1090
f 1090 1089 1295
f 1297 1090 1295
f 1091 1090 1297
f 1299 1091 1297
f 1299 1092 1091
f 1301 1092 1299
f 1301 1093 1092
f 1126 1093 1127
f 1093 1302 1127
f 1093 1301 1302
f 1303 1129 1302
f 1302 1129 1127
f 1341 1129 1303
f 1305 1131 1348
f 1307 1132 1305
f 1305 1132 1131
f 1132 1307 1133
f 1307 1094 1133
f 1307 1309 1094
f 1309 1310 1095
f 1096 1309 1095
f 1094 1309 1096
f 1096 1095 1097
f 1096 1097 1098
f 1099 1098 1097
f 1349 1134 1311
f 1311 1134 1136
f 1100 1311 1136
f 1312 1311 1100
f 1100 1313 1312
f 1101 1313 1100
f 1101 1314 1313
f 1102 1314 1101
f 1102 1315 1314
f 1103 1315 1102
f 1103 1316 1315
f 1104 1316 1103
f 1104 1317 1316
f 1105 1317 1104
f 1105 1318 1317
f 1106 1318 1105
f 1106 1319 1318
f 1107 1319 1106
f 1107 1320 1319
f 1108 1320 1107
f 1108 1321 1320
f 1109 1321 1108
f 1109 1322 1321
f 1110 1322 1109
f 1110 1323 1322
f 1111 1323 1110
f 1111 1324 1323
f 1112 1324 1111
f 1112 1325 1324
f 1113 1325 1112
f 1113 1326 1325
f 1114 1326 1113
f 1114 1327 1326
f 1115 1327 1114
f 1115 1328 1327
f 1116 1328 1115
f 1116 1329 1328
f 1117 1329 1116
f 1117 1330 1329
f 1118 1330 1117
f 1118 1331 1330
f 1119 1331 1118
f 1119 1332 1331
f 1120 1332 1119
f 1120 1333 1332
f 1121 1333 1120
f 1121 1334 1333
f 1122 1334 1121
f 1122 1335 1334
f 1123 1335 1122
f 1123 1336 1335
f 1124 1336 1123
f 1124 1337 1336
f 1125 1337 1124
f 1125 1137 1138
f 1338 1125 1138
f 1337 1125 1338
f 1140 1339 1338
f 1140 1338 1138
f 1126 1140 1141
f 1128 1126 1141
f 1126 1339 1140
f 1340 1126 1127
f 1126 1340 1339
f 1350 1130 1128
f 1141 1350 1128
f 1350 1129 1130
f 1127 1350 1340
f 1350 1127 1129
f 1143 1142 1130
f 1143 1130 1129
f 1343 1143 1129
f 1341 1343 1129
f 1345 1145 1343
f 1343 1145 1143
f 1354 1145 1345
f 1348 1131 1360
f 1360 1131 1146
f 1132 1146 1131
f 1147 1146 1132
f 1149 1147 1132
f 1149 1132 1133
f 1150 1135 1134
f 1349 1150 1134
f 1361 1150 1349
f 1135 1136 1134
f 1137 1139 1138
f 1151 1152 1139
f 1152 1138 1139
f 1152 1140 1138
f 1152 1141 1140
f 1152 1154 1141
f 1155 1352 1350
f 1141 1155 1350
f 1154 1155 1141
f 1155 1362 1352
f 1143 1144 1142
f 1157 1156 1144
f 1143 1157 1144
f 1145 1157 1143
f 1364 1157 1354
f 1354 1157 1145
f 1359 1159 1371
f 1360 1146 1359
f 1146 1159 1359
f 1146 1160 1159
f 1147 1148 1162
f 1160 1147 1162
f 1146 1147 1160
f 1149 1148 1147
f 1372 1150 1361
f 1163 1150 1372
f 1151 1153 1152
f 1168 1169 1153
f 1169 1152 1153
f 1169 1154 1152
f 1169 1155 1154
f 1169 1170 1155
f 1170 1378 1362
f 1170 1362 1155
f 1158 1156 1157
f 1172 1171 1158
f 1172 1158 1157
f 1366 1172 1157
f 1364 1366 1157
f 1381 1172 1366
f 1370 1174 1387
f 1371 1159 1370
f 1159 1174 1370
f 1159 1175 1174
f 1160 1161 1177
f 1175 1160 1177
f 1159 1160 1175
f 1162 1161 1160
f 1388 1163 1372
f 1178 1163 1388
f 1181 1182 1164
f 1392 1373 1182
f 1373 1164 1182
f 1373 1165 1164
f 1374 1165 1373
f 1374 1166 1165
f 1375 1166 1374
f 1375 1167 1166
f 1376 1169 1168
f 1167 1376 1168
f 1375 1376 1167
f 1377 1170 1169
f 1377 1169 1376
f 1377 1378 1170
f 1173 1171 1172
f 1184 1183 1173
f 1184 1173 1172
f 1383 1184 1172
f 1381 1383 1172
f 1393 1184 1383
f 1386 1185 1397
f 1387 1174 1386
f 1174 1185 1386
f 1174 1186 1185
f 1175 1176 1187
f 1186 1175 1187
f 1174 1175 1186
f 1177 1176 1175
f 1179 1178 1388
f 1179 1388 1389
f 1390 1179 1389
f 1390 1180 1179
f 1390 1398 1180
f 1180 1398 1188
f 1182 1181 1391
f 1181 1400 1391
f 1181 1190 1400
f 1391 1392 1182
f 1183 1184 1195
f 1183 1195 1194
f 1408 1195 1393
f 1393 1195 1184
f 1397 1185 1415
f 1415 1185 1196
f 1186 1196 1185
f 1197 1196 1186
f 1199 1197 1186
f 1199 1186 1187
f 1189 1188 1398
f 1189 1398 1399
f 1399 1426 1189
f 1189 1426 1208
f 1190 1427 1400
f 1190 1209 1427
f 1213 1402 1431
f 1402 1213 1215
f 1191 1402 1215
f 1403 1402 1191
f 1191 1404 1403
f 1192 1404 1191
f 1192 1405 1404
f 1193 1405 1192
f 1193 1216 1217
f 1406 1193 1217
f 1405 1193 1406
f 1218 1407 1406
f 1218 1406 1217
f 1407 1195 1220
f 1432 1407 1220
f 1407 1194 1195
f 1219 1407 1218
f 1407 1219 1194
f 1410 1222 1408
f 1222 1195 1408
f 1222 1220 1195
f 1434 1222 1410
f 1414 1223 1439
f 1415 1196 1414
f 1196 1223 1414
f 1196 1224 1223
f 1226 1227 1198
f 1441 1197 1416
f 1441 1224 1197
f 1224 1196 1197
f 1199 1417 1416
f 1197 1199 1416
f 1199 1228 1417
f 1227 1199 1198
f 1199 1227 1228
f 1417 1228 1229
f 1200 1417 1229
f 1418 1417 1200
f 1200 1419 1418
f 1201 1419 1200
f 1201 1420 1419
f 1202 1420 1201
f 1202 1421 1420
f 1203 1421 1202
f 1203 1422 1421
f 1204 1422 1203
f 1204 1423 1422
f 1205 1423 1204
f 1205 1424 1423
f 1206 1424 1205
f 1206 1425 1424
f 1207 1425 1206
f 1207 1208 1425
f 1425 1208 1426
f 1209 1210 1427
f 1427 1210 1428
f 1210 1429 1428
f 1211 1429 1210
f 1211 1430 1429
f 1212 1430 1211
f 1431 1430 1213
f 1430 1214 1213
f 1430 1212 1214
f 1214 1215 1213
f 1217 1216 1231
f 1231 1216 1230
f 1231 1218 1217
f 1231 1233 1218
f 1221 1442 1432
f 1220 1221 1432
f 1221 1233 1442
f 1218 1221 1219
f 1221 1218 1233
f 1235 1234 1221
f 1220 1235 1221
f 1222 1235 1220
f 1445 1235 1434
f 1434 1235 1222
f 1438 1236 1450
f 1439 1223 1438
f 1223 1236 1438
f 1223 1237 1236
f 1224 1225 1238
f 1237 1224 1238
f 1223 1224 1237
f 1225 1240 1227
f 1226 1225 1227
f 1225 1456 1240
f 1441 1225 1224
f 1225 1441 1456
f 1240 1228 1227
f 1240 1242 1228
f 1242 1244 1228
f 1228 1244 1229
f 1230 1232 1231
f 1245 1246 1232
f 1246 1231 1232
f 1246 1233 1231
f 1247 1444 1442
f 1233 1247 1442
f 1246 1247 1233
f 1444 1235 1249
f 1457 1444 1249
f 1444 1234 1235
f 1248 1444 1247
f 1444 1248 1234
f 1447 1251 1445
f 1251 1235 1445
f 1251 1249 1235
f 1458 1251 1447
f 1236 1451 1450
f 1237 1453 1236
f 1236 1453 1451
f 1238 1239 1237
f 1239 1453 1237
f 1239 1455 1453
f 1456 1455 1240
f 1455 1241 1240
f 1455 1239 1241
f 1240 1241 1242
f 1242 1241 1243
f 1243 1244 1242
f 1246 1245 1253
f 1253 1245 1252
f 1253 1247 1246
f 1253 1255 1247
f 1250 1461 1457
f 1249 1250 1457
f 1250 1255 1461
f 1247 1250 1248
f 1250 1247 1255
f 1259 1258 1250
f 1249 1259 1250
f 1251 1259 1249
f 1460 1260 1458
f 1260 1251 1458
f 1260 1259 1251
f 1465 1260 1460
f 1252 1254 1253
f 1253 1254 1255
f 1255 1254 1256
f 1255 1256 1461
f 1256 1462 1461
f 1256 1257 1462
f 1259 1463 1258
f 1463 1257 1258
f 1463 1462 1257
f 1260 1464 1259
f 1259 1464 1463
f 1465 1464 1260
f 1467 1284 1505
f 1468 1286 1467
f 1467 1286 1284
f 1469 1288 1468
f 1468 1288 1286
f 1470 1290 1469
f 1469 1290 1288
f 1471 1292 1470
f 1470 1292 1290
f 1292 1471 1294
f 1471 1261 1294
f 1471 1472 1261
f 1473 1261 1472
f 1473 1262 1261
f 1474 1262 1473
f 1474 1263 1262
f 1475 1263 1474
f 1475 1264 1263
f 1476 1264 1475
f 1476 1265 1264
f 1477 1265 1476
f 1477 1266 1265
f 1478 1266 1477
f 1478 1267 1266
f 1479 1267 1478
f 1479 1268 1267
f 1480 1268 1479
f 1480 1269 1268
f 1481 1269 1480
f 1481 1270 1269
f 1482 1270 1481
f 1482 1271 1270
f 1483 1271 1482
f 1483 1272 1271
f 1484 1272 1483
f 1484 1273 1272
f 1485 1273 1484
f 1485 1274 1273
f 1486 1274 1485
f 1486 1275 1274
f 1487 1275 1486
f 1487 1276 1275
f 1488 1276 1487
f 1488 1277 1276
f 1489 1277 1488
f 1489 1278 1277
f 1490 1278 1489
f 1490 1279 1278
f 1491 1279 1490
f 1491 1280 1279
f 1492 1280 1491
f 1492 1281 1280
f 1295 1281 1296
f 1281 1493 1296
f 1281 1492 1493
f 1494 1298 1493
f 1493 1298 1296
f 1495 1300 1494
f 1494 1300 1298
f 1506 1300 1495
f 1496 1304 1519
f 1498 1306 1496
f 1496 1306 1304
f 1500 1308 1498
f 1498 1308 1306
f 1308 1500 1310
f 1500 1282 1310
f 1500 1502 1282
f 1504 1282 1502
f 1504 1283 1282
f 1504 1505 1284
f 1285 1504 1284
f 1283 1504 1285
f 1285 1284 1286
f 1285 1286 1287
f 1287 1286 1288
f 1287 1288 1289
f 1289 1288 1290
f 1289 1290 1291
f 1291 1290 1292
f 1291 1292 1293
f 1294 1293 1292
f 1297 1295 1296
f 1297 1296 1298
f 1297 1298 1299
f 1299 1298 1300
f 1299 1300 1301
f 1301 1300 1506
f 1508 1301 1506
f 1302 1301 1508
f 1510 1302 1508
f 1510 1303 1302
f 1341 1303 1342
f 1303 1512 1342
f 1303 1510 1512
f 1513 1344 1512
f 1512 1344 1342
f 1552 1344 1513
f 1516 1346 1560
f 1518 1347 1516
f 1516 1347 1346
f 1305 1348 1304
f 1304 1348 1519
f 1348 1347 1519
f 1347 1518 1519
f 1305 1304 1306
f 1305 1306 1307
f 1307 1306 1308
f 1307 1308 1309
f 1310 1309 1308
f 1520 1561 1349
f 1520 1349 1311
f 1311 1521 1520
f 1312 1521 1311
f 1312 1522 1521
f 1313 1522 1312
f 1313 1523 1522
f 1314 1523 1313
f 1314 1524 1523
f 1315 1524 1314
f 1315 1525 1524
f 1316 1525 1315
f 1316 1526 1525
f 1317 1526 1316
f 1317 1527 1526
f 1318 1527 1317
f 1318 1528 1527
f 1319 1528 1318
f 1319 1529 1528
f 1320 1529 1319
f 1320 1530 1529
f 1321 1530 1320
f 1321 1531 1530
f 1322 1531 1321
f 1322 1532 1531
f 1323 1532 1322
f 1323 1533 1532
f 1324 1533 1323
f 1324 1534 1533
f 1325 1534 1324
f 1325 1535 1534
f 1326 1535 1325
f 1326 1536 1535
f 1327 1536 1326
f 1327 1537 1536
f 1328 1537 1327
f 1328 1538 1537
f 1329 1538 1328
f 1329 1539 1538
f 1330 1539 1329
f 1330 1540 1539
f 1331 1540 1330
f 1331 1541 1540
f 1332 1541 1331
f 1332 1542 1541
f 1333 1542 1332
f 1333 1543 1542
f 1334 1543 1333
f 1334 1544 1543
f 1335 1544 1334
f 1335 1545 1544
f 1336 1545 1335
f 1336 1546 1545
f 1337 1546 1336
f 1337 1547 1546
f 1338 1547 1337
f 1338 1548 1547
f 1339 1548 1338
f 1339 1549 1548
f 1340 1549 1339
f 1340 1350 1351
f 1550 1340 1351
f 1549 1340 1550
f 1341 1351 1353
f 1343 1341 1353
f 1341 1550 1351
f 1551 1341 1342
f 1341 1551 1550
f 1562 1345 1343
f 1353 1562 1343
f 1562 1344 1345
f 1342 1562 1551
f 1562 1342 1344
f 1355 1354 1345
f 1355 1345 1344
f 1554 1355 1344
f 1552 1554 1344
f 1564 1355 1554
f 1559 1356 1570
f 1560 1346 1559
f 1346 1356 1559
f 1346 1357 1356
f 1347 1357 1346
f 1358 1357 1347
f 1360 1358 1347
f 1360 1347 1348
f 1571 1349 1561
f 1361 1349 1571
f 1350 1352 1351
f 1362 1363 1352
f 1363 1351 1352
f 1363 1353 1351
f 1363 1572 1562
f 1363 1562 1353
f 1354 1355 1365
f 1354 1365 1364
f 1566 1367 1564
f 1367 1355 1564
f 1367 1365 1355
f 1576 1367 1566
f 1570 1356 1581
f 1581 1356 1368
f 1357 1368 1356
f 1369 1368 1357
f 1358 1359 1371
f 1369 1358 1371
f 1357 1358 1369
f 1360 1359 1358
f 1582 1361 1571
f 1372 1361 1582
f 1363 1362 1379
f 1379 1362 1378
f 1380 1574 1572
f 1363 1380 1572
f 1379 1380 1363
f 1380 1590 1574
f 1365 1366 1364
f 1382 1381 1366
f 1365 1382 1366
f 1367 1382 1365
f 1592 1382 1576
f 1576 1382 1367
f 1580 1384 1599
f 1581 1368 1580
f 1368 1384 1580
f 1368 1385 1384
f 1369 1370 1387
f 1385 1369 1387
f 1368 1369 1385
f 1371 1370 1369
f 1600 1372 1582
f 1388 1372 1600
f 1603 1583 1392
f 1392 1583 1373
f 1584 1373 1583
f 1584 1374 1373
f 1585 1374 1584
f 1585 1375 1374
f 1586 1375 1585
f 1586 1376 1375
f 1587 1376 1586
f 1587 1377 1376
f 1588 1379 1378
f 1377 1588 1378
f 1587 1588 1377
f 1589 1380 1379
f 1589 1379 1588
f 1589 1590 1380
f 1383 1381 1382
f 1394 1393 1383
f 1394 1383 1382
f 1594 1394 1382
f 1592 1594 1382
f 1604 1394 1594
f 1598 1395 1609
f 1599 1384 1598
f 1384 1395 1598
f 1384 1396 1395
f 1385 1386 1397
f 1396 1385 1397
f 1384 1385 1396
f 1387 1386 1385
f 1389 1388 1600
f 1389 1600 1601
f 1602 1389 1601
f 1602 1390 1389
f 1602 1611 1390
f 1390 1611 1398
f 1400 1401 1391
f 1392 1391 1401
f 1614 1392 1401
f 1603 1392 1614
f 1393 1394 1409
f 1393 1409 1408
f 1606 1411 1604
f 1411 1394 1604
f 1411 1409 1394
f 1622 1411 1606
f 1609 1395 1627
f 1627 1395 1412
f 1396 1412 1395
f 1413 1412 1396
f 1415 1413 1396
f 1415 1396 1397
f 1399 1398 1611
f 1399 1611 1612
f 1612 1639 1399
f 1399 1639 1426
f 1401 1400 1613
f 1400 1640 1613
f 1400 1427 1640
f 1613 1614 1401
f 1615 1644 1431
f 1615 1431 1402
f 1402 1616 1615
f 1403 1616 1402
f 1403 1617 1616
f 1404 1617 1403
f 1404 1618 1617
f 1405 1618 1404
f 1405 1619 1618
f 1406 1619 1405
f 1406 1620 1619
f 1407 1620 1406
f 1407 1432 1433
f 1621 1407 1433
f 1620 1407 1621
f 1433 1645 1621
f 1409 1410 1408
f 1435 1434 1410
f 1409 1435 1410
f 1411 1435 1409
f 1646 1435 1622
f 1622 1435 1411
f 1626 1436 1650
f 1627 1412 1626
f 1412 1436 1626
f 1412 1437 1436
f 1413 1414 1439
f 1437 1413 1439
f 1412 1413 1437
f 1415 1414 1413
f 1654 1440 1628
f 1628 1440 1441
f 1416 1628 1441
f 1629 1628 1416
f 1416 1630 1629
f 1417 1630 1416
f 1417 1631 1630
f 1418 1631 1417
f 1418 1632 1631
f 1419 1632 1418
f 1419 1633 1632
f 1420 1633 1419
f 1420 1634 1633
f 1421 1634 1420
f 1421 1635 1634
f 1422 1635 1421
f 1422 1636 1635
f 1423 1636 1422
f 1423 1637 1636
f 1424 1637 1423
f 1424 1638 1637
f 1425 1638 1424
f 1425 1426 1638
f 1638 1426 1639
f 1427 1428 1640
f 1640 1428 1641
f 1428 1642 1641
f 1429 1642 1428
f 1429 1643 1642
f 1430 1643 1429
f 1430 1431 1643
f 1643 1431 1644
f 1433 1432 1443
f 1443 1432 1442
f 1443 1655 1645
f 1443 1645 1433
f 1434 1435 1446
f 1434 1446 1445
f 1656 1446 1646
f 1646 1446 1435
f 1649 1448 1661
f 1650 1436 1649
f 1436 1448 1649
f 1436 1449 1448
f 1437 1438 1450
f 1449 1437 1450
f 1436 1437 1449
f 1439 1438 1437
f 1666 1452 1653
f 1440 1654 1653
f 1452 1440 1653
f 1454 1440 1452
f 1454 1456 1440
f 1440 1456 1441
f 1442 1444 1443
f 1655 1443 1444
f 1457 1655 1444
f 1667 1655 1457
f 1447 1445 1446
f 1459 1458 1447
f 1459 1447 1446
f 1658 1459 1446
f 1656 1658 1446
f 1668 1459 1658
f 1448 1662 1661
f 1449 1663 1448
f 1448 1663 1662
f 1450 1451 1449
f 1451 1663 1449
f 1451 1665 1663
f 1666 1665 1452
f 1665 1453 1452
f 1665 1451 1453
f 1452 1453 1454
f 1454 1453 1455
f 1455 1456 1454
f 1457 1671 1667
f 1457 1461 1671
f 1460 1458 1459
f 1466 1465 1460
f 1466 1460 1459
f 1670 1466 1459
f 1668 1670 1459
f 1676 1466 1670
f 1461 1462 1671
f 1671 1462 1672
f 1462 1673 1672
f 1463 1673 1462
f 1463 1674 1673
f 1464 1674 1463
f 1466 1675 1465
f 1675 1464 1465
f 1675 1674 1464
f 1676 1675 1466
f 1680 1497 1725
f 1681 1499 1680
f 1680 1499 1497
f 1682 1501 1681
f 1681 1501 1499
f 1683 1503 1682
f 1682 1503 1501
f 1503 1683 1505
f 1683 1467 1505
f 1683 1684 1467
f 1685 1467 1684
f 1685 1468 1467
f 1686 1468 1685
f 1686 1469 1468
f 1687 1469 1686
f 1687 1470 1469
f 1688 1470 1687
f 1688 1471 1470
f 1689 1471 1688
f 1689 1472 1471
f 1690 1472 1689
f 1690 1473 1472
f 1691 1473 1690
f 1691 1474 1473
f 1692 1474 1691
f 1692 1475 1474
f 1693 1475 1692
f 1693 1476 1475
f 1694 1476 1693
f 1694 1477 1476
f 1695 1477 1694
f 1695 1478 1477
f 1696 1478 1695
f 1696 1479 1478
f 1697 1479 1696
f 1697 1480 1479
f 1698 1480 1697
f 1698 1481 1480
f 1699 1481 1698
f 1699 1482 1481
f 1700 1482 1699
f 1700 1483 1482
f 1701 1483 1700
f 1701 1484 1483
f 1702 1484 1701
f 1702 1485 1484
f 1703 1485 1702
f 1703 1486 1485
f 1704 1486 1703
f 1704 1487 1486
f 1705 1487 1704
f 1705 1488 1487
f 1706 1488 1705
f 1706 1489 1488
f 1707 1489 1706
f 1707 1490 1489
f 1708 1490 1707
f 1708 1491 1490
f 1709 1491 1708
f 1709 1492 1491
f 1710 1492 1709
f 1710 1493 1492
f 1711 1493 1710
f 1711 1494 1493
f 1712 1494 1711
f 1712 1495 1494
f 1506 1495 1507
f 1495 1713 1507
f 1495 1712 1713
f 1714 1509 1713
f 1713 1509 1507
f 1715 1511 1714
f 1714 1511 1509
f 1726 1511 1715
f 1718 1514 1738
f 1720 1515 1718
f 1718 1515 1514
f 1722 1517 1720
f 1720 1517 1515
f 1517 1722 1519
f 1722 1496 1519
f 1722 1724 1496
f 1724 1725 1497
f 1498 1724 1497
f 1496 1724 1498
f 1498 1497 1499
f 1498 1499 1500
f 1500 1499 1501
f 1500 1501 1502
f 1502 1501 1503
f 1502 1503 1504
f 1505 1504 1503
f 1508 1506 1507
f 1508 1507 1509
f 1508 1509 1510
f 1510 1509 1511
f 1510 1511 1512
f 1512 1511 1726
f 1728 1512 1726
f 1513 1512 1728
f 1552 1513 1553
f 1513 1730 1553
f 1513 1728 1730
f 1732 1555 1730
f 1730 1555 1553
f 1773 1555 1732
f 1735 1556 1779
f 1737 1557 1735
f 1735 1557 1556
f 1738 1514 1737
f 1514 1557 1737
f 1514 1558 1557
f 1515 1516 1560
f 1558 1515 1560
f 1514 1515 1558
f 1516 1515 1517
f 1516 1517 1518
f 1519 1518 1517
f 1739 1780 1561
f 1739 1561 1520
f 1520 1740 1739
f 1521 1740 1520
f 1521 1741 1740
f 1522 1741 1521
f 1522 1742 1741
f 1523 1742 1522
f 1523 1743 1742
f 1524 1743 1523
f 1524 1744 1743
f 1525 1744 1524
f 1525 1745 1744
f 1526 1745 1525
f 1526 1746 1745
f 1527 1746 1526
f 1527 1747 1746
f 1528 1747 1527
f 1528 1748 1747
f 1529 1748 1528
f 1529 1749 1748
f 1530 1749 1529
f 1530 1750 1749
f 1531 1750 1530
f 1531 1751 1750
f 1532 1751 1531
f 1532 1752 1751
f 1533 1752 1532
f 1533 1753 1752
f 1534 1753 1533
f 1534 1754 1753
f 1535 1754 1534
f 1535 1755 1754
f 1536 1755 1535
f 1536 1756 1755
f 1537 1756 1536
f 1537 1757 1756
f 1538 1757 1537
f 1538 1758 1757
f 1539 1758 1538
f 1539 1759 1758
f 1540 1759 1539
f 1540 1760 1759
f 1541 1760 1540
f 1541 1761 1760
f 1542 1761 1541
f 1542 1762 1761
f 1543 1762 1542
f 1543 1763 1762
f 1544 1763 1543
f 1544 1764 1763
f 1545 1764 1544
f 1545 1765 1764
f 1546 1765 1545
f 1546 1766 1765
f 1547 1766 1546
f 1547 1767 1766
f 1548 1767 1547
f 1548 1768 1767
f 1549 1768 1548
f 1549 1769 1768
f 1550 1769 1549
f 1550 1771 1769
f 1551 1771 1550
f 1551 1562 1563
f 1772 1551 1563
f 1771 1551 1772
f 1563 1781 1772
f 1553 1554 1552
f 1565 1564 1554
f 1553 1565 1554
f 1555 1565 1553
f 1775 1567 1773
f 1567 1555 1773
f 1567 1565 1555
f 1783 1567 1775
f 1779 1556 1788
f 1788 1556 1568
f 1557 1568 1556
f 1569 1568 1557
f 1558 1559 1570
f 1569 1558 1570
f 1557 1558 1569
f 1560 1559 1558
f 1789 1561 1780
f 1571 1561 1789
f 1563 1562 1573
f 1573 1562 1572
f 1575 1782 1781
f 1563 1575 1781
f 1573 1575 1563
f 1575 1790 1782
f 1565 1566 1564
f 1577 1576 1566
f 1565 1577 1566
f 1567 1577 1565
f 1792 1577 1783
f 1783 1577 1567
f 1788 1568 1799
f 1799 1568 1578
f 1569 1578 1568
f 1579 1578 1569
f 1581 1579 1569
f 1581 1569 1570
f 1800 1571 1789
f 1582 1571 1800
f 1572 1574 1573
f 1590 1591 1574
f 1591 1573 1574
f 1591 1575 1573
f 1591 1810 1790
f 1591 1790 1575
f 1576 1577 1593
f 1576 1593 1592
f 1794 1595 1792
f 1595 1577 1792
f 1595 1593 1577
f 1812 1595 1794
f 1798 1596 1818
f 1799 1578 1798
f 1578 1596 1798
f 1578 1597 1596
f 1579 1580 1599
f 1597 1579 1599
f 1578 1579 1597
f 1581 1580 1579
f 1819 1582 1800
f 1600 1582 1819
f 1823 1802 1603
f 1603 1802 1583
f 1803 1583 1802
f 1803 1584 1583
f 1804 1584 1803
f 1804 1585 1584
f 1805 1585 1804
f 1805 1586 1585
f 1806 1586 1805
f 1806 1587 1586
f 1807 1587 1806
f 1807 1588 1587
f 1808 1588 1807
f 1808 1589 1588
f 1809 1591 1590
f 1589 1809 1590
f 1808 1809 1589
f 1809 1810 1591
f 1594 1592 1593
f 1605 1604 1594
f 1593 1605 1594
f 1595 1605 1593
f 1814 1607 1812
f 1607 1595 1812
f 1607 1605 1595
f 1824 1607 1814
f 1818 1596 1829
f 1829 1596 1608
f 1597 1598 1609
f 1608 1597 1609
f 1596 1597 1608
f 1599 1598 1597
f 1601 1600 1819
f 1601 1819 1821
f 1610 1602 1830
f 1602 1821 1830
f 1602 1601 1821
f 1610 1611 1602
f 1603 1834 1823
f 1603 1614 1834
f 1606 1604 1605
f 1623 1622 1606
f 1605 1623 1606
f 1607 1623 1605
f 1842 1623 1824
f 1824 1623 1607
f 1828 1624 1846
f 1829 1608 1828
f 1608 1624 1828
f 1608 1625 1624
f 1627 1625 1608
f 1627 1608 1609
f 1831 1610 1830
f 1612 1611 1610
f 1831 1612 1610
f 1832 1612 1831
f 1832 1860 1612
f 1612 1860 1639
f 1861 1833 1640
f 1640 1833 1613
f 1614 1613 1833
f 1614 1833 1834
f 1835 1865 1644
f 1835 1644 1615
f 1615 1836 1835
f 1616 1836 1615
f 1616 1837 1836
f 1617 1837 1616
f 1617 1838 1837
f 1618 1838 1617
f 1618 1839 1838
f 1619 1839 1618
f 1619 1840 1839
f 1620 1840 1619
f 1620 1841 1840
f 1621 1841 1620
f 1866 1841 1621
f 1866 1621 1645
f 1622 1623 1647
f 1622 1647 1646
f 1867 1647 1842
f 1842 1647 1623
f 1846 1624 1874
f 1874 1624 1648
f 1625 1626 1650
f 1648 1625 1650
f 1624 1625 1648
f 1627 1626 1625
f 1875 1651 1847
f 1652 1848 1847
f 1652 1847 1651
f 1848 1652 1654
f 1628 1848 1654
f 1849 1848 1628
f 1628 1850 1849
f 1629 1850 1628
f 1629 1851 1850
f 1630 1851 1629
f 1630 1852 1851
f 1631 1852 1630
f 1631 1853 1852
f 1632 1853 1631
f 1632 1854 1853
f 1633 1854 1632
f 1633 1855 1854
f 1634 1855 1633
f 1634 1856 1855
f 1635 1856 1634
f 1635 1857 1856
f 1636 1857 1635
f 1636 1858 1857
f 1637 1858 1636
f 1637 1859 1858
f 1638 1859 1637
f 1638 1639 1859
f 1859 1639 1860
f 1640 1641 1861
f 1861 1641 1862
f 1641 1863 1862
f 1642 1863 1641
f 1642 1864 1863
f 1643 1864 1642
f 1643 1644 1864
f 1864 1644 1865
f 1645 1876 1866
f 1645 1655 1876
f 1646 1647 1657
f 1646 1657 1656
f 1869 1659 1867
f 1659 1647 1867
f 1659 1657 1647
f 1877 1659 1869
f 1873 1660 1882
f 1649 1661 1648
f 1648 1661 1874
f 1661 1660 1874
f 1660 1873 1874
f 1650 1649 1648
f 1651 1875 1887
f 1651 1887 1664
f 1653 1652 1666
f 1652 1664 1666
f 1652 1651 1664
f 1653 1654 1652
f 1655 1888 1876
f 1655 1667 1888
f 1658 1656 1657
f 1669 1668 1658
f 1657 1669 1658
f 1659 1669 1657
f 1889 1669 1877
f 1877 1669 1659
f 1660 1883 1882
f 1661 1662 1660
f 1662 1883 1660
f 1662 1884 1883
f 1662 1886 1884
f 1663 1886 1662
f 1887 1886 1664
f 1886 1665 1664
f 1886 1663 1665
f 1665 1666 1664
f 1667 1897 1888
f 1667 1671 1897
f 1670 1668 1669
f 1677 1676 1670
f 1677 1670 1669
f 1891 1677 1669
f 1889 1891 1669
f 1902 1677 1891
f 1671 1672 1897
f 1897 1672 1898
f 1672 1899 1898
f 1673 1899 1672
f 1673 1900 1899
f 1674 1900 1673
f 1674 1901 1900
f 1675 1901 1674
f 1901 1675 1676
f 1678 1901 1676
f 1677 1678 1676
f 1908 1901 1678
f 1904 1679 1902
f 1679 1677 1902
f 1679 1678 1677
f 1911 1679 1904
f 1678 1909 1908
f 1679 1910 1678
f 1678 1910 1909
f 1911 1910 1679
f 1914 1716 1977
f 1915 1717 1914
f 1914 1717 1716
f 1916 1719 1915
f 1915 1719 1717
f 1917 1721 1916
f 1916 1721 1719
f 1918 1723 1917
f 1917 1723 1721
f 1723 1918 1725
f 1918 1680 1725
f 1918 1919 1680
f 1920 1680 1919
f 1920 1681 1680
f 1921 1681 1920
f 1921 1682 1681
f 1922 1682 1921
f 1922 1683 1682
f 1923 1683 1922
f 1923 1684 1683
f 1924 1684 1923
f 1924 1685 1684
f 1925 1685 1924
f 1925 1686 1685
f 1926 1686 1925
f 1926 1687 1686
f 1927 1687 1926
f 1927 1688 1687
f 1928 1688 1927
f 1928 1689 1688
f 1929 1689 1928
f 1929 1690 1689
f 1930 1690 1929
f 1930 1691 1690
f 1931 1691 1930
f 1931 1692 1691
f 1932 1692 1931
f 1932 1693 1692
f 1933 1693 1932
f 1933 1694 1693
f 1934 1694 1933
f 1934 1695 1694
f 1935 1695 1934
f 1935 1696 1695
f 1936 1696 1935
f 1936 1697 1696
f 1937 1697 1936
f 1937 1698 1697
f 1938 1698 1937
f 1938 1699 1698
f 1939 1699 1938
f 1939 1700 1699
f 1940 1700 1939
f 1940 1701 1700
f 1941 1701 1940
f 1941 1702 1701
f 1942 1702 1941
f 1942 1703 1702
f 1944 1703 1942
f 1944 1704 1703
f 1946 1704 1944
f 1946 1705 1704
f 1948 1705 1946
f 1948 1706 1705
f 1950 1706 1948
f 1950 1707 1706
f 1952 1707 1950
f 1952 1708 1707
f 1954 1708 1952
f 1954 1709 1708
f 1956 1709 1954
f 1956 1710 1709
f 1958 1710 1956
f 1958 1711 1710
f 1960 1711 1958
f 1960 1712 1711
f 1962 1712 1960
f 1962 1713 1712
f 1964 1713 1962
f 1964 1714 1713
f 1966 1714 1964
f 1966 1715 1714
f 1726 1715 1727
f 1715 1968 1727
f 1715 1966 1968
f 1970 1729 1968
f 1968 1729 1727
f 1972 1731 1970
f 1970 1731 1729
f 1979 1731 1972
f 1974 1733 1987
f 1976 1734 1974
f 1974 1734 1733
f 1977 1716 1976
f 1716 1734 1976
f 1716 1736 1734
f 1717 1718 1738
f 1736 1717 1738
f 1716 1717 1736
f 1718 1717 1719
f 1718 1719 1720
f 1720 1719 1721
f 1720 1721 1722
f 1722 1721 1723
f 1722 1723 1724
f 1725 1724 1723
f 1770 1978 2020
f 1770 2021 1978
f 1727 1728 1726
f 1728 1727 1729
f 1728 1729 1730
f 1730 1729 1731
f 1730 1731 1732
f 1774 1773 1732
f 1774 1732 1731
f 1981 1774 1731
f 1979 1981 1731
f 1983 1776 1981
f 1981 1776 1774
f 2026 1776 1983
f 1986 1777 2031
f 1987 1733 1986
f 1733 1777 1986
f 1733 1778 1777
f 1734 1735 1779
f 1778 1734 1779
f 1733 1734 1778
f 1735 1734 1736
f 1735 1736 1737
f 1738 1737 1736
f 1988 2032 1780
f 1988 1780 1739
f 1739 1989 1988
f 1740 1989 1739
f 1740 1990 1989
f 1741 1990 1740
f 1741 1991 1990
f 1742 1991 1741
f 1742 1992 1991
f 1743 1992 1742
f 1743 1993 1992
f 1744 1993 1743
f 1744 1994 1993
f 1745 1994 1744
f 1745 1995 1994
f 1746 1995 1745
f 1746 1996 1995
f 1747 1996 1746
f 1747 1997 1996
f 1748 1997 1747
f 1748 1998 1997
f 1749 1998 1748
f 1749 1999 1998
f 1750 1999 1749
f 1750 2000 1999
f 1751 2000 1750
f 1751 2001 2000
f 1752 2001 1751
f 1752 2002 2001
f 1753 2002 1752
f 1753 2003 2002
f 1754 2003 1753
f 1754 2004 2003
f 1755 2004 1754
f 1755 2005 2004
f 1756 2005 1755
f 1756 2006 2005
f 1757 2006 1756
f 1757 2007 2006
f 1758 2007 1757
f 1758 2008 2007
f 1759 2008 1758
f 1759 2009 2008
f 1760 2009 1759
f 1760 2010 2009
f 1761 2010 1760
f 1761 2011 2010
f 1762 2011 1761
f 1762 2012 2011
f 1763 2012 1762
f 1763 2013 2012
f 1764 2013 1763
f 1764 2014 2013
f 1765 2014 1764
f 1765 2015 2014
f 1766 2015 1765
f 1766 2016 2015
f 1767 2016 1766
f 1767 2017 2016
f 1768 2017 1767
f 1768 2019 2017
f 1769 2019 1768
f 2020 2019 1770
f 2019 1771 1770
f 2019 1769 1771
f 1770 1771 2021
f 1771 2023 2021
f 1771 1772 2023
f 2035 2023 1772
f 2035 1772 1781
f 1775 1773 1774
f 1784 1783 1775
f 1774 1784 1775
f 1776 1784 1774
f 2028 1785 2026
f 1785 1776 2026
f 1785 1784 1776
f 2038 1785 2028
f 2031 1777 2042
f 2042 1777 1786
f 1778 1786 1777
f 1787 1786 1778
f 1788 1787 1778
f 1788 1778 1779
f 2043 1780 2032
f 1789 1780 2043
f 1781 1782 2035
f 2035 1782 2036
f 1782 1790 1791
f 2037 1782 1791
f 2036 1782 2037
f 1791 2048 2037
f 1783 1784 1793
f 1783 1793 1792
f 1785 1793 1784
f 1795 1793 1785
f 2049 1795 2038
f 2038 1795 1785
f 2042 1786 2056
f 2056 1786 1796
f 1787 1796 1786
f 1797 1796 1787
f 1799 1797 1787
f 1799 1787 1788
f 2043 2044 1801
f 1800 2043 1801
f 1789 2043 1800
f 2057 1801 2044
f 1791 1790 1811
f 1811 1790 1810
f 1811 2072 2048
f 1811 2048 1791
f 1794 1792 1793
f 1813 1812 1794
f 1793 1813 1794
f 1795 1813 1793
f 2051 1815 2049
f 1815 1795 2049
f 1815 1813 1795
f 2073 1815 2051
f 2055 1816 2076
f 2056 1796 2055
f 1796 1816 2055
f 1796 1817 1816
f 1797 1798 1818
f 1817 1797 1818
f 1796 1797 1817
f 1799 1798 1797
f 1800 1801 1820
f 1800 1820 1819
f 2077 1820 2057
f 2057 1820 1801
f 2058 1822 2079
f 1822 2058 1823
f 2058 1802 1823
f 2058 2059 1802
f 2060 1802 2059
f 2060 1803 1802
f 2061 1803 2060
f 2061 1804 1803
f 2062 1804 2061
f 2062 1805 1804
f 2063 1805 2062
f 2063 1806 1805
f 2065 1806 2063
f 2065 1807 1806
f 2067 1807 2065
f 2067 1808 1807
f 2069 1808 2067
f 2069 1809 1808
f 2071 1811 1810
f 1809 2071 1810
f 2069 2071 1809
f 2071 2072 1811
f 1814 1812 1813
f 1825 1824 1814
f 1813 1825 1814
f 1815 1825 1813
f 2081 1825 2073
f 2073 1825 1815
f 2076 1816 2086
f 2086 1816 1826
f 1817 1826 1816
f 1827 1826 1817
f 1829 1827 1817
f 1829 1817 1818
f 1821 1819 1820
f 1820 2077 1821
f 2077 1830 1821
f 2077 2087 1830
f 1822 2080 2079
f 2091 2080 1822
f 1823 2091 1822
f 1834 2091 1823
f 1824 1825 1843
f 1824 1843 1842
f 2083 1844 2081
f 1844 1825 2081
f 1844 1843 1825
f 2099 1844 2083
f 2086 1826 2103
f 2103 1826 1845
f 1827 1828 1846
f 1845 1827 1846
f 1826 1827 1845
f 1829 1828 1827
f 1831 1830 2087
f 1831 2087 2088
f 2089 1831 2088
f 2089 1832 1831
f 2089 2117 1832
f 1832 2117 1860
f 2118 2090 1861
f 1861 2090 1833
f 1834 1833 2090
f 1834 2090 2091
f 2092 2122 1865
f 2092 1865 1835
f 1835 2093 2092
f 1836 2093 1835
f 1836 2094 2093
f 1837 2094 1836
f 1837 2095 2094
f 1838 2095 1837
f 1838 2096 2095
f 1839 2096 1838
f 1839 2097 2096
f 1840 2097 1839
f 1840 2098 2097
f 1841 2098 1840
f 2123 2098 1841
f 2123 1841 1866
f 1842 1843 1868
f 1842 1868 1867
f 1844 1868 1843
f 1870 1868 1844
f 2124 1870 2099
f 2099 1870 1844
f 2102 1871 2129
f 2103 1845 2102
f 1845 1871 2102
f 1845 1872 1871
f 1874 1872 1845
f 1874 1845 1846
f 2104 2131 1875
f 2104 1875 1847
f 1847 2105 2104
f 1848 2105 1847
f 1848 2106 2105
f 1849 2106 1848
f 1849 2107 2106
f 1850 2107 1849
f 1850 2108 2107
f 1851 2108 1850
f 1851 2109 2108
f 1852 2109 1851
f 1852 2110 2109
f 1853 2110 1852
f 1853 2111 2110
f 1854 2111 1853
f 1854 2112 2111
f 1855 2112 1854
f 1855 2113 2112
f 1856 2113 1855
f 1856 2114 2113
f 1857 2114 1856
f 1857 2115 2114
f 1858 2115 1857
f 1858 2116 2115
f 1859 2116 1858
f 1859 1860 2116
f 2116 1860 2117
f 1861 1862 2118
f 2118 1862 2119
f 1862 2120 2119
f 1863 2120 1862
f 1863 2121 2120
f 1864 2121 1863
f 1864 1865 2121
f 2121 1865 2122
f 1866 2138 2123
f 1866 1876 2138
f 1869 1867 1868
f 1878 1877 1869
f 1868 1878 1869
f 1870 1878 1868
f 2126 1879 2124
f 1879 1870 2124
f 1879 1878 1870
f 2139 1879 2126
f 2128 1880 2140
f 2129 1871 2128
f 1871 1880 2128
f 1871 1881 1880
f 1872 1873 1882
f 1881 1872 1882
f 1871 1872 1881
f 1874 1873 1872
f 1885 2130 2144
f 1885 1887 2130
f 1887 2131 2130
f 1887 1875 2131
f 1876 2149 2138
f 1876 1888 2149
f 1877 1878 1890
f 1877 1890 1889
f 1879 1890 1878
f 1892 1890 1879
f 2150 1892 2139
f 2139 1892 1879
f 2140 1880 2153
f 2153 1880 1893
f 2155 1893 2141
f 1893 1881 2141
f 1893 1880 1881
f 1882 1883 1881
f 1883 2141 1881
f 1883 2142 2141
f 1883 2143 2142
f 1884 2143 1883
f 2144 2143 1885
f 2143 1886 1885
f 2143 1884 1886
f 1886 1887 1885
f 2145 1894 2156
f 2158 1894 2145
f 2147 1895 2159
f 2148 1896 2147
f 2147 1896 1895
f 2162 1896 2148
f 1888 2165 2149
f 1888 1897 2165
f 1891 1889 1890
f 1903 1902 1891
f 1890 1903 1891
f 1892 1903 1890
f 2152 1905 2150
f 1905 1892 2150
f 1905 1903 1892
f 2168 1905 2152
f 1893 2154 2153
f 2155 2154 1893
f 1894 2157 2156
f 2158 2157 1894
f 1895 2160 2159
f 1896 2161 1895
f 1895 2161 2160
f 2162 2161 1896
f 1897 1898 2165
f 2165 1898 2166
f 1898 2167 2166
f 1899 2167 1898
f 1900 1906 2170
f 2167 1900 2170
f 1899 1900 2167
f 1906 1900 1901
f 1906 1901 1907
f 1908 1907 1901
f 1904 1902 1903
f 1912 1911 1904
f 1903 1912 1904
f 1905 1912 1903
f 2169 1913 2168
f 1913 1905 2168
f 1913 1912 1905
f 2178 1913 2169
f 1906 2172 2170
f 1907 2173 1906
f 1906 2173 2172
f 1908 1909 1907
f 1909 2173 1907
f 1909 2174 2173
f 1909 2175 2174
f 1910 2175 1909
f 1912 2176 1911
f 2176 1910 1911
f 2176 2175 1910
f 1913 2177 1912
f 1912 2177 2176
f 2178 2177 1913
f 2179 1943 2225
f 2180 1945 2179
f 2179 1945 1943
f 2181 1947 2180
f 2180 1947 1945
f 2182 1949 2181
f 2181 1949 1947
f 2183 1951 2182
f 2182 1951 1949
f 2184 1953 2183
f 2183 1953 1951
f 2185 1955 2184
f 2184 1955 1953
f 2186 1957 2185
f 2185 1957 1955
f 2187 1959 2186
f 2186 1959 1957
f 2188 1961 2187
f 2187 1961 1959
f 2189 1963 2188
f 2188 1963 1961
f 2190 1965 2189
f 2189 1965 1963
f 2191 1967 2190
f 2190 1967 1965
f 2192 1969 2191
f 2191 1969 1967
f 2193 1971 2192
f 2192 1971 1969
f 2241 1971 2193
f 2194 1973 2246
f 2195 1975 2194
f 2194 1975 1973
f 1975 2195 1977
f 2195 1914 1977
f 2195 2196 1914
f 2197 1914 2196
f 2197 1915 1914
f 2198 1915 2197
f 2198 1916 1915
f 2199 1916 2198
f 2199 1917 1916
f 2200 1917 2199
f 2200 1918 1917
f 2201 1918 2200
f 2201 1919 1918
f 2202 1919 2201
f 2202 1920 1919
f 2203 1920 2202
f 2203 1921 1920
f 2204 1921 2203
f 2204 1922 1921
f 2205 1922 2204
f 2205 1923 1922
f 2206 1923 2205
f 2206 1924 1923
f 2207 1924 2206
f 2207 1925 1924
f 2208 1925 2207
f 2208 1926 1925
f 2209 1926 2208
f 2209 1927 1926
f 2210 1927 2209
f 2210 1928 1927
f 2211 1928 2210
f 2211 1929 1928
f 2212 1929 2211
f 2212 1930 1929
f 2213 1930 2212
f 2213 1931 1930
f 2214 1931 2213
f 2214 1932 1931
f 2215 1932 2214
f 2215 1933 1932
f 2216 1933 2215
f 2216 1934 1933
f 2217 1934 2216
f 2217 1935 1934
f 2218 1935 2217
f 2218 1936 1935
f 2219 1936 2218
f 2219 1937 1936
f 2220 1937 2219
f 2220 1938 1937
f 2221 1938 2220
f 2221 1939 1938
f 2222 1939 2221
f 2222 1940 1939
f 2223 1940 2222
f 2223 1941 1940
f 2224 1941 2223
f 2224 1942 1941
f 2224 2225 1943
f 1944 2224 1943
f 1942 2224 1944
f 1944 1943 1945
f 1944 1945 1946
f 1946 1945 1947
f 1946 1947 1948
f 1948 1947 1949
f 1948 1949 1950
f 1950 1949 1951
f 1950 1951 1952
f 1952 1951 1953
f 1952 1953 1954
f 1954 1953 1955
f 1954 1955 1956
f 1956 1955 1957
f 1956 1957 1958
f 1958 1957 1959
f 1958 1959 1960
f 1960 1959 1961
f 1960 1961 1962
f 1962 1961 1963
f 1962 1963 1964
f 1964 1963 1965
f 1964 1965 1966
f 1966 1965 1967
f 1966 1967 1968
f 1968 1967 1969
f 1968 1969 1970
f 1970 1969 1971
f 1970 1971 1972
f 1980 1979 1972
f 1980 1972 1971
f 2242 1980 1971
f 2241 2242 1971
f 2243 1982 2242
f 2242 1982 1980
f 2244 1984 2243
f 2243 1984 1982
f 2257 1984 2244
f 2245 1985 2260
f 1974 1987 1973
f 1973 1987 2246
f 1987 1985 2246
f 1985 2245 2246
f 1974 1973 1975
f 1974 1975 1976
f 1977 1976 1975
f 2018 2249 2292
f 2249 2018 2020
f 1978 2249 2020
f 2250 2249 1978
f 1978 2021 2022
f 2251 1978 2022
f 2250 1978 2251
f 2024 2252 2251
f 2024 2251 2022
f 2025 2253 2252
f 2025 2252 2024
f 2025 2302 2253
f 1980 1981 1979
f 1981 1980 1982
f 1981 1982 1983
f 2027 2026 1983
f 1982 2027 1983
f 1984 2027 1982
f 2258 2029 2257
f 2029 1984 2257
f 2029 2027 1984
f 2305 2029 2258
f 2259 2030 2307
f 1986 2031 1985
f 1985 2031 2260
f 2031 2030 2260
f 2030 2259 2260
f 1987 1986 1985
f 2262 2309 2032
f 2262 2032 1988
f 1988 2263 2262
f 1989 2263 1988
f 1989 2264 2263
f 1990 2264 1989
f 1990 2265 2264
f 1991 2265 1990
f 1991 2266 2265
f 1992 2266 1991
f 1992 2267 2266
f 1993 2267 1992
f 1993 2268 2267
f 1994 2268 1993
f 1994 2269 2268
f 1995 2269 1994
f 1995 2270 2269
f 1996 2270 1995
f 1996 2271 2270
f 1997 2271 1996
f 1997 2272 2271
f 1998 2272 1997
f 1998 2273 2272
f 1999 2273 1998
f 1999 2274 2273
f 2000 2274 1999
f 2000 2275 2274
f 2001 2275 2000
f 2001 2276 2275
f 2002 2276 2001
f 2002 2277 2276
f 2003 2277 2002
f 2003 2278 2277
f 2004 2278 2003
f 2004 2279 2278
f 2005 2279 2004
f 2005 2280 2279
f 2006 2280 2005
f 2006 2281 2280
f 2007 2281 2006
f 2007 2282 2281
f 2008 2282 2007
f 2008 2283 2282
f 2009 2283 2008
f 2009 2284 2283
f 2010 2284 2009
f 2010 2285 2284
f 2011 2285 2010
f 2011 2286 2285
f 2012 2286 2011
f 2012 2287 2286
f 2013 2287 2012
f 2013 2288 2287
f 2014 2288 2013
f 2014 2289 2288
f 2015 2289 2014
f 2015 2290 2289
f 2016 2290 2015
f 2016 2291 2290
f 2017 2291 2016
f 2292 2291 2018
f 2291 2019 2018
f 2291 2017 2019
f 2019 2020 2018
f 2033 2310 2295
f 2033 2295 2034
f 2295 2297 2034
f 2021 2023 2022
f 2035 2024 2022
f 2023 2035 2022
f 2035 2299 2024
f 2297 2035 2034
f 2035 2297 2299
f 2301 2025 2024
f 2301 2024 2299
f 2301 2302 2025
f 2028 2026 2027
f 2039 2038 2028
f 2027 2039 2028
f 2029 2039 2027
f 2306 2040 2305
f 2040 2029 2305
f 2040 2039 2029
f 2315 2040 2306
f 2307 2030 2317
f 2317 2030 2041
f 2042 2041 2030
f 2042 2030 2031
f 2319 2032 2309
f 2043 2032 2319
f 2033 2312 2310
f 2312 2033 2322
f 2033 2045 2322
f 2033 2034 2045
f 2034 2035 2036
f 2046 2034 2036
f 2045 2034 2046
f 2046 2036 2037
f 2046 2037 2047
f 2048 2047 2037
f 2038 2039 2050
f 2038 2050 2049
f 2040 2050 2039
f 2052 2050 2040
f 2325 2052 2315
f 2315 2052 2040
f 2316 2053 2326
f 2317 2041 2316
f 2041 2053 2316
f 2041 2054 2053
f 2056 2054 2041
f 2056 2041 2042
f 2044 2043 2319
f 2044 2319 2320
f 2320 2329 2044
f 2044 2329 2057
f 2321 2064 2337
f 2322 2045 2321
f 2045 2064 2321
f 2045 2066 2064
f 2046 2066 2045
f 2068 2066 2046
f 2047 2068 2046
f 2070 2068 2047
f 2072 2070 2047
f 2072 2047 2048
f 2051 2049 2050
f 2074 2073 2051
f 2050 2074 2051
f 2052 2074 2050
f 2339 2074 2325
f 2325 2074 2052
f 2326 2053 2341
f 2341 2053 2075
f 2054 2055 2076
f 2075 2054 2076
f 2053 2054 2075
f 2056 2055 2054
f 2343 2057 2329
f 2077 2057 2343
f 2330 2078 2344
f 2347 2078 2330
f 2348 2331 2079
f 2079 2331 2058
f 2332 2058 2331
f 2332 2059 2058
f 2333 2059 2332
f 2333 2060 2059
f 2334 2060 2333
f 2334 2061 2060
f 2335 2061 2334
f 2335 2062 2061
f 2336 2062 2335
f 2336 2063 2062
f 2336 2337 2064
f 2065 2336 2064
f 2063 2336 2065
f 2065 2064 2066
f 2065 2066 2067
f 2067 2066 2068
f 2067 2068 2069
f 2069 2068 2070
f 2069 2070 2071
f 2072 2071 2070
f 2073 2074 2082
f 2073 2082 2081
f 2340 2084 2339
f 2084 2074 2339
f 2084 2082 2074
f 2352 2084 2340
f 2341 2075 2353
f 2353 2075 2085
f 2086 2085 2075
f 2086 2075 2076
f 2355 2077 2343
f 2087 2077 2355
f 2078 2346 2344
f 2347 2346 2078
f 2079 2080 2348
f 2348 2080 2349
f 2359 2349 2080
f 2359 2080 2091
f 2083 2081 2082
f 2100 2099 2083
f 2082 2100 2083
f 2084 2100 2082
f 2368 2100 2352
f 2352 2100 2084
f 2353 2085 2370
f 2370 2085 2101
f 2103 2101 2085
f 2103 2085 2086
f 2088 2087 2355
f 2088 2355 2356
f 2357 2088 2356
f 2357 2089 2088
f 2357 2382 2089
f 2089 2382 2117
f 2386 2358 2118
f 2118 2358 2090
f 2091 2090 2358
f 2091 2358 2359
f 2360 2390 2122
f 2360 2122 2092
f 2092 2361 2360
f 2093 2361 2092
f 2093 2362 2361
f 2094 2362 2093
f 2094 2363 2362
f 2095 2363 2094
f 2095 2364 2363
f 2096 2364 2095
f 2096 2365 2364
f 2097 2365 2096
f 2097 2366 2365
f 2098 2366 2097
f 2391 2366 2098
f 2391 2098 2123
f 2099 2100 2125
f 2099 2125 2124
f 2393 2125 2368
f 2368 2125 2100
f 2369 2127 2394
f 2102 2129 2101
f 2101 2129 2370
f 2129 2127 2370
f 2127 2369 2370
f 2103 2102 2101
f 2132 2131 2104
f 2372 2399 2132
f 2104 2372 2132
f 2105 2372 2104
f 2106 2133 2400
f 2372 2106 2400
f 2105 2106 2372
f 2133 2106 2107
f 2133 2107 2134
f 2373 2405 2134
f 2107 2373 2134
f 2108 2373 2107
f 2108 2374 2373
f 2109 2374 2108
f 2109 2375 2374
f 2110 2375 2109
f 2110 2376 2375
f 2111 2376 2110
f 2111 2377 2376
f 2112 2377 2111
f 2112 2378 2377
f 2113 2378 2112
f 2113 2379 2378
f 2114 2379 2113
f 2114 2380 2379
f 2115 2380 2114
f 2115 2381 2380
f 2116 2381 2115
f 2116 2117 2381
f 2381 2117 2382
f 2383 2135 2406
f 2384 2136 2383
f 2383 2136 2135
f 2385 2137 2384
f 2384 2137 2136
f 2412 2137 2385
f 2118 2119 2386
f 2386 2119 2387
f 2119 2388 2387
f 2120 2388 2119
f 2120 2389 2388
f 2121 2389 2120
f 2121 2122 2389
f 2389 2122 2390
f 2123 2413 2391
f 2123 2138 2413
f 2126 2124 2125
f 2125 2393 2126
f 2393 2139 2126
f 2393 2415 2139
f 2128 2140 2127
f 2140 2394 2127
f 2140 2417 2394
f 2129 2128 2127
f 2396 2422 2144
f 2396 2144 2130
f 2132 2398 2131
f 2398 2130 2131
f 2398 2396 2130
f 2399 2398 2132
f 2133 2402 2400
f 2134 2404 2133
f 2133 2404 2402
f 2405 2404 2134
f 2406 2135 2424
f 2424 2135 2146
f 2426 2146 2409
f 2146 2136 2409
f 2146 2135 2136
f 2137 2411 2136
f 2136 2411 2409
f 2412 2411 2137
f 2138 2430 2413
f 2138 2149 2430
f 2415 2416 2151
f 2150 2415 2151
f 2139 2415 2150
f 2432 2151 2416
f 2140 2433 2417
f 2140 2153 2433
f 2419 2435 2155
f 2419 2155 2141
f 2141 2420 2419
f 2142 2420 2141
f 2142 2421 2420
f 2143 2421 2142
f 2143 2144 2421
f 2421 2144 2422
f 2436 2423 2156
f 2156 2423 2145
f 2423 2439 2145
f 2145 2439 2158
f 2147 2159 2146
f 2159 2424 2146
f 2159 2440 2424
f 2147 2146 2426
f 2427 2147 2426
f 2148 2147 2427
f 2162 2148 2163
f 2148 2428 2163
f 2148 2427 2428
f 2429 2164 2428
f 2428 2164 2163
f 2449 2164 2429
f 2149 2450 2430
f 2149 2165 2450
f 2152 2150 2151
f 2151 2432 2152
f 2432 2168 2152
f 2432 2454 2168
f 2153 2154 2433
f 2433 2154 2434
f 2154 2155 2434
f 2434 2155 2435
f 2156 2157 2436
f 2436 2157 2438
f 2157 2158 2438
f 2438 2158 2439
f 2159 2160 2440
f 2440 2160 2442
f 2160 2444 2442
f 2161 2444 2160
f 2163 2446 2162
f 2446 2161 2162
f 2446 2444 2161
f 2164 2448 2163
f 2163 2448 2446
f 2449 2448 2164
f 2165 2166 2450
f 2450 2166 2451
f 2166 2452 2451
f 2167 2452 2166
f 2167 2170 2171
f 2453 2167 2171
f 2452 2167 2453
f 2171 2457 2453
f 2169 2168 2454
f 2169 2454 2455
f 2455 2463 2169
f 2169 2463 2178
f 2170 2172 2171
f 2171 2172 2457
f 2172 2458 2457
f 2172 2173 2458
f 2173 2459 2458
f 2174 2459 2173
f 2174 2460 2459
f 2175 2460 2174
f 2175 2461 2460
f 2176 2461 2175
f 2176 2462 2461
f 2177 2462 2176
f 2177 2178 2462
f 2462 2178 2463
f 2225 2226 2179
f 2179 2226 2180
f 2180 2226 2227
f 2180 2227 2181
f 2181 2227 2228
f 2181 2228 2182
f 2182 2228 2229
f 2182 2229 2183
f 2183 2229 2230
f 2183 2230 2184
f 2184 2230 2231
f 2184 2231 2185
f 2185 2231 2232
f 2185 2232 2186
f 2186 2232 2233
f 2186 2233 2187
f 2187 2233 2234
f 2187 2234 2188
f 2188 2234 2235
f 2188 2235 2189
f 2189 2235 2236
f 2189 2236 2190
f 2190 2236 2237
f 2190 2237 2191
f 2191 2237 2238
f 2191 2238 2192
f 2192 2238 2239
f 2192 2239 2193
f 2193 2239 2240
f 2240 2241 2193
f 2246 2247 2194
f 2194 2247 2195
f 2195 2247 2248
f 2510 2464 2248
f 2464 2195 2248
f 2464 2196 2195
f 2465 2196 2464
f 2465 2197 2196
f 2466 2197 2465
f 2466 2198 2197
f 2467 2198 2466
f 2467 2199 2198
f 2468 2199 2467
f 2468 2200 2199
f 2469 2200 2468
f 2469 2201 2200
f 2470 2201 2469
f 2470 2202 2201
f 2471 2202 2470
f 2471 2203 2202
f 2472 2203 2471
f 2472 2204 2203
f 2473 2204 2472
f 2473 2205 2204
f 2474 2205 2473
f 2474 2206 2205
f 2475 2206 2474
f 2475 2207 2206
f 2476 2207 2475
f 2476 2208 2207
f 2477 2208 2476
f 2477 2209 2208
f 2478 2209 2477
f 2478 2210 2209
f 2479 2210 2478
f 2479 2211 2210
f 2480 2211 2479
f 2480 2212 2211
f 2481 2212 2480
f 2481 2213 2212
f 2482 2213 2481
f 2482 2214 2213
f 2483 2214 2482
f 2483 2215 2214
f 2484 2215 2483
f 2484 2216 2215
f 2485 2216 2484
f 2485 2217 2216
f 2486 2217 2485
f 2486 2218 2217
f 2487 2218 2486
f 2487 2219 2218
f 2488 2219 2487
f 2488 2220 2219
f 2489 2220 2488
f 2489 2221 2220
f 2490 2221 2489
f 2490 2222 2221
f 2491 2222 2490
f 2491 2223 2222
f 2492 2223 2491
f 2492 2224 2223
f 2493 2226 2225
f 2224 2493 2225
f 2492 2493 2224
f 2494 2227 2226
f 2494 2226 2493
f 2495 2228 2227
f 2495 2227 2494
f 2496 2229 2228
f 2496 2228 2495
f 2497 2230 2229
f 2497 2229 2496
f 2498 2231 2230
f 2498 2230 2497
f 2499 2232 2231
f 2499 2231 2498
f 2500 2233 2232
f 2500 2232 2499
f 2501 2234 2233
f 2501 2233 2500
f 2502 2235 2234
f 2502 2234 2501
f 2503 2236 2235
f 2503 2235 2502
f 2504 2237 2236
f 2504 2236 2503
f 2505 2238 2237
f 2505 2237 2504
f 2506 2239 2238
f 2506 2238 2505
f 2507 2240 2239
f 2507 2239 2506
f 2254 2242 2519
f 2519 2242 2507
f 2242 2241 2507
f 2241 2240 2507
f 2242 2254 2243
f 2243 2254 2255
f 2243 2255 2244
f 2244 2255 2256
f 2256 2257 2244
f 2260 2261 2245
f 2523 2508 2261
f 2261 2508 2245
f 2508 2247 2245
f 2247 2246 2245
f 2509 2248 2247
f 2509 2247 2508
f 2509 2510 2248
f 2293 2292 2249
f 2293 2249 2250
f 2293 2250 2294
f 2294 2250 2251
f 2294 2251 2296
f 2296 2251 2252
f 2296 2252 2298
f 2298 2252 2253
f 2298 2253 2300
f 2520 2254 2519
f 2253 2302 2300
f 2521 2255 2254
f 2521 2254 2520
f 2255 2521 2561
f 2303 2255 2561
f 2256 2255 2303
f 2257 2256 2258
f 2256 2304 2258
f 2256 2303 2304
f 2304 2305 2258
f 2307 2308 2259
f 2563 2522 2308
f 2308 2522 2259
f 2522 2261 2259
f 2261 2260 2259
f 2522 2523 2261
f 2527 2567 2309
f 2527 2309 2262
f 2262 2528 2527
f 2263 2528 2262
f 2263 2529 2528
f 2264 2529 2263
f 2264 2530 2529
f 2265 2530 2264
f 2265 2531 2530
f 2266 2531 2265
f 2266 2532 2531
f 2267 2532 2266
f 2267 2533 2532
f 2268 2533 2267
f 2268 2534 2533
f 2269 2534 2268
f 2269 2535 2534
f 2270 2535 2269
f 2270 2536 2535
f 2271 2536 2270
f 2271 2537 2536
f 2272 2537 2271
f 2272 2538 2537
f 2273 2538 2272
f 2273 2539 2538
f 2274 2539 2273
f 2274 2540 2539
f 2275 2540 2274
f 2275 2541 2540
f 2276 2541 2275
f 2276 2542 2541
f 2277 2542 2276
f 2277 2543 2542
f 2278 2543 2277
f 2278 2544 2543
f 2279 2544 2278
f 2279 2545 2544
f 2280 2545 2279
f 2280 2546 2545
f 2281 2546 2280
f 2281 2547 2546
f 2282 2547 2281
f 2282 2548 2547
f 2283 2548 2282
f 2283 2549 2548
f 2284 2549 2283
f 2284 2550 2549
f 2285 2550 2284
f 2285 2551 2550
f 2286 2551 2285
f 2286 2552 2551
f 2287 2552 2286
f 2287 2553 2552
f 2288 2553 2287
f 2288 2554 2553
f 2289 2554 2288
f 2289 2555 2554
f 2290 2555 2289
f 2290 2556 2555
f 2291 2556 2290
f 2293 2557 2292
f 2557 2291 2292
f 2557 2556 2291
f 2557 2293 2558
f 2293 2294 2558
f 2310 2311 2295
f 2568 2297 2295
f 2311 2568 2295
f 2568 2296 2297
f 2294 2568 2558
f 2568 2294 2296
f 2297 2296 2298
f 2297 2298 2299
f 2299 2298 2300
f 2299 2300 2301
f 2302 2301 2300
f 2562 2303 2561
f 2303 2562 2572
f 2313 2303 2572
f 2304 2303 2313
f 2305 2304 2306
f 2304 2314 2306
f 2304 2313 2314
f 2314 2315 2306
f 2308 2307 2318
f 2318 2307 2317
f 2318 2573 2563
f 2318 2563 2308
f 2576 2309 2567
f 2319 2309 2576
f 2310 2312 2311
f 2568 2311 2312
f 2322 2568 2312
f 2579 2568 2322
f 2313 2572 2582
f 2313 2582 2323
f 2323 2314 2313
f 2323 2324 2314
f 2324 2325 2314
f 2314 2325 2315
f 2326 2327 2316
f 2316 2327 2317
f 2327 2318 2317
f 2327 2328 2318
f 2328 2585 2573
f 2328 2573 2318
f 2320 2319 2576
f 2320 2576 2577
f 2577 2589 2320
f 2320 2589 2329
f 2596 2578 2337
f 2337 2578 2321
f 2322 2321 2578
f 2322 2578 2579
f 2583 2323 2582
f 2323 2583 2599
f 2338 2323 2599
f 2324 2323 2338
f 2338 2339 2324
f 2324 2339 2325
f 2327 2326 2342
f 2342 2326 2341
f 2342 2600 2584
f 2328 2342 2584
f 2327 2342 2328
f 2584 2585 2328
f 2603 2329 2589
f 2343 2329 2603
f 2344 2345 2330
f 2345 2347 2330
f 2604 2590 2348
f 2348 2590 2331
f 2591 2331 2590
f 2591 2332 2331
f 2592 2332 2591
f 2592 2333 2332
f 2593 2333 2592
f 2593 2334 2333
f 2594 2334 2593
f 2594 2335 2334
f 2595 2335 2594
f 2595 2336 2335
f 2337 2336 2595
f 2337 2595 2596
f 2338 2599 2607
f 2338 2607 2350
f 2339 2338 2340
f 2338 2351 2340
f 2338 2350 2351
f 2351 2352 2340
f 2342 2341 2354
f 2354 2341 2353
f 2354 2609 2600
f 2354 2600 2342
f 2612 2343 2603
f 2355 2343 2612
f 2344 2346 2345
f 2346 2347 2345
f 2348 2349 2604
f 2604 2349 2605
f 2616 2605 2349
f 2616 2349 2359
f 2608 2350 2607
f 2350 2608 2626
f 2367 2350 2626
f 2351 2350 2367
f 2367 2368 2351
f 2351 2368 2352
f 2354 2353 2371
f 2371 2353 2370
f 2371 2628 2609
f 2371 2609 2354
f 2356 2355 2612
f 2356 2612 2613
f 2614 2356 2613
f 2614 2357 2356
f 2614 2643 2357
f 2357 2643 2382
f 2644 2615 2386
f 2386 2615 2358
f 2359 2358 2615
f 2359 2615 2616
f 2617 2648 2390
f 2617 2390 2360
f 2360 2618 2617
f 2361 2618 2360
f 2361 2619 2618
f 2362 2619 2361
f 2362 2620 2619
f 2363 2620 2362
f 2363 2621 2620
f 2364 2621 2363
f 2364 2622 2621
f 2365 2622 2364
f 2365 2623 2622
f 2366 2623 2365
f 2649 2623 2366
f 2649 2366 2391
f 2367 2626 2652
f 2367 2652 2392
f 2392 2393 2367
f 2367 2393 2368
f 2394 2395 2369
f 2653 2627 2395
f 2395 2627 2369
f 2627 2371 2369
f 2371 2370 2369
f 2627 2628 2371
f 2397 2630 2657
f 2630 2397 2399
f 2372 2630 2399
f 2631 2630 2372
f 2372 2400 2401
f 2632 2372 2401
f 2631 2372 2632
f 2403 2633 2632
f 2403 2632 2401
f 2633 2403 2405
f 2373 2633 2405
f 2634 2633 2373
f 2373 2635 2634
f 2374 2635 2373
f 2374 2636 2635
f 2375 2636 2374
f 2375 2637 2636
f 2376 2637 2375
f 2376 2638 2637
f 2377 2638 2376
f 2377 2639 2638
f 2378 2639 2377
f 2378 2640 2639
f 2379 2640 2378
f 2379 2641 2640
f 2380 2641 2379
f 2380 2642 2641
f 2381 2642 2380
f 2381 2382 2642
f 2642 2382 2643
f 2406 2407 2383
f 2383 2407 2384
f 2384 2407 2408
f 2384 2408 2385
f 2385 2408 2410
f 2410 2412 2385
f 2386 2387 2644
f 2644 2387 2645
f 2387 2646 2645
f 2388 2646 2387
f 2388 2647 2646
f 2389 2647 2388
f 2389 2390 2647
f 2647 2390 2648
f 2391 2659 2649
f 2391 2413 2659
f 2392 2652 2661
f 2392 2661 2414
f 2414 2415 2392
f 2392 2415 2393
f 2395 2394 2418
f 2418 2394 2417
f 2418 2664 2653
f 2418 2653 2395
f 2656 2669 2422
f 2656 2422 2396
f 2657 2656 2397
f 2656 2398 2397
f 2656 2396 2398
f 2398 2399 2397
f 2400 2402 2401
f 2401 2402 2403
f 2403 2402 2404
f 2404 2405 2403
f 2407 2406 2425
f 2425 2406 2424
f 2409 2408 2426
f 2408 2425 2426
f 2408 2407 2425
f 2408 2409 2410
f 2410 2409 2411
f 2411 2412 2410
f 2413 2671 2659
f 2413 2430 2671
f 2662 2414 2661
f 2431 2416 2674
f 2674 2416 2662
f 2416 2415 2662
f 2415 2414 2662
f 2431 2432 2416
f 2418 2417 2663
f 2417 2676 2663
f 2417 2433 2676
f 2418 2419 2666
f 2664 2418 2666
f 2418 2435 2419
f 2679 2418 2663
f 2418 2679 2435
f 2419 2667 2666
f 2420 2667 2419
f 2420 2668 2667
f 2421 2668 2420
f 2421 2422 2668
f 2668 2422 2669
f 2436 2437 2423
f 2437 2439 2423
f 2425 2424 2441
f 2441 2424 2440
f 2426 2425 2427
f 2425 2443 2427
f 2425 2441 2443
f 2427 2443 2428
f 2428 2443 2445
f 2428 2445 2429
f 2429 2445 2447
f 2447 2449 2429
f 2430 2680 2671
f 2430 2450 2680
f 2675 2431 2674
f 2675 2685 2431
f 2685 2432 2431
f 2685 2454 2432
f 2433 2434 2676
f 2676 2434 2678
f 2434 2435 2678
f 2678 2435 2679
f 2436 2438 2437
f 2438 2439 2437
f 2440 2442 2441
f 2441 2442 2443
f 2443 2442 2444
f 2443 2444 2445
f 2445 2444 2446
f 2445 2446 2447
f 2447 2446 2448
f 2448 2449 2447
f 2450 2451 2680
f 2680 2451 2681
f 2451 2682 2681
f 2452 2682 2451
f 2453 2456 2687
f 2682 2453 2687
f 2452 2453 2682
f 2457 2456 2453
f 2455 2454 2685
f 2455 2685 2686
f 2686 2698 2455
f 2455 2698 2463
f 2456 2689 2687
f 2457 2458 2456
f 2458 2689 2456
f 2458 2691 2689
f 2458 2692 2691
f 2459 2692 2458
f 2459 2693 2692
f 2460 2693 2459
f 2460 2695 2693
f 2461 2695 2460
f 2461 2697 2695
f 2462 2697 2461
f 2462 2463 2697
f 2697 2463 2698
f 2510 2511 2464
f 2464 2511 2465
f 2465 2511 2512
f 2465 2512 2466
f 2466 2512 2513
f 2466 2513 2467
f 2467 2513 2514
f 2467 2514 2468
f 2468 2514 2515
f 2739 2699 2515
f 2699 2468 2515
f 2699 2469 2468
f 2700 2469 2699
f 2700 2470 2469
f 2701 2470 2700
f 2701 2471 2470
f 2702 2471 2701
f 2702 2472 2471
f 2703 2472 2702
f 2703 2473 2472
f 2704 2473 2703
f 2704 2474 2473
f 2705 2474 2704
f 2705 2475 2474
f 2706 2475 2705
f 2706 2476 2475
f 2707 2476 2706
f 2707 2477 2476
f 2708 2477 2707
f 2708 2478 2477
f 2709 2478 2708
f 2709 2479 2478
f 2710 2479 2709
f 2710 2480 2479
f 2711 2480 2710
f 2711 2481 2480
f 2712 2481 2711
f 2712 2482 2481
f 2713 2482 2712
f 2713 2483 2482
f 2714 2483 2713
f 2714 2484 2483
f 2715 2484 2714
f 2715 2485 2484
f 2716 2485 2715
f 2716 2486 2485
f 2717 2486 2716
f 2717 2487 2486
f 2718 2487 2717
f 2718 2488 2487
f 2719 2488 2718
f 2719 2489 2488
f 2720 2489 2719
f 2720 2490 2489
f 2721 2490 2720
f 2721 2491 2490
f 2722 2491 2721
f 2722 2492 2491
f 2723 2492 2722
f 2723 2493 2492
f 2724 2493 2723
f 2724 2494 2493
f 2725 2494 2724
f 2725 2495 2494
f 2726 2495 2725
f 2726 2496 2495
f 2727 2496 2726
f 2727 2497 2496
f 2728 2497 2727
f 2728 2498 2497
f 2729 2498 2728
f 2729 2499 2498
f 2730 2499 2729
f 2730 2500 2499
f 2731 2500 2730
f 2731 2501 2500
f 2732 2501 2731
f 2732 2502 2501
f 2733 2502 2732
f 2733 2503 2502
f 2734 2503 2733
f 2734 2504 2503
f 2516 2505 2748
f 2505 2734 2748
f 2505 2504 2734
f 2505 2516 2506
f 2506 2516 2517
f 2506 2517 2507
f 2507 2517 2518
f 2518 2519 2507
f 2523 2524 2508
f 2508 2524 2509
f 2509 2524 2525
f 2509 2525 2510
f 2525 2511 2510
f 2525 2526 2511
f 2526 2753 2735
f 2512 2526 2735
f 2511 2526 2512
f 2736 2513 2512
f 2736 2512 2735
f 2737 2514 2513
f 2737 2513 2736
f 2738 2515 2514
f 2738 2514 2737
f 2738 2739 2515
f 2749 2516 2748
f 2750 2517 2516
f 2750 2516 2749
f 2751 2518 2517
f 2751 2517 2750
f 2559 2520 2792
f 2792 2520 2751
f 2520 2519 2751
f 2519 2518 2751
f 2520 2559 2521
f 2521 2559 2560
f 2560 2561 2521
f 2563 2564 2522
f 2522 2564 2523
f 2564 2524 2523
f 2564 2565 2524
f 2565 2525 2524
f 2565 2566 2525
f 2566 2795 2752
f 2526 2566 2752
f 2525 2566 2526
f 2752 2753 2526
f 2757 2798 2567
f 2757 2567 2527
f 2527 2758 2757
f 2528 2758 2527
f 2528 2759 2758
f 2529 2759 2528
f 2529 2760 2759
f 2530 2760 2529
f 2530 2761 2760
f 2531 2761 2530
f 2531 2762 2761
f 2532 2762 2531
f 2532 2763 2762
f 2533 2763 2532
f 2533 2764 2763
f 2534 2764 2533
f 2534 2765 2764
f 2535 2765 2534
f 2535 2766 2765
f 2536 2766 2535
f 2536 2767 2766
f 2537 2767 2536
f 2537 2768 2767
f 2538 2768 2537
f 2538 2769 2768
f 2539 2769 2538
f 2539 2770 2769
f 2540 2770 2539
f 2540 2771 2770
f 2541 2771 2540
f 2541 2772 2771
f 2542 2772 2541
f 2542 2773 2772
f 2543 2773 2542
f 2543 2774 2773
f 2544 2774 2543
f 2544 2775 2774
f 2545 2775 2544
f 2545 2776 2775
f 2546 2776 2545
f 2546 2777 2776
f 2547 2777 2546
f 2547 2778 2777
f 2548 2778 2547
f 2548 2779 2778
f 2549 2779 2548
f 2549 2780 2779
f 2550 2780 2549
f 2550 2781 2780
f 2551 2781 2550
f 2551 2782 2781
f 2552 2782 2551
f 2552 2783 2782
f 2553 2783 2552
f 2553 2784 2783
f 2554 2784 2553
f 2554 2785 2784
f 2555 2785 2554
f 2555 2786 2785
f 2556 2786 2555
f 2556 2787 2786
f 2557 2787 2556
f 2557 2788 2787
f 2558 2788 2557
f 2558 2568 2569
f 2789 2558 2569
f 2788 2558 2789
f 2569 2802 2789
f 2793 2559 2792
f 2559 2793 2805
f 2570 2559 2805
f 2560 2559 2570
f 2561 2560 2562
f 2560 2571 2562
f 2560 2570 2571
f 2571 2572 2562
f 2564 2563 2574
f 2574 2563 2573
f 2574 2565 2564
f 2574 2575 2565
f 2575 2806 2794
f 2566 2575 2794
f 2565 2575 2566
f 2794 2795 2566
f 2809 2567 2798
f 2576 2567 2809
f 2569 2568 2801
f 2568 2811 2801
f 2568 2579 2811
f 2801 2802 2569
f 2570 2805 2814
f 2570 2814 2580
f 2580 2571 2570
f 2580 2581 2571
f 2581 2582 2571
f 2571 2582 2572
f 2574 2573 2586
f 2586 2573 2585
f 2586 2575 2574
f 2586 2587 2575
f 2587 2817 2806
f 2587 2806 2575
f 2820 2588 2577
f 2576 2820 2577
f 2809 2820 2576
f 2588 2589 2577
f 2830 2810 2596
f 2596 2810 2578
f 2579 2578 2810
f 2579 2810 2811
f 2815 2580 2814
f 2580 2815 2833
f 2597 2580 2833
f 2581 2580 2597
f 2582 2581 2583
f 2581 2598 2583
f 2581 2597 2598
f 2598 2599 2583
f 2600 2601 2584
f 2584 2601 2585
f 2601 2586 2585
f 2601 2602 2586
f 2602 2835 2816
f 2587 2602 2816
f 2586 2602 2587
f 2816 2817 2587
f 2821 2588 2820
f 2821 2839 2588
f 2839 2589 2588
f 2839 2603 2589
f 2840 2822 2604
f 2604 2822 2590
f 2823 2590 2822
f 2823 2591 2590
f 2824 2591 2823
f 2824 2592 2591
f 2825 2592 2824
f 2825 2593 2592
f 2827 2593 2825
f 2827 2594 2593
f 2829 2594 2827
f 2829 2595 2594
f 2596 2595 2829
f 2596 2829 2830
f 2834 2597 2833
f 2597 2834 2845
f 2606 2597 2845
f 2598 2597 2606
f 2606 2607 2598
f 2598 2607 2599
f 2601 2600 2610
f 2610 2600 2609
f 2610 2602 2601
f 2610 2611 2602
f 2611 2847 2835
f 2611 2835 2602
f 2850 2603 2839
f 2612 2603 2850
f 2604 2605 2840
f 2840 2605 2842
f 2855 2842 2605
f 2855 2605 2616
f 2606 2845 2864
f 2606 2864 2624
f 2607 2606 2608
f 2606 2625 2608
f 2606 2624 2625
f 2625 2626 2608
f 2610 2609 2629
f 2629 2609 2628
f 2629 2865 2846
f 2611 2629 2846
f 2610 2629 2611
f 2846 2847 2611
f 2613 2612 2850
f 2613 2850 2852
f 2853 2613 2852
f 2853 2614 2613
f 2853 2880 2614
f 2614 2880 2643
f 2881 2854 2644
f 2644 2854 2615
f 2616 2615 2854
f 2616 2854 2855
f 2856 2885 2648
f 2856 2648 2617
f 2617 2857 2856
f 2618 2857 2617
f 2618 2858 2857
f 2619 2858 2618
f 2619 2859 2858
f 2620 2859 2619
f 2620 2860 2859
f 2621 2860 2620
f 2621 2861 2860
f 2622 2861 2621
f 2622 2862 2861
f 2623 2862 2622
f 2886 2862 2623
f 2886 2623 2649
f 2624 2864 2888
f 2624 2888 2650
f 2650 2625 2624
f 2650 2651 2625
f 2651 2652 2625
f 2625 2652 2626
f 2653 2654 2627
f 2627 2654 2628
f 2654 2629 2628
f 2654 2655 2629
f 2655 2891 2865
f 2655 2865 2629
f 2658 2657 2630
f 2868 2895 2658
f 2630 2868 2658
f 2631 2868 2630
f 2631 2869 2868
f 2632 2869 2631
f 2632 2870 2869
f 2633 2870 2632
f 2633 2871 2870
f 2634 2871 2633
f 2634 2872 2871
f 2635 2872 2634
f 2635 2873 2872
f 2636 2873 2635
f 2636 2874 2873
f 2637 2874 2636
f 2637 2875 2874
f 2638 2875 2637
f 2638 2876 2875
f 2639 2876 2638
f 2639 2877 2876
f 2640 2877 2639
f 2640 2878 2877
f 2641 2878 2640
f 2641 2879 2878
f 2642 2879 2641
f 2642 2643 2879
f 2879 2643 2880
f 2644 2645 2881
f 2881 2645 2882
f 2645 2883 2882
f 2646 2883 2645
f 2646 2884 2883
f 2647 2884 2646
f 2647 2648 2884
f 2884 2648 2885
f 2649 2897 2886
f 2649 2659 2897
f 2889 2650 2888
f 2650 2889 2900
f 2660 2650 2900
f 2651 2650 2660
f 2660 2661 2651
f 2651 2661 2652
f 2654 2653 2665
f 2665 2653 2664
f 2665 2901 2890
f 2655 2665 2890
f 2654 2665 2655
f 2890 2891 2655
f 2670 2669 2656
f 2894 2906 2670
f 2894 2670 2656
f 2658 2894 2656
f 2657 2658 2656
f 2895 2894 2658
f 2659 2908 2897
f 2659 2671 2908
f 2660 2900 2910
f 2660 2910 2672
f 2661 2660 2662
f 2660 2673 2662
f 2660 2672 2673
f 2673 2674 2662
f 2676 2677 2663
f 2666 2665 2664
f 2677 2679 2663
f 2665 2666 2901
f 2666 2903 2901
f 2666 2667 2903
f 2667 2904 2903
f 2668 2904 2667
f 2670 2905 2669
f 2905 2668 2669
f 2905 2904 2668
f 2906 2905 2670
f 2671 2912 2908
f 2671 2680 2912
f 2911 2672 2910
f 2672 2911 2918
f 2683 2672 2918
f 2673 2672 2683
f 2674 2673 2675
f 2673 2684 2675
f 2673 2683 2684
f 2684 2685 2675
f 2676 2678 2677
f 2678 2679 2677
f 2680 2681 2912
f 2912 2681 2913
f 2681 2914 2913
f 2682 2914 2681
f 2682 2687 2688
f 2915 2682 2688
f 2914 2682 2915
f 2690 2916 2915
f 2690 2915 2688
f 2690 2920 2916
f 2919 2683 2918
f 2683 2919 2925
f 2694 2683 2925
f 2684 2683 2694
f 2685 2684 2686
f 2684 2696 2686
f 2684 2694 2696
f 2696 2698 2686
f 2687 2689 2688
f 2688 2689 2690
f 2690 2689 2691
f 2690 2691 2920
f 2691 2922 2920
f 2691 2692 2922
f 2692 2924 2922
f 2693 2924 2692
f 2925 2924 2694
f 2924 2695 2694
f 2924 2693 2695
f 2694 2695 2696
f 2696 2695 2697
f 2697 2698 2696
f 2739 2740 2699
f 2699 2740 2700
f 2700 2740 2741
f 2700 2741 2701
f 2701 2741 2742
f 2701 2742 2702
f 2702 2742 2743
f 2702 2743 2703
f 2703 2743 2744
f 2960 2926 2744
f 2926 2703 2744
f 2926 2704 2703
f 2927 2704 2926
f 2927 2705 2704
f 2928 2705 2927
f 2928 2706 2705
f 2929 2706 2928
f 2929 2707 2706
f 2930 2707 2929
f 2930 2708 2707
f 2931 2708 2930
f 2931 2709 2708
f 2932 2709 2931
f 2932 2710 2709
f 2933 2710 2932
f 2933 2711 2710
f 2934 2711 2933
f 2934 2712 2711
f 2935 2712 2934
f 2935 2713 2712
f 2936 2713 2935
f 2936 2714 2713
f 2937 2714 2936
f 2937 2715 2714
f 2938 2715 2937
f 2938 2716 2715
f 2939 2716 2938
f 2939 2717 2716
f 2940 2717 2939
f 2940 2718 2717
f 2941 2718 2940
f 2941 2719 2718
f 2942 2719 2941
f 2942 2720 2719
f 2943 2720 2942
f 2943 2721 2720
f 2944 2721 2943
f 2944 2722 2721
f 2945 2722 2944
f 2945 2723 2722
f 2946 2723 2945
f 2946 2724 2723
f 2947 2724 2946
f 2947 2725 2724
f 2948 2725 2947
f 2948 2726 2725
f 2949 2726 2948
f 2949 2727 2726
f 2950 2727 2949
f 2950 2728 2727
f 2951 2728 2950
f 2951 2729 2728
f 2952 2729 2951
f 2952 2730 2729
f 2953 2730 2952
f 2953 2731 2730
f 2745 2732 2970
f 2732 2953 2970
f 2732 2731 2953
f 2732 2745 2733
f 2733 2745 2746
f 2733 2746 2734
f 2734 2746 2747
f 2747 2748 2734
f 2753 2754 2735
f 2735 2754 2736
f 2736 2754 2755
f 2736 2755 2737
f 2737 2755 2756
f 2977 2954 2756
f 2954 2737 2756
f 2954 2738 2737
f 2955 2740 2739
f 2738 2955 2739
f 2954 2955 2738
f 2956 2741 2740
f 2956 2740 2955
f 2957 2742 2741
f 2957 2741 2956
f 2958 2743 2742
f 2958 2742 2957
f 2959 2744 2743
f 2959 2743 2958
f 2959 2960 2744
f 2971 2745 2970
f 2972 2746 2745
f 2972 2745 2971
f 2973 2747 2746
f 2973 2746 2972
f 2749 2748 2747
f 2973 2749 2747
f 2974 2749 2973
f 2790 2750 3014
f 2750 2974 3014
f 2750 2749 2974
f 2750 2790 2751
f 2751 2790 2791
f 2791 2792 2751
f 2795 2796 2752
f 2752 2796 2753
f 2796 2754 2753
f 2796 2797 2754
f 2797 3017 2975
f 2755 2797 2975
f 2754 2797 2755
f 2976 2756 2755
f 2976 2755 2975
f 2976 2977 2756
f 2981 3020 2798
f 2981 2798 2757
f 2757 2982 2981
f 2758 2982 2757
f 2758 2983 2982
f 2759 2983 2758
f 2759 2984 2983
f 2760 2984 2759
f 2760 2985 2984
f 2761 2985 2760
f 2761 2986 2985
f 2762 2986 2761
f 2762 2987 2986
f 2763 2987 2762
f 2763 2988 2987
f 2764 2988 2763
f 2764 2989 2988
f 2765 2989 2764
f 2765 2990 2989
f 2766 2990 2765
f 2766 2991 2990
f 2767 2991 2766
f 2767 2992 2991
f 2768 2992 2767
f 2768 2993 2992
f 2769 2993 2768
f 2769 2994 2993
f 2770 2994 2769
f 2770 2995 2994
f 2771 2995 2770
f 2771 2996 2995
f 2772 2996 2771
f 2772 2997 2996
f 2773 2997 2772
f 2773 2998 2997
f 2774 2998 2773
f 2774 2999 2998
f 2775 2999 2774
f 2775 3000 2999
f 2776 3000 2775
f 2776 3001 3000
f 2777 3001 2776
f 2777 3002 3001
f 2778 3002 2777
f 2778 3003 3002
f 2779 3003 2778
f 2779 3004 3003
f 2780 3004 2779
f 2780 3005 3004
f 2781 3005 2780
f 2781 3006 3005
f 2782 3006 2781
f 2782 3007 3006
f 2783 3007 2782
f 2783 3008 3007
f 2784 3008 2783
f 2784 3009 3008
f 2785 3009 2784
f 2785 3010 3009
f 2786 3010 2785
f 2786 3011 3010
f 2787 3011 2786
f 2788 2799 3022
f 3011 2788 3022
f 2787 2788 3011
f 2799 2788 2789
f 2799 2789 2800
f 3015 2790 3014
f 2789 2802 2800
f 2790 3015 3026
f 2803 2790 3026
f 2791 2790 2803
f 2792 2791 2793
f 2791 2804 2793
f 2791 2803 2804
f 2804 2805 2793
f 2806 2807 2794
f 2794 2807 2795
f 2807 2796 2795
f 2807 2808 2796
f 2808 3027 3016
f 2797 2808 3016
f 2796 2808 2797
f 3016 3017 2797
f 3031 2798 3020
f 2809 2798 3031
f 2799 3023 3022
f 2811 3037 3023
f 2800 2811 3023
f 2799 2800 3023
f 2811 2800 2801
f 2802 2801 2800
f 2803 3026 3039
f 2803 3039 2812
f 2812 2804 2803
f 2812 2813 2804
f 2813 2814 2804
f 2804 2814 2805
f 2807 2806 2818
f 2818 2806 2817
f 2818 2808 2807
f 2818 2819 2808
f 2819 3042 3027
f 2819 3027 2808
f 3045 2809 3031
f 2820 2809 3045
f 3032 2826 3049
f 3034 2828 3032
f 3032 2828 2826
f 2828 3034 2830
f 3034 2810 2830
f 3034 3036 2810
f 2811 2810 3036
f 2811 3036 3037
f 3040 2812 3039
f 2812 3040 3051
f 2831 2812 3051
f 2813 2812 2831
f 2814 2813 2815
f 2813 2832 2815
f 2813 2831 2832
f 2832 2833 2815
f 2835 2836 2816
f 2816 2836 2817
f 2836 2818 2817
f 2836 2837 2818
f 2837 3053 3041
f 2819 2837 3041
f 2818 2837 2819
f 3041 3042 2819
f 3056 2838 2821
f 2820 3056 2821
f 3045 3056 2820
f 2838 2839 2821
f 2840 2841 2822
f 3059 3046 2841
f 3046 2822 2841
f 3046 2823 2822
f 3047 2823 3046
f 3047 2824 2823
f 3048 2824 3047
f 3048 2825 2824
f 3048 3049 2826
f 2827 3048 2826
f 2825 3048 2827
f 2827 2826 2828
f 2827 2828 2829
f 2830 2829 2828
f 3052 2831 3051
f 2831 3052 3061
f 2843 2831 3061
f 2832 2831 2843
f 2833 2832 2834
f 2832 2844 2834
f 2832 2843 2844
f 2844 2845 2834
f 2836 2835 2848
f 2848 2835 2847
f 2848 2837 2836
f 2848 2849 2837
f 2849 3064 3053
f 2849 3053 2837
f 3057 2838 3056
f 2850 2839 2838
f 3058 2850 2838
f 3057 3058 2838
f 2851 2850 3058
f 3066 2851 3058
f 2840 2842 2841
f 3059 2841 2842
f 2855 3059 2842
f 3069 3059 2855
f 3062 2843 3061
f 2843 3062 3079
f 2863 2843 3079
f 2844 2843 2863
f 2863 2864 2844
f 2844 2864 2845
f 2865 2866 2846
f 2846 2866 2847
f 2866 2848 2847
f 2866 2867 2848
f 2867 3080 3063
f 2849 2867 3063
f 2848 2867 2849
f 3063 3064 2849
f 2852 2850 2851
f 2852 2851 3066
f 3067 2852 3066
f 2853 2852 3067
f 3067 3094 2853
f 2853 3094 2880
f 3095 3068 2881
f 2881 3068 2854
f 2855 2854 3068
f 2855 3068 3069
f 3070 3099 2885
f 3070 2885 2856
f 2856 3071 3070
f 2857 3071 2856
f 2857 3072 3071
f 2858 3072 2857
f 2858 3073 3072
f 2859 3073 2858
f 2859 3074 3073
f 2860 3074 2859
f 2860 3075 3074
f 2861 3075 2860
f 2861 3076 3075
f 2862 3076 2861
f 3102 3076 2862
f 3102 2862 2886
f 2863 3079 3105
f 2863 3105 2887
f 2887 2888 2863
f 2863 2888 2864
f 2866 2865 2892
f 2892 2865 2891
f 2892 2867 2866
f 2892 2893 2867
f 2893 3108 3080
f 2893 3080 2867
f 2896 2895 2868
f 3083 3111 2896
f 2868 3083 2896
f 2869 3083 2868
f 2869 3084 3083
f 2870 3084 2869
f 2870 3085 3084
f 2871 3085 2870
f 2871 3086 3085
f 2872 3086 2871
f 2872 3087 3086
f 2873 3087 2872
f 2873 3088 3087
f 2874 3088 2873
f 2874 3089 3088
f 2875 3089 2874
f 2875 3090 3089
f 2876 3090 2875
f 2876 3091 3090
f 2877 3091 2876
f 2877 3092 3091
f 2878 3092 2877
f 2878 3093 3092
f 2879 3093 2878
f 2879 2880 3093
f 3093 2880 3094
f 2881 2882 3095
f 3095 2882 3096
f 2882 3097 3096
f 2883 3097 2882
f 2883 3098 3097
f 2884 3098 2883
f 2884 2885 3098
f 3098 2885 3099
f 2886 3115 3102
f 2886 2897 3115
f 2887 3105 3117
f 2887 3117 2898
f 2888 2887 2889
f 2887 2899 2889
f 2887 2898 2899
f 2899 2900 2889
f 2901 2902 2890
f 3119 3106 2902
f 2902 3106 2890
f 3106 2892 2890
f 2892 2891 2890
f 3107 2893 2892
f 3107 2892 3106
f 3107 3108 2893
f 2894 2907 2906
f 3110 3125 2907
f 3110 2907 2894
f 2896 3110 2894
f 2895 2896 2894
f 3111 3110 2896
f 2897 3129 3115
f 2897 2908 3129
f 3118 2898 3117
f 2898 3118 3131
f 2909 2898 3131
f 2899 2898 2909
f 2909 2910 2899
f 2899 2910 2900
f 2901 2903 2902
f 2902 2903 3119
f 2903 3121 3119
f 2903 2904 3121
f 2904 3123 3121
f 2905 3123 2904
f 2907 3124 2906
f 3124 2905 2906
f 3124 3123 2905
f 3125 3124 2907
f 2908 3133 3129
f 2908 2912 3133
f 3132 2909 3131
f 2917 2911 3139
f 3139 2911 3132
f 2911 2910 3132
f 2910 2909 3132
f 2917 2918 2911
f 2912 2913 3133
f 3133 2913 3134
f 2913 3135 3134
f 2914 3135 2913
f 2914 3136 3135
f 2915 3136 2914
f 2915 3138 3136
f 2916 3138 2915
f 2921 2917 3139
f 2916 2921 3139
f 3138 2916 3139
f 2921 2916 2920
f 2918 2917 2919
f 2917 2923 2919
f 2917 2921 2923
f 2923 2925 2919
f 2920 2922 2921
f 2921 2922 2923
f 2923 2922 2924
f 2924 2925 2923
f 2960 2961 2926
f 2926 2961 2927
f 2927 2961 2962
f 2927 2962 2928
f 2928 2962 2963
f 2928 2963 2929
f 2929 2963 2964
f 2929 2964 2930
f 2930 2964 2965
f 3167 3140 2965
f 3140 2930 2965
f 3140 2931 2930
f 3141 2931 3140
f 3141 2932 2931
f 3142 2932 3141
f 3142 2933 2932
f 3143 2933 3142
f 3143 2934 2933
f 3144 2934 3143
f 3144 2935 2934
f 3145 2935 3144
f 3145 2936 2935
f 3146 2936 3145
f 3146 2937 2936
f 3147 2937 3146
f 3147 2938 2937
f 3148 2938 3147
f 3148 2939 2938
f 3149 2939 3148
f 3149 2940 2939
f 3150 2940 3149
f 3150 2941 2940
f 3151 2941 3150
f 3151 2942 2941
f 3152 2942 3151
f 3152 2943 2942
f 3153 2943 3152
f 3153 2944 2943
f 3154 2944 3153
f 3154 2945 2944
f 3155 2945 3154
f 3155 2946 2945
f 3156 2946 3155
f 3156 2947 2946
f 3157 2947 3156
f 3157 2948 2947
f 3158 2948 3157
f 3158 2949 2948
f 2966 2950 3187
f 2950 3158 3187
f 2950 2949 3158
f 2950 2966 2951
f 2951 2966 2967
f 2951 2967 2952
f 2952 2967 2968
f 2952 2968 2953
f 2953 2968 2969
f 2969 2970 2953
f 2977 2978 2954
f 2954 2978 2955
f 2955 2978 2979
f 2955 2979 2956
f 2956 2979 2980
f 3197 3159 2980
f 3159 2956 2980
f 3159 2957 2956
f 3160 2957 3159
f 3160 2958 2957
f 3161 2958 3160
f 3161 2959 2958
f 3162 2961 2960
f 2959 3162 2960
f 3161 3162 2959
f 3163 2962 2961
f 3163 2961 3162
f 3164 2963 2962
f 3164 2962 3163
f 3165 2964 2963
f 3165 2963 3164
f 3166 2965 2964
f 3166 2964 3165
f 3166 3167 2965
f 3188 2966 3187
f 3189 2967 2966
f 3189 2966 3188
f 3190 2968 2967
f 3190 2967 3189
f 3191 2969 2968
f 3191 2968 3190
f 2971 2970 2969
f 3191 2971 2969
f 3192 2971 3191
f 3193 2971 3192
f 3193 2972 2971
f 3012 2973 3234
f 2973 3193 3234
f 2973 2972 3193
f 2973 3012 2974
f 2974 3012 3013
f 3013 3014 2974
f 3017 3018 2975
f 2975 3018 2976
f 2976 3018 3019
f 3236 3194 3019
f 3019 3194 2976
f 3194 2978 2976
f 2978 2977 2976
f 3195 2979 2978
f 3195 2978 3194
f 3196 2980 2979
f 3196 2979 3195
f 3196 3197 2980
f 3201 3240 3020
f 3201 3020 2981
f 2981 3202 3201
f 2982 3202 2981
f 2982 3203 3202
f 2983 3203 2982
f 2983 3204 3203
f 2984 3204 2983
f 2984 3205 3204
f 2985 3205 2984
f 2985 3206 3205
f 2986 3206 2985
f 2986 3207 3206
f 2987 3207 2986
f 2987 3208 3207
f 2988 3208 2987
f 2988 3209 3208
f 2989 3209 2988
f 2989 3210 3209
f 2990 3210 2989
f 2990 3211 3210
f 2991 3211 2990
f 2991 3212 3211
f 2992 3212 2991
f 2992 3213 3212
f 2993 3213 2992
f 2993 3214 3213
f 2994 3214 2993
f 2994 3215 3214
f 2995 3215 2994
f 2995 3216 3215
f 2996 3216 2995
f 2996 3217 3216
f 2997 3217 2996
f 2997 3218 3217
f 2998 3218 2997
f 2998 3219 3218
f 2999 3219 2998
f 2999 3220 3219
f 3000 3220 2999
f 3000 3221 3220
f 3001 3221 3000
f 3001 3222 3221
f 3002 3222 3001
f 3002 3223 3222
f 3003 3223 3002
f 3003 3224 3223
f 3004 3224 3003
f 3004 3225 3224
f 3005 3225 3004
f 3005 3226 3225
f 3006 3226 3005
f 3006 3227 3226
f 3007 3227 3006
f 3007 3228 3227
f 3008 3228 3007
f 3008 3230 3228
f 3009 3230 3008
f 3009 3232 3230
f 3010 3232 3009
f 3011 3021 3246
f 3232 3011 3246
f 3010 3011 3232
f 3235 3012 3234
f 3011 3022 3021
f 3012 3235 3248
f 3024 3012 3248
f 3013 3012 3024
f 3014 3013 3015
f 3013 3025 3015
f 3013 3024 3025
f 3025 3026 3015
f 3027 3028 3016
f 3016 3028 3017
f 3028 3018 3017
f 3028 3029 3018
f 3029 3019 3018
f 3029 3030 3019
f 3030 3251 3236
f 3030 3236 3019
f 3254 3020 3240
f 3031 3020 3254
f 3246 3021 3258
f 3258 3021 3033
f 3021 3022 3023
f 3035 3021 3023
f 3033 3021 3035
f 3249 3024 3248
f 3023 3037 3035
f 3024 3249 3260
f 3038 3024 3260
f 3025 3024 3038
f 3038 3039 3025
f 3025 3039 3026
f 3028 3027 3043
f 3043 3027 3042
f 3043 3029 3028
f 3043 3044 3029
f 3044 3263 3250
f 3030 3044 3250
f 3029 3044 3030
f 3250 3251 3030
f 3266 3031 3254
f 3045 3031 3266
f 3271 3257 3049
f 3049 3257 3032
f 3257 3258 3033
f 3034 3257 3033
f 3032 3257 3034
f 3034 3033 3035
f 3034 3035 3036
f 3037 3036 3035
f 3261 3038 3260
f 3050 3040 3274
f 3274 3040 3261
f 3040 3039 3261
f 3039 3038 3261
f 3050 3051 3040
f 3053 3054 3041
f 3041 3054 3042
f 3054 3043 3042
f 3054 3055 3043
f 3055 3277 3262
f 3044 3055 3262
f 3043 3055 3044
f 3262 3263 3044
f 3280 3045 3266
f 3056 3045 3280
f 3284 3267 3059
f 3059 3267 3046
f 3268 3046 3267
f 3268 3047 3046
f 3270 3047 3268
f 3270 3048 3047
f 3049 3048 3270
f 3049 3270 3271
f 3275 3050 3274
f 3060 3052 3287
f 3287 3052 3275
f 3052 3051 3275
f 3051 3050 3275
f 3060 3061 3052
f 3054 3053 3065
f 3065 3053 3064
f 3065 3288 3276
f 3055 3065 3276
f 3054 3065 3055
f 3276 3277 3055
f 3057 3056 3280
f 3057 3280 3281
f 3282 3057 3281
f 3282 3058 3057
f 3282 3291 3058
f 3058 3291 3066
f 3059 3295 3284
f 3059 3069 3295
f 3060 3287 3302
f 3060 3302 3077
f 3061 3060 3062
f 3060 3078 3062
f 3060 3077 3078
f 3078 3079 3062
f 3080 3081 3063
f 3063 3081 3064
f 3081 3065 3064
f 3081 3082 3065
f 3082 3304 3288
f 3082 3288 3065
f 3067 3066 3291
f 3067 3291 3292
f 3292 3316 3067
f 3067 3316 3094
f 3317 3294 3095
f 3095 3294 3068
f 3069 3068 3294
f 3069 3294 3295
f 3296 3321 3099
f 3296 3099 3070
f 3070 3297 3296
f 3071 3297 3070
f 3071 3298 3297
f 3072 3298 3071
f 3072 3299 3298
f 3073 3299 3072
f 3073 3300 3299
f 3074 3300 3073
f 3075 3100 3325
f 3300 3075 3325
f 3074 3075 3300
f 3100 3075 3076
f 3100 3076 3101
f 3076 3302 3328
f 3101 3076 3328
f 3076 3077 3302
f 3103 3076 3102
f 3076 3103 3077
f 3103 3078 3077
f 3103 3104 3078
f 3104 3105 3078
f 3078 3105 3079
f 3081 3080 3109
f 3109 3080 3108
f 3109 3331 3303
f 3082 3109 3303
f 3081 3109 3082
f 3303 3304 3082
f 3083 3112 3111
f 3112 3083 3084
f 3112 3084 3113
f 3307 3335 3113
f 3084 3307 3113
f 3085 3307 3084
f 3085 3308 3307
f 3086 3308 3085
f 3086 3309 3308
f 3087 3309 3086
f 3087 3310 3309
f 3088 3310 3087
f 3088 3311 3310
f 3089 3311 3088
f 3089 3312 3311
f 3090 3312 3089
f 3090 3313 3312
f 3091 3313 3090
f 3091 3314 3313
f 3092 3314 3091
f 3092 3315 3314
f 3093 3315 3092
f 3093 3094 3315
f 3315 3094 3316
f 3095 3096 3317
f 3317 3096 3318
f 3096 3319 3318
f 3097 3319 3096
f 3097 3320 3319
f 3098 3320 3097
f 3098 3099 3320
f 3320 3099 3321
f 3100 3326 3325
f 3326 3100 3339
f 3100 3114 3339
f 3100 3101 3114
f 3329 3114 3101
f 3328 3329 3101
f 3329 3115 3114
f 3102 3329 3103
f 3329 3102 3115
f 3103 3329 3342
f 3116 3103 3342
f 3104 3103 3116
f 3116 3117 3104
f 3104 3117 3105
f 3119 3120 3106
f 3106 3120 3107
f 3107 3120 3122
f 3344 3330 3122
f 3122 3330 3107
f 3330 3109 3107
f 3109 3108 3107
f 3330 3331 3109
f 3110 3126 3125
f 3126 3110 3111
f 3112 3126 3111
f 3127 3126 3112
f 3350 3127 3334
f 3127 3113 3334
f 3127 3112 3113
f 3335 3334 3113
f 3339 3114 3354
f 3354 3114 3128
f 3129 3128 3114
f 3129 3114 3115
f 3343 3116 3342
f 3130 3118 3358
f 3358 3118 3343
f 3118 3117 3343
f 3117 3116 3343
f 3130 3131 3118
f 3119 3121 3120
f 3120 3121 3122
f 3122 3121 3123
f 3122 3123 3344
f 3123 3346 3344
f 3123 3124 3346
f 3126 3348 3125
f 3348 3124 3125
f 3348 3346 3124
f 3127 3349 3126
f 3126 3349 3348
f 3350 3349 3127
f 3128 3355 3354
f 3362 3355 3128
f 3129 3362 3128
f 3133 3362 3129
f 3359 3130 3358
f 3137 3132 3368
f 3368 3132 3359
f 3132 3131 3359
f 3131 3130 3359
f 3137 3139 3132
f 3133 3134 3362
f 3362 3134 3363
f 3134 3365 3363
f 3135 3365 3134
f 3135 3367 3365
f 3136 3367 3135
f 3368 3367 3137
f 3367 3138 3137
f 3367 3136 3138
f 3138 3139 3137
f 3167 3168 3140
f 3140 3168 3141
f 3141 3168 3169
f 3141 3169 3142
f 3142 3169 3170
f 3142 3170 3143
f 3143 3170 3171
f 3143 3171 3144
f 3144 3171 3172
f 3144 3172 3145
f 3145 3172 3173
f 3145 3173 3146
f 3146 3173 3174
f 3146 3174 3147
f 3147 3174 3175
f 3147 3175 3148
f 3148 3175 3176
f 3148 3176 3149
f 3149 3176 3177
f 3149 3177 3150
f 3150 3177 3178
f 3150 3178 3151
f 3151 3178 3179
f 3151 3179 3152
f 3152 3179 3180
f 3152 3180 3153
f 3153 3180 3181
f 3153 3181 3154
f 3154 3181 3182
f 3154 3182 3155
f 3155 3182 3183
f 3155 3183 3156
f 3156 3183 3184
f 3156 3184 3157
f 3157 3184 3185
f 3157 3185 3158
f 3158 3185 3186
f 3186 3187 3158
f 3197 3198 3159
f 3159 3198 3160
f 3160 3198 3199
f 3160 3199 3161
f 3161 3199 3200
f 3399 3369 3200
f 3369 3161 3200
f 3369 3162 3161
f 3370 3162 3369
f 3370 3163 3162
f 3371 3163 3370
f 3371 3164 3163
f 3372 3164 3371
f 3372 3165 3164
f 3373 3165 3372
f 3373 3166 3165
f 3374 3168 3167
f 3166 3374 3167
f 3373 3374 3166
f 3375 3169 3168
f 3375 3168 3374
f 3376 3170 3169
f 3376 3169 3375
f 3377 3171 3170
f 3377 3170 3376
f 3378 3172 3171
f 3378 3171 3377
f 3379 3173 3172
f 3379 3172 3378
f 3380 3174 3173
f 3380 3173 3379
f 3381 3175 3174
f 3381 3174 3380
f 3382 3176 3175
f 3382 3175 3381
f 3383 3177 3176
f 3383 3176 3382
f 3384 3178 3177
f 3384 3177 3383
f 3385 3179 3178
f 3385 3178 3384
f 3386 3180 3179
f 3386 3179 3385
f 3387 3181 3180
f 3387 3180 3386
f 3388 3182 3181
f 3388 3181 3387
f 3389 3183 3182
f 3389 3182 3388
f 3390 3184 3183
f 3390 3183 3389
f 3391 3185 3184
f 3391 3184 3390
f 3392 3186 3185
f 3392 3185 3391
f 3188 3187 3186
f 3392 3188 3186
f 3393 3188 3392
f 3394 3188 3393
f 3394 3189 3188
f 3395 3189 3394
f 3395 3190 3189
f 3229 3191 3431
f 3191 3395 3431
f 3191 3190 3395
f 3191 3229 3192
f 3192 3229 3231
f 3192 3231 3193
f 3193 3231 3233
f 3233 3234 3193
f 3236 3237 3194
f 3194 3237 3195
f 3195 3237 3238
f 3195 3238 3196
f 3196 3238 3239
f 3436 3396 3239
f 3239 3396 3196
f 3396 3198 3196
f 3198 3197 3196
f 3397 3199 3198
f 3397 3198 3396
f 3240 3397 3398
f 3241 3240 3398
f 3240 3199 3397
f 3200 3240 3201
f 3240 3200 3199
f 3399 3242 3241
f 3398 3399 3241
f 3399 3202 3242
f 3201 3399 3200
f 3399 3201 3202
f 3402 3441 3242
f 3202 3402 3242
f 3203 3402 3202
f 3203 3404 3402
f 3204 3404 3203
f 3204 3405 3404
f 3205 3405 3204
f 3205 3406 3405
f 3206 3406 3205
f 3206 3407 3406
f 3207 3407 3206
f 3207 3408 3407
f 3208 3408 3207
f 3208 3409 3408
f 3209 3409 3208
f 3209 3410 3409
f 3210 3410 3209
f 3210 3411 3410
f 3211 3411 3210
f 3211 3412 3411
f 3212 3412 3211
f 3212 3413 3412
f 3213 3413 3212
f 3213 3414 3413
f 3214 3414 3213
f 3214 3415 3414
f 3215 3415 3214
f 3215 3416 3415
f 3216 3416 3215
f 3216 3417 3416
f 3217 3417 3216
f 3217 3418 3417
f 3218 3418 3217
f 3218 3419 3418
f 3219 3419 3218
f 3219 3420 3419
f 3220 3420 3219
f 3220 3421 3420
f 3221 3421 3220
f 3221 3422 3421
f 3222 3422 3221
f 3222 3423 3422
f 3223 3423 3222
f 3223 3424 3423
f 3224 3424 3223
f 3224 3425 3424
f 3225 3425 3224
f 3225 3427 3425
f 3226 3427 3225
f 3226 3429 3427
f 3227 3429 3226
f 3228 3243 3453
f 3429 3228 3453
f 3227 3228 3429
f 3431 3228 3230
f 3229 3431 3230
f 3431 3243 3228
f 3244 3431 3432
f 3431 3244 3243
f 3433 3244 3432
f 3245 3244 3433
f 3231 3229 3230
f 3232 3231 3230
f 3246 3233 3231
f 3232 3246 3231
f 3246 3434 3233
f 3433 3246 3245
f 3246 3433 3434
f 3247 3235 3458
f 3458 3235 3434
f 3235 3234 3434
f 3234 3233 3434
f 3247 3248 3235
f 3237 3236 3252
f 3252 3236 3251
f 3252 3238 3237
f 3252 3253 3238
f 3253 3461 3435
f 3239 3253 3435
f 3238 3253 3239
f 3435 3436 3239
f 3240 3241 3439
f 3464 3240 3439
f 3254 3240 3464
f 3242 3440 3241
f 3241 3440 3439
f 3441 3440 3242
f 3243 3454 3453
f 3454 3243 3468
f 3243 3255 3468
f 3243 3244 3255
f 3245 3255 3244
f 3256 3255 3245
f 3258 3256 3245
f 3258 3245 3246
f 3459 3247 3458
f 3259 3249 3471
f 3471 3249 3459
f 3249 3248 3459
f 3248 3247 3459
f 3259 3260 3249
f 3263 3264 3250
f 3250 3264 3251
f 3264 3252 3251
f 3264 3265 3252
f 3265 3473 3460
f 3253 3265 3460
f 3252 3265 3253
f 3460 3461 3253
f 3476 3254 3464
f 3266 3254 3476
f 3468 3255 3482
f 3482 3255 3269
f 3256 3257 3271
f 3269 3256 3271
f 3255 3256 3269
f 3258 3257 3256
f 3259 3471 3484
f 3259 3484 3272
f 3260 3259 3261
f 3259 3273 3261
f 3259 3272 3273
f 3273 3274 3261
f 3277 3278 3262
f 3262 3278 3263
f 3278 3264 3263
f 3278 3279 3264
f 3279 3487 3472
f 3265 3279 3472
f 3264 3279 3265
f 3472 3473 3265
f 3490 3266 3476
f 3280 3266 3490
f 3478 3283 3493
f 3283 3478 3284
f 3478 3267 3284
f 3478 3479 3267
f 3481 3267 3479
f 3481 3268 3267
f 3481 3482 3269
f 3270 3481 3269
f 3268 3481 3270
f 3271 3270 3269
f 3485 3272 3484
f 3272 3485 3495
f 3285 3272 3495
f 3273 3272 3285
f 3274 3273 3275
f 3273 3286 3275
f 3273 3285 3286
f 3286 3287 3275
f 3288 3289 3276
f 3276 3289 3277
f 3289 3278 3277
f 3289 3290 3278
f 3290 3497 3486
f 3279 3290 3486
f 3278 3290 3279
f 3486 3487 3279
f 3281 3280 3490
f 3281 3490 3491
f 3492 3281 3491
f 3492 3282 3281
f 3492 3500 3282
f 3282 3500 3291
f 3493 3283 3502
f 3502 3283 3293
f 3295 3293 3283
f 3295 3283 3284
f 3496 3285 3495
f 3285 3496 3507
f 3301 3285 3507
f 3286 3285 3301
f 3301 3302 3286
f 3286 3302 3287
f 3289 3288 3305
f 3305 3288 3304
f 3305 3290 3289
f 3305 3306 3290
f 3306 3509 3497
f 3306 3497 3290
f 3292 3291 3500
f 3292 3500 3501
f 3501 3520 3292
f 3292 3520 3316
f 3294 3317 3293
f 3317 3502 3293
f 3317 3521 3502
f 3295 3294 3293
f 3322 3321 3296
f 3503 3526 3322
f 3296 3503 3322
f 3297 3503 3296
f 3297 3504 3503
f 3298 3504 3297
f 3299 3323 3528
f 3504 3299 3528
f 3298 3299 3504
f 3323 3299 3300
f 3323 3300 3324
f 3325 3324 3300
f 3301 3507 3532
f 3301 3532 3327
f 3327 3328 3301
f 3301 3328 3302
f 3331 3332 3303
f 3303 3332 3304
f 3332 3305 3304
f 3332 3333 3305
f 3333 3534 3508
f 3306 3333 3508
f 3305 3333 3306
f 3508 3509 3306
f 3307 3336 3335
f 3512 3537 3336
f 3307 3512 3336
f 3308 3512 3307
f 3308 3513 3512
f 3309 3513 3308
f 3309 3514 3513
f 3310 3514 3309
f 3310 3515 3514
f 3311 3515 3310
f 3311 3516 3515
f 3312 3516 3311
f 3312 3517 3516
f 3313 3517 3312
f 3313 3518 3517
f 3314 3518 3313
f 3314 3519 3518
f 3315 3519 3314
f 3315 3316 3519
f 3519 3316 3520
f 3317 3318 3521
f 3521 3318 3522
f 3318 3523 3522
f 3319 3523 3318
f 3319 3524 3523
f 3320 3524 3319
f 3322 3525 3321
f 3525 3320 3321
f 3525 3524 3320
f 3526 3525 3322
f 3323 3529 3528
f 3529 3323 3541
f 3323 3337 3541
f 3323 3324 3337
f 3324 3325 3326
f 3338 3324 3326
f 3337 3324 3338
f 3326 3532 3544
f 3338 3326 3544
f 3326 3327 3532
f 3340 3326 3339
f 3326 3340 3327
f 3328 3327 3329
f 3327 3341 3329
f 3327 3340 3341
f 3341 3342 3329
f 3344 3345 3330
f 3330 3345 3331
f 3345 3332 3331
f 3345 3347 3332
f 3347 3546 3533
f 3333 3347 3533
f 3332 3347 3333
f 3533 3534 3333
f 3334 3351 3350
f 3351 3334 3335
f 3336 3351 3335
f 3352 3351 3336
f 3552 3352 3537
f 3537 3352 3336
f 3337 3542 3541
f 3542 3337 3557
f 3337 3353 3557
f 3337 3338 3353
f 3545 3353 3338
f 3544 3545 3338
f 3545 3354 3353
f 3339 3545 3340
f 3545 3339 3354
f 3340 3545 3559
f 3356 3340 3559
f 3341 3340 3356
f 3342 3341 3343
f 3341 3357 3343
f 3341 3356 3357
f 3357 3358 3343
f 3344 3346 3345
f 3345 3346 3347
f 3347 3346 3348
f 3347 3348 3546
f 3348 3548 3546
f 3348 3349 3548
f 3351 3550 3350
f 3550 3349 3350
f 3550 3548 3349
f 3352 3551 3351
f 3351 3551 3550
f 3552 3551 3352
f 3557 3353 3563
f 3563 3353 3360
f 3353 3354 3355
f 3361 3353 3355
f 3360 3353 3361
f 3560 3356 3559
f 3355 3362 3361
f 3356 3560 3569
f 3364 3356 3569
f 3357 3356 3364
f 3358 3357 3359
f 3357 3366 3359
f 3357 3364 3366
f 3366 3368 3359
f 3360 3564 3563
f 3361 3566 3360
f 3360 3566 3564
f 3362 3363 3361
f 3363 3566 3361
f 3363 3568 3566
f 3569 3568 3364
f 3568 3365 3364
f 3568 3363 3365
f 3364 3365 3366
f 3366 3365 3367
f 3367 3368 3366
f 3399 3400 3369
f 3369 3400 3370
f 3370 3400 3401
f 3370 3401 3371
f 3371 3401 3403
f 3595 3570 3403
f 3570 3371 3403
f 3570 3372 3371
f 3571 3372 3570
f 3571 3373 3372
f 3572 3373 3571
f 3572 3374 3373
f 3573 3374 3572
f 3573 3375 3374
f 3574 3375 3573
f 3574 3376 3375
f 3575 3376 3574
f 3575 3377 3376
f 3576 3377 3575
f 3576 3378 3377
f 3577 3378 3576
f 3577 3379 3378
f 3578 3379 3577
f 3578 3380 3379
f 3579 3380 3578
f 3579 3381 3380
f 3580 3381 3579
f 3580 3382 3381
f 3581 3382 3580
f 3581 3383 3382
f 3582 3383 3581
f 3582 3384 3383
f 3583 3384 3582
f 3583 3385 3384
f 3584 3385 3583
f 3584 3386 3385
f 3585 3386 3584
f 3585 3387 3386
f 3586 3387 3585
f 3586 3388 3387
f 3587 3388 3586
f 3587 3389 3388
f 3588 3389 3587
f 3588 3390 3389
f 3589 3390 3588
f 3589 3391 3390
f 3590 3391 3589
f 3590 3392 3391
f 3426 3393 3620
f 3393 3590 3620
f 3393 3392 3590
f 3393 3426 3394
f 3394 3426 3428
f 3394 3428 3395
f 3395 3428 3430
f 3430 3431 3395
f 3436 3437 3396
f 3396 3437 3397
f 3397 3437 3438
f 3625 3591 3438
f 3591 3397 3438
f 3591 3398 3397
f 3592 3400 3399
f 3398 3592 3399
f 3591 3592 3398
f 3441 3592 3593
f 3442 3441 3593
f 3441 3400 3592
f 3401 3441 3402
f 3441 3401 3400
f 3594 3442 3593
f 3443 3442 3594
f 3403 3401 3402
f 3404 3403 3402
f 3595 3444 3443
f 3594 3595 3443
f 3595 3405 3444
f 3404 3595 3403
f 3595 3404 3405
f 3444 3405 3406
f 3444 3406 3445
f 3445 3406 3407
f 3445 3407 3446
f 3446 3407 3408
f 3446 3408 3447
f 3447 3408 3409
f 3447 3409 3448
f 3448 3409 3410
f 3448 3410 3449
f 3602 3637 3449
f 3410 3602 3449
f 3411 3602 3410
f 3411 3603 3602
f 3412 3603 3411
f 3412 3604 3603
f 3413 3604 3412
f 3413 3605 3604
f 3414 3605 3413
f 3414 3606 3605
f 3415 3606 3414
f 3415 3607 3606
f 3416 3607 3415
f 3416 3608 3607
f 3417 3608 3416
f 3417 3609 3608
f 3418 3609 3417
f 3418 3610 3609
f 3419 3610 3418
f 3419 3611 3610
f 3420 3611 3419
f 3420 3612 3611
f 3421 3612 3420
f 3421 3614 3612
f 3422 3614 3421
f 3422 3616 3614
f 3423 3616 3422
f 3423 3618 3616
f 3424 3618 3423
f 3425 3450 3650
f 3618 3425 3650
f 3424 3425 3618
f 3620 3425 3427
f 3426 3620 3427
f 3620 3450 3425
f 3451 3620 3621
f 3620 3451 3450
f 3622 3451 3621
f 3452 3451 3622
f 3428 3426 3427
f 3429 3428 3427
f 3453 3430 3428
f 3429 3453 3428
f 3453 3623 3430
f 3622 3453 3452
f 3453 3622 3623
f 3455 3432 3656
f 3656 3432 3623
f 3432 3431 3623
f 3431 3430 3623
f 3432 3455 3433
f 3433 3455 3456
f 3433 3456 3434
f 3434 3456 3457
f 3457 3458 3434
f 3461 3462 3435
f 3435 3462 3436
f 3462 3437 3436
f 3462 3463 3437
f 3463 3660 3624
f 3438 3463 3624
f 3437 3463 3438
f 3624 3625 3438
f 3439 3465 3464
f 3465 3439 3440
f 3465 3440 3466
f 3629 3664 3466
f 3629 3466 3440
f 3442 3629 3440
f 3441 3442 3440
f 3443 3630 3442
f 3442 3630 3629
f 3444 3631 3443
f 3443 3631 3630
f 3445 3632 3444
f 3444 3632 3631
f 3446 3633 3445
f 3445 3633 3632
f 3447 3634 3446
f 3446 3634 3633
f 3448 3635 3447
f 3447 3635 3634
f 3449 3636 3448
f 3448 3636 3635
f 3637 3636 3449
f 3450 3651 3650
f 3451 3652 3450
f 3450 3652 3651
f 3452 3654 3451
f 3451 3654 3652
f 3454 3467 3677
f 3454 3677 3654
f 3453 3454 3654
f 3452 3453 3654
f 3657 3455 3656
f 3454 3468 3467
f 3658 3456 3455
f 3658 3455 3657
f 3456 3658 3681
f 3469 3456 3681
f 3457 3456 3469
f 3458 3457 3459
f 3457 3470 3459
f 3457 3469 3470
f 3470 3471 3459
f 3473 3474 3460
f 3460 3474 3461
f 3474 3462 3461
f 3474 3475 3462
f 3475 3684 3659
f 3463 3475 3659
f 3462 3475 3463
f 3659 3660 3463
f 3464 3465 3477
f 3464 3477 3476
f 3688 3477 3663
f 3477 3466 3663
f 3477 3465 3466
f 3664 3663 3466
f 3677 3467 3697
f 3697 3467 3480
f 3482 3480 3467
f 3482 3467 3468
f 3682 3469 3681
f 3469 3682 3701
f 3483 3469 3701
f 3470 3469 3483
f 3483 3484 3470
f 3470 3484 3471
f 3487 3488 3472
f 3472 3488 3473
f 3488 3474 3473
f 3488 3489 3474
f 3489 3704 3683
f 3475 3489 3683
f 3474 3489 3475
f 3683 3684 3475
f 3476 3477 3687
f 3707 3476 3687
f 3490 3476 3707
f 3688 3687 3477
f 3712 3694 3493
f 3493 3694 3478
f 3696 3478 3694
f 3696 3479 3478
f 3696 3697 3480
f 3481 3696 3480
f 3479 3696 3481
f 3482 3481 3480
f 3702 3483 3701
f 3494 3485 3715
f 3715 3485 3702
f 3485 3484 3702
f 3484 3483 3702
f 3494 3495 3485
f 3497 3498 3486
f 3486 3498 3487
f 3498 3488 3487
f 3498 3499 3488
f 3499 3716 3703
f 3489 3499 3703
f 3488 3499 3489
f 3703 3704 3489
f 3491 3490 3707
f 3491 3707 3709
f 3711 3491 3709
f 3711 3492 3491
f 3711 3719 3492
f 3492 3719 3500
f 3493 3721 3712
f 3493 3502 3721
f 3494 3715 3726
f 3494 3726 3505
f 3495 3494 3496
f 3494 3506 3496
f 3494 3505 3506
f 3506 3507 3496
f 3498 3497 3510
f 3510 3497 3509
f 3510 3499 3498
f 3510 3511 3499
f 3511 3728 3716
f 3511 3716 3499
f 3501 3500 3719
f 3501 3719 3720
f 3720 3737 3501
f 3501 3737 3520
f 3502 3738 3721
f 3502 3521 3738
f 3723 3743 3526
f 3723 3526 3503
f 3504 3527 3745
f 3723 3504 3745
f 3503 3504 3723
f 3528 3527 3504
f 3505 3726 3748
f 3505 3748 3530
f 3530 3506 3505
f 3530 3531 3506
f 3531 3532 3506
f 3506 3532 3507
f 3534 3535 3508
f 3508 3535 3509
f 3535 3510 3509
f 3535 3536 3510
f 3538 3751 3727
f 3536 3512 3511
f 3510 3536 3511
f 3537 3512 3536
f 3728 3539 3538
f 3727 3728 3538
f 3728 3513 3539
f 3512 3728 3511
f 3728 3512 3513
f 3731 3754 3539
f 3513 3731 3539
f 3514 3731 3513
f 3514 3732 3731
f 3515 3732 3514
f 3515 3733 3732
f 3516 3733 3515
f 3516 3734 3733
f 3517 3734 3516
f 3517 3735 3734
f 3518 3735 3517
f 3518 3736 3735
f 3519 3736 3518
f 3519 3520 3736
f 3736 3520 3737
f 3521 3522 3738
f 3738 3522 3739
f 3522 3740 3739
f 3523 3740 3522
f 3523 3741 3740
f 3524 3741 3523
f 3524 3742 3741
f 3525 3742 3524
f 3525 3526 3742
f 3742 3526 3743
f 3527 3746 3745
f 3529 3540 3759
f 3529 3759 3746
f 3528 3529 3746
f 3527 3528 3746
f 3749 3530 3748
f 3529 3541 3540
f 3530 3749 3762
f 3543 3530 3762
f 3531 3530 3543
f 3543 3544 3531
f 3531 3544 3532
f 3546 3547 3533
f 3533 3547 3534
f 3547 3535 3534
f 3547 3549 3535
f 3549 3764 3750
f 3536 3549 3750
f 3535 3549 3536
f 3750 3552 3537
f 3536 3750 3537
f 3750 3553 3552
f 3538 3750 3751
f 3750 3538 3553
f 3539 3553 3538
f 3554 3553 3539
f 3770 3554 3754
f 3754 3554 3539
f 3759 3540 3775
f 3775 3540 3555
f 3540 3541 3542
f 3556 3540 3542
f 3555 3540 3556
f 3763 3543 3762
f 3542 3557 3556
f 3558 3545 3778
f 3778 3545 3763
f 3545 3544 3763
f 3544 3543 3763
f 3558 3559 3545
f 3546 3548 3547
f 3547 3548 3549
f 3549 3548 3550
f 3549 3550 3764
f 3550 3766 3764
f 3550 3551 3766
f 3553 3768 3552
f 3768 3551 3552
f 3768 3766 3551
f 3554 3769 3553
f 3553 3769 3768
f 3770 3769 3554
f 3775 3555 3781
f 3781 3555 3561
f 3556 3561 3555
f 3562 3561 3556
f 3563 3562 3556
f 3563 3556 3557
f 3558 3778 3786
f 3558 3786 3565
f 3559 3558 3560
f 3558 3567 3560
f 3558 3565 3567
f 3567 3569 3560
f 3561 3782 3781
f 3562 3783 3561
f 3561 3783 3782
f 3563 3564 3562
f 3564 3783 3562
f 3564 3785 3783
f 3786 3785 3565
f 3785 3566 3565
f 3785 3564 3566
f 3565 3566 3567
f 3567 3566 3568
f 3568 3569 3567
f 3595 3596 3570
f 3570 3596 3571
f 3571 3596 3597
f 3571 3597 3572
f 3572 3597 3598
f 3572 3598 3573
f 3573 3598 3599
f 3573 3599 3574
f 3574 3599 3600
f 3574 3600 3575
f 3575 3600 3601
f 3805 3787 3601
f 3787 3575 3601
f 3787 3576 3575
f 3788 3576 3787
f 3788 3577 3576
f 3789 3577 3788
f 3789 3578 3577
f 3790 3578 3789
f 3790 3579 3578
f 3791 3579 3790
f 3791 3580 3579
f 3792 3580 3791
f 3792 3581 3580
f 3793 3581 3792
f 3793 3582 3581
f 3794 3582 3793
f 3794 3583 3582
f 3795 3583 3794
f 3795 3584 3583
f 3796 3584 3795
f 3796 3585 3584
f 3797 3585 3796
f 3797 3586 3585
f 3613 3587 3819
f 3587 3797 3819
f 3587 3586 3797
f 3587 3613 3588
f 3588 3613 3615
f 3588 3615 3589
f 3589 3615 3617
f 3589 3617 3590
f 3590 3617 3619
f 3619 3620 3590
f 3625 3626 3591
f 3591 3626 3592
f 3592 3626 3627
f 3592 3627 3593
f 3593 3627 3628
f 3827 3798 3628
f 3798 3593 3628
f 3798 3594 3593
f 3799 3596 3595
f 3594 3799 3595
f 3798 3799 3594
f 3800 3597 3596
f 3800 3596 3799
f 3801 3598 3597
f 3801 3597 3800
f 3802 3599 3598
f 3802 3598 3801
f 3803 3600 3599
f 3803 3599 3802
f 3804 3601 3600
f 3804 3600 3803
f 3804 3805 3601
f 3602 3638 3637
f 3638 3602 3603
f 3638 3603 3639
f 3639 3603 3604
f 3639 3604 3640
f 3640 3604 3605
f 3640 3605 3641
f 3641 3605 3606
f 3641 3606 3642
f 3642 3606 3607
f 3642 3607 3643
f 3813 3840 3643
f 3607 3813 3643
f 3608 3813 3607
f 3608 3815 3813
f 3609 3815 3608
f 3610 3644 3843
f 3815 3610 3843
f 3609 3610 3815
f 3644 3610 3611
f 3644 3611 3645
f 3645 3611 3612
f 3645 3612 3646
f 3819 3612 3614
f 3613 3819 3614
f 3819 3646 3612
f 3647 3819 3820
f 3819 3647 3646
f 3821 3647 3820
f 3648 3647 3821
f 3615 3613 3614
f 3616 3615 3614
f 3822 3648 3821
f 3649 3648 3822
f 3617 3615 3616
f 3618 3617 3616
f 3650 3619 3617
f 3618 3650 3617
f 3650 3823 3619
f 3822 3650 3649
f 3650 3822 3823
f 3621 3620 3619
f 3823 3621 3619
f 3824 3621 3823
f 3653 3622 3853
f 3622 3824 3853
f 3622 3621 3824
f 3622 3653 3623
f 3623 3653 3655
f 3655 3656 3623
f 3660 3661 3624
f 3624 3661 3625
f 3661 3626 3625
f 3661 3662 3626
f 3662 3856 3825
f 3627 3662 3825
f 3626 3662 3627
f 3664 3825 3826
f 3665 3664 3826
f 3664 3627 3825
f 3628 3664 3629
f 3664 3628 3627
f 3827 3666 3665
f 3826 3827 3665
f 3827 3630 3666
f 3629 3827 3628
f 3827 3629 3630
f 3666 3630 3631
f 3666 3631 3667
f 3667 3631 3632
f 3667 3632 3668
f 3668 3632 3633
f 3668 3633 3669
f 3833 3865 3669
f 3633 3833 3669
f 3634 3833 3633
f 3634 3835 3833
f 3635 3835 3634
f 3636 3670 3868
f 3835 3636 3868
f 3635 3636 3835
f 3670 3636 3637
f 3638 3670 3637
f 3671 3670 3638
f 3870 3671 3836
f 3671 3639 3836
f 3671 3638 3639
f 3640 3837 3639
f 3639 3837 3836
f 3641 3838 3640
f 3640 3838 3837
f 3642 3839 3641
f 3641 3839 3838
f 3839 3642 3875
f 3642 3672 3875
f 3642 3643 3672
f 3877 3672 3840
f 3840 3672 3643
f 3644 3844 3843
f 3645 3845 3644
f 3644 3845 3844
f 3646 3846 3645
f 3645 3846 3845
f 3647 3847 3646
f 3646 3847 3846
f 3648 3849 3647
f 3647 3849 3847
f 3849 3648 3885
f 3648 3673 3885
f 3648 3649 3673
f 3649 3650 3651
f 3674 3649 3651
f 3673 3649 3674
f 3674 3651 3652
f 3674 3652 3675
f 3853 3652 3654
f 3653 3853 3654
f 3853 3675 3652
f 3676 3853 3854
f 3853 3676 3675
f 3890 3676 3854
f 3677 3653 3654
f 3677 3678 3653
f 3678 3655 3653
f 3656 3655 3657
f 3655 3679 3657
f 3655 3678 3679
f 3657 3679 3658
f 3658 3679 3680
f 3680 3681 3658
f 3684 3685 3659
f 3659 3685 3660
f 3685 3661 3660
f 3685 3686 3661
f 3686 3893 3855
f 3662 3686 3855
f 3661 3686 3662
f 3855 3856 3662
f 3663 3689 3688
f 3689 3663 3664
f 3665 3689 3664
f 3690 3689 3665
f 3898 3690 3860
f 3690 3666 3860
f 3690 3665 3666
f 3667 3862 3666
f 3666 3862 3860
f 3668 3863 3667
f 3667 3863 3862
f 3669 3864 3668
f 3668 3864 3863
f 3865 3864 3669
f 3868 3670 3905
f 3905 3670 3691
f 3907 3691 3869
f 3691 3671 3869
f 3691 3670 3671
f 3870 3869 3671
f 3672 3876 3875
f 3877 3876 3672
f 3673 3886 3885
f 3886 3673 3919
f 3673 3692 3919
f 3673 3674 3692
f 3675 3692 3674
f 3693 3692 3675
f 3676 3693 3675
f 3695 3693 3676
f 3891 3695 3676
f 3890 3891 3676
f 3891 3697 3695
f 3677 3891 3678
f 3891 3677 3697
f 3678 3891 3924
f 3698 3678 3924
f 3679 3678 3698
f 3698 3680 3679
f 3698 3699 3680
f 3681 3680 3682
f 3680 3700 3682
f 3680 3699 3700
f 3700 3701 3682
f 3704 3705 3683
f 3683 3705 3684
f 3705 3685 3684
f 3705 3706 3685
f 3706 3928 3892
f 3686 3706 3892
f 3685 3706 3686
f 3892 3893 3686
f 3687 3708 3707
f 3708 3687 3688
f 3689 3708 3688
f 3710 3708 3689
f 3931 3710 3897
f 3710 3690 3897
f 3710 3689 3690
f 3898 3897 3690
f 3691 3906 3905
f 3907 3906 3691
f 3692 3920 3919
f 3712 3946 3920
f 3693 3712 3920
f 3692 3693 3920
f 3712 3693 3694
f 3694 3693 3695
f 3694 3695 3696
f 3697 3696 3695
f 3925 3698 3924
f 3926 3699 3698
f 3926 3698 3925
f 3699 3926 3951
f 3713 3699 3951
f 3700 3699 3713
f 3701 3700 3702
f 3700 3714 3702
f 3700 3713 3714
f 3714 3715 3702
f 3716 3717 3703
f 3703 3717 3704
f 3717 3705 3704
f 3717 3718 3705
f 3718 3952 3927
f 3706 3718 3927
f 3705 3718 3706
f 3927 3928 3706
f 3709 3707 3708
f 3709 3708 3710
f 3709 3710 3711
f 3710 3931 3711
f 3931 3719 3711
f 3931 3955 3719
f 3947 3946 3722
f 3946 3721 3722
f 3946 3712 3721
f 3722 3968 3947
f 3713 3951 3971
f 3713 3971 3724
f 3724 3714 3713
f 3724 3725 3714
f 3725 3726 3714
f 3714 3726 3715
f 3717 3716 3729
f 3729 3716 3728
f 3729 3718 3717
f 3729 3730 3718
f 3730 3974 3952
f 3730 3952 3718
f 3720 3719 3955
f 3720 3955 3957
f 3957 3981 3720
f 3720 3981 3737
f 3722 3721 3967
f 3721 3985 3967
f 3721 3738 3985
f 3967 3968 3722
f 3744 3743 3723
f 3972 3724 3971
f 3723 3745 3744
f 3724 3972 3992
f 3747 3724 3992
f 3725 3724 3747
f 3747 3748 3725
f 3725 3748 3726
f 3751 3752 3727
f 3727 3752 3728
f 3752 3729 3728
f 3752 3753 3729
f 3755 3994 3973
f 3753 3731 3730
f 3729 3753 3730
f 3754 3731 3753
f 3974 3756 3755
f 3973 3974 3755
f 3974 3732 3756
f 3731 3974 3730
f 3974 3731 3732
f 3977 3997 3756
f 3732 3977 3756
f 3733 3977 3732
f 3733 3978 3977
f 3734 3978 3733
f 3734 3979 3978
f 3735 3979 3734
f 3735 3980 3979
f 3736 3980 3735
f 3736 3737 3980
f 3980 3737 3981
f 3738 3739 3985
f 3985 3739 3986
f 3739 3987 3986
f 3740 3987 3739
f 3740 3988 3987
f 3741 3988 3740
f 3741 3989 3988
f 3742 3989 3741
f 3989 3742 3743
f 3757 3989 3743
f 3744 3757 3743
f 4005 3989 3757
f 3744 3745 3746
f 3758 3744 3746
f 3757 3744 3758
f 3746 3992 4009
f 3758 3746 4009
f 3746 3747 3992
f 3760 3746 3759
f 3746 3760 3747
f 3748 3747 3749
f 3747 3761 3749
f 3747 3760 3761
f 3761 3762 3749
f 3764 3765 3750
f 3750 3765 3751
f 3765 3752 3751
f 3765 3767 3752
f 3767 4011 3993
f 3753 3767 3993
f 3752 3767 3753
f 3993 3770 3754
f 3753 3993 3754
f 3993 3771 3770
f 3755 3993 3994
f 3993 3755 3771
f 3756 3771 3755
f 3772 3771 3756
f 3999 3773 3997
f 3773 3756 3997
f 3773 3772 3756
f 4018 3773 3999
f 3757 4007 4005
f 4007 3757 4027
f 3757 3774 4027
f 3757 3758 3774
f 4010 3774 3758
f 4009 4010 3758
f 4010 3775 3774
f 3759 4010 3760
f 4010 3759 3775
f 3760 4010 4029
f 3776 3760 4029
f 3761 3760 3776
f 3762 3761 3763
f 3761 3777 3763
f 3761 3776 3777
f 3777 3778 3763
f 3764 3766 3765
f 3765 3766 3767
f 3767 3766 3768
f 3767 3768 4011
f 3768 4013 4011
f 3768 3769 4013
f 3771 4015 3770
f 4015 3769 3770
f 4015 4013 3769
f 3772 4016 3771
f 3771 4016 4015
f 3773 4017 3772
f 3772 4017 4016
f 4018 4017 3773
f 4026 3779 4031
f 4027 3774 4026
f 3774 3779 4026
f 3774 3780 3779
f 3781 3780 3774
f 3781 3774 3775
f 4030 3776 4029
f 3776 4030 4038
f 3784 3776 4038
f 3777 3776 3784
f 3784 3786 3777
f 3777 3786 3778
f 3779 4032 4031
f 3780 4033 3779
f 3779 4033 4032
f 3781 3782 3780
f 3782 4033 3780
f 3782 4035 4033
f 3782 4037 4035
f 3783 4037 3782
f 4038 4037 3784
f 4037 3785 3784
f 4037 3783 3785
f 3785 3786 3784
f 3805 3806 3787
f 3787 3806 3788
f 3788 3806 3807
f 3788 3807 3789
f 3789 3807 3808
f 3789 3808 3790
f 3790 3808 3809
f 3790 3809 3791
f 3791 3809 3810
f 3791 3810 3792
f 3792 3810 3811
f 3792 3811 3793
f 3793 3811 3812
f 3793 3812 3794
f 3794 3812 3814
f 3794 3814 3795
f 3795 3814 3816
f 3795 3816 3796
f 3796 3816 3817
f 3796 3817 3797
f 3797 3817 3818
f 3818 3819 3797
f 3827 3828 3798
f 3798 3828 3799
f 3799 3828 3829
f 3799 3829 3800
f 3800 3829 3830
f 3800 3830 3801
f 3801 3830 3831
f 3801 3831 3802
f 3802 3831 3832
f 3802 3832 3803
f 3803 3832 3834
f 4056 4039 3834
f 4039 3803 3834
f 4039 3804 3803
f 4040 3806 3805
f 3804 4040 3805
f 4039 4040 3804
f 4041 3807 3806
f 4041 3806 4040
f 4042 3808 3807
f 4042 3807 4041
f 4043 3809 3808
f 4043 3808 4042
f 4044 3810 3809
f 4044 3809 4043
f 4045 3811 3810
f 4045 3810 4044
f 3840 4045 4046
f 3841 3840 4046
f 3840 3811 4045
f 3812 3840 3813
f 3840 3812 3811
f 4047 3841 4046
f 3842 3841 4047
f 3814 3812 3813
f 3815 3814 3813
f 3843 3816 3814
f 3815 3843 3814
f 3843 4048 3816
f 4047 3843 3842
f 3843 4047 4048
f 4049 3817 3816
f 4049 3816 4048
f 4050 3818 3817
f 4050 3817 4049
f 3820 3819 3818
f 4050 3820 3818
f 4051 3820 4050
f 3848 3821 4070
f 3821 4051 4070
f 3821 3820 4051
f 3821 3848 3822
f 3822 3848 3850
f 3822 3850 3823
f 3823 3850 3851
f 3823 3851 3824
f 3824 3851 3852
f 3852 3853 3824
f 3856 3857 3825
f 3825 3857 3826
f 3826 3857 3858
f 3826 3858 3827
f 3858 3828 3827
f 3858 3859 3828
f 3859 3829 3828
f 3859 3861 3829
f 3861 4075 4052
f 3830 3861 4052
f 3829 3861 3830
f 4053 3831 3830
f 4053 3830 4052
f 3865 4053 4054
f 3866 3865 4054
f 3865 3831 4053
f 3832 3865 3833
f 3865 3832 3831
f 4055 3866 4054
f 3867 3866 4055
f 3834 3832 3833
f 3835 3834 3833
f 4056 3834 3835
f 3868 4056 3835
f 4056 3867 4055
f 4056 3868 3867
f 3871 3870 3836
f 3871 3836 3837
f 3871 3837 3872
f 3872 3837 3838
f 3872 3838 3873
f 3873 3838 3839
f 3873 3839 3874
f 3875 3874 3839
f 3840 3841 3878
f 3840 3878 3877
f 3842 3878 3841
f 3879 3878 3842
f 3842 3843 3844
f 3880 3842 3844
f 3879 3842 3880
f 3880 3844 3845
f 3880 3845 3881
f 3881 3845 3846
f 3881 3846 3882
f 3882 3846 3847
f 3882 3847 3883
f 4070 3847 3849
f 3848 4070 3849
f 4070 3883 3847
f 3884 4070 4071
f 4070 3884 3883
f 3885 3850 3848
f 3849 3885 3848
f 3885 4072 3850
f 4071 3885 3884
f 3885 4071 4072
f 3850 4072 4098
f 3887 3850 4098
f 3851 3850 3887
f 3887 3852 3851
f 3887 3888 3852
f 3853 3852 3854
f 3852 3889 3854
f 3852 3888 3889
f 3889 3890 3854
f 3893 3894 3855
f 3855 3894 3856
f 3894 3857 3856
f 3894 3895 3857
f 3895 3858 3857
f 3895 3896 3858
f 3899 4102 4073
f 3896 3860 3859
f 3858 3896 3859
f 3898 3860 3896
f 4074 3899 4073
f 3900 3899 4074
f 3861 3859 3860
f 3862 3861 3860
f 4075 3901 3900
f 4074 4075 3900
f 4075 3863 3901
f 3862 4075 3861
f 4075 3862 3863
f 3901 3863 3864
f 3901 3864 3902
f 3902 3864 3865
f 3866 3902 3865
f 3903 3902 3866
f 3867 3903 3866
f 3904 3903 3867
f 3905 3904 3867
f 3905 3867 3868
f 3908 3907 3869
f 3908 3869 3870
f 3871 3908 3870
f 3909 3908 3871
f 3872 3909 3871
f 3910 3909 3872
f 3873 3910 3872
f 3911 3910 3873
f 3874 3911 3873
f 3912 3911 3874
f 3874 3875 3876
f 3913 3874 3876
f 3912 3874 3913
f 4088 4114 3913
f 4088 3913 3876
f 3878 4088 3876
f 3877 3878 3876
f 3879 4090 3878
f 3878 4090 4088
f 3880 4092 3879
f 3879 4092 4090
f 4092 3880 4118
f 3880 3914 4118
f 3880 3881 3914
f 3882 3914 3881
f 3915 3914 3882
f 3883 3915 3882
f 3916 3915 3883
f 3884 3916 3883
f 3917 3916 3884
f 3884 3885 3886
f 3918 3884 3886
f 3917 3884 3918
f 4099 3887 4098
f 3886 3919 3918
f 3887 4099 4128
f 3921 3887 4128
f 3888 3887 3921
f 3921 3889 3888
f 3921 3922 3889
f 3890 3889 3891
f 3889 3923 3891
f 3889 3922 3923
f 3923 3924 3891
f 3928 3929 3892
f 3892 3929 3893
f 3929 3894 3893
f 3929 3930 3894
f 3930 4132 4100
f 3895 3930 4100
f 3894 3930 3895
f 3931 4100 4101
f 3932 3931 4101
f 3931 3895 4100
f 3896 3931 3897
f 3931 3896 3895
f 3898 3896 3897
f 4102 3932 4101
f 4102 3899 3932
f 3899 3933 3932
f 3900 3933 3899
f 3934 3933 3900
f 3901 3934 3900
f 3935 3934 3901
f 3902 3935 3901
f 3936 3935 3902
f 3903 3936 3902
f 3937 3936 3903
f 3904 3937 3903
f 3938 3937 3904
f 3904 3905 3906
f 3939 3904 3906
f 3938 3904 3939
f 3939 3906 3907
f 3908 3939 3907
f 3940 3939 3908
f 3909 3940 3908
f 3941 3940 3909
f 3910 3941 3909
f 3942 3941 3910
f 4142 3942 4112
f 3942 3911 4112
f 3942 3910 3911
f 3912 4113 3911
f 3911 4113 4112
f 4113 3912 4145
f 3912 3943 4145
f 3912 3913 3943
f 4147 3943 4114
f 4114 3943 3913
f 3914 4119 4118
f 3915 4121 3914
f 3914 4121 4119
f 3916 4123 3915
f 3915 4123 4121
f 3917 4125 3916
f 3916 4125 4123
f 4125 3917 4155
f 3917 3944 4155
f 3917 3918 3944
f 3918 3919 3920
f 3945 3918 3920
f 3944 3918 3945
f 4129 3921 4128
f 3920 3946 3945
f 4130 3922 3921
f 4130 3921 4129
f 3922 4130 4160
f 3948 3922 4160
f 3923 3922 3948
f 3924 3923 3925
f 3923 3949 3925
f 3923 3948 3949
f 3925 3949 3926
f 3926 3949 3950
f 3950 3951 3926
f 3952 3953 3927
f 3927 3953 3928
f 3953 3929 3928
f 3953 3954 3929
f 3954 4162 4131
f 3930 3954 4131
f 3929 3954 3930
f 4131 4132 3930
f 3931 3932 3956
f 3931 3956 3955
f 3933 3956 3932
f 3958 3956 3933
f 3934 3958 3933
f 3959 3958 3934
f 3935 3959 3934
f 3960 3959 3935
f 3936 3960 3935
f 3961 3960 3936
f 3937 3961 3936
f 3962 3961 3937
f 3938 3962 3937
f 3963 3962 3938
f 3939 3963 3938
f 3964 3963 3939
f 4172 3964 4139
f 3964 3940 4139
f 3964 3939 3940
f 3941 4140 3940
f 3940 4140 4139
f 3942 4141 3941
f 3941 4141 4140
f 4142 4141 3942
f 3943 4146 4145
f 4147 4146 3943
f 3944 4156 4155
f 4156 3944 4187
f 3944 3965 4187
f 3944 3945 3965
f 3945 3946 3947
f 3966 3945 3947
f 3965 3945 3966
f 3968 3966 3947
f 4161 3948 4160
f 3948 4161 4192
f 3969 3948 4192
f 3949 3948 3969
f 3969 3950 3949
f 3969 3970 3950
f 3970 3971 3950
f 3950 3971 3951
f 3953 3952 3975
f 3975 3952 3974
f 3975 3954 3953
f 3975 3976 3954
f 3976 4195 4162
f 3976 4162 3954
f 3957 3955 3956
f 3982 3981 3957
f 3956 3982 3957
f 3958 3982 3956
f 3959 3982 3958
f 3983 3982 3959
f 3960 3983 3959
f 3984 3983 3960
f 4204 3984 4168
f 3984 3961 4168
f 3984 3960 3961
f 3962 4169 3961
f 3961 4169 4168
f 3963 4170 3962
f 3962 4170 4169
f 3964 4171 3963
f 3963 4171 4170
f 4172 4171 3964
f 3965 4188 4187
f 3985 4224 4188
f 3966 3985 4188
f 3965 3966 4188
f 3985 3966 3967
f 3968 3967 3966
f 4193 3969 4192
f 3969 4193 4229
f 3990 3969 4229
f 3970 3969 3990
f 3971 3970 3972
f 3970 3991 3972
f 3970 3990 3991
f 3991 3992 3972
f 3994 3995 3973
f 3973 3995 3974
f 3995 3975 3974
f 3995 3996 3975
f 3998 4231 4194
f 3996 3977 3976
f 3975 3996 3976
f 3997 3977 3996
f 4195 4000 3998
f 4194 4195 3998
f 4195 3978 4000
f 3977 4195 3976
f 4195 3977 3978
f 4000 3978 3979
f 4000 3979 4001
f 4199 4235 4001
f 3979 4199 4001
f 3980 4199 3979
f 3982 4201 3981
f 4201 3980 3981
f 4201 4199 3980
f 3983 4202 3982
f 3982 4202 4201
f 3984 4203 3983
f 3983 4203 4202
f 4204 4203 3984
f 3985 3986 4224
f 4224 3986 4225
f 3987 4002 4258
f 4225 3987 4258
f 3986 3987 4225
f 4002 3987 3988
f 4002 3988 4003
f 4003 3988 3989
f 4003 3989 4004
f 3989 4229 4261
f 4004 3989 4261
f 3989 3990 4229
f 4006 3989 4005
f 3989 4006 3990
f 4006 3991 3990
f 4006 4008 3991
f 4008 4009 3991
f 3991 4009 3992
f 4011 4012 3993
f 3993 4012 3994
f 4012 3995 3994
f 4012 4014 3995
f 4014 4264 4230
f 3996 4014 4230
f 3995 4014 3996
f 4230 4231 3998
f 3999 4230 3998
f 4230 3997 3996
f 4230 3999 3997
f 4019 4018 3999
f 3998 4019 3999
f 4000 4019 3998
f 4001 4019 4000
f 4020 4019 4001
f 4236 4021 4235
f 4021 4001 4235
f 4021 4020 4001
f 4273 4021 4236
f 4258 4002 4296
f 4296 4002 4022
f 4003 4022 4002
f 4023 4022 4003
f 4004 4023 4003
f 4024 4023 4004
f 4007 4006 4005
f 4262 4004 4261
f 4262 4025 4004
f 4025 4024 4004
f 4027 4008 4006
f 4007 4027 4006
f 4027 4263 4008
f 4262 4027 4025
f 4027 4262 4263
f 4028 4010 4303
f 4303 4010 4263
f 4010 4009 4263
f 4009 4008 4263
f 4028 4029 4010
f 4011 4013 4012
f 4012 4013 4014
f 4014 4013 4015
f 4014 4015 4264
f 4015 4266 4264
f 4015 4016 4266
f 4016 4268 4266
f 4017 4268 4016
f 4019 4270 4018
f 4270 4017 4018
f 4270 4268 4017
f 4020 4271 4019
f 4019 4271 4270
f 4021 4272 4020
f 4020 4272 4271
f 4273 4272 4021
f 4022 4297 4296
f 4023 4298 4022
f 4022 4298 4297
f 4024 4300 4023
f 4023 4300 4298
f 4031 4304 4300
f 4025 4031 4300
f 4024 4025 4300
f 4031 4025 4026
f 4027 4026 4025
f 4028 4303 4309
f 4028 4309 4034
f 4029 4028 4030
f 4028 4036 4030
f 4028 4034 4036
f 4036 4038 4030
f 4031 4032 4304
f 4304 4032 4306
f 4032 4308 4306
f 4033 4308 4032
f 4309 4308 4034
f 4308 4035 4034
f 4308 4033 4035
f 4034 4035 4036
f 4036 4035 4037
f 4037 4038 4036
f 4056 4057 4039
f 4039 4057 4040
f 4040 4057 4058
f 4040 4058 4041
f 4041 4058 4059
f 4041 4059 4042
f 4042 4059 4060
f 4042 4060 4043
f 4043 4060 4061
f 4043 4061 4044
f 4044 4061 4062
f 4044 4062 4045
f 4045 4062 4063
f 4045 4063 4046
f 4046 4063 4064
f 4046 4064 4047
f 4047 4064 4065
f 4047 4065 4048
f 4048 4065 4066
f 4048 4066 4049
f 4049 4066 4067
f 4049 4067 4050
f 4050 4067 4068
f 4050 4068 4051
f 4051 4068 4069
f 4069 4070 4051
f 4075 4076 4052
f 4052 4076 4053
f 4053 4076 4077
f 4053 4077 4054
f 4054 4077 4078
f 4054 4078 4055
f 4055 4078 4079
f 4055 4079 4056
f 4079 4057 4056
f 4079 4080 4057
f 4080 4058 4057
f 4080 4081 4058
f 4081 4059 4058
f 4081 4082 4059
f 4082 4060 4059
f 4082 4083 4060
f 4083 4061 4060
f 4083 4084 4061
f 4084 4062 4061
f 4084 4085 4062
f 4085 4063 4062
f 4085 4086 4063
f 4086 4064 4063
f 4086 4087 4064
f 4087 4065 4064
f 4087 4089 4065
f 4089 4066 4065
f 4089 4091 4066
f 4091 4067 4066
f 4091 4093 4067
f 4093 4068 4067
f 4093 4094 4068
f 4094 4069 4068
f 4094 4095 4069
f 4070 4069 4071
f 4069 4096 4071
f 4069 4095 4096
f 4071 4096 4072
f 4072 4096 4097
f 4097 4098 4072
f 4102 4103 4073
f 4073 4103 4074
f 4074 4103 4104
f 4074 4104 4075
f 4104 4076 4075
f 4104 4105 4076
f 4105 4077 4076
f 4105 4106 4077
f 4106 4078 4077
f 4106 4107 4078
f 4107 4079 4078
f 4107 4108 4079
f 4108 4080 4079
f 4108 4109 4080
f 4109 4081 4080
f 4109 4110 4081
f 4110 4082 4081
f 4110 4111 4082
f 4111 4323 4310
f 4083 4111 4310
f 4082 4111 4083
f 4311 4084 4083
f 4311 4083 4310
f 4312 4085 4084
f 4312 4084 4311
f 4313 4086 4085
f 4313 4085 4312
f 4114 4313 4314
f 4115 4114 4314
f 4114 4086 4313
f 4087 4114 4088
f 4114 4087 4086
f 4315 4115 4314
f 4116 4115 4315
f 4089 4087 4088
f 4090 4089 4088
f 4316 4116 4315
f 4117 4116 4316
f 4091 4089 4090
f 4092 4091 4090
f 4118 4093 4091
f 4092 4118 4091
f 4118 4317 4093
f 4316 4118 4117
f 4118 4316 4317
f 4093 4317 4332
f 4120 4093 4332
f 4094 4093 4120
f 4120 4095 4094
f 4120 4122 4095
f 4122 4096 4095
f 4122 4124 4096
f 4124 4097 4096
f 4124 4126 4097
f 4098 4097 4099
f 4097 4127 4099
f 4097 4126 4127
f 4127 4128 4099
f 4132 4133 4100
f 4100 4133 4101
f 4101 4133 4134
f 4101 4134 4102
f 4134 4103 4102
f 4134 4135 4103
f 4135 4104 4103
f 4135 4136 4104
f 4136 4105 4104
f 4136 4137 4105
f 4137 4106 4105
f 4137 4138 4106
f 4138 4339 4318
f 4107 4138 4318
f 4106 4138 4107
f 4319 4108 4107
f 4319 4107 4318
f 4320 4109 4108
f 4320 4108 4319
f 4321 4110 4109
f 4321 4109 4320
f 4322 4111 4110
f 4322 4110 4321
f 4322 4323 4111
f 4143 4142 4112
f 4143 4112 4113
f 4143 4113 4144
f 4145 4144 4113
f 4114 4115 4148
f 4114 4148 4147
f 4116 4148 4115
f 4149 4148 4116
f 4117 4149 4116
f 4150 4149 4117
f 4117 4118 4119
f 4151 4117 4119
f 4150 4117 4151
f 4332 4119 4121
f 4120 4332 4121
f 4332 4151 4119
f 4152 4332 4333
f 4332 4152 4151
f 4334 4152 4333
f 4153 4152 4334
f 4122 4120 4121
f 4123 4122 4121
f 4335 4153 4334
f 4154 4153 4335
f 4124 4122 4123
f 4125 4124 4123
f 4155 4126 4124
f 4125 4155 4124
f 4155 4336 4126
f 4335 4155 4154
f 4155 4335 4336
f 4126 4336 4357
f 4157 4126 4357
f 4127 4126 4157
f 4128 4127 4129
f 4127 4158 4129
f 4127 4157 4158
f 4129 4158 4130
f 4130 4158 4159
f 4159 4160 4130
f 4162 4163 4131
f 4131 4163 4132
f 4163 4133 4132
f 4163 4164 4133
f 4164 4134 4133
f 4164 4165 4134
f 4165 4135 4134
f 4165 4166 4135
f 4166 4136 4135
f 4166 4167 4136
f 4167 4360 4337
f 4137 4167 4337
f 4136 4167 4137
f 4338 4138 4137
f 4338 4137 4337
f 4338 4339 4138
f 4173 4172 4139
f 4173 4139 4140
f 4173 4140 4174
f 4174 4140 4141
f 4174 4141 4175
f 4175 4141 4142
f 4143 4175 4142
f 4176 4175 4143
f 4144 4176 4143
f 4177 4176 4144
f 4144 4145 4146
f 4178 4144 4146
f 4177 4144 4178
f 4178 4146 4147
f 4148 4178 4147
f 4179 4178 4148
f 4149 4179 4148
f 4180 4179 4149
f 4150 4180 4149
f 4181 4180 4150
f 4151 4181 4150
f 4182 4181 4151
f 4152 4182 4151
f 4183 4182 4152
f 4153 4183 4152
f 4184 4183 4153
f 4154 4184 4153
f 4185 4184 4154
f 4154 4155 4156
f 4186 4154 4156
f 4185 4154 4186
f 4358 4157 4357
f 4156 4187 4186
f 4157 4358 4381
f 4189 4157 4381
f 4158 4157 4189
f 4189 4159 4158
f 4189 4190 4159
f 4160 4159 4161
f 4159 4191 4161
f 4159 4190 4191
f 4191 4192 4161
f 4163 4162 4196
f 4196 4162 4195
f 4196 4164 4163
f 4196 4197 4164
f 4197 4165 4164
f 4197 4198 4165
f 4198 4166 4165
f 4198 4200 4166
f 4200 4384 4359
f 4167 4200 4359
f 4166 4200 4167
f 4359 4360 4167
f 4205 4204 4168
f 4205 4168 4169
f 4205 4169 4206
f 4206 4169 4170
f 4206 4170 4207
f 4207 4170 4171
f 4207 4171 4208
f 4208 4171 4172
f 4173 4208 4172
f 4209 4208 4173
f 4174 4209 4173
f 4210 4209 4174
f 4175 4210 4174
f 4211 4210 4175
f 4176 4211 4175
f 4212 4211 4176
f 4177 4212 4176
f 4213 4212 4177
f 4178 4213 4177
f 4214 4213 4178
f 4179 4214 4178
f 4215 4214 4179
f 4180 4215 4179
f 4216 4215 4180
f 4181 4216 4180
f 4217 4216 4181
f 4182 4217 4181
f 4218 4217 4182
f 4183 4218 4182
f 4219 4218 4183
f 4184 4219 4183
f 4220 4219 4184
f 4185 4220 4184
f 4221 4220 4185
f 4186 4221 4185
f 4222 4221 4186
f 4186 4187 4188
f 4223 4186 4188
f 4222 4186 4223
f 4382 4189 4381
f 4188 4224 4223
f 4189 4382 4409
f 4226 4189 4409
f 4190 4189 4226
f 4226 4191 4190
f 4226 4227 4191
f 4192 4191 4193
f 4191 4228 4193
f 4191 4227 4228
f 4228 4229 4193
f 4231 4232 4194
f 4194 4232 4195
f 4232 4196 4195
f 4232 4233 4196
f 4233 4197 4196
f 4233 4234 4197
f 4199 4198 4235
f 4198 4234 4235
f 4198 4197 4234
f 4198 4199 4200
f 4199 4201 4200
f 4413 4383 4237
f 4384 4238 4237
f 4383 4384 4237
f 4384 4202 4238
f 4201 4384 4200
f 4384 4201 4202
f 4238 4202 4203
f 4238 4203 4239
f 4239 4203 4204
f 4205 4239 4204
f 4240 4239 4205
f 4206 4240 4205
f 4241 4240 4206
f 4207 4241 4206
f 4242 4241 4207
f 4208 4242 4207
f 4243 4242 4208
f 4209 4243 4208
f 4244 4243 4209
f 4422 4244 4393
f 4244 4210 4393
f 4244 4209 4210
f 4211 4395 4210
f 4210 4395 4393
f 4395 4211 4426
f 4211 4245 4426
f 4211 4212 4245
f 4213 4245 4212
f 4246 4245 4213
f 4214 4246 4213
f 4247 4246 4214
f 4215 4247 4214
f 4248 4247 4215
f 4216 4248 4215
f 4249 4248 4216
f 4217 4249 4216
f 4250 4249 4217
f 4218 4250 4217
f 4251 4250 4218
f 4219 4251 4218
f 4252 4251 4219
f 4220 4252 4219
f 4253 4252 4220
f 4221 4253 4220
f 4254 4253 4221
f 4222 4254 4221
f 4255 4254 4222
f 4223 4255 4222
f 4256 4255 4223
f 4223 4224 4225
f 4257 4223 4225
f 4256 4223 4257
f 4410 4226 4409
f 4225 4258 4257
f 4226 4410 4437
f 4259 4226 4437
f 4227 4226 4259
f 4259 4228 4227
f 4259 4260 4228
f 4260 4261 4228
f 4228 4261 4229
f 4264 4265 4230
f 4230 4265 4231
f 4265 4232 4231
f 4265 4267 4232
f 4267 4233 4232
f 4267 4269 4233
f 4269 4439 4411
f 4234 4269 4411
f 4233 4269 4234
f 4236 4235 4234
f 4411 4236 4234
f 4412 4236 4411
f 4237 4274 4413
f 4274 4236 4413
f 4236 4412 4413
f 4236 4274 4273
f 4238 4274 4237
f 4275 4274 4238
f 4239 4275 4238
f 4276 4275 4239
f 4240 4276 4239
f 4277 4276 4240
f 4241 4277 4240
f 4278 4277 4241
f 4242 4278 4241
f 4279 4278 4242
f 4243 4279 4242
f 4280 4279 4243
f 4244 4280 4243
f 4281 4280 4244
f 4424 4282 4422
f 4282 4244 4422
f 4282 4281 4244
f 4457 4282 4424
f 4426 4245 4459
f 4459 4245 4283
f 4246 4283 4245
f 4284 4283 4246
f 4247 4284 4246
f 4285 4284 4247
f 4248 4285 4247
f 4286 4285 4248
f 4249 4286 4248
f 4287 4286 4249
f 4250 4287 4249
f 4288 4287 4250
f 4251 4288 4250
f 4289 4288 4251
f 4252 4289 4251
f 4290 4289 4252
f 4253 4290 4252
f 4291 4290 4253
f 4254 4291 4253
f 4292 4291 4254
f 4255 4292 4254
f 4293 4292 4255
f 4256 4293 4255
f 4294 4293 4256
f 4257 4294 4256
f 4295 4294 4257
f 4296 4295 4257
f 4296 4257 4258
f 4438 4259 4437
f 4259 4438 4482
f 4299 4259 4482
f 4260 4259 4299
f 4261 4260 4262
f 4260 4301 4262
f 4260 4299 4301
f 4262 4301 4263
f 4263 4301 4302
f 4302 4303 4263
f 4264 4266 4265
f 4265 4266 4267
f 4267 4266 4268
f 4267 4268 4269
f 4269 4268 4270
f 4269 4270 4439
f 4270 4441 4439
f 4270 4271 4441
f 4271 4443 4441
f 4272 4443 4271
f 4274 4445 4273
f 4445 4272 4273
f 4445 4443 4272
f 4275 4447 4274
f 4274 4447 4445
f 4276 4449 4275
f 4275 4449 4447
f 4277 4451 4276
f 4276 4451 4449
f 4278 4452 4277
f 4277 4452 4451
f 4279 4453 4278
f 4278 4453 4452
f 4280 4454 4279
f 4279 4454 4453
f 4281 4455 4280
f 4280 4455 4454
f 4282 4456 4281
f 4281 4456 4455
f 4457 4456 4282
f 4283 4460 4459
f 4284 4461 4283
f 4283 4461 4460
f 4285 4462 4284
f 4284 4462 4461
f 4286 4463 4285
f 4285 4463 4462
f 4287 4464 4286
f 4286 4464 4463
f 4288 4465 4287
f 4287 4465 4464
f 4289 4466 4288
f 4288 4466 4465
f 4290 4467 4289
f 4289 4467 4466
f 4291 4469 4290
f 4290 4469 4467
f 4292 4471 4291
f 4291 4471 4469
f 4293 4473 4292
f 4292 4473 4471
f 4294 4475 4293
f 4293 4475 4473
f 4295 4477 4294
f 4294 4477 4475
f 4296 4297 4295
f 4297 4477 4295
f 4297 4479 4477
f 4297 4481 4479
f 4298 4481 4297
f 4482 4481 4299
f 4481 4300 4299
f 4481 4298 4300
f 4304 4305 4300
f 4305 4299 4300
f 4305 4301 4299
f 4305 4302 4301
f 4305 4307 4302
f 4307 4309 4302
f 4302 4309 4303
f 4304 4306 4305
f 4305 4306 4307
f 4307 4306 4308
f 4308 4309 4307
f 4323 4324 4310
f 4310 4324 4311
f 4311 4324 4325
f 4311 4325 4312
f 4312 4325 4326
f 4312 4326 4313
f 4313 4326 4327
f 4313 4327 4314
f 4314 4327 4328
f 4314 4328 4315
f 4315 4328 4329
f 4315 4329 4316
f 4316 4329 4330
f 4316 4330 4317
f 4317 4330 4331
f 4331 4332 4317
f 4339 4340 4318
f 4318 4340 4319
f 4319 4340 4341
f 4319 4341 4320
f 4320 4341 4342
f 4320 4342 4321
f 4321 4342 4343
f 4321 4343 4322
f 4322 4343 4344
f 4322 4344 4323
f 4344 4324 4323
f 4344 4345 4324
f 4345 4325 4324
f 4345 4346 4325
f 4346 4326 4325
f 4346 4347 4326
f 4347 4327 4326
f 4347 4348 4327
f 4348 4328 4327
f 4348 4349 4328
f 4349 4329 4328
f 4349 4350 4329
f 4350 4330 4329
f 4350 4351 4330
f 4351 4331 4330
f 4351 4352 4331
f 4332 4331 4333
f 4331 4353 4333
f 4331 4352 4353
f 4333 4353 4334
f 4334 4353 4354
f 4334 4354 4335
f 4335 4354 4355
f 4335 4355 4336
f 4336 4355 4356
f 4356 4357 4336
f 4360 4361 4337
f 4337 4361 4338
f 4338 4361 4362
f 4338 4362 4339
f 4362 4340 4339
f 4362 4363 4340
f 4363 4341 4340
f 4363 4364 4341
f 4364 4342 4341
f 4364 4365 4342
f 4365 4343 4342
f 4365 4366 4343
f 4366 4344 4343
f 4366 4367 4344
f 4367 4345 4344
f 4367 4368 4345
f 4368 4346 4345
f 4368 4369 4346
f 4369 4347 4346
f 4369 4370 4347
f 4370 4348 4347
f 4370 4371 4348
f 4371 4349 4348
f 4371 4372 4349
f 4372 4350 4349
f 4372 4373 4350
f 4373 4351 4350
f 4373 4374 4351
f 4374 4352 4351
f 4374 4375 4352
f 4375 4353 4352
f 4375 4376 4353
f 4376 4354 4353
f 4376 4377 4354
f 4377 4355 4354
f 4377 4378 4355
f 4378 4356 4355
f 4378 4379 4356
f 4357 4356 4358
f 4356 4380 4358
f 4356 4379 4380
f 4380 4381 4358
f 4384 4385 4359
f 4359 4385 4360
f 4385 4361 4360
f 4385 4386 4361
f 4386 4362 4361
f 4386 4387 4362
f 4387 4363 4362
f 4387 4388 4363
f 4388 4364 4363
f 4388 4389 4364
f 4389 4365 4364
f 4389 4390 4365
f 4390 4366 4365
f 4390 4391 4366
f 4391 4367 4366
f 4391 4392 4367
f 4392 4368 4367
f 4392 4394 4368
f 4394 4369 4368
f 4394 4396 4369
f 4396 4370 4369
f 4396 4397 4370
f 4397 4371 4370
f 4397 4398 4371
f 4398 4372 4371
f 4398 4399 4372
f 4399 4373 4372
f 4399 4400 4373
f 4400 4374 4373
f 4400 4401 4374
f 4401 4375 4374
f 4401 4402 4375
f 4402 4376 4375
f 4402 4403 4376
f 4403 4377 4376
f 4403 4404 4377
f 4404 4378 4377
f 4404 4405 4378
f 4405 4379 4378
f 4405 4406 4379
f 4406 4380 4379
f 4406 4407 4380
f 4381 4380 4382
f 4380 4408 4382
f 4380 4407 4408
f 4408 4409 4382
f 4413 4414 4383
f 4383 4414 4384
f 4414 4385 4384
f 4414 4415 4385
f 4415 4386 4385
f 4415 4416 4386
f 4416 4387 4386
f 4416 4417 4387
f 4417 4388 4387
f 4417 4418 4388
f 4418 4389 4388
f 4418 4419 4389
f 4419 4390 4389
f 4419 4420 4390
f 4420 4391 4390
f 4420 4421 4391
f 4423 4493 4483
f 4421 4393 4392
f 4391 4421 4392
f 4422 4393 4421
f 4484 4423 4483
f 4425 4423 4484
f 4394 4392 4393
f 4395 4394 4393
f 4426 4396 4394
f 4395 4426 4394
f 4426 4485 4396
f 4484 4426 4425
f 4426 4484 4485
f 4486 4397 4396
f 4486 4396 4485
f 4487 4398 4397
f 4487 4397 4486
f 4488 4399 4398
f 4488 4398 4487
f 4399 4488 4500
f 4427 4399 4500
f 4400 4399 4427
f 4427 4401 4400
f 4427 4428 4401
f 4428 4402 4401
f 4428 4429 4402
f 4429 4403 4402
f 4429 4430 4403
f 4430 4404 4403
f 4430 4431 4404
f 4431 4405 4404
f 4431 4432 4405
f 4432 4406 4405
f 4432 4433 4406
f 4433 4407 4406
f 4433 4434 4407
f 4434 4408 4407
f 4434 4435 4408
f 4409 4408 4410
f 4408 4436 4410
f 4408 4435 4436
f 4436 4437 4410
f 4439 4440 4411
f 4411 4440 4412
f 4412 4440 4442
f 4412 4442 4413
f 4442 4414 4413
f 4442 4444 4414
f 4444 4415 4414
f 4444 4446 4415
f 4446 4416 4415
f 4446 4448 4416
f 4448 4417 4416
f 4448 4450 4417
f 4450 4505 4489
f 4418 4450 4489
f 4417 4450 4418
f 4490 4419 4418
f 4490 4418 4489
f 4491 4420 4419
f 4491 4419 4490
f 4492 4421 4420
f 4492 4420 4491
f 4492 4493 4423
f 4424 4492 4423
f 4492 4422 4421
f 4492 4424 4422
f 4458 4457 4424
f 4423 4458 4424
f 4425 4458 4423
f 4459 4458 4425
f 4459 4425 4426
f 4501 4427 4500
f 4502 4428 4427
f 4502 4427 4501
f 4503 4429 4428
f 4503 4428 4502
f 4504 4430 4429
f 4504 4429 4503
f 4430 4504 4534
f 4468 4430 4534
f 4431 4430 4468
f 4468 4432 4431
f 4468 4470 4432
f 4470 4433 4432
f 4470 4472 4433
f 4472 4434 4433
f 4472 4474 4434
f 4474 4435 4434
f 4474 4476 4435
f 4476 4436 4435
f 4476 4478 4436
f 4437 4436 4438
f 4436 4480 4438
f 4436 4478 4480
f 4480 4482 4438
f 4439 4441 4440
f 4440 4441 4442
f 4442 4441 4443
f 4442 4443 4444
f 4444 4443 4445
f 4444 4445 4446
f 4446 4445 4447
f 4446 4447 4448
f 4448 4447 4449
f 4448 4449 4450
f 4450 4449 4451
f 4450 4451 4505
f 4451 4507 4505
f 4451 4452 4507
f 4452 4509 4507
f 4453 4509 4452
f 4453 4511 4509
f 4454 4511 4453
f 4454 4513 4511
f 4455 4513 4454
f 4455 4515 4513
f 4456 4515 4455
f 4458 4517 4457
f 4517 4456 4457
f 4517 4515 4456
f 4459 4460 4458
f 4460 4517 4458
f 4460 4519 4517
f 4460 4521 4519
f 4461 4521 4460
f 4461 4523 4521
f 4462 4523 4461
f 4462 4525 4523
f 4463 4525 4462
f 4463 4527 4525
f 4464 4527 4463
f 4464 4529 4527
f 4465 4529 4464
f 4465 4531 4529
f 4466 4531 4465
f 4466 4533 4531
f 4467 4533 4466
f 4534 4533 4468
f 4533 4469 4468
f 4533 4467 4469
f 4468 4469 4470
f 4470 4469 4471
f 4470 4471 4472
f 4472 4471 4473
f 4472 4473 4474
f 4474 4473 4475
f 4474 4475 4476
f 4476 4475 4477
f 4476 4477 4478
f 4478 4477 4479
f 4478 4479 4480
f 4480 4479 4481
f 4481 4482 4480
f 4493 4494 4483
f 4483 4494 4484
f 4484 4494 4495
f 4484 4495 4485
f 4485 4495 4496
f 4485 4496 4486
f 4486 4496 4497
f 4486 4497 4487
f 4487 4497 4498
f 4487 4498 4488
f 4488 4498 4499
f 4499 4500 4488
f 4505 4506 4489
f 4489 4506 4490
f 4490 4506 4508
f 4490 4508 4491
f 4491 4508 4510
f 4491 4510 4492
f 4492 4510 4512
f 4492 4512 4493
f 4512 4494 4493
f 4512 4514 4494
f 4514 4495 4494
f 4514 4516 4495
f 4516 4496 4495
f 4516 4518 4496
f 4518 4497 4496
f 4518 4520 4497
f 4520 4498 4497
f 4520 4522 4498
f 4522 4499 4498
f 4522 4524 4499
f 4500 4499 4501
f 4499 4526 4501
f 4499 4524 4526
f 4501 4526 4502
f 4502 4526 4528
f 4502 4528 4503
f 4503 4528 4530
f 4503 4530 4504
f 4504 4530 4532
f 4532 4534 4504
f 4505 4507 4506
f 4506 4507 4508
f 4508 4507 4509
f 4508 4509 4510
f 4510 4509 4511
f 4510 4511 4512
f 4512 4511 4513
f 4512 4513 4514
f 4514 4513 4515
f 4514 4515 4516
f 4516 4515 4517
f 4516 4517 4518
f 4518 4517 4519
f 4518 4519 4520
f 4520 4519 4521
f 4520 4521 4522
f 4522 4521 4523
f 4522 4523 4524
f 4524 4523 4525
f 4524 4525 4526
f 4526 4525 4527
f 4526 4527 4528
f 4528 4527 4529
f 4528 4529 4530
f 4530 4529 4531
f 4530 4531 4532
f 4532 4531 4533
f 4533 4534 4532

