# https://github.com/mikedh/trimesh
v -0.47546089 0.69461536 0.11307693
v -0.47818938 0.72692305 0.11307693
v -0.47082722 0.75923079 0.11307693
v -0.46919540 0.79153848 0.08076923
v -0.47520885 0.82384616 0.08076923
v -0.48123080 0.85615385 0.08076923
v -0.48810709 0.88846141 0.08076923
v -0.47251010 0.88846153 0.11307693
v -0.47320995 0.92076921 0.08076923
v -0.43692079 -0.59769231 -0.04846154
v -0.43998095 -0.59769231 -0.01615385
v -0.44245180 -0.59769231 0.01615385
v -0.44485500 -0.59769231 0.04846154
v -0.44610062 -0.59769231 0.08076923
v -0.43788019 -0.59769231 0.11307693
v -0.44489679 -0.56538463 0.01615385
v -0.44965228 -0.56538463 0.04846154
v -0.44734669 -0.56538463 0.08076923
v -0.43895432 -0.53307694 0.04846154
v -0.44504485 0.59769231 0.11307693
v -0.45449448 0.63000000 0.11307693
v -0.43687093 0.66230768 0.08076923
v -0.46072316 0.66230768 0.11307693
v -0.46846154 0.67236453 0.11307693
v -0.44616878 0.69461536 0.08076923
v -0.46846154 0.69461536 0.10501134
v -0.46846154 0.69461536 0.12011071
v -0.45571482 0.72692323 0.08076923
v -0.46846154 0.72692305 0.09812372
v -0.44728377 0.72692305 0.11307693
v -0.46846154 0.72692305 0.12280470
v -0.46540323 0.75923067 0.08076923
v -0.46846154 0.78563273 0.08076923
v -0.46846154 0.75923079 0.09917141
v -0.46475714 0.75923091 0.11307693
v -0.46846154 0.76887989 0.11307693
v -0.46846154 0.75923079 0.11542891
v -0.46846154 0.79153848 0.08003543
v -0.46846154 0.79153848 0.08438595
v -0.46846154 0.82384616 0.07398859
v -0.46846154 0.82384604 0.09153842
v -0.46846154 0.85615385 0.06973408
v -0.46846154 0.85615385 0.09312654
v -0.46846154 0.88507563 0.11307693
v -0.43951076 0.88846153 0.04846154
v -0.46846154 0.88846153 0.06600003
v -0.46846154 0.89626634 0.11307693
v -0.46846154 0.88846165 0.11700015
v -0.46846154 0.92076921 0.07837090
v -0.46579972 0.92076921 0.08076923
v -0.46846148 0.92315376 0.08076935
v -0.46846154 0.92076921 0.08741319
v -0.40869445 -0.69461536 -0.08076923
v -0.41142067 -0.69461536 -0.04846154
v -0.41327223 -0.69461536 -0.01615385
v -0.41261694 -0.69461536 0.01615385
v -0.41218853 -0.69461536 0.04846154
v -0.41284278 -0.69461536 0.08076923
v -0.40991408 -0.66230768 -0.11307693
v -0.41634834 -0.66230768 -0.08076923
v -0.41825518 -0.66230768 -0.04846154
v -0.42021981 -0.66230768 -0.01615385
v -0.42103741 -0.66230768 0.01615385
v -0.41923767 -0.66230768 0.04846154
v -0.41520882 -0.66230768 0.08076923
v -0.40707237 -0.63000000 -0.14538461
v -0.41217130 -0.63000000 -0.11307693
v -0.42099950 -0.63000000 -0.08076923
v -0.42464790 -0.63000000 -0.04846154
v -0.43615386 -0.59905279 -0.04846154
v -0.42710477 -0.63000000 -0.01615385
v -0.43615386 -0.60598624 -0.01615385
v -0.43028724 -0.63000000 0.01615385
v -0.43615386 -0.61450106 0.01615385
v -0.43324640 -0.63000000 0.04846154
v -0.43615386 -0.62309664 0.04846154
v -0.43180579 -0.63000005 0.08076923
v -0.43615380 -0.62770265 0.08076935
v -0.42339033 -0.63000000 0.11307693
v -0.43615386 -0.60911423 0.11307693
v -0.40817425 -0.59769231 -0.17769231
v -0.41191304 -0.59769231 -0.14538461
v -0.41298142 -0.59769231 -0.11307693
v -0.43353689 -0.59769231 -0.08076923
v -0.43615386 -0.59769231 -0.05558696
v -0.43615386 -0.59602505 -0.04846154
v -0.43615386 -0.57243353 -0.01615385
v -0.43615386 -0.58649653 0.11307693
v -0.43615386 -0.59769231 0.11577560
v -0.41006309 -0.59769231 0.14538461
v -0.40884537 -0.56538463 -0.11307693
v -0.41616774 -0.56538463 -0.08076923
v -0.42418495 -0.56538463 -0.04846160
v -0.43497908 -0.56538463 -0.01615385
v -0.43615386 -0.56538463 -0.01313683
v -0.43615386 -0.53583527 0.01615385
v -0.43615386 -0.53728026 0.08076923
v -0.43615386 -0.56538463 0.10584878
v -0.42207918 -0.56538463 0.11307693
v -0.40531844 -0.56538463 0.14538461
v -0.40397501 -0.53307694 -0.04846154
v -0.41446152 -0.53307694 -0.01615385
v -0.43507898 -0.53307694 0.01615385
v -0.43615386 -0.53307694 0.02577982
v -0.43615386 -0.52656460 0.04846154
v -0.43615386 -0.53307694 0.06782725
v -0.43060035 -0.53307694 0.08076923
v -0.40585381 -0.53307694 0.11307693
v -0.41873860 -0.50076926 0.01615385
v -0.42257529 -0.50076926 0.04846154
v -0.40688843 -0.50076926 0.08076923
v -0.40811065 -0.46846154 0.01615385
v -0.40521583 -0.46846154 0.04846154
v -0.40432483 0.53307694 0.11307693
v -0.40982589 0.53307694 0.14538461
v -0.43224454 0.56538463 0.11307693
v -0.43615386 0.57390213 0.11307693
v -0.40903693 0.59769231 0.08076923
v -0.43615386 0.59769231 0.10218818
v -0.43615386 0.59769231 0.12702149
v -0.42651826 0.63000000 0.08076923
v -0.43615386 0.65920711 0.08076923
v -0.43615386 0.63000000 0.08746718
v -0.43615386 0.63000000 0.12771104
v -0.43615386 0.66230768 0.08004320
v -0.41054964 0.66230768 0.11307693
v -0.43615386 0.66230768 0.12229730
v -0.43615386 0.69461536 0.07095789
v -0.43386897 0.69461524 0.11307693
v -0.43615386 0.69896024 0.11307693
v -0.43615386 0.69461536 0.11416825
v -0.40675214 0.72692305 0.04846154
v -0.43615386 0.72692305 0.06506584
v -0.43615386 0.72692305 0.10571568
v -0.41317055 0.75923079 0.04846154
v -0.43615386 0.75923091 0.06195270
v -0.43615386 0.75923079 0.10083534
v -0.41836980 0.79153848 0.04846154
v -0.43615386 0.79153860 0.06047685
v -0.43615386 0.79153848 0.09692308
v -0.42415389 0.82384616 0.04846154
v -0.43615392 0.82384616 0.06035422
v -0.43615386 0.82384604 0.09364367
v -0.43291962 0.85615373 0.04846154
v -0.43615386 0.86899406 0.04846154
v -0.43615386 0.85615396 0.05098866
v -0.43615386 0.85615385 0.11302800
v -0.43600842 0.85615373 0.11307693
v -0.43615386 0.85633564 0.11307693
v -0.40856677 0.85615385 0.14538461
v -0.43615386 0.88846153 0.04525584
v -0.43207559 0.88846153 0.04846154
v -0.43615386 0.89166737 0.04846154
v -0.41667420 0.88846153 0.08076923
v -0.43615386 0.90028840 0.08076923
v -0.42262331 0.88846141 0.11307693
v -0.43615386 0.89492309 0.11307693
v -0.43615386 0.88846153 0.13199821
v -0.37277639 -0.92076921 -0.04846154
v -0.38324043 -0.92076921 -0.01615385
v -0.38651988 -0.92076921 0.01615385
v -0.38787797 -0.92076921 0.04846154
v -0.38992196 -0.92076921 0.08076923
v -0.39302951 -0.92076921 0.11307693
v -0.39847907 -0.92076921 0.14538474
v -0.40233567 -0.92076921 0.17769231
v -0.40324244 -0.92076921 0.20999999
v -0.40252966 -0.92076921 0.24230769
v -0.37566879 -0.92076921 0.27461538
v -0.38117406 -0.85615385 -0.08076923
v -0.38452190 -0.82384616 -0.08076923
v -0.38377148 -0.82384616 -0.04846154
v -0.37920141 -0.79153848 -0.11307693
v -0.38743430 -0.79153848 -0.08076923
v -0.38764167 -0.79153848 -0.04846154
v -0.38711724 -0.79153848 -0.01615385
v -0.38541925 -0.75923079 -0.11307693
v -0.39097166 -0.75923079 -0.08076923
v -0.39157426 -0.75923079 -0.04846154
v -0.39229843 -0.75923079 -0.01615385
v -0.39146155 -0.75923079 0.01615385
v -0.37905371 -0.72692305 -0.14538461
v -0.39119774 -0.72692311 -0.11307693
v -0.39818919 -0.72692305 -0.08076923
v -0.40384614 -0.70933622 -0.08076923
v -0.40045726 -0.72692305 -0.04846154
v -0.40384614 -0.71798182 -0.04846154
v -0.40187874 -0.72692305 -0.01615385
v -0.40384614 -0.72250539 -0.01615385
v -0.40175685 -0.72692311 0.01615385
v -0.40384609 -0.72184002 0.01615385
v -0.40100637 -0.72692305 0.04846154
v -0.40384614 -0.72254342 0.04846154
v -0.40384614 -0.70526958 0.08076923
v -0.37760392 -0.69461536 -0.17769231
v -0.38783467 -0.69461536 -0.14538461
v -0.40256175 -0.69461536 -0.11307693
v -0.40384614 -0.68978781 -0.11307686
v -0.40384614 -0.69461536 -0.10703371
v -0.40384614 -0.69461536 0.08972550
v -0.37270620 -0.66230768 -0.20999999
v -0.38669053 -0.66230768 -0.17769231
v -0.39775193 -0.66230768 -0.14538455
v -0.40384614 -0.64057070 -0.14538461
v -0.40384614 -0.66230768 -0.12934065
v -0.40384614 -0.66230768 0.10802194
v -0.40384614 -0.65290165 0.11307693
v -0.37215739 -0.63000000 -0.24230769
v -0.38046995 -0.63000000 -0.20999999
v -0.39219424 -0.63000000 -0.17769231
v -0.40384614 -0.60771883 -0.17769231
v -0.40384614 -0.63000000 -0.15326725
v -0.40384614 -0.63000000 0.12918961
v -0.40384614 -0.61325103 0.14538461
v -0.37665850 -0.59769231 -0.24230769
v -0.38547945 -0.59769231 -0.20999999
v -0.40384614 -0.59769231 -0.18688330
v -0.40384614 -0.59195000 -0.17769231
v -0.40384614 -0.57386166 -0.14538461
v -0.40384614 -0.59769225 0.15282153
v -0.37808999 -0.56538463 -0.17769231
v -0.39053205 -0.56538463 -0.14538468
v -0.40384614 -0.56538463 -0.13289814
v -0.40384614 -0.55504066 -0.11307686
v -0.40384614 -0.53908283 -0.08076923
v -0.40384614 -0.55518818 0.14538461
v -0.40384614 -0.56538463 0.14916316
v -0.39095378 -0.56538463 0.17769231
v -0.37183154 -0.53307694 -0.14538461
v -0.37767422 -0.53307694 -0.11307693
v -0.39433423 -0.53307694 -0.08076923
v -0.40384614 -0.53307694 -0.04982856
v -0.40384614 -0.53280687 -0.04846160
v -0.40384614 -0.50288844 -0.01615385
v -0.40384614 -0.52873427 0.11307693
v -0.40384614 -0.53307694 0.12172090
v -0.39790204 -0.53307694 0.14538461
v -0.37739378 -0.50076926 -0.08076923
v -0.38708588 -0.50076926 -0.04846154
v -0.40244073 -0.50076926 -0.01615385
v -0.40384614 -0.50076926 -0.01452949
v -0.40384614 -0.49255371 0.08076923
v -0.40384614 -0.50076926 0.08930437
v -0.39172405 -0.50076926 0.11307693
v -0.37908536 -0.46846154 -0.04846154
v -0.38754848 -0.46846154 -0.01615385
v -0.40384614 -0.46846154 0.00906916
v -0.40384614 -0.45713905 0.01615385
v -0.40384614 -0.46619624 0.04846154
v -0.40384614 -0.46846154 0.05374723
v -0.39091223 -0.46846154 0.08076923
v -0.37316301 -0.43615386 -0.01615385
v -0.39633179 -0.43615386 0.01615385
v -0.38657823 -0.43615386 0.04846154
v -0.37451512 -0.43615386 0.08076923
v -0.37915951 -0.40384614 0.01615385
v -0.38085362 -0.40384614 0.04846154
v -0.40384614 0.53259826 0.11307693
v -0.37851951 0.50076926 0.14538461
v -0.40384614 0.52719128 0.14538461
v -0.37594870 0.53307694 0.08076923
v -0.40384614 0.53307694 0.11251530
v -0.39375457 0.53307694 0.14538461
v -0.40384614 0.54374385 0.14538461
v -0.40384614 0.53307694 0.15114936
v -0.40342411 0.56538463 0.08076923
v -0.40384614 0.56807518 0.08076923
v -0.40384614 0.56538463 0.08118863
v -0.40384614 0.56538463 0.13541664
v -0.37564051 0.59769231 0.04846154
v -0.40384614 0.59769231 0.07494435
v -0.37250322 0.59769231 0.11307693
v -0.40384614 0.59769231 0.12555094
v -0.38843215 0.63000000 0.04846154
v -0.40384614 0.63000000 0.06263153
v -0.39734948 0.63000000 0.11307693
v -0.40384614 0.64701617 0.11307693
v -0.40384614 0.63000000 0.11642534
v -0.39927238 0.66230768 0.04846154
v -0.40384614 0.66230768 0.05199137
v -0.40384614 0.66230768 0.11003587
v -0.40358636 0.69461536 0.04846154
v -0.40384614 0.69758189 0.04846154
v -0.40384614 0.69461524 0.04871973
v -0.40384614 0.69461536 0.10290731
v -0.40384614 0.72692305 0.04607701
v -0.40384614 0.72692305 0.09946449
v -0.40384614 0.75923079 0.04121676
v -0.40384614 0.75923079 0.09601070
v -0.40384614 0.79153848 0.03833519
v -0.40384614 0.79153848 0.09210633
v -0.37550217 0.82384616 0.01615385
v -0.40384614 0.82384616 0.03569727
v -0.40384614 0.82384616 0.09748717
v -0.38725573 0.82384616 0.11307693
v -0.40384614 0.84397227 0.11307693
v -0.40384614 0.85277694 0.14538461
v -0.40384614 0.85615385 0.03338940
v -0.37872130 0.85615385 0.04846154
v -0.40384614 0.87105948 0.04846154
v -0.37253588 0.85615385 0.08076923
v -0.40384614 0.87734938 0.08076923
v -0.37184152 0.85615385 0.11307693
v -0.40384620 0.87147492 0.11307693
v -0.39119232 0.85615385 0.14538461
v -0.40384614 0.86093384 0.14538461
v -0.40384614 0.85615385 0.14882264
v -0.37153846 -0.92562968 -0.04846154
v -0.37153846 -0.94695693 -0.01615385
v -0.37153846 -0.94808823 0.01615385
v -0.37153846 -0.94823855 0.04846154
v -0.37153846 -0.94765347 0.08076923
v -0.37153846 -0.94641161 0.11307693
v -0.37153846 -0.94663560 0.14538461
v -0.37153840 -0.94837940 0.17769231
v -0.37153846 -0.94972175 0.20999999
v -0.37153846 -0.95088583 0.24230769
v -0.37153846 -0.93581539 0.27461538
v -0.35687438 -0.92076921 -0.11307693
v -0.36006597 -0.92076921 -0.08076923
v -0.37153846 -0.92076921 -0.05066730
v -0.37153846 -0.91950858 -0.04846154
v -0.37153846 -0.90664899 -0.01615385
v -0.37153846 -0.90205193 0.01615385
v -0.37153846 -0.90259099 0.04846154
v -0.37153846 -0.90269125 0.08076923
v -0.37153846 -0.90322083 0.11307693
v -0.37153846 -0.90074313 0.14538461
v -0.37153846 -0.89700264 0.17769231
v -0.37153846 -0.89753675 0.20999999
v -0.37153846 -0.90139973 0.24230769
v -0.37153846 -0.91881227 0.27461538
v -0.37153840 -0.92076921 0.27706832
v -0.34418800 -0.88846153 -0.14538461
v -0.36095026 -0.88846153 -0.11307698
v -0.36808899 -0.88846153 -0.08076929
v -0.37153846 -0.88136959 -0.08076929
v -0.34721082 -0.88846153 -0.04846154
v -0.35089988 -0.88846153 -0.01615385
v -0.35759684 -0.88846153 0.01615385
v -0.35872033 -0.88846153 0.04846154
v -0.36014843 -0.88846153 0.08076923
v -0.36223438 -0.88846153 0.11307693
v -0.36507690 -0.88846153 0.14538461
v -0.36649877 -0.88846153 0.17769231
v -0.36272725 -0.88846153 0.20999999
v -0.35017911 -0.85615385 -0.14538461
v -0.36597973 -0.85615385 -0.11307693
v -0.37153846 -0.85615385 -0.10246721
v -0.37153846 -0.85615385 -0.06353848
v -0.35804859 -0.85615385 -0.04846160
v -0.37153846 -0.84390986 -0.04846154
v -0.33953550 -0.82384616 -0.17769231
v -0.35333690 -0.82384616 -0.14538461
v -0.37138772 -0.82384616 -0.11307693
v -0.37153846 -0.82336634 -0.11307698
v -0.37153846 -0.82384616 -0.11285311
v -0.37153846 -0.82384616 -0.02839784
v -0.37153840 -0.81462646 -0.01615385
v -0.34856412 -0.79153848 -0.17769231
v -0.35841155 -0.79153848 -0.14538455
v -0.37153846 -0.79153848 -0.12316987
v -0.37153846 -0.79153848 0.00464026
v -0.37153846 -0.77997494 0.01615385
v -0.34420612 -0.75923079 -0.20999999
v -0.35659340 -0.75923079 -0.17769231
v -0.36981791 -0.75923079 -0.14538455
v -0.37153846 -0.75417393 -0.14538461
v -0.37153846 -0.75923079 -0.14303023
v -0.37153846 -0.75923079 0.03694315
v -0.37153846 -0.74378335 0.04846154
v -0.35294414 -0.72692305 -0.20999999
v -0.36501250 -0.72692305 -0.17769231
v -0.37153846 -0.70998508 -0.17769231
v -0.37153846 -0.72692305 -0.16299053
v -0.37153846 -0.72692305 0.06095196
v -0.37153846 -0.69907671 0.08076923
v -0.34990877 -0.69461536 -0.24230769
v -0.36190280 -0.69461536 -0.20999999
v -0.37153846 -0.66492724 -0.20999999
v -0.37153846 -0.69461536 -0.18902700
v -0.37153846 -0.69461536 0.08481324
v -0.34810898 -0.66230768 -0.27461538
v -0.35538462 -0.66230768 -0.24230769
v -0.37153846 -0.63107836 -0.24230769
v -0.37153846 -0.66230768 -0.21200876
v -0.37153846 -0.66230768 0.10501849
v -0.37153846 -0.64706290 0.11307693
v -0.34635749 -0.63000000 -0.30692309
v -0.35252783 -0.63000000 -0.27461538
v -0.37153846 -0.63000000 -0.24337468
v -0.37153846 -0.63000000 0.13491368
v -0.35918552 -0.63000000 0.14538461
v -0.37153846 -0.61864865 0.14538449
v -0.34810898 -0.59769231 -0.30692309
v -0.36881614 -0.59769225 -0.27461538
v -0.37153846 -0.59769231 -0.26983684
v -0.37153846 -0.58955318 -0.24230769
v -0.37153846 -0.57061404 -0.20999999
v -0.37153846 -0.59769231 0.16662808
v -0.35702899 -0.59769231 0.17769231
v -0.37153852 -0.59446013 0.17769231
v -0.34230769 -0.56538463 -0.27461538
v -0.35216522 -0.56538463 -0.24230769
v -0.36688668 -0.56538463 -0.20999999
v -0.37153846 -0.56538463 -0.20229256
v -0.37153846 -0.55076772 -0.17769231
v -0.35235101 -0.56538463 0.17769231
v -0.37153846 -0.54525197 0.17769231
v -0.37153840 -0.56538463 0.18973042
v -0.34027132 -0.53307694 -0.24230769
v -0.34200346 -0.53307694 -0.20999999
v -0.34572893 -0.53307694 -0.17769231
v -0.37153846 -0.53307694 -0.14647101
v -0.37153846 -0.53192753 -0.14538461
v -0.37153846 -0.50598401 -0.11307693
v -0.37153846 -0.50663775 0.14538461
v -0.37153846 -0.53307694 0.16422346
v -0.34100616 -0.50076926 -0.20999999
v -0.34020981 -0.50076926 -0.17769231
v -0.34263945 -0.50076926 -0.14538461
v -0.36549377 -0.50076926 -0.11307693
v -0.37153846 -0.50076926 -0.10941232
v -0.37153846 -0.47234848 -0.08076923
v -0.37153846 -0.47128868 0.11307693
v -0.37153846 -0.50076926 0.13889581
v -0.34033394 -0.46846154 -0.20999999
v -0.34032950 -0.46846154 -0.17769231
v -0.36666873 -0.46846154 -0.08076923
v -0.37153846 -0.46846154 -0.07878864
v -0.37153846 -0.44149426 -0.04846154
v -0.37153846 -0.46846154 0.11010637
v -0.34050745 -0.43615386 -0.08076923
v -0.36545655 -0.43615386 -0.04846154
v -0.37153846 -0.43615386 -0.03183604
v -0.37153846 -0.43232071 -0.01615385
v -0.37153840 -0.43297729 0.08076923
v -0.37153846 -0.43615380 0.08412270
v -0.34622708 -0.40384614 -0.04846154
v -0.35598290 -0.40384614 -0.01615385
v -0.37153846 -0.40384614 0.00330960
v -0.37153846 -0.39112595 0.01615385
v -0.37153846 -0.38334131 0.04846154
v -0.37153852 -0.40384614 0.05986087
v -0.34786981 -0.37153846 -0.01615385
v -0.35830969 -0.37153846 0.01615385
v -0.37153846 0.49395925 0.14538461
v -0.34259719 0.50076926 0.08076923
v -0.37153846 0.52887982 0.08076923
v -0.36668143 0.50076926 0.11307693
v -0.37153846 0.50517792 0.11307693
v -0.37153840 0.50076926 0.12499228
v -0.34766337 0.50076926 0.14538461
v -0.37153846 0.51239461 0.14538461
v -0.37153840 0.50076926 0.15222812
v -0.37153846 0.53307694 0.07615387
v -0.37153846 0.53307694 0.13488977
v -0.36934090 0.56538475 0.04846154
v -0.37153846 0.57417822 0.04846154
v -0.37153846 0.56538463 0.04958503
v -0.34066066 0.56538463 0.11307693
v -0.37153846 0.59669363 0.11307693
v -0.37153846 0.56538463 0.12518442
v -0.37153846 0.59769231 0.04567117
v -0.37153846 0.59769231 0.11246711
v -0.37153846 0.63000000 0.03877628
v -0.37153846 0.63000000 0.10290731
v -0.37153846 0.66230768 0.03427479
v -0.37153846 0.66230768 0.09893873
v -0.34763652 0.69461536 0.01615385
v -0.37153846 0.69461536 0.02896655
v -0.37153846 0.69461536 0.09583890
v -0.35505494 0.72692305 0.01615385
v -0.37153840 0.72692323 0.02646481
v -0.34080946 0.72692305 0.08076923
v -0.37153846 0.72692305 0.09284518
v -0.36111107 0.75923079 0.01615385
v -0.37153846 0.75923079 0.02333774
v -0.37153840 0.75923079 0.08831411
v -0.36732000 0.79153836 0.01615385
v -0.37153846 0.80713207 0.01615385
v -0.37153840 0.79153848 0.01988247
v -0.37153846 0.79153860 0.08862530
v -0.34805053 0.79153848 0.11307693
v -0.37153846 0.81200820 0.11307693
v -0.37153846 0.82384616 0.01219007
v -0.36210439 0.82384616 0.01615385
v -0.37153846 0.82789880 0.01615385
v -0.37153846 0.85090464 0.04846154
v -0.37153846 0.85539269 0.08076923
v -0.37153846 0.85595959 0.11307693
v -0.37153846 0.82384616 0.14112395
v -0.35364658 0.82384616 0.14538461
v -0.33923078 -0.94846809 -0.11307693
v -0.33923078 -0.94967008 -0.08076917
v -0.33923078 -0.94805515 -0.04846154
v -0.33923078 -0.94906926 -0.01615385
v -0.33923072 -0.94944686 0.01615385
v -0.33923078 -0.94877106 0.04846154
v -0.33923078 -0.94339061 0.08076923
v -0.33923078 -0.94051284 0.11307693
v -0.33923084 -0.93995476 0.14538461
v -0.33923078 -0.94132435 0.17769231
v -0.33923078 -0.94358003 0.20999999
v -0.33923078 -0.94944608 0.24230769
v -0.33923078 -0.94596922 0.27461538
v -0.31473207 -0.92076921 -0.17769231
v -0.33273506 -0.92076921 -0.14538461
v -0.33923078 -0.90798080 -0.14538461
v -0.33923078 -0.92076921 -0.14177375
v -0.33923078 -0.89009422 0.24230769
v -0.33923078 -0.91004580 0.27461538
v -0.33923078 -0.92076921 0.29036537
v -0.32285821 -0.88846153 -0.17769231
v -0.33923078 -0.88846153 -0.15124038
v -0.33923078 -0.87497485 -0.01615385
v -0.33923078 -0.87529916 0.01615385
v -0.33923078 -0.87362057 0.04846154
v -0.33923078 -0.87045801 0.08076923
v -0.33923078 -0.86883944 0.11307693
v -0.33923078 -0.86957026 0.14538461
v -0.33923078 -0.87247896 0.17769231
v -0.33923078 -0.87613034 0.20999987
v -0.33923078 -0.88846153 0.24102780
v -0.32250679 -0.88846153 0.24230769
v -0.31851238 -0.85615385 -0.20999999
v -0.33096603 -0.85615385 -0.17769231
v -0.33923078 -0.82471693 -0.17769231
v -0.33923078 -0.85615385 -0.16467454
v -0.33923078 -0.85615385 -0.03326869
v -0.32299003 -0.85615385 -0.01615385
v -0.31128901 -0.82384616 -0.24230769
v -0.32480264 -0.82384616 -0.20999999
v -0.33923078 -0.82384616 -0.17807375
v -0.33923078 -0.82384616 -0.01867844
v -0.33595008 -0.82384616 -0.01615385
v -0.33923078 -0.82123119 -0.01615385
v -0.32081822 -0.79153848 -0.24230769
v -0.33136386 -0.79153848 -0.20999999
v -0.33923078 -0.77090162 -0.20999999
v -0.33923078 -0.79153848 -0.19571805
v -0.33923078 -0.79153848 0.00287245
v -0.33923078 -0.77492088 0.01615385
v -0.31875858 -0.75923079 -0.27461538
v -0.32837218 -0.75923079 -0.24230769
v -0.33923078 -0.75923079 -0.21854451
v -0.33923078 -0.75923073 0.02996113
v -0.33923078 -0.73307693 0.04846154
v -0.31043282 -0.72692305 -0.30692309
v -0.32559240 -0.72692305 -0.27461538
v -0.33905193 -0.72692305 -0.24230769
v -0.33923078 -0.72655839 -0.24230769
v -0.33923078 -0.72692305 -0.24206570
v -0.33923084 -0.72692305 0.05393160
v -0.33923078 -0.69494635 0.08076923
v -0.30783072 -0.69461536 -0.33923078
v -0.32193217 -0.69461536 -0.30692309
v -0.33825171 -0.69461536 -0.27461538
v -0.33923078 -0.69213969 -0.27461538
v -0.33923078 -0.69461536 -0.27266917
v -0.33923078 -0.69461536 0.08109410
v -0.30893493 -0.69461536 0.11307693
v -0.32085618 -0.66230768 -0.33923078
v -0.33462250 -0.66230768 -0.30692309
v -0.33923078 -0.65134084 -0.30692300
v -0.33923078 -0.66230768 -0.29796219
v -0.33923078 -0.66230768 0.11276746
v -0.33888605 -0.66230768 0.11307693
v -0.33923078 -0.66118968 0.11307693
v -0.33923078 -0.63251388 0.14538461
v -0.31927183 -0.63000000 -0.37153846
v -0.33333373 -0.63000000 -0.33923078
v -0.33923078 -0.63000000 -0.32650349
v -0.33923078 -0.63000000 0.14826889
v -0.33923078 -0.59985030 0.17769231
v -0.32871416 -0.59769231 -0.37153846
v -0.33525312 -0.59769225 -0.33923078
v -0.33923078 -0.59769231 -0.33569410
v -0.33923078 -0.58046627 -0.30692309
v -0.33710566 -0.59769231 0.17769231
v -0.33923078 -0.59232068 0.17769231
v -0.33923078 -0.59769231 0.17939529
v -0.30732527 -0.56538463 -0.33923078
v -0.31535366 -0.56538463 -0.30692309
v -0.33923078 -0.56538463 -0.28471813
v -0.33923078 -0.55036503 -0.27461538
v -0.30808866 -0.56538463 0.14538461
v -0.33923078 -0.56538463 0.16688146
v -0.30839419 -0.53307694 -0.30692309
v -0.31049839 -0.53307694 -0.27461538
v -0.33923078 -0.53307694 -0.25105107
v -0.33923078 -0.50769508 -0.24230769
v -0.31659415 -0.53307694 0.14538461
v -0.33923078 -0.51330239 0.14538461
v -0.33923078 -0.53307694 0.15548964
v -0.31096363 -0.50076926 -0.27461538
v -0.32947853 -0.50076926 -0.24230769
v -0.33923078 -0.50076926 -0.23803975
v -0.33923078 -0.48418593 -0.14538461
v -0.33923078 -0.46959051 -0.11307693
v -0.33923078 -0.47357881 0.11307693
v -0.33923078 -0.50076926 0.13145003
v -0.33923078 -0.46846154 -0.21549077
v -0.31006524 -0.46846154 -0.20999999
v -0.33923078 -0.46592900 -0.20999999
v -0.30730698 -0.46846154 -0.17769231
v -0.33923078 -0.45203075 -0.17769231
v -0.33923078 -0.46846154 -0.15832943
v -0.31850505 -0.46846154 -0.14538461
v -0.33754739 -0.46846154 -0.11307698
v -0.33923078 -0.46846154 -0.11225452
v -0.33923078 -0.46846154 0.10900038
v -0.33923078 -0.43615386 -0.08563533
v -0.33923072 -0.42974830 -0.08076917
v -0.33757395 -0.43615386 0.08076923
v -0.33923072 -0.43548074 0.08076935
v -0.33923078 -0.43615386 0.08136018
v -0.31565386 -0.43615386 0.20999999
v -0.30805564 -0.43615386 0.24230769
v -0.33923084 -0.40384614 -0.07341754
v -0.33923078 -0.37299976 -0.04846154
v -0.33923078 -0.38518843 0.04846154
v -0.33923078 -0.40384614 0.05784904
v -0.31699753 -0.40384614 0.20999999
v -0.30775905 -0.40384614 0.24230769
v -0.33923072 -0.37153846 -0.04765910
v -0.33923078 -0.36559772 -0.01615385
v -0.33923078 -0.35737938 0.01615385
v -0.33923078 -0.37153846 0.03817904
v -0.30851865 -0.37153846 0.17769231
v -0.31109890 -0.37153846 0.20999999
v -0.30699235 -0.33923078 0.17769231
v -0.33923078 0.49746445 0.08076923
v -0.32387659 0.46846166 0.11307693
v -0.33923078 0.47933140 0.11307693
v -0.32576105 0.46846154 0.14538461
v -0.33923078 0.50076926 0.07769010
v -0.33923078 0.50076926 0.14226308
v -0.32390961 0.53307694 0.04846154
v -0.33923078 0.54302889 0.04846154
v -0.33923078 0.53307694 0.05419226
v -0.33923078 0.56378871 0.11307693
v -0.33923078 0.53307694 0.12441760
v -0.33923078 0.56538463 0.03791900
v -0.33923078 0.56538463 0.11219905
v -0.30883926 0.59769231 0.01615385
v -0.33923078 0.59769231 0.02970995
v -0.33923078 0.59769231 0.10031266
v -0.32622057 0.63000000 0.01615385
v -0.33923078 0.63000000 0.02410716
v -0.33923078 0.63000000 0.09560437
v -0.33847675 0.66230768 0.01615385
v -0.33923078 0.66493267 0.01615385
v -0.33923078 0.66230768 0.01679706
v -0.30802518 0.66230768 0.08076923
v -0.33923078 0.66230768 0.09193490
v -0.33923078 0.69461536 0.01011920
v -0.32877371 0.69461536 0.08076923
v -0.33923078 0.72279590 0.08076923
v -0.33923078 0.69461536 0.08636254
v -0.33923078 0.72692305 0.00612733
v -0.33923078 0.72692305 0.07980805
v -0.33923078 0.73662162 0.08076923
v -0.33923078 0.75923079 0.00408554
v -0.33923078 0.75923079 0.08314648
v -0.31345624 0.75923079 0.11307693
v -0.33923078 0.78362030 0.11307693
v -0.33923078 0.79153848 -0.00060279
v -0.33923078 0.81477660 0.01615385
v -0.33923078 0.79153848 0.12690195
v -0.31241938 0.79153848 0.14538461
v -0.33923078 0.81985366 0.14538461
v -0.33923078 0.82384616 0.03674349
v -0.32764879 0.82384616 0.04846154
v -0.33923078 0.83177072 0.04846154
v -0.31657517 0.82384616 0.08076923
v -0.33923078 0.83756471 0.08076923
v -0.31328610 0.82384616 0.11307693
v -0.33923072 0.83480036 0.11307693
v -0.32890108 0.82384616 0.14538461
v -0.33923078 0.82712567 0.14538461
v -0.33923078 0.82384616 0.14793096
v -0.30692309 -0.92972410 -0.17769231
v -0.30692309 -0.93873781 -0.14538468
v -0.30692309 -0.94760406 -0.11307693
v -0.30692309 -0.94859535 -0.08076917
v -0.30692309 -0.94794136 -0.04846160
v -0.30692309 -0.94738311 -0.01615385
v -0.30692309 -0.94840556 0.01615385
v -0.30692309 -0.94447136 0.04846154
v -0.30692309 -0.93775731 0.08076923
v -0.30692309 -0.93280882 0.11307693
v -0.30692309 -0.93052340 0.14538461
v -0.30692309 -0.92938459 0.17769231
v -0.30692309 -0.93332040 0.20999999
v -0.30692300 -0.94334567 0.24230781
v -0.30692309 -0.94218934 0.27461538
v -0.28974777 -0.92076921 -0.20999999
v -0.30692309 -0.92076921 -0.18770866
v -0.30692309 -0.90808445 0.27461538
v -0.30692309 -0.92076921 0.28799674
v -0.28570402 -0.88846153 -0.24230769
v -0.30562496 -0.88846153 -0.20999999
v -0.30692315 -0.88622510 -0.20999999
v -0.30692309 -0.88846153 -0.20839709
v -0.30692309 -0.86646479 0.01615385
v -0.30692309 -0.86678761 0.04846154
v -0.30692309 -0.86488467 0.08076923
v -0.30692309 -0.86277592 0.11307693
v -0.30692309 -0.86268026 0.14538461
v -0.27499524 -0.88846153 0.17769231
v -0.30692309 -0.86692309 0.17769231
v -0.30692309 -0.87608194 0.20999999
v -0.30692309 -0.88768947 0.24230781
v -0.30692309 -0.88846153 0.24317089
v -0.27483764 -0.85615385 -0.27461538
v -0.29932126 -0.85615385 -0.24230769
v -0.30692309 -0.83491045 -0.24230769
v -0.30692315 -0.85615385 -0.23102944
v -0.30692309 -0.85615385 0.00168770
v -0.29661211 -0.85615385 0.01615385
v -0.27981406 -0.85615385 0.14538461
v -0.27554759 -0.85615385 0.17769231
v -0.28987399 -0.82384616 -0.27461538
v -0.30692309 -0.82384616 -0.24831282
v -0.30692309 -0.82384616 0.00398596
v -0.29684862 -0.82384616 0.01615385
v -0.28399968 -0.82384616 0.04846154
v -0.27860096 -0.79153848 -0.30692309
v -0.30531609 -0.79153848 -0.27461538
v -0.30692309 -0.78885615 -0.27461538
v -0.30692309 -0.79153848 -0.27253202
v -0.30692309 -0.79153848 0.01568441
v -0.30645359 -0.79153848 0.01615385
v -0.30692315 -0.79096258 0.01615385
v -0.29139709 -0.79153848 0.04846154
v -0.27735293 -0.79153848 0.08076923
v -0.27497420 -0.75923079 -0.33923078
v -0.29712844 -0.75923079 -0.30692309
v -0.30692309 -0.73420632 -0.30692309
v -0.30692300 -0.75923079 -0.29335180
v -0.30692309 -0.75923079 0.04413050
v -0.30331337 -0.75923079 0.04846154
v -0.30692315 -0.75280118 0.04846154
v -0.29143474 -0.75923079 0.08076923
v -0.29054528 -0.72692305 -0.33923078
v -0.30692309 -0.69574207 -0.33923078
v -0.30692309 -0.72692305 -0.31119427
v -0.30692309 -0.72692305 0.07903531
v -0.30601588 -0.72692305 0.08076923
v -0.30692300 -0.72582042 0.08076935
v -0.27737272 -0.72692305 0.11307693
v -0.30692309 -0.69686449 0.11307693
v -0.28576156 -0.69461536 -0.37153846
v -0.30692309 -0.69461536 -0.34033251
v -0.30692309 -0.69461536 0.11507693
v -0.30587003 -0.66230768 -0.37153846
v -0.30692309 -0.66083968 -0.37153846
v -0.30692309 -0.66230768 -0.37042323
v -0.30692309 -0.66230768 0.14457873
v -0.30692309 -0.66130769 0.14538461
v -0.30692309 -0.63000000 -0.38278732
v -0.29306599 -0.63000000 0.14538461
v -0.30692309 -0.63000000 0.15895231
v -0.30692309 -0.59769231 -0.38032189
v -0.30692309 -0.56909865 -0.37153846
v -0.29893687 -0.59769231 0.14538461
v -0.30692309 -0.56825578 0.14538461
v -0.30692309 -0.59769231 0.15224093
v -0.30301341 -0.56538463 -0.37153852
v -0.30692309 -0.56538463 -0.34246913
v -0.30692309 -0.56171840 -0.33923078
v -0.30692309 -0.56538463 0.14473155
v -0.30692309 -0.53307694 -0.31929013
v -0.30692309 -0.50682372 -0.30692309
v -0.28272301 -0.53307694 0.11307693
v -0.30692309 -0.53307694 0.13517632
v -0.27515575 -0.53307694 0.17769231
v -0.29289162 -0.50076926 -0.30692309
v -0.30692309 -0.50076926 -0.30334672
v -0.30692309 -0.49415269 -0.27461538
v -0.30692309 -0.49040070 -0.24230769
v -0.30692309 -0.47193259 -0.20999999
v -0.30692309 -0.46863353 -0.17769231
v -0.30410632 -0.50076926 0.11307680
v -0.30692300 -0.50047463 0.11307693
v -0.30692309 -0.50076926 0.11379112
v -0.28215885 -0.50076926 0.14538461
v -0.28682381 -0.50076926 0.17769231
v -0.27610978 -0.50076926 0.20999999
v -0.30692309 -0.46846154 -0.17668478
v -0.30692309 -0.46106586 -0.14538461
v -0.30692309 -0.44292310 -0.11307693
v -0.28190663 -0.46846154 0.08076923
v -0.30692309 -0.45319018 0.08076923
v -0.30692309 -0.46846154 0.08988868
v -0.28393111 -0.46846154 0.14538461
v -0.29764360 -0.46846154 0.17769231
v -0.29418415 -0.46846154 0.20999999
v -0.30692300 -0.45515364 0.20999999
v -0.27784067 -0.46846154 0.24230769
v -0.30692309 -0.43750671 0.24230769
v -0.27570191 -0.43615386 -0.11307693
v -0.30692309 -0.43615386 -0.10297122
v -0.30692309 -0.40822765 -0.08076923
v -0.30692309 -0.43615386 0.06435669
v -0.28334618 -0.43615386 0.14538461
v -0.30317238 -0.43615386 0.17769231
v -0.30692309 -0.43615386 0.18197824
v -0.30692309 -0.43615386 0.24427800
v -0.27716038 -0.40384614 -0.08076923
v -0.30692309 -0.40384614 -0.07914586
v -0.30692309 -0.39061540 -0.04846160
v -0.30655101 -0.40384614 0.04846154
v -0.30692309 -0.40351871 0.04846154
v -0.30692309 -0.40384614 0.04873218
v -0.28454548 -0.40384614 0.14538461
v -0.30616653 -0.40384614 0.17769231
v -0.30692309 -0.39368758 0.17769231
v -0.30692315 -0.40384614 0.17930631
v -0.30692300 -0.40063429 0.24230769
v -0.30692300 -0.40384614 0.24551955
v -0.29591560 -0.40384614 0.27461538
v -0.30692309 -0.37153846 -0.04039762
v -0.27766094 -0.37153846 -0.01615385
v -0.30692309 -0.36299396 -0.01615385
v -0.28782296 -0.37153846 0.01615385
v -0.30692309 -0.36012143 0.01615385
v -0.30692309 -0.37153846 0.02740172
v -0.28573766 -0.37153846 0.14538461
v -0.30692309 -0.37153846 0.17609666
v -0.30692309 -0.35512543 0.20999999
v -0.30692309 -0.37153846 0.22232625
v -0.29971236 -0.37153846 0.24230769
v -0.28560802 -0.33923078 0.14538461
v -0.30692309 -0.33923078 0.17762256
v -0.30692309 -0.33907831 0.17769231
v -0.30692309 -0.33923078 0.17816815
v -0.30277178 -0.33923078 0.20999999
v -0.28896481 -0.33923078 0.24230769
v -0.28449690 -0.30692309 0.14538461
v -0.29475525 -0.30692309 0.17769231
v -0.29049933 -0.30692309 0.20999999
v -0.27984986 -0.30692309 0.24230769
v -0.28307423 -0.27461538 0.14538461
v -0.28394508 -0.27461538 0.17769231
v -0.27676225 -0.27461538 0.20999999
v -0.27701071 -0.24230769 0.14538461
v -0.27470222 -0.24230769 0.17769231
v -0.30692309 0.45778182 0.11307693
v -0.27907607 0.43615386 0.14538461
v -0.30692309 0.46356332 0.14538461
v -0.29153329 0.46846142 0.08076923
v -0.30692315 0.47627521 0.08076923
v -0.30692309 0.46846142 0.09069383
v -0.30079192 0.46846142 0.14538461
v -0.30692309 0.47288686 0.14538461
v -0.30692309 0.46846154 0.14961767
v -0.30692309 0.52546042 0.04846154
v -0.30692309 0.50076926 0.06554539
v -0.30692309 0.50076926 0.12781470
v -0.30692309 0.53307694 0.04222810
v -0.30294365 0.53307694 0.11307693
v -0.30692309 0.53548670 0.11307693
v -0.30692309 0.53307694 0.11450052
v -0.28023249 0.56538463 0.01615385
v -0.30692309 0.59527522 0.01615385
v -0.30692309 0.56538475 0.02765991
v -0.30692309 0.56538463 0.10132289
v -0.30692309 0.59769231 0.01477068
v -0.30692309 0.59769231 0.09520222
v -0.30692309 0.63000000 0.00561130
v -0.27642214 0.63000000 0.08076923
v -0.30692309 0.66082960 0.08076923
v -0.30692309 0.63000000 0.08981831
v -0.30692309 0.66230768 0.00130971
v -0.30692309 0.66230768 0.08017766
v -0.27768534 0.69461536 -0.01615385
v -0.30692309 0.69461536 -0.00198386
v -0.30692309 0.69461536 0.07093645
v -0.27785912 0.69461536 0.08076923
v -0.27868631 0.72692305 -0.01615385
v -0.30692309 0.72692305 -0.00525081
v -0.30692309 0.72692305 0.07894719
v -0.30505705 0.72692305 0.08076935
v -0.30692300 0.72876692 0.08076935
v -0.28097713 0.72692305 0.11307693
v -0.30692309 0.75310493 0.11307693
v -0.30692309 0.75923079 -0.01351174
v -0.27798408 0.75923079 0.01615385
v -0.30692309 0.75923079 0.12420180
v -0.28115109 0.75923079 0.14538461
v -0.30692309 0.78650963 0.14538461
v -0.30692309 0.79153848 0.01594877
v -0.30678216 0.79153848 0.01615385
v -0.30692309 0.79167575 0.01615385
v -0.28309038 0.79153848 0.04846154
v -0.30692309 0.81342280 0.04846154
v -0.27911541 0.79153848 0.08076923
v -0.30692309 0.81964737 0.08076923
v -0.27657884 0.79153848 0.11307693
v -0.30692309 0.82054073 0.11307693
v -0.28420243 0.79153848 0.14538461
v -0.30692309 0.80465347 0.14538461
v -0.30692309 0.79153848 0.15263876
v -0.27461538 -0.93348879 -0.20999999
v -0.27461538 -0.93638968 -0.17769231
v -0.27461538 -0.94088364 -0.14538461
v -0.27461538 -0.94541723 -0.11307693
v -0.27461538 -0.94708776 -0.08076923
v -0.27461538 -0.94797570 -0.04846154
v -0.27461544 -0.94829321 -0.01615385
v -0.27461538 -0.94871593 0.01615385
v -0.27461538 -0.94583488 0.04846154
v -0.27461538 -0.93502510 0.08076923
v -0.27461538 -0.92927128 0.11307693
v -0.27461538 -0.92644489 0.14538461
v -0.27461538 -0.92437166 0.17769231
v -0.27461538 -0.92433423 0.20999999
v -0.27461538 -0.93153846 0.24230769
v -0.27461538 -0.92378384 0.27461538
v -0.26751980 -0.92076921 -0.24230769
v -0.27461538 -0.91350389 -0.24230769
v -0.27461544 -0.92076921 -0.23616010
v -0.27461538 -0.89764661 0.17769231
v -0.26090300 -0.92076921 0.27461538
v -0.27461538 -0.91900635 0.27461526
v -0.27461532 -0.92076921 0.27591377
v -0.26301190 -0.88846153 -0.27461538
v -0.27461538 -0.85683692 -0.27461538
v -0.27461538 -0.88846153 -0.26213285
v -0.27461538 -0.85770375 0.04846154
v -0.27461538 -0.86155319 0.08076923
v -0.27461538 -0.85749733 0.11307693
v -0.27461538 -0.88846153 0.17627598
v -0.27259171 -0.88846153 0.17769231
v -0.27461538 -0.87409461 0.17769243
v -0.27461544 -0.88846153 0.18695594
v -0.27461538 -0.88286036 0.21000013
v -0.27461538 -0.88787556 0.24230769
v -0.27461538 -0.88846153 0.24281570
v -0.24442299 -0.85615385 -0.30692309
v -0.27461538 -0.85615385 -0.27489990
v -0.27461538 -0.85615385 0.04691162
v -0.26636252 -0.85615385 0.04846154
v -0.27461538 -0.85261291 0.04846154
v -0.27461538 -0.85615385 0.12615570
v -0.27202362 -0.85615385 0.14538461
v -0.27461538 -0.85466701 0.14538461
v -0.27400601 -0.85615385 0.17769231
v -0.27461544 -0.85576272 0.17769231
v -0.27461538 -0.85615385 0.18076983
v -0.26433197 -0.82384616 -0.30692309
v -0.27461538 -0.79995632 -0.30692309
v -0.27461538 -0.82384616 -0.29422006
v -0.27461538 -0.82384616 0.06224750
v -0.27461538 -0.79619312 0.08076923
v -0.25602198 -0.79153848 -0.33923078
v -0.27461538 -0.75963730 -0.33923078
v -0.27461538 -0.79153848 -0.31134778
v -0.26897284 -0.79153848 0.08076923
v -0.27461538 -0.79153848 0.08352251
v -0.24858722 -0.75923079 -0.37153846
v -0.27461538 -0.75923079 -0.33963168
v -0.24507083 -0.75923079 0.08076923
v -0.27461538 -0.75923079 0.09967770
v -0.27461538 -0.73075372 0.11307693
v -0.26976821 -0.72692305 -0.37153840
v -0.27461538 -0.72129279 -0.37153846
v -0.27461538 -0.72692305 -0.36815524
v -0.27214453 -0.72692305 0.11307693
v -0.27461538 -0.72692305 0.11554784
v -0.27461538 -0.69461536 -0.38135886
v -0.26552886 -0.69461536 0.11307693
v -0.27461538 -0.69461536 0.12286250
v -0.27461538 -0.66230768 -0.38528764
v -0.26313761 -0.66230768 0.11307693
v -0.27461538 -0.66230768 0.12626046
v -0.27461538 -0.63000000 -0.38715181
v -0.25961542 -0.63000005 0.11307693
v -0.27461538 -0.63000000 0.12804344
v -0.27461538 -0.59769231 -0.38822195
v -0.26462096 -0.59769231 0.11307693
v -0.27461538 -0.59769225 0.12570636
v -0.27461538 -0.56538463 -0.38484162
v -0.27461538 -0.53860039 -0.37153846
v -0.27461538 -0.53338498 -0.33923078
v -0.27416462 -0.56538463 0.11307693
v -0.27461544 -0.56150770 0.11307693
v -0.27461538 -0.56538463 0.11416603
v -0.27461538 -0.53350365 0.17769231
v -0.25185314 -0.56538463 0.20999999
v -0.24482156 -0.56538463 0.24230769
v -0.25939676 -0.53307694 -0.37153846
v -0.27406436 -0.53307694 -0.33923078
v -0.27461538 -0.53307694 -0.33687821
v -0.27461538 -0.53307694 0.10943814
v -0.27461538 -0.51824605 0.14538461
v -0.27461538 -0.53307694 0.17398316
v -0.27461538 -0.53307694 0.17981914
v -0.27023011 -0.53307694 0.20999999
v -0.27461538 -0.50831717 0.20999999
v -0.25432295 -0.53307694 0.24230769
v -0.25327271 -0.50076926 -0.33923078
v -0.27461538 -0.50076926 -0.30956006
v -0.27461538 -0.49924761 -0.30692309
v -0.27461538 -0.49176335 -0.27461538
v -0.27461538 -0.47990566 -0.24230769
v -0.27461538 -0.47827157 -0.20999999
v -0.27461538 -0.47116569 -0.17769231
v -0.24344018 -0.50076926 0.08076923
v -0.27461538 -0.47260723 0.08076923
v -0.27461538 -0.50076926 0.10951961
v -0.25686893 -0.50076926 0.11307693
v -0.27461538 -0.50076926 0.12720254
v -0.27461538 -0.50076926 0.21447104
v -0.26633820 -0.50076926 0.24230769
v -0.27461538 -0.47624174 0.24230769
v -0.26402625 -0.46846154 -0.30692309
v -0.26973620 -0.46846154 -0.27461538
v -0.27336612 -0.46846154 -0.24230769
v -0.27105382 -0.46846154 -0.21000007
v -0.27274960 -0.46846154 -0.17769231
v -0.27461538 -0.46846148 -0.16577294
v -0.27461538 -0.45971158 -0.14538461
v -0.27461538 -0.46846154 0.07622103
v -0.26898757 -0.46846154 0.11307693
v -0.27461538 -0.46846154 0.12234278
v -0.25460327 -0.46846154 0.24230769
v -0.27461538 -0.46846154 0.24503471
v -0.24258074 -0.43615386 -0.30692309
v -0.25208631 -0.43615386 -0.27461538
v -0.25656962 -0.43615386 -0.24230769
v -0.26178291 -0.43615392 -0.20999999
v -0.26223350 -0.43615386 -0.17769231
v -0.25953850 -0.43615386 -0.14538461
v -0.27461538 -0.43615386 -0.11349546
v -0.27461538 -0.43592358 -0.11307693
v -0.27012685 -0.43615386 0.04846154
v -0.27461538 -0.43464386 0.04846154
v -0.27461538 -0.43615380 0.04959797
v -0.26732543 -0.43615386 0.11307693
v -0.27461538 -0.43615386 0.12684488
v -0.27461538 -0.43615386 0.25704005
v -0.27461538 -0.41528049 0.27461538
v -0.24544024 -0.40384614 -0.27461538
v -0.24514662 -0.40384614 -0.24230769
v -0.24381657 -0.40384614 -0.20999999
v -0.24282199 -0.40384614 -0.17769231
v -0.27461538 -0.40384614 -0.08096445
v -0.27442133 -0.40384614 -0.08076923
v -0.27461532 -0.40380326 -0.08076923
v -0.24528028 -0.40384614 -0.04846154
v -0.27461538 -0.39897549 -0.04846154
v -0.27461538 -0.38184714 -0.01615385
v -0.27461538 -0.38847399 0.01615385
v -0.27461538 -0.40384614 0.02507499
v -0.26607427 -0.40384614 0.11307693
v -0.27461538 -0.40384609 0.12753370
v -0.24309115 -0.40384614 0.27461538
v -0.27461538 -0.38050631 0.27461538
v -0.27461538 -0.40384614 0.28487939
v -0.26512989 -0.37153846 0.11307693
v -0.27461538 -0.37153846 0.12735254
v -0.27461538 -0.37153846 0.26892865
v -0.25317061 -0.37153846 0.27461538
v -0.26416489 -0.33923078 0.11307693
v -0.27461538 -0.33923078 0.12867026
v -0.27461538 -0.33923078 0.26556361
v -0.26353654 -0.30692309 0.11307704
v -0.27461538 -0.30692309 0.13059446
v -0.27461538 -0.28752041 0.24230769
v -0.27461538 -0.30692309 0.25464541
v -0.24532057 -0.27461538 0.08076923
v -0.26621169 -0.27461538 0.11307693
v -0.27461538 -0.27461538 0.12915929
v -0.27461544 -0.26633659 0.20999999
v -0.27461538 -0.27461538 0.22177437
v -0.25470161 -0.27461538 0.24230769
v -0.25790995 -0.24230769 0.08076923
v -0.26878262 -0.24230769 0.11307693
v -0.27461538 -0.24230769 0.13677207
v -0.27461532 -0.23789519 0.14538461
v -0.27461538 -0.24214107 0.17769231
v -0.27461532 -0.24230769 0.17812552
v -0.26452452 -0.24230769 0.20999999
v -0.25014564 -0.20999999 0.08076923
v -0.25942433 -0.20999999 0.11307693
v -0.26371148 -0.20999999 0.14538461
v -0.24544024 -0.20999999 0.17769231
v -0.24840888 -0.17769231 0.11307693
v -0.24605609 -0.01615385 0.11307693
v -0.25858676 -0.01615385 0.14538461
v -0.24320343 -0.01615385 0.17769231
v -0.25948539 0.01615385 0.14538461
v -0.24366769 0.04846154 0.14538461
v -0.27461538 0.43228585 0.14538461
v -0.27461538 0.46209857 0.08076923
v -0.27059165 0.43615386 0.11307693
v -0.27461538 0.43940368 0.11307693
v -0.27461538 0.43615386 0.12729645
v -0.25634995 0.43615386 0.14538461
v -0.27461538 0.44175997 0.14538461
v -0.27461538 0.43615386 0.14925250
v -0.27461538 0.46846154 0.07447023
v -0.27461538 0.46846154 0.13233480
v -0.26792946 0.50076926 0.04846154
v -0.27461538 0.50459683 0.04846154
v -0.27461538 0.50076926 0.05170816
v -0.25147176 0.50076926 0.11307693
v -0.27461538 0.51478958 0.11307693
v -0.27461538 0.50076926 0.11957065
v -0.27461538 0.56094784 0.01615385
v -0.27461538 0.53307694 0.03127380
v -0.27461538 0.53307694 0.10509502
v -0.27461538 0.56538463 0.01278522
v -0.27461538 0.56538463 0.09686836
v -0.24257711 0.59769231 -0.01615385
v -0.27461538 0.59769231 -0.00059428
v -0.24493976 0.59769231 0.08076923
v -0.27461538 0.62833816 0.08076923
v -0.27461538 0.59769231 0.09040482
v -0.25401336 0.63000000 -0.01615385
v -0.27461538 0.62999988 -0.00468981
v -0.27461538 0.63000000 0.08004135
v -0.26547167 0.66230780 -0.01615385
v -0.27461538 0.68556929 -0.01615385
v -0.27461538 0.66230768 -0.01052603
v -0.27461538 0.66230768 0.06926329
v -0.24977949 0.66230768 0.08076923
v -0.27461538 0.69199473 0.08076923
v -0.27461538 0.69461536 -0.01860320
v -0.26932323 0.69461536 -0.01615385
v -0.27461538 0.69461536 0.08261407
v -0.25625554 0.69461536 0.11307693
v -0.27461538 0.71953434 0.11307693
v -0.27461538 0.72692305 -0.01836411
v -0.27240512 0.72692305 -0.01615385
v -0.27461538 0.72925562 -0.01615385
v -0.25450417 0.72692305 0.01615385
v -0.27461538 0.75576514 0.01615385
v -0.27461538 0.72692293 0.12665682
v -0.25193009 0.72692305 0.14538461
v -0.27461538 0.75113952 0.14538461
v -0.27461538 0.75923079 0.02096283
v -0.25864893 0.75923079 0.04846154
v -0.27461538 0.78251863 0.04846154
v -0.24915291 0.75923079 0.08076923
v -0.27461538 0.78773183 0.08076923
v -0.25158581 0.75923079 0.11307693
v -0.27461538 0.78916919 0.11307693
v -0.25617254 0.75923079 0.14538461
v -0.27461538 0.78395462 0.14538461
v -0.27461538 0.75923079 0.15957581
v -0.24230769 -0.93189371 -0.24230769
v -0.24230769 -0.93638819 -0.20999999
v -0.24230769 -0.93900001 -0.17769225
v -0.24230769 -0.94090575 -0.14538461
v -0.24230769 -0.94253588 -0.11307693
v -0.24230769 -0.94405407 -0.08076923
v -0.24230769 -0.94565123 -0.04846154
v -0.24230769 -0.94714284 -0.01615385
v -0.24230769 -0.94839370 0.01615385
v -0.24230769 -0.94145107 0.04846154
v -0.24230769 -0.93033522 0.08076923
v -0.24230769 -0.92974013 0.11307693
v -0.24230769 -0.92960495 0.14538461
v -0.24230769 -0.92804074 0.17769231
v -0.24230769 -0.92661589 0.20999999
v -0.24230769 -0.93120927 0.24230769
v -0.21068105 -0.92076921 -0.30692309
v -0.23918340 -0.92076921 -0.27461538
v -0.24230769 -0.91723222 -0.27461538
v -0.24230769 -0.92076921 -0.27079821
v -0.22615385 -0.92076921 0.17769231
v -0.23251891 -0.92076921 0.20999999
v -0.22642215 -0.92076921 0.24230769
v -0.24230769 -0.92076921 0.26429185
v -0.23340528 -0.88846153 -0.30692309
v -0.24230769 -0.86068541 -0.30692309
v -0.24230769 -0.88846153 -0.29499662
v -0.22269937 -0.88846153 0.04846154
v -0.23217426 -0.88846153 0.08076923
v -0.24230769 -0.88242602 0.08076923
v -0.23462953 -0.88846153 0.11307693
v -0.24230769 -0.88017446 0.11307693
v -0.23539172 -0.88846153 0.14538461
v -0.24230769 -0.88115257 0.14538461
v -0.23490059 -0.88846153 0.17769231
v -0.24230769 -0.88241190 0.17769231
v -0.23249464 -0.88846153 0.20999999
v -0.24230769 -0.88035345 0.20999999
v -0.23562059 -0.88846153 0.24230769
v -0.24230775 -0.88350493 0.24230769
v -0.24230769 -0.88846153 0.25066143
v -0.22415581 -0.85615385 -0.33923078
v -0.24230769 -0.85615385 -0.30889010
v -0.23795681 -0.85615385 0.04846154
v -0.24230769 -0.85615385 0.05500666
v -0.21560003 -0.82384616 -0.37153846
v -0.24032919 -0.82384616 -0.33923084
v -0.24230769 -0.82089949 -0.33923078
v -0.24230763 -0.82384616 -0.33692801
v -0.23117518 -0.82384616 0.04846154
v -0.24230775 -0.82384616 0.05981281
v -0.23028986 -0.79153848 -0.37153846
v -0.24230769 -0.77449948 -0.37153846
v -0.24230775 -0.79153848 -0.36280975
v -0.22792357 -0.79153848 0.04846166
v -0.24230769 -0.79153848 0.06710429
v -0.24230769 -0.75923079 -0.37729877
v -0.21907347 -0.75923079 0.04846154
v -0.24230769 -0.75923079 0.07823915
v -0.24230769 -0.73664254 0.08076923
v -0.24230769 -0.72692305 -0.38262111
v -0.24121636 -0.72692305 0.08076911
v -0.24230769 -0.72692305 0.08186056
v -0.24230769 -0.69461536 -0.38713142
v -0.23587829 -0.69461542 0.08076923
v -0.24230769 -0.69461542 0.08719863
v -0.21004117 -0.69461536 0.27461538
v -0.24230769 -0.66230768 -0.39023626
v -0.23079571 -0.66230768 0.08076923
v -0.24230775 -0.66230768 0.09192220
v -0.21555874 -0.66230768 0.27461538
v -0.24230769 -0.63000000 -0.39401338
v -0.22503836 -0.63000000 0.08076923
v -0.24230769 -0.63000000 0.09580772
v -0.22759740 -0.63000005 0.24230769
v -0.21484829 -0.63000000 0.27461538
v -0.24230769 -0.59769231 -0.39665338
v -0.21383782 -0.59769231 0.08076923
v -0.24230769 -0.59769231 0.09197803
v -0.22976723 -0.59769231 0.20999999
v -0.24230769 -0.58232009 0.20999999
v -0.23857901 -0.59769225 0.24230769
v -0.24230769 -0.57807273 0.24230769
v -0.22229859 -0.59769231 0.27461538
v -0.24230769 -0.56538463 -0.39268535
v -0.24230769 -0.56538463 0.08861544
v -0.23867039 -0.56538463 0.17769231
v -0.24230769 -0.56143332 0.17769231
v -0.24230769 -0.56538463 0.18299033
v -0.24230769 -0.56538463 0.24539003
v -0.22732441 -0.56538463 0.27461538
v -0.24230769 -0.53307694 -0.37493303
v -0.24230769 -0.52182239 -0.37153846
v -0.24230769 -0.50278568 0.08076923
v -0.24230769 -0.53307694 0.09289164
v -0.24230769 -0.50401622 0.11307693
v -0.24135680 -0.53307694 0.14538461
v -0.24230775 -0.53267223 0.14538461
v -0.24230769 -0.53307694 0.14583077
v -0.24230769 -0.53307694 0.26353180
v -0.22798254 -0.53307694 0.27461538
v -0.21578434 -0.50076926 -0.37153846
v -0.24230769 -0.50076926 -0.34664562
v -0.24230769 -0.49153844 -0.33923078
v -0.24230769 -0.50076926 0.07996962
v -0.24159664 -0.50076926 0.08076923
v -0.24230775 -0.50076926 0.08928293
v -0.24230769 -0.47049388 0.24230769
v -0.24230769 -0.50076926 0.27328175
v -0.21828070 -0.46846154 -0.33923078
v -0.24230769 -0.46846154 -0.33088562
v -0.24230769 -0.45318329 0.04846154
v -0.24230769 -0.46846154 0.05593986
v -0.22759056 -0.46846154 0.08076923
v -0.24230775 -0.46846154 0.09640200
v -0.24230769 -0.46846154 0.24056551
v -0.22762242 -0.46846154 0.24230769
v -0.24230769 -0.46445420 0.24230769
v -0.24230769 -0.43615386 -0.30733022
v -0.24230775 -0.43573377 -0.30692315
v -0.24230769 -0.41737029 -0.14538461
v -0.24230769 -0.42577714 -0.11307693
v -0.24230775 -0.42073429 -0.08076923
v -0.24230769 -0.40542182 -0.04846154
v -0.24230769 -0.43615386 0.03831596
v -0.23647492 -0.43615386 0.04846154
v -0.22396103 -0.43615386 0.08076923
v -0.24230769 -0.43615386 0.09543330
v -0.24230769 -0.43615386 0.25153854
v -0.21259022 -0.40384614 -0.30692309
v -0.24230769 -0.40384614 -0.27956876
v -0.24230769 -0.39126122 -0.27461538
v -0.24230769 -0.38549295 -0.24230769
v -0.24230769 -0.39530343 -0.20999999
v -0.24230769 -0.40242466 -0.17769237
v -0.24230763 -0.40384614 -0.17013091
v -0.24141842 -0.40384614 -0.14538461
v -0.24053070 -0.40384614 -0.11307698
v -0.24039605 -0.40384614 -0.08076917
v -0.24209306 -0.40384614 -0.04846154
v -0.24230775 -0.40384614 -0.04571067
v -0.24230769 -0.39602429 -0.01615385
v -0.24230763 -0.39435390 0.01615385
v -0.24230769 -0.40384620 0.02077513
v -0.23122886 -0.40384614 0.04846154
v -0.22221786 -0.40384614 0.08076923
v -0.24230769 -0.40384614 0.09477875
v -0.24230769 -0.40384614 0.27424577
v -0.24230769 -0.40018785 0.27461550
v -0.23380564 -0.37153846 -0.27461538
v -0.23997825 -0.37153846 -0.24230769
v -0.23822388 -0.37153846 -0.20999993
v -0.23685075 -0.37153846 -0.17769231
v -0.23618400 -0.37153846 -0.14538461
v -0.23561917 -0.37153846 -0.11307698
v -0.23437448 -0.37153846 -0.08076917
v -0.23373933 -0.37153846 -0.04846154
v -0.23637362 -0.37153846 -0.01615385
v -0.23671438 -0.37153846 0.01615385
v -0.22879718 -0.37153846 0.04846154
v -0.22143471 -0.37153846 0.08076923
v -0.24230763 -0.37153846 0.09427974
v -0.22761084 -0.37153846 0.27461538
v -0.24230769 -0.35666665 0.27461538
v -0.24230769 -0.37153846 0.27730000
v -0.21123645 -0.33923078 -0.27461538
v -0.22129458 -0.33923078 -0.24230769
v -0.22370462 -0.33923078 -0.20999999
v -0.22520363 -0.33923078 -0.17769231
v -0.22683527 -0.33923078 -0.14538461
v -0.22822490 -0.33923078 -0.11307698
v -0.22898236 -0.33923078 -0.08076923
v -0.22921325 -0.33923078 -0.04846148
v -0.23105298 -0.33923078 -0.01615385
v -0.23336208 -0.33923078 0.01615385
v -0.22447884 -0.33923078 0.04846154
v -0.22275576 -0.33923078 0.08076923
v -0.24230769 -0.33923078 0.09268545
v -0.24230769 -0.33923078 0.26847869
v -0.22105642 -0.30692309 -0.24230769
v -0.22249959 -0.30692309 -0.20999999
v -0.22242603 -0.30692309 -0.17769231
v -0.22264786 -0.30692309 -0.14538461
v -0.22294925 -0.30692309 -0.11307693
v -0.22338647 -0.30692309 -0.08076923
v -0.22406338 -0.30692309 -0.04846154
v -0.22639911 -0.30692309 -0.01615385
v -0.22705778 -0.30692309 0.01615385
v -0.22045048 -0.30692309 0.04846154
v -0.22921695 -0.30692309 0.08076923
v -0.24230769 -0.28245124 0.08076923
v -0.24230769 -0.30692309 0.08854914
v -0.24230769 -0.30692309 0.26375991
v -0.21001664 -0.27461538 -0.08076923
v -0.21006963 -0.27461538 -0.04846154
v -0.21063797 -0.27461538 -0.01615385
v -0.21225622 -0.27461538 0.01615385
v -0.21332814 -0.27461538 0.04846154
v -0.24230769 -0.27461538 0.07779054
v -0.24230769 -0.26333943 0.24230769
v -0.24230769 -0.27461538 0.24782656
v -0.24230769 -0.24230769 0.06841993
v -0.24230769 -0.21997359 0.20999999
v -0.24230769 -0.24230769 0.23453519
v -0.24230769 -0.20999999 0.07293127
v -0.24230769 -0.19683285 0.08076923
v -0.24230769 -0.17926300 0.14538461
v -0.24230769 -0.20744435 0.17769243
v -0.24230769 -0.20999999 0.18488373
v -0.23544738 -0.20999993 0.20999999
v -0.22697699 -0.17769231 0.08076923
v -0.24230769 -0.17769231 0.10230774
v -0.24230769 -0.16989034 0.11307693
v -0.24230769 -0.17769231 0.13959953
v -0.24071796 -0.17769231 0.14538461
v -0.21021728 -0.17769231 0.17769231
v -0.22512586 -0.14538461 0.11307693
v -0.24230769 -0.01994416 0.11307693
v -0.21898788 -0.04846154 0.14538461
v -0.24230769 -0.03148233 0.14538461
v -0.22948322 -0.04846154 0.17769231
v -0.24230769 -0.01793922 0.17769231
v -0.22787957 -0.04846154 0.20999999
v -0.21760410 -0.04846154 0.24230769
v -0.21530141 -0.01615385 0.08076923
v -0.24230769 -0.01615385 0.10891460
v -0.24230769 0.00096821 0.11307693
v -0.24230763 -0.01401951 0.17769231
v -0.24230769 -0.01615385 0.17861024
v -0.22039466 -0.01615385 0.20999999
v -0.21642922 0.01615385 0.08076923
v -0.23893900 0.01615385 0.11307693
v -0.24230769 0.01615385 0.11662426
v -0.24230769 0.01615385 0.16802245
v -0.23298404 0.01615385 0.17769231
v -0.21445996 0.04846154 0.11307693
v -0.24230769 0.04846154 0.14402461
v -0.24230769 0.04995575 0.14538449
v -0.24230769 0.04846154 0.14678665
v -0.22178435 0.04846154 0.17769231
v -0.22258297 0.08076923 0.14538461
v -0.22315581 0.40384614 0.11307693
v -0.24230769 0.41910857 0.11307693
v -0.22331412 0.43615386 0.08076923
v -0.24230769 0.44415238 0.08076923
v -0.24230769 0.43615386 0.09043317
v -0.24230769 0.43615386 0.14143883
v -0.21445496 0.46846154 0.04846154
v -0.24230769 0.48706597 0.04846154
v -0.24230769 0.46846154 0.06057692
v -0.24230769 0.49488038 0.11307693
v -0.24230763 0.46846154 0.12314226
v -0.24230769 0.50076926 0.03881855
v -0.24230769 0.50076926 0.11015025
v -0.24185538 0.53307694 0.01615385
v -0.24230769 0.53340834 0.01615385
v -0.24230769 0.53307694 0.01646467
v -0.24230769 0.53307694 0.09825990
v -0.22002245 0.56538463 -0.01615385
v -0.24230769 0.59728348 -0.01615385
v -0.24230769 0.56538463 -0.00366688
v -0.24230769 0.59527266 0.08076923
v -0.24230769 0.56538463 0.09103324
v -0.24230769 0.59769231 -0.01639651
v -0.24230769 0.59769231 0.07959558
v -0.23967563 0.59769231 0.08076923
v -0.24230769 0.63000000 -0.02384613
v -0.21258239 0.63000000 -0.01615385
v -0.24230769 0.63000000 0.07367727
v -0.23485205 0.63000000 0.08076923
v -0.24230769 0.65029806 0.08076923
v -0.21358973 0.63000000 0.11307693
v -0.24230769 0.66230768 -0.02740560
v -0.23077402 0.66230768 -0.01615385
v -0.24230769 0.68042123 -0.01615385
v -0.21215542 0.66230768 0.01615385
v -0.24230769 0.66230768 0.08814502
v -0.23053567 0.66230768 0.11307693
v -0.24230769 0.67777407 0.11307693
v -0.21956997 0.66230768 0.14538461
v -0.24230769 0.69461536 0.00219029
v -0.23457204 0.69461536 0.01615385
v -0.24230769 0.70597887 0.01615385
v -0.21519043 0.69461536 0.04846154
v -0.24230769 0.69461536 0.14438622
v -0.24095479 0.69461536 0.14538461
v -0.24230763 0.69857472 0.14538461
v -0.22011255 0.69461536 0.17769231
v -0.24230769 0.72692305 0.03978750
v -0.23660630 0.72692305 0.04846154
v -0.24230775 0.73469043 0.04846154
v -0.22433107 0.72692305 0.08076923
v -0.24230769 0.75227290 0.08076923
v -0.22569452 0.72692305 0.11307693
v -0.24230769 0.75260359 0.11307693
v -0.23353216 0.72692305 0.14538461
v -0.24230769 0.74721462 0.14538461
v -0.24230769 0.72692305 0.17637236
v -0.20999999 -0.92143363 -0.30692309
v -0.20999999 -0.93358195 -0.27461538
v -0.20999999 -0.93666667 -0.24230769
v -0.20999999 -0.93702465 -0.20999999
v -0.20999999 -0.93805760 -0.17769231
v -0.20999999 -0.93900287 -0.14538461
v -0.20999993 -0.93980873 -0.11307686
v -0.20999999 -0.94068921 -0.08076923
v -0.20999999 -0.94195461 -0.04846154
v -0.20999999 -0.94431925 -0.01615385
v -0.20999993 -0.94724417 0.01615385
v -0.20999999 -0.94093668 0.04846154
v -0.20999993 -0.93765956 0.08076923
v -0.20999999 -0.93394834 0.11307693
v -0.20999999 -0.92240697 0.14538461
v -0.18548787 -0.92076921 -0.33923078
v -0.20999999 -0.92076921 -0.30764490
v -0.20222977 -0.92076921 0.04846154
v -0.20999999 -0.90653509 0.04846154
v -0.20544514 -0.92076921 0.08076923
v -0.20999999 -0.91055429 0.08076923
v -0.20740047 -0.92076921 0.11307693
v -0.20999999 -0.91700751 0.11307693
v -0.20980805 -0.92076921 0.14538461
v -0.20999999 -0.92053711 0.14538461
v -0.20999999 -0.92076921 0.14812890
v -0.17915441 -0.92076921 0.37153846
v -0.18669608 -0.92076921 0.40384614
v -0.19306454 -0.92076921 0.43615386
v -0.19322482 -0.92076921 0.46846154
v -0.17957036 -0.88846153 -0.43615386
v -0.18009846 -0.88846153 -0.40384614
v -0.18460113 -0.88846153 -0.37153846
v -0.20685580 -0.88846153 -0.33923078
v -0.20999993 -0.88388407 -0.33923078
v -0.20999999 -0.88846153 -0.33568671
v -0.20999999 -0.88846153 0.04097606
v -0.18766177 -0.88846153 0.37153846
v -0.19340740 -0.88846153 0.40384614
v -0.17819594 -0.88846153 0.43615386
v -0.20261645 -0.85615385 -0.37153846
v -0.20999999 -0.84191066 -0.37153846
v -0.20999993 -0.85615385 -0.36517623
v -0.20999999 -0.85615385 0.03277516
v -0.18134175 -0.85615385 0.33923078
v -0.20999999 -0.82384616 -0.37699300
v -0.20999999 -0.82384616 0.03361741
v -0.18526682 -0.82384616 0.33923078
v -0.20999999 -0.79153848 -0.38087180
v -0.20999999 -0.79153848 0.03468150
v -0.18220846 -0.79153848 0.30692309
v -0.18573134 -0.79153848 0.33923078
v -0.20999999 -0.75923079 -0.38423955
v -0.20999999 -0.75923079 0.03967707
v -0.20999999 -0.72818941 0.04846154
v -0.19258672 -0.75923079 0.30692309
v -0.17917919 -0.75923079 0.33923078
v -0.20999999 -0.72692305 -0.38724974
v -0.20999999 -0.72692305 0.04894638
v -0.17797133 -0.72692305 0.27461538
v -0.20999999 -0.69466275 0.27461538
v -0.19439188 -0.72692305 0.30692309
v -0.20999999 -0.69461536 -0.39254838
v -0.20999999 -0.69461536 0.05971039
v -0.20999999 -0.69461536 0.27457398
v -0.20999999 -0.69461536 0.27467319
v -0.19496706 -0.69461536 0.30692309
v -0.20999999 -0.66230768 -0.39761418
v -0.20999999 -0.66230768 0.06559110
v -0.19994500 -0.66230768 0.24230769
v -0.20999999 -0.65609074 0.24230781
v -0.20999993 -0.66230768 0.25776473
v -0.20999999 -0.66230768 0.28305736
v -0.18842329 -0.66230768 0.30692309
v -0.20999999 -0.63000000 -0.40068826
v -0.20999999 -0.63000000 0.06905612
v -0.18865696 -0.63000000 0.08076923
v -0.18187374 -0.63000000 0.20999999
v -0.20999999 -0.61302197 0.20999999
v -0.20999999 -0.63000000 0.22440563
v -0.20999993 -0.63000000 0.28803739
v -0.20999999 -0.59769231 -0.39953303
v -0.20999999 -0.59769231 0.07881298
v -0.20772289 -0.59769231 0.08076923
v -0.20999999 -0.59195411 0.08076923
v -0.17837539 -0.59769231 0.17769231
v -0.20999999 -0.58465421 0.17769231
v -0.20999999 -0.59769231 0.19133776
v -0.20999999 -0.59769231 0.30472896
v -0.20999999 -0.56538463 -0.39337400
v -0.20999999 -0.56538463 0.08819493
v -0.20999999 -0.54244226 0.14538461
v -0.20999999 -0.56538463 0.16177608
v -0.20999999 -0.56538463 0.29951918
v -0.20999999 -0.53307694 -0.37740242
v -0.20999999 -0.53307694 0.10015380
v -0.18727811 -0.53307694 0.11307693
v -0.20999999 -0.51276565 0.11307693
v -0.20999999 -0.53307694 0.13421895
v -0.19427910 -0.53307694 0.27461538
v -0.20999999 -0.52186424 0.27461538
v -0.20999999 -0.53307694 0.28360665
v -0.20999999 -0.50076926 -0.37257248
v -0.20999993 -0.49551281 -0.37153846
v -0.20999999 -0.50076926 0.25816515
v -0.20999999 -0.46846154 -0.34524366
v -0.20999999 -0.45927837 -0.33923078
v -0.20999999 -0.46846154 0.24436377
v -0.18186104 -0.43615386 -0.33923078
v -0.21000007 -0.43615386 -0.33013371
v -0.20999999 -0.43615386 0.24939953
v -0.20999999 -0.40384614 -0.30998531
v -0.20999999 -0.40109158 -0.30692309
v -0.20999999 -0.40384614 0.26561868
v -0.20999999 -0.37153846 -0.28945675
v -0.20999999 -0.37153846 0.27130109
v -0.20999999 -0.33923078 -0.27571490
v -0.20999999 -0.33775431 -0.27461538
v -0.20999999 -0.33923078 0.27180603
v -0.20999999 -0.30692309 -0.25523075
v -0.20999999 -0.28020963 -0.24230769
v -0.20999999 -0.27841285 -0.20999999
v -0.20999999 -0.27851224 -0.17769231
v -0.20999999 -0.27656209 -0.14538461
v -0.20999999 -0.27475947 -0.11307693
v -0.20999999 -0.30692309 0.27159145
v -0.20524783 -0.27461538 -0.24230769
v -0.20520908 -0.27461538 -0.20999999
v -0.20667253 -0.27461538 -0.17769231
v -0.20878240 -0.27461538 -0.14538461
v -0.20991071 -0.27461538 -0.11307693
v -0.20999999 -0.27461538 -0.08583888
v -0.20999999 -0.27459487 -0.08076923
v -0.20999999 -0.27452338 -0.04846154
v -0.20999999 -0.27363172 -0.01615385
v -0.20999999 -0.26923546 0.01615385
v -0.20999999 -0.25958616 0.04846154
v -0.20999999 -0.24436291 0.24230769
v -0.20999999 -0.27461538 0.26294872
v -0.17924932 -0.24230769 -0.17769231
v -0.18375777 -0.24230769 -0.14538461
v -0.18898572 -0.24230769 -0.11307693
v -0.19356164 -0.24230769 -0.08076923
v -0.19593804 -0.24230775 -0.04846160
v -0.19742221 -0.24230769 -0.01615385
v -0.20121554 -0.24230769 0.01615385
v -0.20623188 -0.24230769 0.04846154
v -0.20999999 -0.24230769 0.05222960
v -0.20999999 -0.24230769 0.24184121
v -0.18116188 -0.20999999 -0.01615385
v -0.18960853 -0.20999999 0.01615385
v -0.19669685 -0.20999999 0.04846154
v -0.20999999 -0.20999999 0.06176463
v -0.20999993 -0.19442047 0.20999999
v -0.20999999 -0.20999999 0.22958311
v -0.18493709 -0.17769231 0.04846154
v -0.20999999 -0.17769231 0.06977796
v -0.20999999 -0.15515208 0.08076923
v -0.20999999 -0.15426362 0.14538461
v -0.20999999 -0.17755951 0.17769231
v -0.20999999 -0.17769231 0.17787422
v -0.20077845 -0.14538461 0.08076923
v -0.20999999 -0.14538461 0.08909363
v -0.20999999 -0.13122424 0.11307693
v -0.20999999 -0.14538461 0.13355504
v -0.19199245 -0.14538461 0.14538461
v -0.17985868 -0.08076923 0.14538461
v -0.20999999 -0.05678212 0.14538461
v -0.18825741 -0.08076923 0.17769231
v -0.20999999 -0.06315815 0.17769231
v -0.19285712 -0.08076923 0.20999999
v -0.20999993 -0.06794477 0.20999999
v -0.19061537 -0.08076923 0.24230769
v -0.20999999 -0.05811956 0.24230769
v -0.18702564 -0.08076923 0.27461538
v -0.18543376 -0.04846154 0.08076923
v -0.20999999 -0.02228542 0.08076923
v -0.20767802 -0.04846154 0.11307693
v -0.20999999 -0.04615299 0.11307693
v -0.20999999 -0.04846160 0.11894297
v -0.20999999 -0.03234861 0.24230769
v -0.20999999 -0.04846154 0.25433916
v -0.19896485 -0.04846154 0.27461538
v -0.18781446 -0.04846154 0.30692309
v -0.19090100 -0.01615385 0.04846154
v -0.20999999 -0.01615385 0.07409211
v -0.20999999 0.01513634 0.20999999
v -0.20999999 -0.01615385 0.22935843
v -0.20236644 -0.01615385 0.24230769
v -0.18960181 -0.01615385 0.27461538
v -0.19107378 0.01615385 0.04846154
v -0.20999999 0.01615385 0.07311368
v -0.20999993 0.02419281 0.08076923
v -0.20999999 0.01615385 0.20951836
v -0.20952132 0.01615397 0.21000013
v -0.18804999 0.01615385 0.24230769
v -0.17901176 0.04846154 0.04846154
v -0.19455406 0.04846154 0.08076923
v -0.20999999 0.04846154 0.10739192
v -0.20999999 0.05532488 0.11307693
v -0.20999999 0.07533429 0.17769231
v -0.20999999 0.04846154 0.19255221
v -0.19602005 0.04846154 0.20999999
v -0.18282925 0.08076923 0.08076923
v -0.19715802 0.08076923 0.11307693
v -0.20999999 0.08076923 0.12944619
v -0.20999999 0.11142989 0.14538461
v -0.20999999 0.08076923 0.17242955
v -0.20673293 0.08076923 0.17769231
v -0.18001170 0.08076923 0.20999999
v -0.18644997 0.11307693 0.11307693
v -0.20902693 0.11307693 0.14538449
v -0.19352178 0.11307693 0.17769231
v -0.19227017 0.14538461 0.14538461
v -0.18077464 0.14538461 0.17769231
v -0.19051284 0.37153846 0.11307693
v -0.20999999 0.39118159 0.11307693
v -0.20999999 0.42958197 0.08076923
v -0.20999999 0.40384614 0.10195464
v -0.20999999 0.40384614 0.14482448
v -0.20999999 0.46561584 0.04846154
v -0.20999999 0.43615386 0.07468233
v -0.20999999 0.43615386 0.12677057
v -0.20999999 0.46846154 0.04571344
v -0.20537786 0.46846154 0.11307693
v -0.20999993 0.47048926 0.11307693
v -0.21000007 0.46846154 0.11426228
v -0.19399786 0.50076926 0.01615385
v -0.20999999 0.51127309 0.01615385
v -0.20999999 0.50076926 0.02416434
v -0.20999999 0.50076926 0.10136381
v -0.20999999 0.55764896 -0.01615385
v -0.20999999 0.53307694 0.00168475
v -0.20999999 0.53307694 0.09240002
v -0.18707660 0.53307694 0.11307693
v -0.17773895 0.53307694 0.14538461
v -0.20999999 0.56538463 -0.02293449
v -0.20999999 0.56538463 0.08473522
v -0.19222519 0.56538463 0.11307693
v -0.18598497 0.56538463 0.14538461
v -0.17890102 0.56538463 0.17769231
v -0.20999999 0.59769231 -0.02952663
v -0.19351795 0.59769231 -0.01615385
v -0.20999999 0.62880403 -0.01615385
v -0.20999999 0.59769243 0.09597287
v -0.19954953 0.59769231 0.11307693
v -0.20999999 0.62330413 0.11307693
v -0.19251844 0.59769231 0.14538461
v -0.18933357 0.59769231 0.17769231
v -0.20999999 0.63000000 -0.01510147
v -0.19135262 0.63000000 0.01615385
v -0.20999999 0.65967643 0.01615385
v -0.20999999 0.63000000 0.12208261
v -0.19978978 0.63000000 0.14538461
v -0.20999999 0.64413881 0.14538461
v -0.19129895 0.63000000 0.17769231
v -0.20999999 0.66230768 0.01884254
v -0.19198775 0.66230768 0.04846154
v -0.20999999 0.68829829 0.04846154
v -0.18581644 0.66230768 0.08076923
v -0.18378654 0.66230768 0.11307693
v -0.18562029 0.66230768 0.14538461
v -0.20999999 0.66230768 0.17427154
v -0.20999999 0.66779393 0.17769231
v -0.20999999 0.69461536 0.06062043
v -0.20218293 0.69461548 0.08076923
v -0.20999999 0.70456749 0.08076923
v -0.20102969 0.69461536 0.11307693
v -0.20999999 0.70673078 0.11307693
v -0.20002161 0.69461536 0.14538461
v -0.20999999 0.71218199 0.14538461
v -0.20373371 0.69461536 0.17769231
v -0.20999999 0.71165437 0.17769231
v -0.20999999 0.69461524 0.18498750
v -0.17769231 -0.92807460 -0.33923078
v -0.17769231 -0.93389612 -0.30692309
v -0.17769231 -0.93650889 -0.27461538
v -0.17769231 -0.93692309 -0.24230769
v -0.17769231 -0.93687278 -0.20999999
v -0.17769231 -0.93712753 -0.17769231
v -0.17769231 -0.93760711 -0.14538461
v -0.17769225 -0.93823284 -0.11307693
v -0.17769231 -0.93893874 -0.08076923
v -0.17769237 -0.94005740 -0.04846160
v -0.17769231 -0.94195461 -0.01615385
v -0.17769237 -0.94592363 0.01615385
v -0.17769231 -0.92349690 0.37153846
v -0.17769231 -0.93539369 0.40384614
v -0.17769231 -0.94236869 0.43615386
v -0.17769231 -0.94556677 0.46846154
v -0.17769231 -0.89048237 -0.43615386
v -0.17769231 -0.89294028 -0.40384614
v -0.15334883 -0.92076921 -0.37153846
v -0.17769231 -0.89970750 -0.37153846
v -0.17769231 -0.92076921 -0.35105374
v -0.17769231 -0.92076921 0.03461544
v -0.17769231 -0.92076921 0.36367980
v -0.17769231 -0.90755934 0.46846154
v -0.17769231 -0.92076921 0.49390060
v -0.17769231 -0.88846153 -0.43803191
v -0.17769231 -0.88601446 -0.43615392
v -0.17769231 -0.88599837 -0.40384614
v -0.17769231 -0.88846153 0.03441973
v -0.17769231 -0.87173420 0.33923078
v -0.17769231 -0.88846153 0.34783629
v -0.17769231 -0.85979646 0.37153846
v -0.17769231 -0.87453461 0.40384614
v -0.17769231 -0.88799512 0.43615386
v -0.17769225 -0.88846153 0.43674159
v -0.16277245 -0.85615385 -0.46846154
v -0.16160519 -0.85615385 -0.43615380
v -0.15699415 -0.85615385 -0.40384614
v -0.17769231 -0.85615385 -0.38306263
v -0.17769231 -0.85615385 0.03540605
v -0.14546873 -0.85615385 0.04846154
v -0.17769231 -0.85615385 0.33457461
v -0.17769231 -0.85615385 0.36271420
v -0.17218404 -0.85615385 0.37153846
v -0.15236245 -0.82384616 -0.50076926
v -0.15448169 -0.82384616 -0.46846154
v -0.14602259 -0.82384616 -0.43615386
v -0.17769231 -0.82384616 -0.38444939
v -0.17769231 -0.82384616 0.03634615
v -0.15104103 -0.82384616 0.04846154
v -0.17769231 -0.79989666 0.30692309
v -0.17769231 -0.82384616 0.32641229
v -0.17769231 -0.82384616 0.34714612
v -0.17769231 -0.79153848 -0.38644132
v -0.17769231 -0.79153848 0.03787327
v -0.15811948 -0.79153848 0.04846154
v -0.17769231 -0.79153848 0.30240691
v -0.17769231 -0.79153848 0.34726986
v -0.17769225 -0.75923079 -0.38900203
v -0.17769231 -0.75923079 0.04262877
v -0.16848949 -0.75923073 0.04846154
v -0.17769231 -0.74444056 0.04846154
v -0.17769231 -0.72723305 0.27461538
v -0.17769231 -0.75923079 0.29008844
v -0.17769231 -0.75438559 0.33923078
v -0.17769231 -0.75923079 0.34071758
v -0.17769237 -0.72692311 -0.39255163
v -0.17769231 -0.72692305 0.05514728
v -0.17769231 -0.72692305 0.27436963
v -0.17769231 -0.72692305 0.33204675
v -0.15170413 -0.69461536 -0.40384614
v -0.17769231 -0.69461536 -0.39980492
v -0.17769231 -0.69461536 0.06704292
v -0.15390307 -0.69461536 0.08076923
v -0.17769231 -0.67714286 0.24230769
v -0.17769231 -0.69461536 0.25326064
v -0.17769237 -0.69461536 0.32242608
v -0.17272194 -0.66230768 -0.40384614
v -0.17769225 -0.66230768 -0.40319899
v -0.17769231 -0.66230768 0.07713969
v -0.17347822 -0.66230768 0.08076923
v -0.17769231 -0.65254307 0.08076923
v -0.17769231 -0.63331324 0.20999999
v -0.17769231 -0.66230768 0.23148501
v -0.14660548 -0.66230768 0.30692309
v -0.17769231 -0.63792205 0.30692309
v -0.17769231 -0.66230768 0.31426385
v -0.17230389 -0.63000000 -0.40384609
v -0.17769231 -0.63000000 -0.40346724
v -0.17769231 -0.63000000 0.08807452
v -0.17769231 -0.59798986 0.17769231
v -0.17769231 -0.63000000 0.20714554
v -0.15871057 -0.63000000 0.20999999
v -0.17769231 -0.63000000 0.30408993
v -0.15176989 -0.59769231 -0.40384614
v -0.17769231 -0.59769231 -0.40139058
v -0.17769231 -0.59769231 0.09692308
v -0.15233102 -0.59769231 0.11307693
v -0.17769231 -0.59769231 0.17739837
v -0.17721763 -0.59769225 0.17769231
v -0.17769231 -0.59769231 0.29358387
v -0.17769237 -0.56538463 -0.39338404
v -0.17769231 -0.56538463 0.10489635
v -0.16871564 -0.56538463 0.11307693
v -0.17769231 -0.54546767 0.11307693
v -0.17769231 -0.55687755 0.14538461
v -0.17769231 -0.56538463 0.15241483
v -0.15216526 -0.56538463 0.17769231
v -0.15009156 -0.56538463 0.27461538
v -0.17769231 -0.54828411 0.27461538
v -0.17769231 -0.56538463 0.28444818
v -0.17769231 -0.53307694 -0.37933686
v -0.14654064 -0.53307694 0.17769231
v -0.17769231 -0.53307694 0.26556632
v -0.17769231 -0.50076926 -0.37428230
v -0.17769231 -0.46969095 -0.37153846
v -0.17769231 -0.50076926 0.25060043
v -0.17626441 -0.46846154 -0.37153846
v -0.17769231 -0.46846154 -0.37076220
v -0.15048581 -0.46846154 0.24230769
v -0.17769231 -0.46846154 0.25325498
v -0.17769231 -0.43615386 -0.34042734
v -0.17769231 -0.43451113 -0.33923078
v -0.15760303 -0.43615386 0.24230769
v -0.17769231 -0.43615386 0.25733978
v -0.17769237 -0.40384614 -0.32541984
v -0.17769231 -0.37474009 -0.30692309
v -0.16210859 -0.40384614 0.24230769
v -0.17769231 -0.40384614 0.25678432
v -0.17456579 -0.37153852 -0.30692309
v -0.17769231 -0.37153846 -0.30541649
v -0.15762492 -0.37153846 0.24230769
v -0.17769231 -0.37153846 0.25996339
v -0.17769231 -0.33923078 -0.28631434
v -0.17769231 -0.31119362 -0.27461538
v -0.17769231 -0.33923078 0.26228961
v -0.17390108 -0.30692309 -0.27461538
v -0.17769231 -0.30692309 -0.27064168
v -0.17769231 -0.30692309 0.26901221
v -0.17769231 -0.27461538 -0.25513476
v -0.17769231 -0.24782367 -0.24230769
v -0.17769231 -0.24312998 -0.20999999
v -0.17769231 -0.24551481 0.24230769
v -0.17769231 -0.27461538 0.26738232
v -0.15888181 -0.24230769 -0.24230769
v -0.17675227 -0.24230775 -0.20999999
v -0.17769231 -0.24230769 -0.20399049
v -0.17769231 -0.24024828 -0.17769231
v -0.17769231 -0.23375055 -0.14538461
v -0.17769231 -0.22500391 -0.11307693
v -0.17769231 -0.21688688 -0.08076923
v -0.17769231 -0.21079043 -0.04846154
v -0.17769231 -0.24230769 0.24053076
v -0.17582713 -0.24230769 0.24230769
v -0.15404029 -0.20999999 -0.17769231
v -0.15683547 -0.20999999 -0.14538461
v -0.16232371 -0.20999999 -0.11307693
v -0.17200084 -0.20999999 -0.08076923
v -0.17691636 -0.20999999 -0.04846154
v -0.17769231 -0.20999999 -0.04297533
v -0.17769231 -0.20573293 -0.01615385
v -0.17769231 -0.18228655 0.01615385
v -0.17769231 -0.17907695 0.20999999
v -0.17769231 -0.20999999 0.23336966
v -0.16770276 -0.21000007 0.24230757
v -0.15229066 -0.17769231 -0.08076923
v -0.15811190 -0.17769231 -0.04846154
v -0.16342729 -0.17769231 -0.01615385
v -0.17483890 -0.17769231 0.01615385
v -0.17769231 -0.17769231 0.02426343
v -0.17769231 -0.16366196 0.04846154
v -0.17769231 -0.15750000 0.17769231
v -0.17769231 -0.17769231 0.20883226
v -0.17648834 -0.17769237 0.20999999
v -0.15138580 -0.14538461 -0.01615385
v -0.16065332 -0.14538461 0.01615385
v -0.16885448 -0.14538461 0.04846154
v -0.17769225 -0.14538461 0.06146021
v -0.17769231 -0.12949704 0.08076923
v -0.17769231 -0.12287816 0.11307693
v -0.17769231 -0.13801894 0.14538461
v -0.17769231 -0.14538461 0.15604116
v -0.15824692 -0.14538461 0.17769231
v -0.16183215 -0.11307693 0.11307693
v -0.15971236 -0.11307693 0.14538461
v -0.17769231 -0.08293562 0.14538461
v -0.15597288 -0.11307693 0.17769231
v -0.17769231 -0.09050391 0.17769231
v -0.14694594 -0.11307693 0.20999999
v -0.17769231 -0.09256412 0.20999999
v -0.17769231 -0.09126581 0.24230769
v -0.17769231 -0.09010257 0.27461538
v -0.14580192 -0.08076923 0.08076923
v -0.17769231 -0.05459589 0.08076923
v -0.16974911 -0.08076923 0.11307693
v -0.17769231 -0.07324765 0.11307693
v -0.17769231 -0.08076923 0.13916646
v -0.17769231 -0.08076923 0.30188808
v -0.17543830 -0.08076929 0.30692309
v -0.17769225 -0.07620815 0.30692309
v -0.15975057 -0.08076923 0.33923078
v -0.15145254 -0.08076923 0.37153846
v -0.15968801 -0.04846154 0.04846154
v -0.17769231 -0.03073171 0.04846154
v -0.17769231 -0.04846154 0.07126699
v -0.17769231 -0.02567445 0.30692309
v -0.17769231 -0.04846154 0.32302183
v -0.16752264 -0.04846154 0.33923078
v -0.15854701 -0.04846154 0.37153846
v -0.16162349 -0.01615385 0.01615385
v -0.17769231 -0.01615385 0.03427294
v -0.17769231 0.00436592 0.27461538
v -0.17769231 -0.01615385 0.29900834
v -0.17251962 -0.01615385 0.30692309
v -0.15650696 -0.01615385 0.33923078
v -0.14584494 -0.01615385 0.37153846
v -0.17268281 0.01615385 0.01615385
v -0.17769231 0.01615385 0.02333725
v -0.17769231 0.03750379 0.24230769
v -0.17769231 0.01615385 0.26114345
v -0.16953990 0.01615385 0.27461538
v -0.15709773 0.01615385 0.30692309
v -0.15467729 0.04846154 0.01615385
v -0.17769231 0.04846154 0.04671912
v -0.17769231 0.05191065 0.04846154
v -0.17769231 0.04846154 0.23518443
v -0.17139336 0.04846154 0.24230757
v -0.15676424 0.04846154 0.27461538
v -0.16920590 0.08076923 0.04846154
v -0.17769231 0.08076923 0.06956795
v -0.17769231 0.09254397 0.08076923
v -0.17769237 0.08521772 0.20999987
v -0.17769225 0.08076923 0.21236049
v -0.15752409 0.08076923 0.24230769
v -0.15713871 0.11307693 0.04846154
v -0.16968182 0.11307693 0.08076923
v -0.17769231 0.11307693 0.09595167
v -0.17769231 0.12950696 0.11307693
v -0.17769231 0.11307693 0.19744945
v -0.16714977 0.11307693 0.20999999
v -0.14563350 0.11307693 0.24230769
v -0.15587947 0.14538461 0.08076923
v -0.16915125 0.14538461 0.11307693
v -0.17769225 0.14538461 0.12410185
v -0.17769231 0.17727710 0.14538461
v -0.17769231 0.15223169 0.17769231
v -0.17769231 0.14538461 0.18077464
v -0.15829560 0.14538461 0.20999999
v -0.15709773 0.17769231 0.11307693
v -0.17740305 0.17769231 0.14538474
v -0.16859110 0.17769231 0.17769231
v -0.15680650 0.17769231 0.20999999
v -0.16045250 0.20999999 0.14538461
v -0.16342729 0.20999999 0.17769231
v -0.16101055 0.20999999 0.20999999
v -0.15811190 0.20999999 0.24230769
v -0.15403450 0.20999999 0.27461538
v -0.14624450 0.30692309 0.11307693
v -0.16435133 0.33923078 0.11307693
v -0.17769231 0.35620257 0.11307693
v -0.14684303 0.33923078 0.14538461
v -0.14868657 0.37153846 0.08076923
v -0.17769231 0.37153846 0.10180674
v -0.17769231 0.37153846 0.14502683
v -0.17746997 0.40384603 0.08076923
v -0.17769231 0.40406835 0.08076923
v -0.17769231 0.40384614 0.08099440
v -0.17769231 0.40384614 0.12976207
v -0.17380655 0.43615386 0.04846154
v -0.17769225 0.43914646 0.04846154
v -0.17769225 0.43615386 0.05129960
v -0.17769231 0.45490715 0.11307693
v -0.17769231 0.43615386 0.12082774
v -0.15531470 0.43615386 0.14538461
v -0.15009390 0.46846154 0.01615385
v -0.17769231 0.48905563 0.01615385
v -0.17769231 0.46846154 0.02864081
v -0.17769231 0.46846154 0.10707580
v -0.17169112 0.46846154 0.11307693
v -0.16138360 0.46846154 0.14538461
v -0.14559308 0.46846154 0.17769231
v -0.17769231 0.50076926 0.00806756
v -0.17769231 0.50076926 0.11243679
v -0.17705218 0.50076926 0.11307693
v -0.17769231 0.50228959 0.11307704
v -0.16880129 0.50076926 0.14538461
v -0.17769231 0.53295428 0.14538461
v -0.15625739 0.50076926 0.17769231
v -0.17769225 0.53828782 -0.01615385
v -0.17769225 0.53307694 -0.01511564
v -0.17769231 0.53307694 0.14555556
v -0.16728206 0.53307694 0.17769231
v -0.17769231 0.56134355 0.17769231
v -0.17769231 0.56538463 -0.02091070
v -0.17293546 0.56538463 -0.01615385
v -0.17769231 0.57194108 -0.01615385
v -0.15258189 0.56538463 0.01615385
v -0.17769231 0.56538463 0.17890109
v -0.17769231 0.59769231 0.00709910
v -0.17097649 0.59769219 0.01615385
v -0.17769225 0.60767406 0.01615385
v -0.15693708 0.59769231 0.04846154
v -0.14883409 0.59769231 0.08076923
v -0.14840490 0.59769231 0.11307693
v -0.14962600 0.59769231 0.14538461
v -0.15417179 0.59769231 0.17769231
v -0.17769231 0.59769231 0.18957402
v -0.17769231 0.63000000 0.03852067
v -0.17097490 0.63000000 0.04846154
v -0.17769231 0.63955587 0.04846154
v -0.16569598 0.63000000 0.08076923
v -0.17769231 0.65059406 0.08076923
v -0.16442409 0.63000011 0.11307693
v -0.17769231 0.65433997 0.11307693
v -0.16438916 0.63000000 0.14538449
v -0.17769231 0.65707916 0.14538461
v -0.16490260 0.63000000 0.17769231
v -0.17769231 0.65734971 0.17769231
v -0.17769231 0.63000000 0.19157612
v -0.14538461 -0.92535985 -0.37153846
v -0.14538461 -0.93396699 -0.33923078
v -0.14538461 -0.93634802 -0.30692309
v -0.14538461 -0.93671858 -0.27461538
v -0.14538461 -0.93692309 -0.24230769
v -0.14538461 -0.93692309 -0.20999999
v -0.14538461 -0.93687278 -0.17769231
v -0.14538461 -0.93687278 -0.14538461
v -0.14538461 -0.93717951 -0.11307693
v -0.14538461 -0.93788588 -0.08076923
v -0.14538461 -0.93903506 -0.04846154
v -0.14538461 -0.94108057 -0.01615385
v -0.14538461 -0.94470084 0.01615397
v -0.14538461 -0.92544955 0.37153846
v -0.14538461 -0.93578547 0.40384614
v -0.14538461 -0.94358003 0.43615386
v -0.14538461 -0.94816941 0.46846154
v -0.13595510 -0.92076921 -0.43615386
v -0.14538468 -0.91672802 -0.43615386
v -0.13279209 -0.92076921 -0.40384614
v -0.14538468 -0.91818696 -0.40384614
v -0.14538461 -0.92076921 -0.39277637
v -0.14538461 -0.92076921 0.04133889
v -0.12979078 -0.92076921 0.04846154
v -0.14538461 -0.92076921 0.36693579
v -0.14538461 -0.90049183 0.46846154
v -0.14538461 -0.92076921 0.49987188
v -0.13522382 -0.88846153 -0.46846154
v -0.14538461 -0.88160592 -0.46846154
v -0.14538461 -0.88846153 -0.46177578
v -0.14538461 -0.88846153 0.04550368
v -0.14004827 -0.88846153 0.04846154
v -0.14538461 -0.85671145 0.04846154
v -0.14538461 -0.88196117 0.33923078
v -0.14538461 -0.88846153 0.35503089
v -0.14538461 -0.86272806 0.40384614
v -0.11836366 -0.88846153 0.43615386
v -0.14538455 -0.87586701 0.43615386
v -0.14538461 -0.88846153 0.45442626
v -0.12501392 -0.85615385 -0.50076926
v -0.14538461 -0.83532304 -0.50076926
v -0.14538461 -0.85615385 -0.48990774
v -0.14538461 -0.83588916 -0.40384614
v -0.14538461 -0.85615385 0.04851860
v -0.14538461 -0.85615385 0.32771090
v -0.12939173 -0.85615385 0.37153846
v -0.14538461 -0.84438407 0.37153846
v -0.14538461 -0.85615385 0.38819540
v -0.14538461 -0.82384616 -0.50831205
v -0.14538461 -0.80598921 -0.50076926
v -0.14538461 -0.79646772 -0.46846154
v -0.14538461 -0.82267952 -0.43615386
v -0.14538461 -0.82384616 -0.43427923
v -0.13418463 -0.82384616 -0.40384620
v -0.14538461 -0.82384616 -0.39592162
v -0.14538461 -0.82384616 0.05211104
v -0.14538461 -0.81503499 0.30692309
v -0.14538461 -0.82384616 0.31270224
v -0.14538461 -0.82384616 0.36021775
v -0.12532394 -0.79153848 -0.53307694
v -0.12293756 -0.79153848 -0.50076926
v -0.13332956 -0.79153848 -0.46846154
v -0.11317699 -0.79153848 -0.43615386
v -0.14538461 -0.79153848 -0.39221543
v -0.14538461 -0.79153848 0.05624144
v -0.14538461 -0.79153848 0.29664329
v -0.11601401 -0.79153848 0.30692309
v -0.14538461 -0.79153848 0.35457960
v -0.11596958 -0.75923079 -0.56538463
v -0.11541807 -0.75923079 -0.53307694
v -0.11696503 -0.75923079 -0.50076926
v -0.11501352 -0.75923079 -0.46846154
v -0.14538468 -0.75923079 -0.39511535
v -0.14538461 -0.75923079 0.05996760
v -0.14538461 -0.74896246 0.27461538
v -0.14538461 -0.75923079 0.28123853
v -0.11464760 -0.75923079 0.30692309
v -0.14003767 -0.75923079 0.33923078
v -0.14538461 -0.75372994 0.33923078
v -0.14538461 -0.75923079 0.34245694
v -0.11503767 -0.72692305 -0.56538463
v -0.12393664 -0.72692305 -0.40384614
v -0.14538461 -0.70171511 -0.40384614
v -0.14538461 -0.72692305 -0.40029636
v -0.14538461 -0.72692305 0.07093645
v -0.12951417 -0.72692305 0.08076923
v -0.14538461 -0.70654887 0.08076923
v -0.14538461 -0.72692305 0.26305819
v -0.13174877 -0.72692305 0.27461538
v -0.11953849 -0.72692305 0.30692309
v -0.14538461 -0.72692305 0.32789356
v -0.14538461 -0.69461536 -0.40503189
v -0.14538461 -0.69461536 0.08735934
v -0.14538455 -0.69320375 0.24230769
v -0.14538461 -0.69461542 0.24297518
v -0.12673643 -0.69461536 0.27461538
v -0.13024525 -0.69461536 0.30692309
v -0.14538461 -0.66290784 0.30692309
v -0.14538461 -0.69461536 0.31911710
v -0.14538461 -0.66230768 -0.40898520
v -0.14538461 -0.66230768 0.09698310
v -0.11321292 -0.66230768 0.11307693
v -0.14538461 -0.66230768 0.22971462
v -0.13526665 -0.66230768 0.24230769
v -0.12703845 -0.66230768 0.27461538
v -0.14538461 -0.66230768 0.30655432
v -0.14538461 -0.63000000 -0.40752426
v -0.14538461 -0.63000000 0.10526793
v -0.13402121 -0.63000000 0.11307693
v -0.14538461 -0.61132926 0.11307693
v -0.14538461 -0.61434668 0.20999999
v -0.14538461 -0.63000000 0.21341337
v -0.13352977 -0.63000000 0.24230769
v -0.12822811 -0.63000000 0.27461538
v -0.14538461 -0.63000000 0.29401252
v -0.14538461 -0.59769231 -0.40446812
v -0.14538461 -0.59308350 -0.40384614
v -0.14538461 -0.59769231 0.11917812
v -0.14538461 -0.59769231 0.20663889
v -0.14322920 -0.59769231 0.20999987
v -0.13211757 -0.59769231 0.24230769
v -0.13451813 -0.59769231 0.27461538
v -0.14538461 -0.56984651 0.27461538
v -0.14538461 -0.59769231 0.28492340
v -0.11573955 -0.56538463 -0.40384614
v -0.14538461 -0.56538463 -0.39907736
v -0.14538461 -0.56538463 0.13104689
v -0.12185960 -0.56538463 0.14538461
v -0.14538461 -0.53368449 0.14538461
v -0.14538455 -0.56538457 0.19347481
v -0.13831978 -0.56538463 0.20999999
v -0.13162620 -0.56538463 0.24230769
v -0.14538461 -0.56538463 0.27150360
v -0.14538461 -0.53307694 -0.38524476
v -0.14538461 -0.53307694 0.15399173
v -0.14538455 -0.52170938 0.17769231
v -0.14538461 -0.53307694 0.17989874
v -0.13443518 -0.53307694 0.20999999
v -0.13363637 -0.53307694 0.24230769
v -0.14538461 -0.53307694 0.25511435
v -0.14538461 -0.50076926 -0.37676758
v -0.13517846 -0.50076926 0.20999999
v -0.14336169 -0.50076926 0.24230769
v -0.14538468 -0.48752081 0.24230769
v -0.14538461 -0.50076926 0.24433061
v -0.14538461 -0.46846154 -0.37415418
v -0.14538461 -0.45668432 -0.37153846
v -0.14074953 -0.46846154 0.20999987
v -0.14538461 -0.46846154 0.22684525
v -0.11447704 -0.43615386 -0.37153846
v -0.14538461 -0.43615386 -0.35800701
v -0.14538461 -0.41210783 -0.33923078
v -0.14538468 -0.43615386 0.21246056
v -0.13691165 -0.40384614 -0.33923078
v -0.14538468 -0.40384614 -0.33694565
v -0.14538461 -0.40384614 0.22437026
v -0.14538461 -0.37153846 -0.31781811
v -0.14538461 -0.35210335 -0.30692309
v -0.14538461 -0.37153846 0.23627305
v -0.13342181 -0.37153846 0.24230781
v -0.14538455 -0.35870272 0.24230769
v -0.13184194 -0.33923078 -0.30692309
v -0.14538468 -0.33923078 -0.30032355
v -0.14538461 -0.33923078 0.25132471
v -0.11662228 -0.33923078 0.27461538
v -0.14538461 -0.30692309 -0.28599876
v -0.14538461 -0.28208205 -0.27461538
v -0.14538461 -0.30692309 0.27412143
v -0.14488442 -0.30692309 0.27461538
v -0.13464981 -0.27461538 -0.27461538
v -0.14538461 -0.27461544 -0.26970312
v -0.14538461 -0.27461538 0.27345935
v -0.14356528 -0.27461538 0.27461550
v -0.14538461 -0.24230769 -0.24492022
v -0.14538461 -0.23898521 -0.24230769
v -0.14538461 -0.21024637 -0.20999999
v -0.14538461 -0.24230769 0.26626265
v -0.12754805 -0.24230769 0.27461538
v -0.14381628 -0.20999999 -0.20999999
v -0.14538461 -0.20999999 -0.20965165
v -0.14538468 -0.20147713 -0.17769231
v -0.14538461 -0.19085471 -0.14538461
v -0.14538461 -0.17789498 -0.11307693
v -0.14538461 -0.17983299 0.24230769
v -0.14538461 -0.20999999 0.25765711
v -0.11408358 -0.17769231 -0.17769231
v -0.12755169 -0.17769231 -0.14538461
v -0.14526574 -0.17769231 -0.11307698
v -0.14538461 -0.17769231 -0.11272679
v -0.14538455 -0.16786440 -0.08076923
v -0.14538461 -0.15151897 -0.04846154
v -0.14538461 -0.14911774 0.20999999
v -0.14538461 -0.17769231 0.24069850
v -0.14361243 -0.17769231 0.24230769
v -0.12906680 -0.14538461 -0.08076923
v -0.14104278 -0.14538461 -0.04846154
v -0.14538461 -0.14538461 -0.03552523
v -0.14538461 -0.13941388 -0.01615385
v -0.14538461 -0.12534662 0.01615385
v -0.14538461 -0.11352190 0.04846154
v -0.14538461 -0.11417416 0.08076923
v -0.14538461 -0.14538461 0.20218830
v -0.14175507 -0.14538461 0.20999999
v -0.14538461 -0.12232799 0.20999999
v -0.12188813 -0.14538461 0.24230769
v -0.12908614 -0.11307693 0.01615385
v -0.14493693 -0.11307693 0.04846141
v -0.14428738 -0.11307693 0.08076923
v -0.14538461 -0.08953287 0.08076923
v -0.14538461 -0.11307693 0.08317225
v -0.14538455 -0.11307686 0.21729174
v -0.14056553 -0.11307693 0.24230769
v -0.14538461 -0.10828341 0.24230769
v -0.13600846 -0.11307693 0.27461538
v -0.14538461 -0.10613970 0.27461538
v -0.13148589 -0.11307693 0.30692309
v -0.14538461 -0.10690942 0.30692309
v -0.14538461 -0.09664578 0.33923078
v -0.14538461 -0.08683715 0.37153846
v -0.12046497 -0.08076923 0.04846154
v -0.14538461 -0.05861537 0.04846154
v -0.14538461 -0.08076923 0.08034132
v -0.14538461 -0.08076923 0.38625085
v -0.13820966 -0.08076917 0.40384614
v -0.12328671 -0.08076923 0.43615386
v -0.12881421 -0.04846154 0.01615385
v -0.14538461 -0.03283160 0.01615385
v -0.14538461 -0.04846154 0.03411371
v -0.14538461 -0.04846154 0.40156034
v -0.14377758 -0.04846154 0.40384614
v -0.12114435 -0.04846154 0.43615386
v -0.11890969 -0.04846154 0.46846154
v -0.11341664 -0.01615385 -0.01615385
v -0.14538461 -0.01615385 0.00282611
v -0.14538461 0.00141151 0.33923078
v -0.14538455 -0.01558051 0.37153846
v -0.14538455 -0.01615385 0.37238452
v -0.13356139 -0.01615385 0.40384614
v -0.14538461 0.01615385 0.00028137
v -0.14538461 0.04020295 0.30692309
v -0.14538461 0.01615385 0.32512745
v -0.13550310 0.01615385 0.33923078
v -0.13072011 0.01615385 0.37153846
v -0.11772316 0.01615385 0.40384614
v -0.14538461 0.04846154 0.00866837
v -0.14538468 0.06260072 0.01615385
v -0.14538461 0.07827415 0.27461538
v -0.14538461 0.04846154 0.29838508
v -0.14010558 0.04846154 0.30692321
v -0.12682363 0.04846154 0.33923078
v -0.12161805 0.04846154 0.37153846
v -0.11704754 0.08076923 0.01615385
v -0.14538461 0.08076923 0.02517667
v -0.14538461 0.08076923 0.27230418
v -0.14397834 0.08076923 0.27461538
v -0.12933306 0.08076923 0.30692309
v -0.12641495 0.08076923 0.33923078
v -0.12117276 0.08076923 0.37153846
v -0.11345115 0.08076923 0.40384614
v -0.14538461 0.11307693 0.03670751
v -0.14538461 0.13357019 0.04846154
v -0.14538461 0.11502344 0.24230769
v -0.14538461 0.11307693 0.24267681
v -0.13240117 0.11307693 0.27461538
v -0.12938359 0.11307704 0.30692309
v -0.12711880 0.11307693 0.33923078
v -0.12215212 0.11307693 0.37153846
v -0.11479747 0.11307693 0.40384614
v -0.12670815 0.14538461 0.04846154
v -0.14538461 0.14538461 0.06164705
v -0.14538461 0.17079890 0.08076923
v -0.14538461 0.14538461 0.23733479
v -0.14189489 0.14538461 0.24230769
v -0.13183998 0.14538461 0.27461538
v -0.12959206 0.14538461 0.30692309
v -0.12848687 0.14538461 0.33923078
v -0.12220419 0.14538461 0.37153846
v -0.14167571 0.17769231 0.08076923
v -0.14538461 0.17769231 0.08676826
v -0.14538461 0.20536295 0.11307693
v -0.14538461 0.17769231 0.23783430
v -0.14277443 0.17769231 0.24230769
v -0.14538461 0.18154047 0.24230769
v -0.13413286 0.17769231 0.27461538
v -0.14538461 0.19687501 0.27461538
v -0.13147277 0.17769231 0.30692309
v -0.12499999 0.17769231 0.33923078
v -0.11590833 0.20999999 0.08076923
v -0.14257324 0.20999999 0.11307693
v -0.14538468 0.20999999 0.11697945
v -0.14538461 0.23951572 0.14538461
v -0.14538461 0.24202004 0.17769231
v -0.14538461 0.23088013 0.20999999
v -0.14538461 0.22277573 0.24230769
v -0.14538461 0.21864988 0.27461538
v -0.14538461 0.20999999 0.29244560
v -0.13422382 0.20999999 0.30692309
v -0.12281154 0.24230769 0.11307693
v -0.14339502 0.24230769 0.14538461
v -0.14509517 0.24230769 0.17769231
v -0.12406549 0.24230769 0.20999999
v -0.13270859 0.27461538 0.11307693
v -0.14538461 0.30553558 0.11307693
v -0.12923077 0.27461538 0.14538461
v -0.11690698 0.30692309 0.08076923
v -0.14538461 0.30692309 0.11220645
v -0.14538461 0.30692309 0.11411341
v -0.11849973 0.30692309 0.14538461
v -0.14538461 0.33793139 0.14538461
v -0.12962478 0.33923078 0.08076923
v -0.14538461 0.36709723 0.08076923
v -0.14538461 0.33923078 0.09558933
v -0.14538461 0.34094030 0.14538461
v -0.14538461 0.33923078 0.14646423
v -0.14538461 0.37153846 0.07787546
v -0.14538461 0.37153846 0.13303532
v -0.13238268 0.37153846 0.14538461
v -0.13692977 0.40384614 0.04846154
v -0.14538461 0.41199049 0.04846154
v -0.14538461 0.40384614 0.05466035
v -0.14538461 0.40384614 0.14185478
v -0.14183506 0.40384614 0.14538461
v -0.14538461 0.41084248 0.14538461
v -0.14538461 0.46492061 0.01615385
v -0.14538461 0.43615386 0.03357070
v -0.14538461 0.43615386 0.15932894
v -0.14538461 0.46810648 0.17769231
v -0.14538461 0.46846154 0.01317910
v -0.14412561 0.46846166 0.17769231
v -0.14538468 0.46846154 0.17790072
v -0.14538461 0.50076926 -0.00538466
v -0.12244421 0.50076926 0.01615385
v -0.14538461 0.50076926 0.18752509
v -0.14538461 0.53307694 0.00547586
v -0.13905296 0.53307694 0.01615385
v -0.14538461 0.54807699 0.01615385
v -0.12680323 0.53307694 0.04846154
v -0.11884172 0.53307694 0.08076923
v -0.11763036 0.53307694 0.11307693
v -0.11797982 0.53307694 0.14538461
v -0.12159266 0.53307694 0.17769231
v -0.14538455 0.53307706 0.18949342
v -0.14538461 0.56538463 0.03610373
v -0.14059110 0.56538463 0.04846154
v -0.14538468 0.57312310 0.04846154
v -0.13116004 0.56538463 0.08076923
v -0.14538461 0.59336001 0.08076923
v -0.13041280 0.56538451 0.11307693
v -0.14538461 0.59412658 0.11307693
v -0.13150474 0.56538463 0.14538461
v -0.14538461 0.59294283 0.14538461
v -0.13182475 0.56538463 0.17769231
v -0.14538461 0.59044617 0.17769231
v -0.14538455 0.56538475 0.19120282
v -0.11307693 -0.92908978 -0.43615386
v -0.11307693 -0.92461592 -0.40384614
v -0.11307693 -0.93197805 -0.37153846
v -0.11307693 -0.93454921 -0.33923078
v -0.11307693 -0.93573052 -0.30692309
v -0.11307693 -0.93661439 -0.27461538
v -0.11307693 -0.93692309 -0.24230769
v -0.11307693 -0.93692309 -0.20999999
v -0.11307693 -0.93692309 -0.17769231
v -0.11307693 -0.93687278 -0.14538461
v -0.11307693 -0.93687278 -0.11307693
v -0.11307693 -0.93739057 -0.08076923
v -0.11307693 -0.93853289 -0.04846154
v -0.11307693 -0.94061273 -0.01615385
v -0.11307693 -0.94394964 0.01615385
v -0.11307693 -0.93421918 0.04846154
v -0.11307693 -0.92634499 0.37153846
v -0.11307693 -0.94146901 0.40384614
v -0.11307693 -0.94755524 0.43615371
v -0.11307698 -0.94350070 0.46846142
v -0.08904908 -0.92076921 -0.46846154
v -0.11307693 -0.90448332 -0.46846154
v -0.11307693 -0.92076921 -0.44826922
v -0.11307693 -0.92076921 0.05597671
v -0.11307693 -0.92076921 0.36882204
v -0.11013608 -0.92076921 0.37153846
v -0.10096992 -0.92076921 0.40384614
v -0.09618207 -0.92076921 0.43615386
v -0.11307693 -0.89333475 0.43615386
v -0.10443949 -0.92076921 0.46846154
v -0.11307693 -0.91213179 0.46846154
v -0.11307693 -0.92076921 0.47977644
v -0.11307693 -0.86373627 -0.50076926
v -0.11307693 -0.88846153 -0.48066074
v -0.11307693 -0.88846153 0.05936457
v -0.11307693 -0.88278919 0.33923078
v -0.11307693 -0.88846153 0.34383801
v -0.09959680 -0.88846153 0.37153846
v -0.11307693 -0.86861771 0.37153846
v -0.09634358 -0.88846153 0.40384614
v -0.11307693 -0.87435365 0.40384614
v -0.11307693 -0.88846153 0.43133450
v -0.11307693 -0.85615385 -0.50798357
v -0.11307693 -0.85615385 0.06238923
v -0.11307693 -0.85615385 0.32970473
v -0.10549162 -0.85615385 0.33923090
v -0.11307693 -0.85615385 0.35713738
v -0.11220725 -0.82384616 -0.53307694
v -0.11307686 -0.82198620 -0.53307694
v -0.11307693 -0.82384616 -0.53240126
v -0.11307693 -0.79844069 -0.40384614
v -0.11307693 -0.82384616 0.06584080
v -0.11307693 -0.82384616 0.32718885
v -0.10638693 -0.82384616 0.33923078
v -0.11307698 -0.82384616 0.34646901
v -0.09106510 -0.79153848 -0.56538463
v -0.11307693 -0.76588148 -0.56538463
v -0.11307693 -0.79153848 -0.54937828
v -0.11307693 -0.79078919 -0.43615386
v -0.11307693 -0.79153848 -0.43583471
v -0.10553963 -0.79153848 -0.40384614
v -0.11307686 -0.79153848 -0.39923695
v -0.11307693 -0.79153848 0.06901520
v -0.08617225 -0.79153848 0.08076923
v -0.11307693 -0.79153848 0.33693621
v -0.11296859 -0.79153848 0.33923078
v -0.11307686 -0.79134643 0.33923078
v -0.11307693 -0.79153848 0.33933848
v -0.11307693 -0.75923079 -0.56906152
v -0.08678798 -0.75923079 -0.53307694
v -0.11307693 -0.72874802 -0.53307694
v -0.11307693 -0.74301863 -0.50076926
v -0.11307686 -0.75082004 -0.46846154
v -0.11307698 -0.75923079 -0.45511475
v -0.10825389 -0.75923079 -0.40384614
v -0.11307693 -0.74610388 -0.40384614
v -0.11307693 -0.75923079 -0.40252092
v -0.11307693 -0.75923079 0.07736006
v -0.10823239 -0.75923079 0.08076923
v -0.11307693 -0.75255710 0.08076923
v -0.11307693 -0.72692305 -0.56799036
v -0.11307686 -0.72246581 -0.56538457
v -0.11307693 -0.72692305 -0.53531265
v -0.11250217 -0.72692305 -0.53307694
v -0.09321737 -0.72692305 -0.50076926
v -0.11307693 -0.72692305 -0.41202530
v -0.11307693 -0.72692305 0.09084369
v -0.11307693 -0.69461536 -0.41696876
v -0.11307693 -0.69461536 0.10165504
v -0.08971392 -0.69461536 0.11307693
v -0.11307693 -0.66251546 0.11307693
v -0.11307693 -0.66230768 -0.41813987
v -0.11307693 -0.66230768 0.11319093
v -0.11307693 -0.63000000 -0.41643700
v -0.11307693 -0.63000000 0.12503332
v -0.11307693 -0.59769231 -0.40945023
v -0.11307693 -0.59769231 0.13654679
v -0.09852334 -0.59769231 0.14538461
v -0.11307693 -0.57865524 0.14538461
v -0.11307693 -0.56538463 -0.40414268
v -0.11307693 -0.56358558 -0.40384614
v -0.11307693 -0.56538463 0.15210204
v -0.11307693 -0.53307694 -0.39467236
v -0.11307693 -0.53307694 0.16757014
v -0.09507343 -0.53307694 0.17769231
v -0.11307693 -0.50966787 0.17769231
v -0.11307693 -0.50076926 -0.38406870
v -0.11307693 -0.50076926 0.18254504
v -0.11307693 -0.46846154 -0.37707877
v -0.11307693 -0.46846154 0.19723019
v -0.09262901 -0.46846154 0.20999999
v -0.11307693 -0.44105309 0.20999999
v -0.11307693 -0.43615386 -0.37173977
v -0.11307693 -0.43579206 -0.37153846
v -0.11307693 -0.43615386 0.21326499
v -0.11307693 -0.40384614 -0.34734288
v -0.11307686 -0.39405763 -0.33923078
v -0.11307693 -0.40384614 0.23345359
v -0.10177174 -0.40384614 0.24230769
v -0.11307686 -0.38854250 0.24230769
v -0.09220283 -0.37153846 -0.33923078
v -0.11307693 -0.37153846 -0.32916936
v -0.11307693 -0.37153846 0.25242910
v -0.08875742 -0.37153846 0.27461538
v -0.11307693 -0.34293649 0.27461538
v -0.11307693 -0.33923078 -0.31507692
v -0.11307693 -0.32640451 -0.30692309
v -0.11307686 -0.33923078 0.27787840
v -0.08782674 -0.30692309 -0.30692309
v -0.11307693 -0.30692309 -0.29606393
v -0.11307693 -0.30692309 0.29092601
v -0.11307693 -0.27461538 -0.28256863
v -0.11307693 -0.26194689 -0.27461538
v -0.11307686 -0.27461538 0.28709939
v -0.08249200 -0.24230769 -0.27461538
v -0.11307693 -0.24230769 -0.25716928
v -0.11307693 -0.22458020 -0.24230769
v -0.11307693 -0.21529956 0.27461538
v -0.11307693 -0.24230769 0.28145900
v -0.11307693 -0.20999999 -0.21450162
v -0.11307693 -0.20615448 -0.20999999
v -0.11307693 -0.20999999 0.27299693
v -0.11133438 -0.20999999 0.27461538
v -0.11307693 -0.17769231 -0.17942746
v -0.11307686 -0.17693134 -0.17769225
v -0.11307693 -0.17083581 -0.14538461
v -0.11307693 -0.14590064 -0.11307693
v -0.11307693 -0.17769231 0.26180366
v -0.09420511 -0.17769231 0.27461538
v -0.11253619 -0.14538461 -0.11307693
v -0.11307693 -0.14538461 -0.11239772
v -0.11307693 -0.13315159 -0.08076923
v -0.11307693 -0.12537551 -0.04846154
v -0.11307693 -0.11430320 -0.01615385
v -0.11307686 -0.14538461 0.25080216
v -0.08256021 -0.14538461 0.27461538
v -0.11307693 -0.12583311 0.27461538
v -0.11307693 -0.12076926 0.30692309
v -0.09565964 -0.11307693 -0.04846154
v -0.11184325 -0.11307693 -0.01615385
v -0.11307693 -0.11307693 -0.01387038
v -0.11307693 -0.10009125 0.01615385
v -0.11307693 -0.11307693 0.33085474
v -0.10514167 -0.11307693 0.33923078
v -0.11307693 -0.10989168 0.33923078
v -0.11307693 -0.10100110 0.37153846
v -0.11307693 -0.09702796 0.40384614
v -0.11307693 -0.09089139 0.43615386
v -0.09613425 -0.08076923 0.01615385
v -0.11307693 -0.06163251 0.01615385
v -0.11307693 -0.08076923 0.03965895
v -0.11307693 -0.08076923 0.46078527
v -0.10649975 -0.08076929 0.46846154
v -0.11307693 -0.06809678 0.46846154
v -0.09932899 -0.04846154 -0.01615385
v -0.11307693 -0.01672718 -0.01615385
v -0.11307693 -0.04846154 -0.00048953
v -0.11307693 -0.01815471 0.43615386
v -0.11307693 -0.02562749 0.46846154
v -0.11307693 -0.04846154 0.48653850
v -0.10827620 -0.04846154 0.50076926
v -0.11307693 -0.01615385 -0.01644310
v -0.11307693 -0.01476809 -0.01615385
v -0.11307693 -0.01615385 0.43540907
v -0.11238226 -0.01615385 0.43615386
v -0.11037110 -0.01615385 0.46846154
v -0.10893950 -0.01615385 0.50076926
v -0.10219521 0.01615385 -0.01615385
v -0.11307698 0.01615372 -0.01073431
v -0.11307693 0.04431869 0.40384614
v -0.11307693 0.01615385 0.41846967
v -0.10762239 0.01615385 0.43615386
v -0.10359144 0.01615385 0.46846154
v -0.09080783 0.01615385 0.50076926
v -0.11307693 0.04846154 0.00073170
v -0.11307693 0.04846154 0.40176788
v -0.11229796 0.04846154 0.40384614
v -0.11307693 0.07037532 0.40384614
v -0.10506637 0.04846154 0.43615398
v -0.09672163 0.04846154 0.46846154
v -0.11307693 0.08076923 0.01448993
v -0.11307693 0.08325999 0.01615385
v -0.11307693 0.08076923 0.40500823
v -0.10504992 0.08076923 0.43615386
v -0.11307693 0.11307693 0.02888114
v -0.11307693 0.11498979 0.40384614
v -0.11307693 0.11307693 0.40556663
v -0.11307693 0.14538461 0.04219532
v -0.11307693 0.15354091 0.04846154
v -0.11307693 0.15503092 0.37153846
v -0.11307693 0.14538461 0.38141894
v -0.11307698 0.17769231 0.06190340
v -0.11307693 0.19116583 0.33923078
v -0.11307693 0.17769231 0.35169801
v -0.11307693 0.20999999 0.07811653
v -0.11307698 0.21430886 0.08076923
v -0.11307693 0.23664549 0.24230769
v -0.11307693 0.22706018 0.27461538
v -0.11307693 0.22163078 0.30692309
v -0.11307693 0.20999999 0.32013988
v -0.11307693 0.24230769 0.09931623
v -0.11307693 0.26269227 0.17769231
v -0.11307693 0.24902672 0.20999999
v -0.11307693 0.24230769 0.22780655
v -0.10132862 0.24230769 0.24230769
v -0.11307693 0.29183429 0.08076923
v -0.11307693 0.27461538 0.08523978
v -0.11307693 0.27461538 0.16232340
v -0.08458024 0.27461538 0.17769231
v -0.11307693 0.30692309 0.07698145
v -0.11307686 0.30692309 0.14999382
v -0.11307693 0.33923078 0.06669328
v -0.11307693 0.33923078 0.15738107
v -0.10391964 0.37153846 0.04846154
v -0.11307693 0.37459418 0.04846154
v -0.11307698 0.37153846 0.05056186
v -0.11307693 0.37153846 0.16085446
v -0.11307693 0.40384614 0.03559880
v -0.11307693 0.40384614 0.16143753
v -0.11307693 0.44651866 0.01615385
v -0.11307698 0.43615386 0.02061380
v -0.08355954 0.43615386 0.04846154
v -0.11307693 0.43615386 0.16290745
v -0.11307693 0.46846154 0.00797328
v -0.10481926 0.46846142 0.01615385
v -0.11307693 0.48363632 0.01615385
v -0.09899998 0.46846154 0.04846154
v -0.09288462 0.46846154 0.08076923
v -0.09050391 0.46846154 0.11307693
v -0.09171645 0.46846154 0.14538461
v -0.11307693 0.46846154 0.17323235
v -0.11307686 0.47611821 0.17769231
v -0.11307693 0.50076926 0.04518780
v -0.11174010 0.50076926 0.04846154
v -0.11307693 0.50260705 0.04846154
v -0.10148755 0.50076926 0.08076923
v -0.11307693 0.52404118 0.08076923
v -0.10002150 0.50076926 0.11307693
v -0.11307693 0.52678323 0.11307693
v -0.10049912 0.50076926 0.14538461
v -0.11307693 0.52599704 0.14538461
v -0.10208565 0.50076926 0.17769231
v -0.11307693 0.52389622 0.17769231
v -0.11307693 0.50076926 0.18868358
v -0.08076923 -0.92613631 -0.46846154
v -0.08076923 -0.93357038 -0.43615386
v -0.08076923 -0.93108022 -0.40384614
v -0.08076923 -0.93421113 -0.37153846
v -0.08076923 -0.93519032 -0.33923078
v -0.08076923 -0.93596029 -0.30692309
v -0.08076923 -0.93656182 -0.27461538
v -0.08076923 -0.93687242 -0.24230769
v -0.08076923 -0.93692309 -0.20999999
v -0.08076923 -0.93692309 -0.17769231
v -0.08076923 -0.93692309 -0.14538461
v -0.08076923 -0.93682271 -0.11307693
v -0.08076923 -0.93723178 -0.08076923
v -0.08076923 -0.93835163 -0.04846154
v -0.08076923 -0.94046152 -0.01615385
v -0.08076923 -0.94369262 0.01615385
v -0.08076929 -0.94558841 0.04846154
v -0.08076923 -0.92076921 -0.47382864
v -0.08076923 -0.92076921 0.06382095
v -0.07879221 -0.88846153 -0.50076926
v -0.08076917 -0.88698888 -0.50076920
v -0.08076923 -0.88846153 -0.49930534
v -0.08076923 -0.88846153 0.06672741
v -0.07289252 -0.85615385 -0.53307694
v -0.08076923 -0.84986293 -0.53307694
v -0.08076923 -0.85615385 -0.52802086
v -0.08076923 -0.85615385 0.07113364
v -0.05499890 -0.85615385 0.08076923
v -0.05090935 -0.82384616 -0.56538463
v -0.08076923 -0.79770821 -0.56538463
v -0.08076923 -0.82384616 -0.55025136
v -0.08076923 -0.82384616 0.07854800
v -0.07678611 -0.82384616 0.08076923
v -0.08076929 -0.81120402 0.08076923
v -0.08076923 -0.79153848 -0.57389104
v -0.08076923 -0.76055223 -0.53307694
v -0.08076923 -0.76373535 -0.43615386
v -0.08076929 -0.79153848 0.08409731
v -0.08076923 -0.75923079 -0.57033819
v -0.05913503 -0.75923079 -0.56538463
v -0.08076923 -0.75923079 -0.54205704
v -0.08076923 -0.75713789 -0.53307694
v -0.08076923 -0.75923079 -0.51233321
v -0.07430767 -0.75923079 -0.50076926
v -0.06427430 -0.75923079 -0.46846154
v -0.08076923 -0.75252730 -0.46846154
v -0.08076929 -0.75923079 -0.46263123
v -0.06832417 -0.75923079 -0.43615386
v -0.08076923 -0.75923079 -0.42985910
v -0.08076923 -0.75923079 0.09376519
v -0.04849555 -0.72692305 -0.59769231
v -0.08076923 -0.72692305 -0.57671136
v -0.05082308 -0.72692305 -0.56538463
v -0.08076923 -0.70985270 -0.56538463
v -0.08076923 -0.70861149 -0.53307694
v -0.08076923 -0.71765405 -0.50076926
v -0.08076923 -0.72692305 -0.48213848
v -0.06150594 -0.72692305 -0.46846154
v -0.08076923 -0.72692305 -0.42586753
v -0.08076923 -0.72692305 0.10339166
v -0.06152510 -0.72692305 0.11307693
v -0.08076923 -0.70522624 0.11307693
v -0.07299777 -0.69461536 -0.59769225
v -0.07000004 -0.69461536 -0.56538463
v -0.05386949 -0.69461536 -0.53307694
v -0.08076917 -0.69461536 -0.42604673
v -0.08076923 -0.69461536 0.11867023
v -0.08076923 -0.66230768 -0.42314014
v -0.08076923 -0.66230768 0.12834562
v -0.08076923 -0.63000000 -0.42345583
v -0.08076923 -0.63000000 0.13847852
v -0.06991685 -0.63000000 0.14538461
v -0.08076923 -0.61798817 0.14538461
v -0.08076923 -0.59769231 -0.41650978
v -0.08076923 -0.59769231 0.15555434
v -0.08076923 -0.56538463 -0.40754551
v -0.08076923 -0.53846157 -0.40384614
v -0.08076923 -0.56538463 0.16766578
v -0.06331220 -0.56538463 0.17769231
v -0.08076923 -0.54749113 0.17769231
v -0.07292117 -0.53307694 -0.40384614
v -0.08076923 -0.53307694 -0.40295368
v -0.08076923 -0.53307694 0.18628797
v -0.08076923 -0.50076926 -0.39181194
v -0.08076923 -0.50076926 0.19973598
v -0.06513985 -0.50076926 0.20999999
v -0.08076923 -0.48260379 0.20999999
v -0.08076923 -0.46846154 -0.38241869
v -0.08076923 -0.46846154 0.21863522
v -0.08076923 -0.43615386 -0.37859270
v -0.08076923 -0.41650000 -0.37153846
v -0.08076923 -0.43615386 0.24026258
v -0.07858337 -0.43615386 0.24230769
v -0.08076923 -0.43312445 0.24230769
v -0.07137667 -0.40384614 -0.37153846
v -0.08076923 -0.40384609 -0.36639112
v -0.08076923 -0.40384614 0.25993776
v -0.06378577 -0.40384614 0.27461538
v -0.08076923 -0.38255247 0.27461538
v -0.08076923 -0.37153846 -0.34440190
v -0.08076923 -0.36433700 -0.33923084
v -0.08076923 -0.37153846 0.28278315
v -0.05838940 -0.37153846 0.30692309
v -0.05366786 -0.33923078 -0.33923078
v -0.08076923 -0.33923078 -0.32709941
v -0.08076923 -0.33923078 0.30319446
v -0.06773691 -0.33923078 0.30692309
v -0.08076923 -0.30692309 -0.31090620
v -0.08076929 -0.30196115 -0.30692309
v -0.08076923 -0.30692309 0.29529229
v -0.04914240 -0.30692309 0.30692309
v -0.08076923 -0.27461538 -0.29240802
v -0.08076923 -0.27461538 0.29438299
v -0.08076923 -0.24230769 -0.27551112
v -0.08076923 -0.24140653 -0.27461544
v -0.08076923 -0.21011432 -0.24230769
v -0.08076923 -0.24230769 0.29294598
v -0.08053377 -0.20999999 -0.24230763
v -0.08076923 -0.20999999 -0.24196328
v -0.08076923 -0.17859162 -0.20999999
v -0.08076917 -0.20999999 0.29050094
v -0.07868992 -0.17769231 -0.20999993
v -0.08076923 -0.17769231 -0.20698631
v -0.08076923 -0.17431505 -0.17769231
v -0.08076923 -0.14734660 -0.14538461
v -0.08076923 -0.17769231 0.28399968
v -0.07781070 -0.14538461 -0.14538461
v -0.08076923 -0.14538455 -0.14309652
v -0.08076923 -0.12945735 -0.11307693
v -0.08076923 -0.11347888 -0.08076923
v -0.08076923 -0.14538461 0.27645949
v -0.08076923 -0.12707116 0.30692309
v -0.08076923 -0.12120105 0.33923078
v -0.08032327 -0.11307693 -0.08076923
v -0.08076917 -0.11307693 -0.07999871
v -0.08076923 -0.10208565 -0.04846154
v -0.08076923 -0.09215261 -0.01615385
v -0.08076923 -0.11307693 0.36915493
v -0.07921999 -0.11307693 0.37153846
v -0.08076923 -0.11223492 0.37153846
v -0.05825574 -0.11307693 0.40384614
v -0.08076923 -0.10389782 0.40384614
v -0.08076917 -0.09874912 0.43615398
v -0.08076923 -0.09236354 0.46846154
v -0.06726871 -0.08076923 -0.01615385
v -0.08076923 -0.06640100 -0.01615385
v -0.08076923 -0.08076923 -0.00207518
v -0.08076923 -0.08076923 0.49765325
v -0.07833337 -0.08076923 0.50076926
v -0.08076923 -0.07894775 0.50076926
v -0.08076923 -0.04846154 -0.02917335
v -0.08076923 -0.04846154 0.51901764
v -0.05135765 -0.04846154 0.53307694
v -0.08076923 -0.01615385 -0.02627600
v -0.08076923 -0.01615385 0.52642298
v -0.07308570 -0.01615385 0.53307694
v -0.08076923 0.01615385 -0.02533300
v -0.08076923 0.03339372 -0.01615385
v -0.08076923 0.02587583 0.50076926
v -0.08076929 0.01615385 0.50928295
v -0.05919838 0.04846154 -0.01615385
v -0.08076917 0.04846154 -0.00783327
v -0.08076923 0.06425650 0.46846166
v -0.08076923 0.04846154 0.48224798
v -0.08076923 0.08076923 0.00376609
v -0.08076923 0.10931182 0.01615385
v -0.08076923 0.10314173 0.43615386
v -0.08076923 0.08076923 0.45537400
v -0.05040516 0.08076923 0.46846154
v -0.07480736 0.11307693 0.01615385
v -0.08076923 0.11307693 0.01860320
v -0.08076923 0.13781016 0.40384614
v -0.08076923 0.11307693 0.42656803
v -0.06034048 0.11307693 0.43615386
v -0.08076923 0.14538461 0.03570849
v -0.08076923 0.16713017 0.04846154
v -0.08076923 0.16810651 0.37153846
v -0.08076923 0.14538461 0.39627159
v -0.06332490 0.14538461 0.40384614
v -0.05916017 0.17769231 0.04846154
v -0.08076923 0.17769231 0.05627053
v -0.08076923 0.19987784 0.33923078
v -0.08076923 0.17769231 0.36195266
v -0.05049390 0.17769231 0.37153846
v -0.08076923 0.20999999 0.06951742
v -0.08076923 0.22793706 0.08076923
v -0.08076923 0.23476282 0.27461538
v -0.08076923 0.22630864 0.30692309
v -0.08076923 0.20999999 0.32902098
v -0.05446223 0.24230769 0.08076923
v -0.08076929 0.24230757 0.09045449
v -0.08076923 0.26325205 0.20999999
v -0.08076923 0.25106540 0.24230781
v -0.08076923 0.24230769 0.26006579
v -0.06179334 0.24230769 0.27461538
v -0.08076923 0.28041425 0.08076923
v -0.08076923 0.27461538 0.08437893
v -0.08076923 0.27690586 0.17769243
v -0.08076923 0.27461538 0.18221043
v -0.06004352 0.27461538 0.20999999
v -0.08076923 0.30692309 0.06897441
v -0.08076923 0.30692309 0.16025463
v -0.08076923 0.36317340 0.04846154
v -0.08076917 0.33923090 0.05927559
v -0.08076923 0.33923078 0.15376078
v -0.08076923 0.37153846 0.04360572
v -0.07060246 0.37153846 0.04846141
v -0.05724601 0.37153846 0.08076923
v -0.05678212 0.37153846 0.11307693
v -0.06266271 0.37153846 0.14538461
v -0.08076917 0.37153858 0.15592420
v -0.08076923 0.40384614 0.03519703
v -0.06821898 0.40384614 0.04846154
v -0.08076923 0.43194580 0.04846154
v -0.06520572 0.40384614 0.08076923
v -0.06430271 0.40384614 0.11307693
v -0.06482249 0.40384614 0.14538461
v -0.08076923 0.40384614 0.16213681
v -0.08076923 0.43615386 0.06171311
v -0.07690294 0.43615386 0.08076923
v -0.08076923 0.44212157 0.08076923
v -0.07244866 0.43615386 0.11307693
v -0.08076923 0.45055616 0.11307693
v -0.07443757 0.43615386 0.14538461
v -0.08076917 0.44656712 0.14538461
v -0.08076929 0.43615386 0.15592852
v -0.04846154 -0.93676722 -0.46846154
v -0.04846154 -0.93578851 -0.43615386
v -0.04846154 -0.93407238 -0.40384614
v -0.04846154 -0.93537408 -0.37153846
v -0.04846154 -0.93561333 -0.33923078
v -0.04846154 -0.93601674 -0.30692309
v -0.04846154 -0.93656182 -0.27461538
v -0.04846154 -0.93687242 -0.24230769
v -0.04846154 -0.93692309 -0.20999999
v -0.04846154 -0.93692309 -0.17769231
v -0.04846154 -0.93687278 -0.14538461
v -0.04846154 -0.93677306 -0.11307693
v -0.04846154 -0.93728435 -0.08076923
v -0.04846154 -0.93841165 -0.04846154
v -0.04846154 -0.94049913 -0.01615385
v -0.04846154 -0.94359142 0.01615385
v -0.04846154 -0.94664776 0.04846154
v -0.02562811 -0.92076921 -0.50076926
v -0.04846154 -0.90842891 -0.50076926
v -0.04846154 -0.92076921 -0.49047649
v -0.04846154 -0.92076921 0.06804194
v -0.01688924 -0.88846153 -0.53307694
v -0.04846154 -0.87097168 -0.53307694
v -0.04846154 -0.88846153 -0.51753467
v -0.04846154 -0.88846153 0.07440503
v -0.03126727 -0.88846153 0.08076923
v -0.04846154 -0.86601770 0.08076923
v -0.04846154 -0.82559484 -0.56538463
v -0.04846154 -0.85615385 -0.54511827
v -0.04846154 -0.85615385 0.08391343
v -0.04846154 -0.82384616 -0.56727248
v -0.04846154 -0.82384616 0.09189151
v -0.03514231 -0.79153848 -0.59769231
v -0.04846154 -0.79153848 -0.58310902
v -0.04846154 -0.76263076 -0.56538463
v -0.04846154 -0.76512253 -0.53307694
v -0.04846154 -0.77839804 -0.50076926
v -0.04846154 -0.76215738 -0.46846154
v -0.04846154 -0.79153848 0.09765995
v -0.01859679 -0.79153848 0.11307693
v -0.04171984 -0.75923079 -0.59769231
v -0.04846154 -0.72708505 -0.59769231
v -0.02403913 -0.75923079 -0.56538463
v -0.03053470 -0.75923079 -0.53307694
v -0.04846154 -0.74492419 -0.53307694
v -0.04846154 -0.74831146 -0.50076926
v -0.03294653 -0.75923079 -0.46846154
v -0.04846154 -0.75049436 -0.46846154
v -0.04846154 -0.75923079 -0.46468762
v -0.04846154 -0.75018764 -0.43615386
v -0.04846154 -0.75923079 0.10598496
v -0.03925995 -0.75923079 0.11307693
v -0.04846154 -0.74334174 0.11307693
v -0.04846154 -0.72692305 -0.59770811
v -0.04846154 -0.72692305 -0.59691149
v -0.01955569 -0.72692305 -0.56538463
v -0.04846148 -0.72555631 -0.56538463
v -0.04846154 -0.72692305 -0.55988294
v -0.04846154 -0.70682991 -0.50076926
v -0.04846160 -0.71210462 -0.46846154
v -0.04846160 -0.72692305 -0.46452606
v -0.04846154 -0.72692305 -0.42926574
v -0.04846154 -0.72692305 0.12035202
v -0.04846154 -0.69461536 -0.60784149
v -0.04846154 -0.68698674 -0.59769231
v -0.04846160 -0.68517160 -0.56538463
v -0.04846154 -0.68955827 -0.53307694
v -0.04846154 -0.69461536 -0.51837081
v -0.04846154 -0.69461536 -0.43234149
v -0.04846154 -0.69461536 0.13113292
v -0.02630521 -0.69461536 0.14538461
v -0.04846154 -0.66230768 -0.42910701
v -0.04846154 -0.66230768 0.14309782
v -0.04614794 -0.66230768 0.14538461
v -0.04846154 -0.65829754 0.14538461
v -0.04846160 -0.63000005 -0.42996594
v -0.04846154 -0.63000005 0.15667920
v -0.01917413 -0.63000000 0.17769231
v -0.04846154 -0.59769231 -0.42370626
v -0.04846154 -0.59769231 0.17029655
v -0.04027690 -0.59769231 0.17769231
v -0.04846160 -0.58358091 0.17769231
v -0.04846154 -0.56538463 -0.41280445
v -0.04846154 -0.56538463 0.18705960
v -0.02328672 -0.56538463 0.20999999
v -0.04846154 -0.53307694 -0.40576592
v -0.04846154 -0.51090610 -0.40384614
v -0.04846154 -0.53307694 0.20416723
v -0.04237957 -0.53307694 0.20999999
v -0.04846154 -0.52315235 0.20999999
v -0.04345284 -0.50076926 -0.40384620
v -0.04846154 -0.50076920 -0.40276265
v -0.04846154 -0.50076926 0.22081454
v -0.02678587 -0.50076926 0.24230769
v -0.04846154 -0.46846154 -0.39158687
v -0.04846154 -0.46846154 0.24131681
v -0.04747066 -0.46846160 0.24230757
v -0.04846154 -0.46739992 0.24230769
v -0.01804312 -0.46846154 0.27461538
v -0.04846160 -0.43615386 -0.38856548
v -0.04846154 -0.43615386 0.26356089
v -0.03725865 -0.43615386 0.27461538
v -0.04846154 -0.42010358 0.27461538
v -0.04846154 -0.40384614 -0.37912986
v -0.04846154 -0.39315978 -0.37153846
v -0.04846154 -0.40384614 0.28677920
v -0.02901708 -0.40384614 0.30692309
v -0.04846154 -0.38162395 0.30692309
v -0.02120562 -0.37153846 -0.37153846
v -0.04846154 -0.37153852 -0.36006597
v -0.04846154 -0.37153846 0.31562695
v -0.04846154 -0.33923078 -0.34255725
v -0.04846154 -0.33515742 -0.33923078
v -0.04846154 -0.33923084 0.31214899
v -0.04846154 -0.30692309 -0.32434216
v -0.04846154 -0.27585521 -0.30692309
v -0.04846154 -0.27895689 0.30692309
v -0.04846154 -0.30692309 0.30730957
v -0.04677149 -0.27461538 -0.30692309
v -0.04846154 -0.27461538 -0.30577290
v -0.04846154 -0.27461538 0.30686244
v -0.04831044 -0.27461538 0.30692309
v -0.04846154 -0.24230769 -0.28785217
v -0.04846154 -0.22388357 -0.27461538
v -0.04846154 -0.24230769 0.30565602
v -0.04272465 -0.24230769 0.30692309
v -0.01729915 -0.20999999 -0.27461538
v -0.04846154 -0.20999999 -0.25793707
v -0.04846160 -0.19702467 -0.24230769
v -0.04846154 -0.20999999 0.30309597
v -0.02521081 -0.20999999 0.30692309
v -0.04846154 -0.17769231 -0.21516559
v -0.04846154 -0.17379509 -0.20999999
v -0.04846154 -0.15429534 -0.17769231
v -0.04846154 -0.17769231 0.29911408
v -0.02758399 -0.14538461 -0.17769231
v -0.04846160 -0.14538461 -0.16719672
v -0.04846154 -0.13312085 -0.14538461
v -0.04846154 -0.11376549 -0.11307693
v -0.04846154 -0.14538461 0.29792652
v -0.04846148 -0.13638799 0.30692309
v -0.04846154 -0.12826152 0.33923078
v -0.04846154 -0.12428573 0.37153846
v -0.04846154 -0.11783377 0.40384614
v -0.04740435 -0.11307693 -0.11307693
v -0.04846154 -0.11307686 -0.11231361
v -0.04846154 -0.09571756 -0.08076923
v -0.04846154 -0.08425888 -0.04846154
v -0.04846154 -0.11307693 0.42033583
v -0.03820825 -0.11307698 0.43615386
v -0.04846154 -0.10848626 0.43615386
v -0.04846154 -0.10053684 0.46846154
v -0.04846154 -0.09433261 0.50076926
v -0.04393787 -0.08076917 -0.04846154
v -0.04846154 -0.08076923 -0.04398636
v -0.04846154 -0.08076923 0.51921946
v -0.03016429 -0.08076923 0.53307694
v -0.04846154 -0.05237577 0.53307694
v -0.04846154 -0.04846154 -0.03344986
v -0.04846154 -0.04846154 0.53535509
v -0.04846154 -0.01615385 -0.03091990
v -0.04846154 0.01414620 0.53307694
v -0.04846154 -0.01615385 0.55155838
v -0.03094320 -0.01615385 0.56538463
v -0.04846154 0.01615385 -0.03345762
v -0.04846154 0.04777174 0.50076926
v -0.04846154 0.01615385 0.53138036
v -0.04677501 0.01615385 0.53307694
v -0.02078203 0.01615385 0.56538463
v -0.04846154 0.04846154 -0.02091070
v -0.04846154 0.05565184 -0.01615385
v -0.04846154 0.04846154 0.50008363
v -0.04777599 0.04846154 0.50076926
v -0.04846154 0.08076923 -0.00399915
v -0.04846154 0.08205380 0.46846154
v -0.04846154 0.08076923 0.46974611
v -0.04846154 0.11307693 0.00755819
v -0.04846148 0.12586768 0.01615385
v -0.04846154 0.11944125 0.43615386
v -0.04846154 0.11307693 0.44251806
v -0.04846154 0.14538461 0.02765991
v -0.04846154 0.15207036 0.40384614
v -0.04846154 0.14538461 0.41053191
v -0.04846154 0.17769231 0.04405791
v -0.04846154 0.18350881 0.04846154
v -0.04846154 0.20770235 0.33923078
v -0.04846154 0.17858201 0.37153846
v -0.04846154 0.17769231 0.37242815
v -0.04846148 0.20999999 0.06202134
v -0.04846154 0.23171942 0.30692309
v -0.04846154 0.20999999 0.33693314
v -0.04202629 0.20999999 0.33923078
v -0.04846154 0.24230769 0.07789493
v -0.04846154 0.25512815 0.08076923
v -0.04846154 0.26105928 0.24230769
v -0.04846154 0.24800415 0.27461538
v -0.04846154 0.24230769 0.28447318
v -0.03561957 0.27461538 0.08076923
v -0.04846154 0.28046146 0.08076923
v -0.04846154 0.27461538 0.08494511
v -0.04846154 0.29565918 0.17769231
v -0.04846154 0.28142732 0.20999999
v -0.04846154 0.27461538 0.21883944
v -0.04846154 0.30692309 0.06778572
v -0.03096495 0.30692309 0.08076923
v -0.01780636 0.30692309 0.11307693
v -0.04846154 0.30692309 0.16661353
v -0.01752025 0.30692309 0.17769231
v -0.04846154 0.33923078 0.07084796
v -0.04209789 0.33923078 0.08076923
v -0.04846148 0.35199034 0.08076923
v -0.03927178 0.33923078 0.11307693
v -0.04846154 0.35653362 0.11307693
v -0.04007441 0.33923078 0.14538461
v -0.04846154 0.35479155 0.14538461
v -0.04846154 0.33923078 0.15373293
v -0.01615385 -0.92585254 -0.50076926
v -0.01615385 -0.93963504 -0.46846154
v -0.01615385 -0.93682021 -0.43615386
v -0.01615385 -0.93618399 -0.40384614
v -0.01615385 -0.93601674 -0.37153846
v -0.01615385 -0.93590343 -0.33923078
v -0.01615385 -0.93601674 -0.30692309
v -0.01615385 -0.93661439 -0.27461538
v -0.01615385 -0.93692309 -0.24230769
v -0.01615385 -0.93692309 -0.20999999
v -0.01615385 -0.93692309 -0.17769231
v -0.01615385 -0.93687278 -0.14538461
v -0.01615385 -0.93682271 -0.11307693
v -0.01615385 -0.93733728 -0.08076923
v -0.01615385 -0.93847209 -0.04846154
v -0.01615385 -0.94049913 -0.01615385
v -0.01615385 -0.94364196 0.01615385
v -0.01615385 -0.94645482 0.04846154
v -0.01615385 -0.88896161 -0.53307694
v -0.01615385 -0.92076921 -0.50585258
v -0.00578939 -0.92076921 -0.50076926
v -0.01615385 -0.92076921 0.07554331
v -0.01615385 -0.90551108 0.08076923
v -0.01615385 -0.88846153 -0.53357702
v -0.01535720 -0.88846153 -0.53307694
v 0.00133030 -0.88846153 0.08076923
v -0.01615385 -0.88846153 0.08649996
v -0.01615385 -0.84777373 -0.56538463
v -0.01615385 -0.85615385 -0.55895692
v -0.01615385 -0.85615385 0.09576532
v -0.01615385 -0.80262679 -0.59769231
v -0.01615385 -0.82384616 -0.58541536
v -0.01615385 -0.82384616 0.10339166
v -0.01615385 -0.79605240 0.11307693
v -0.01615385 -0.79153848 -0.60851347
v 0.00299656 -0.79153848 -0.59769231
v 0.00633807 -0.79153848 -0.50076926
v -0.01615385 -0.77175355 -0.50076926
v -0.01339170 -0.79153848 0.11307693
v -0.01615385 -0.79153848 0.11517737
v -0.01615385 -0.75923079 -0.61039495
v 0.01132342 -0.75923079 -0.59769231
v -0.00772580 -0.75923079 -0.56538463
v -0.00367514 -0.75923079 -0.53307694
v -0.01615385 -0.75923079 -0.50958043
v -0.01615385 -0.75571245 -0.50076926
v -0.01615385 -0.75923079 -0.48647550
v 0.00487664 -0.75923079 -0.46846154
v -0.01615385 -0.73747057 -0.43615386
v 0.01032502 -0.75923079 0.11307693
v -0.01615385 -0.75923079 0.12644964
v -0.01615385 -0.72692305 -0.60934502
v -0.01443607 -0.72692305 -0.56538463
v -0.01615385 -0.70335001 -0.50076926
v -0.01615385 -0.70431685 -0.46846154
v -0.01615385 -0.72692305 -0.44617108
v -0.01615385 -0.72692305 -0.43472570
v -0.01615385 -0.72692305 0.13479635
v -0.01615385 -0.70832533 0.14538461
v -0.01615385 -0.69461536 -0.61433965
v -0.01615385 -0.67933714 -0.59769231
v -0.01615385 -0.68242210 -0.56538463
v -0.01615385 -0.67996925 -0.53307694
v -0.01615385 -0.69461536 -0.51011252
v -0.01615385 -0.69461536 -0.43457070
v -0.00538466 -0.69461536 0.14538461
v -0.01615385 -0.69461536 0.15392581
v -0.01615385 -0.66230768 -0.43370992
v 0.01500743 -0.66230768 0.14538461
v -0.01615385 -0.66230768 0.16439624
v -0.01615385 -0.63419747 0.17769231
v -0.01615385 -0.63000000 -0.43460739
v -0.01313350 -0.63000000 0.17769231
v -0.01615385 -0.63000000 0.18071266
v -0.01615385 -0.59769231 -0.43078256
v 0.00826228 -0.59769231 0.17769231
v -0.01615385 -0.59769231 0.19578454
v -0.01615385 -0.57438838 0.20999999
v -0.01615385 -0.56538457 -0.42281926
v -0.00933956 -0.56538463 0.20999999
v -0.01615385 -0.56538463 0.21678065
v -0.01615385 -0.53307694 -0.41374037
v 0.00922482 -0.53307694 0.20999999
v -0.01615385 -0.53307694 0.23808165
v -0.01615385 -0.52571416 0.24230769
v -0.01615385 -0.50076926 -0.40793508
v 0.01073074 -0.50076926 -0.40384614
v -0.01615385 -0.47478926 -0.40384614
v -0.00547647 -0.50076926 0.24230769
v -0.01615385 -0.50076926 0.25341111
v -0.01615385 -0.47049433 0.27461538
v -0.01615385 -0.46846154 -0.40303084
v 0.01350114 -0.46846154 0.24230769
v -0.01426464 -0.46846154 0.27461526
v -0.01615385 -0.46846154 0.27650461
v -0.01615385 -0.43615386 -0.39714563
v 0.00325734 -0.43615386 0.27461538
v -0.01615385 -0.43615386 0.29670873
v -0.01615385 -0.42194688 0.30692309
v -0.01615385 -0.40384614 -0.39010197
v -0.00407359 -0.40384614 0.30692309
v -0.01615385 -0.40384620 0.31821755
v -0.01615385 -0.37153846 -0.37463713
v -0.01064829 -0.37153846 -0.37153846
v -0.01615385 -0.36759552 -0.37153846
v -0.01615385 -0.37153846 0.32328138
v -0.01615385 -0.33923084 -0.35678381
v -0.01615385 -0.30754372 -0.33923078
v -0.01615385 -0.33923078 0.32125685
v -0.01615385 -0.30692309 -0.33869404
v -0.01615385 -0.30692315 0.31893408
v -0.01615385 -0.27461538 -0.31987035
v 0.01562254 -0.27461538 -0.30692309
v -0.01615385 -0.25039878 -0.30692309
v 0.01598217 -0.27461538 0.30692309
v -0.01615385 -0.27461538 0.31615382
v -0.01615385 -0.24230769 -0.30102265
v 0.01050754 -0.24230769 0.30692309
v -0.01615385 -0.24230769 0.31206000
v -0.01615385 -0.20999999 -0.27519482
v -0.01490218 -0.20999993 -0.27461538
v -0.01615385 -0.20942056 -0.27461532
v -0.01615385 -0.18457444 -0.24230769
v -0.00792336 -0.21000007 0.30692309
v -0.01615385 -0.19663818 0.30692309
v -0.01615385 -0.20999999 0.30853018
v -0.01615385 -0.17769231 -0.23455386
v -0.01615385 -0.16164403 -0.20999993
v -0.01615385 -0.17769231 0.30469087
v -0.01615385 -0.14538461 -0.18334612
v -0.00392927 -0.14538461 -0.17769231
v -0.01615385 -0.14104740 -0.17769237
v -0.01615385 -0.12154299 -0.14538461
v -0.01615385 -0.14538461 0.30263296
v -0.01615385 -0.14109443 0.30692309
v -0.01615385 -0.13194275 0.33923078
v -0.01615385 -0.12912725 0.37153846
v -0.01615385 -0.12656808 0.40384614
v -0.01615385 -0.12156326 0.43615386
v -0.01615385 -0.11307693 -0.13403876
v 0.01592634 -0.11307693 -0.11307693
v -0.01615385 -0.10017894 -0.11307693
v -0.01615385 -0.08084244 -0.08076923
v 0.00661636 -0.11307693 0.43615386
v -0.01615385 -0.11307693 0.46587107
v -0.01615385 -0.11210385 0.46846142
v -0.01615385 -0.10161295 0.50076926
v -0.01615385 -0.09034714 0.53307694
v -0.01615385 -0.08076923 -0.08067088
v 0.01229840 -0.08076923 -0.04846154
v -0.01615385 -0.05393074 -0.04846154
v -0.00058110 -0.08076923 0.53307694
v -0.01615385 -0.08076923 0.54265493
v -0.01615385 -0.04846154 -0.04420937
v -0.01615385 -0.04846154 0.55521882
v -0.01615385 -0.03343951 0.56538463
v -0.01615385 -0.01615385 -0.04239362
v 0.00070237 -0.01615385 0.56538463
v -0.01615385 -0.01615385 0.57655275
v -0.01615385 0.01615385 -0.03815057
v -0.01615385 0.04515379 0.53307694
v -0.01091339 0.01615385 0.56538463
v -0.01615385 0.02063254 0.56538463
v -0.01615385 0.01615385 0.56986344
v -0.01615385 0.04846154 -0.02869393
v -0.01615385 0.07512194 -0.01615385
v -0.01615385 0.07123347 0.50076926
v -0.01615385 0.04846154 0.52976918
v -0.01615385 0.08076923 -0.01232675
v -0.01615385 0.10058650 0.46846154
v -0.01615385 0.08076923 0.49041229
v -0.01615385 0.11307693 0.00086727
v -0.01615385 0.14440556 0.01615385
v -0.01615385 0.13237090 0.43615386
v -0.01615385 0.11307693 0.45633766
v -0.01615385 0.14538461 0.01701964
v -0.01615385 0.16130270 0.40384614
v -0.01615385 0.14538461 0.42236653
v -0.01615385 0.17769231 0.03448283
v -0.01615385 0.20513247 0.04846154
v -0.01615385 0.18872745 0.37153846
v -0.01615385 0.17769231 0.38361749
v -0.01615385 0.20999999 0.05226904
v -0.01615385 0.24182594 0.30692309
v 0.01001112 0.20999999 0.33923078
v -0.01615385 0.21760416 0.33923090
v -0.01615385 0.20999999 0.34683493
v -0.01615385 0.24230769 0.06705587
v -0.01615385 0.27168870 0.24230769
v -0.01615385 0.25721061 0.27461538
v -0.01615385 0.24230769 0.30636182
v -0.01615385 0.27461538 0.07483515
v 0.01582762 0.27461538 0.08076923
v -0.01615385 0.28377354 0.08076923
v -0.01615385 0.30527061 0.11307693
v -0.01615385 0.29016694 0.20999999
v -0.01615385 0.27461538 0.23904751
v -0.00331539 0.30692309 0.08076935
v -0.01450139 0.30692309 0.11307693
v -0.01615385 0.30692309 0.12260357
v -0.01615385 0.31063274 0.14538461
v -0.01479520 0.30692309 0.17769231
v -0.01615385 0.30765083 0.17769231
v -0.01615385 0.30692309 0.17845273
v 0.01284782 0.33923078 0.08076923
v 0.00915777 0.33923078 0.11307693
v 0.01056621 0.33923078 0.14538461
v 0.01615385 -0.93702662 -0.46846154
v 0.01615385 -0.93578851 -0.43615386
v 0.01615385 -0.93414199 -0.40384614
v 0.01615385 -0.93543452 -0.37153846
v 0.01615385 -0.93573052 -0.33923078
v 0.01615385 -0.93596029 -0.30692309
v 0.01615385 -0.93656182 -0.27461538
v 0.01615385 -0.93687242 -0.24230769
v 0.01615385 -0.93692309 -0.20999999
v 0.01615385 -0.93697369 -0.17769237
v 0.01615385 -0.93692309 -0.14538461
v 0.01615385 -0.93677306 -0.11307693
v 0.01615385 -0.93717951 -0.08076923
v 0.01615385 -0.93823284 -0.04846154
v 0.01615385 -0.94023901 -0.01615385
v 0.01615385 -0.94334227 0.01615385
v 0.01615385 -0.94648683 0.04846154
v 0.01615385 -0.90997154 -0.50076926
v 0.01615385 -0.92076921 -0.49149129
v 0.01615385 -0.92076921 0.06845850
v 0.01615385 -0.87226701 -0.53307694
v 0.01615385 -0.88846153 -0.51882142
v 0.04801897 -0.88846153 -0.50076926
v 0.01615385 -0.88846153 0.07577588
v 0.01615385 -0.87237644 0.08076923
v 0.01615385 -0.82747984 -0.56538463
v 0.01615385 -0.85615385 -0.54618537
v 0.04311669 -0.85615385 -0.53307694
v 0.02723608 -0.85615385 0.08076923
v 0.01615385 -0.85615385 0.08579870
v 0.01615385 -0.82384616 -0.56910950
v 0.02138999 -0.82384616 -0.56538463
v 0.01615385 -0.79179227 -0.50076926
v 0.04714110 -0.82384616 0.08076923
v 0.01615385 -0.82384616 0.09311853
v 0.01615385 -0.79153848 -0.58275098
v 0.01615385 -0.76255941 -0.56538463
v 0.01615385 -0.77168155 -0.53307694
v 0.01615385 -0.79153848 -0.50376028
v 0.01960148 -0.79153848 -0.50076926
v 0.01615385 -0.79153848 -0.49774852
v 0.01615385 -0.76219696 -0.46846154
v 0.01615385 -0.79153848 0.09929688
v 0.01615385 -0.74424464 -0.59769231
v 0.02641983 -0.75923079 -0.56538463
v 0.01615385 -0.74159455 -0.53307694
v 0.01615385 -0.74751598 -0.50076926
v 0.02510802 -0.75923079 -0.46846154
v 0.01615385 -0.75538707 -0.46846154
v 0.01615385 -0.75923079 -0.46676594
v 0.04079033 -0.75923079 -0.43615386
v 0.01615385 -0.74922079 -0.43615386
v 0.01615385 -0.75923079 0.10872986
v 0.01615397 -0.75011128 0.11307693
v 0.01615385 -0.72692305 -0.60000932
v 0.02120735 -0.72692305 -0.59769225
v 0.01615385 -0.72692305 -0.57689387
v 0.02140084 -0.72692311 -0.56538463
v 0.01615385 -0.72437829 -0.56538463
v 0.01615385 -0.72692305 -0.55446762
v 0.01615385 -0.70697880 -0.50076926
v 0.03361408 -0.72692305 -0.46846154
v 0.01615385 -0.70832580 -0.46846154
v 0.01615385 -0.72692305 -0.46343756
v 0.01615385 -0.72692305 -0.42834967
v 0.03396175 -0.72692305 0.11307693
v 0.01615385 -0.72692305 0.12223013
v 0.01615385 -0.69461536 -0.60944724
v 0.04351427 -0.69461536 -0.59769231
v 0.01615385 -0.68589395 -0.59769231
v 0.04038462 -0.69461536 -0.56538463
v 0.01615385 -0.68458885 -0.56538463
v 0.02389924 -0.69461542 -0.53307694
v 0.01615385 -0.68817705 -0.53307694
v 0.01615385 -0.69461536 -0.51765263
v 0.01615385 -0.69461536 -0.43174702
v 0.01615385 -0.69461536 0.13187411
v 0.01615385 -0.66230768 -0.42861784
v 0.01615385 -0.66230768 0.14425212
v 0.01615385 -0.66046321 0.14538461
v 0.01615385 -0.63000000 -0.42901936
v 0.03838708 -0.63000000 0.14538461
v 0.01615385 -0.63000000 0.15750000
v 0.01615385 -0.59769231 -0.42286715
v 0.01615385 -0.59769231 0.17056966
v 0.01615385 -0.58393306 0.17769231
v 0.01615385 -0.56538463 -0.41251403
v 0.02946975 -0.56538463 0.17769231
v 0.01615385 -0.56538457 0.18665043
v 0.01615385 -0.53307694 -0.40576512
v 0.04047816 -0.53307694 -0.40384614
v 0.01615385 -0.51127762 -0.40384614
v 0.01615385 -0.53307694 0.20334606
v 0.01615385 -0.52180994 0.20999999
v 0.01615385 -0.50076926 -0.40291974
v 0.03079623 -0.50076926 0.20999999
v 0.01615385 -0.50076926 0.22067738
v 0.01615385 -0.46846154 -0.39234680
v 0.01615385 -0.46846154 0.23965499
v 0.01615385 -0.46520087 0.24230769
v 0.01615385 -0.43615386 -0.38811079
v 0.03866326 -0.43615386 0.24230769
v 0.01615385 -0.43615386 0.26065615
v 0.01615385 -0.41539991 0.27461538
v 0.01615385 -0.40384614 -0.38037926
v 0.04134974 -0.40384614 -0.37153846
v 0.01615385 -0.39064321 -0.37153852
v 0.02563551 -0.40384614 0.27461538
v 0.01615385 -0.40384614 0.28342658
v 0.01615385 -0.37992683 0.30692309
v 0.01615385 -0.37153846 -0.36081475
v 0.02458559 -0.37153846 0.30692309
v 0.01615385 -0.37153846 0.31467390
v 0.01615385 -0.33923078 -0.34442231
v 0.02456082 -0.33923078 -0.33923078
v 0.01615385 -0.33261621 -0.33923078
v 0.03979021 -0.33923078 0.30692309
v 0.01615385 -0.33923078 0.31367216
v 0.01615385 -0.30692309 -0.32529995
v 0.01615385 -0.27498400 -0.30692309
v 0.01800275 -0.30692309 0.30692309
v 0.01615385 -0.27657923 0.30692309
v 0.01615385 -0.30692300 0.30795550
v 0.01615385 -0.27461538 -0.30656579
v 0.01615385 -0.27461538 0.30685419
v 0.01615385 -0.24230769 -0.28847948
v 0.01615385 -0.22279951 -0.27461538
v 0.01615385 -0.24230769 0.30567929
v 0.01615385 -0.20999999 -0.25915459
v 0.01615385 -0.19674128 -0.24230769
v 0.01615385 -0.20999999 0.30263296
v 0.01615385 -0.17769231 -0.21592693
v 0.04690694 -0.17769231 -0.20999999
v 0.01615385 -0.17315322 -0.20999999
v 0.01615385 -0.15306784 -0.17769231
v 0.01615385 -0.17769231 0.29811186
v 0.01615385 -0.14538461 -0.16825218
v 0.04625239 -0.14538461 -0.14538461
v 0.01615385 -0.13265732 -0.14538455
v 0.01615385 -0.11322377 -0.11307693
v 0.01615385 -0.14538461 0.29665905
v 0.01615385 -0.13512060 0.30692309
v 0.01615385 -0.12821111 0.33923078
v 0.01615385 -0.12419927 0.37153846
v 0.01615385 -0.11797982 0.40384614
v 0.01615385 -0.11307693 -0.11292534
v 0.01615385 -0.09483397 -0.08076923
v 0.01615385 -0.08372715 -0.04846154
v 0.04816082 -0.11307693 0.37153846
v 0.02734663 -0.11307693 0.40384614
v 0.01615385 -0.11307693 0.42146155
v 0.01615385 -0.10888200 0.43615386
v 0.01615385 -0.10096154 0.46846154
v 0.01615385 -0.09543447 0.50076926
v 0.01615385 -0.08076929 -0.04470346
v 0.03599195 -0.08076923 -0.01615385
v 0.01615385 -0.08076923 0.52172983
v 0.01615385 -0.05750765 0.53307694
v 0.01615385 -0.04846154 -0.03339187
v 0.02298107 -0.04846154 0.53307694
v 0.01615385 -0.04846154 0.53788877
v 0.01615385 -0.01615385 -0.03176560
v 0.04576151 -0.01615385 0.53307694
v 0.01615385 -0.01615385 0.55484354
v 0.01615385 0.01615385 -0.03311808
v 0.01875972 0.01615385 0.53307706
v 0.01615385 0.01877463 0.53307682
v 0.01615385 0.01615385 0.53617859
v 0.01615385 0.04846154 -0.02031050
v 0.02547615 0.04846154 -0.01615385
v 0.01615385 0.05473712 -0.01615385
v 0.01815299 0.04846154 0.50076926
v 0.01615385 0.04995415 0.50076938
v 0.01615385 0.04846154 0.50226194
v 0.01615385 0.08076923 -0.00388194
v 0.02146739 0.08076923 0.46846154
v 0.01615385 0.08389285 0.46846142
v 0.01615385 0.08076923 0.47158504
v 0.01615385 0.11307693 0.00694887
v 0.04314306 0.11307693 0.01615385
v 0.01615385 0.12687668 0.01615385
v 0.03054764 0.11307693 0.43615386
v 0.01615385 0.12029126 0.43615386
v 0.01615385 0.11307693 0.44336820
v 0.01615385 0.14538461 0.02740554
v 0.03282273 0.14538461 0.40384614
v 0.01615385 0.15241483 0.40384614
v 0.01615385 0.14538461 0.41087648
v 0.01615385 0.17769231 0.04307688
v 0.02928205 0.17769231 0.04846154
v 0.01615385 0.18489678 0.04846154
v 0.01615385 0.20782265 0.33923078
v 0.01867949 0.17769231 0.37153846
v 0.01615385 0.17874826 0.37153846
v 0.01615385 0.17769219 0.37259442
v 0.01615385 0.20999999 0.06172975
v 0.01615385 0.23195001 0.30692309
v 0.01615385 0.20999999 0.33705342
v 0.01615385 0.24230769 0.07575776
v 0.02698454 0.24230769 0.08076923
v 0.01615385 0.27421656 0.08076923
v 0.01615385 0.26129812 0.24230769
v 0.03164255 0.24230781 0.27461538
v 0.01615385 0.24886575 0.27461538
v 0.01615385 0.24230757 0.28594041
v 0.01615385 0.27470115 0.08076923
v 0.01615385 0.27461538 0.08084318
v 0.01615385 0.29575494 0.17769231
v 0.02886068 0.27461538 0.20999999
v 0.01615385 0.28195086 0.20999999
v 0.01615385 0.27461538 0.21958013
v 0.01615385 0.30692309 0.06575761
v 0.01615385 0.30692309 0.16647808
v 0.01615385 0.33923078 0.07585352
v 0.01615385 0.34477478 0.08076923
v 0.01615385 0.34957391 0.11307693
v 0.01615385 0.34655085 0.14538461
v 0.01615385 0.33923090 0.15109107
v 0.04292504 0.37153846 0.04846154
v 0.02757574 0.37153846 0.08076923
v 0.02815018 0.37153846 0.11307693
v 0.03491049 0.37153846 0.14538461
v 0.03699750 0.40384614 0.04846154
v 0.03404050 0.40384614 0.08076923
v 0.03338460 0.40384614 0.11307693
v 0.03416510 0.40384614 0.14538461
v 0.04701490 0.43615386 0.08076923
v 0.04417141 0.43615386 0.11307693
v 0.04641643 0.43615386 0.14538461
v 0.04846154 -0.92735934 -0.46846154
v 0.04846154 -0.93353349 -0.43615386
v 0.04846154 -0.93112689 -0.40384614
v 0.04846154 -0.93434781 -0.37153846
v 0.04846154 -0.93537408 -0.33923078
v 0.04846154 -0.93590343 -0.30692309
v 0.04846154 -0.93650889 -0.27461538
v 0.04846154 -0.93682146 -0.24230769
v 0.04846154 -0.93687242 -0.20999999
v 0.04846154 -0.93692309 -0.17769231
v 0.04846154 -0.93692309 -0.14538461
v 0.04846154 -0.93682271 -0.11307693
v 0.04846154 -0.93697369 -0.08076923
v 0.04846154 -0.93788588 -0.04846148
v 0.04846154 -0.93991452 -0.01615385
v 0.04846154 -0.94324416 0.01615385
v 0.04846154 -0.94581270 0.04846154
v 0.04846154 -0.92076921 -0.47505164
v 0.05872986 -0.92076921 -0.46846154
v 0.04846154 -0.92076921 0.06446157
v 0.07585290 -0.92076921 0.37153846
v 0.06790021 -0.92076921 0.40384614
v 0.06532330 -0.92076921 0.43615386
v 0.07193140 -0.92076921 0.46846154
v 0.04846154 -0.88810980 -0.50076926
v 0.04846154 -0.88846153 -0.50041974
v 0.04846154 -0.88846153 0.06725872
v 0.06814633 -0.88846153 0.37153846
v 0.06573764 -0.88846153 0.40384614
v 0.04846154 -0.85185891 -0.53307694
v 0.04846154 -0.85615385 -0.52952737
v 0.04846154 -0.85615385 0.07233786
v 0.07400720 -0.85615385 0.33923078
v 0.04846154 -0.79972649 -0.56538463
v 0.04846154 -0.82384616 -0.55162120
v 0.04846154 -0.82384616 0.07993931
v 0.04846154 -0.82071060 0.08076923
v 0.07434045 -0.82384616 0.33923078
v 0.04846154 -0.79153848 -0.57609844
v 0.06212610 -0.79153848 -0.56538463
v 0.04846154 -0.76483786 -0.53307694
v 0.04846154 -0.76061898 -0.50076926
v 0.04846154 -0.76214743 -0.43615386
v 0.07365596 -0.79153848 -0.40384614
v 0.05900692 -0.79153848 0.08076923
v 0.04846154 -0.79153848 0.08713356
v 0.04846154 -0.75923079 -0.57020766
v 0.04846154 -0.75923079 -0.54889190
v 0.06011895 -0.75923079 -0.53307694
v 0.04846154 -0.75387168 -0.53307694
v 0.04963618 -0.75923079 -0.50076932
v 0.04846154 -0.75823039 -0.50076926
v 0.04846154 -0.75923079 -0.49662811
v 0.04846154 -0.74976891 -0.46846154
v 0.04846154 -0.75923079 -0.45822287
v 0.04846154 -0.75923079 -0.43170941
v 0.07475948 -0.75923079 -0.40384614
v 0.07885500 -0.75923079 0.08076923
v 0.04846154 -0.75923079 0.09576926
v 0.08032148 -0.75923079 0.30692309
v 0.04846154 -0.72692305 -0.57656467
v 0.04846154 -0.70852363 -0.56538463
v 0.04846154 -0.70753843 -0.53307694
v 0.06450705 -0.72692305 -0.50076926
v 0.04846154 -0.71468365 -0.50076926
v 0.04846154 -0.72692305 -0.47958073
v 0.04846154 -0.72692305 -0.42445964
v 0.04846154 -0.72692305 0.10521001
v 0.04846154 -0.71111459 0.11307693
v 0.04846154 -0.69461536 -0.42607570
v 0.06071224 -0.69461536 0.11307693
v 0.04846154 -0.69461536 0.12120105
v 0.04846154 -0.66230768 -0.42245540
v 0.08063625 -0.66230768 0.11307693
v 0.04846154 -0.66230768 0.12971056
v 0.04846154 -0.63000000 -0.42288268
v 0.04846154 -0.63000000 0.13847852
v 0.04846154 -0.61739570 0.14538461
v 0.04846154 -0.59769231 -0.41594544
v 0.06291499 -0.59769231 0.14538461
v 0.04846154 -0.59769231 0.15502021
v 0.04846154 -0.56538463 -0.40714288
v 0.04846154 -0.53945869 -0.40384614
v 0.04846154 -0.56538463 0.16631269
v 0.04846154 -0.54316509 0.17769231
v 0.04846154 -0.53307694 -0.40305331
v 0.06330062 -0.53307694 0.17769231
v 0.04846154 -0.53307694 0.18408905
v 0.04846154 -0.50076926 -0.39207974
v 0.04846154 -0.50076926 0.19808377
v 0.04846154 -0.47735244 0.20999999
v 0.04846154 -0.46846154 -0.38141492
v 0.05668327 -0.46846154 0.20999999
v 0.04846154 -0.46846154 0.21586667
v 0.04846154 -0.43615386 -0.37837821
v 0.04846154 -0.41550356 -0.37153846
v 0.04846154 -0.43615386 0.23398712
v 0.04846154 -0.42169356 0.24230769
v 0.04846141 -0.40384614 -0.36688513
v 0.06273948 -0.40384614 0.24230769
v 0.04846154 -0.40384609 0.25345671
v 0.04846154 -0.37510365 0.27461538
v 0.04846154 -0.37153846 -0.34595373
v 0.06260232 -0.37153846 -0.33923078
v 0.04846154 -0.36200505 -0.33923078
v 0.05157875 -0.37153846 0.27461538
v 0.04846154 -0.37153846 0.27788937
v 0.04846154 -0.33923078 -0.32789010
v 0.04846154 -0.33923078 0.30406973
v 0.04846154 -0.30692309 -0.31178960
v 0.05712017 -0.30692309 -0.30692309
v 0.04846166 -0.30076537 -0.30692309
v 0.04846154 -0.30692309 0.29554346
v 0.04846154 -0.27461538 -0.29263657
v 0.04846154 -0.27461538 0.29427022
v 0.04846154 -0.24230769 -0.27575380
v 0.05070002 -0.24230769 -0.27461538
v 0.04846154 -0.24115536 -0.27461538
v 0.04846154 -0.24230769 0.29281694
v 0.04846154 -0.20999999 -0.24232155
v 0.04850159 -0.20999999 -0.24230769
v 0.04846154 -0.20998558 -0.24230769
v 0.04846154 -0.17837742 -0.20999999
v 0.07877169 -0.20999999 0.27461538
v 0.04846154 -0.20999999 0.29034132
v 0.04846154 -0.17769237 -0.20702027
v 0.04846154 -0.17448211 -0.17769231
v 0.04846154 -0.14696652 -0.14538461
v 0.06272347 -0.17769231 0.27461538
v 0.04846154 -0.17769231 0.28478500
v 0.04846154 -0.14538461 -0.14371109
v 0.04846154 -0.12831883 -0.11307693
v 0.05226633 -0.14538461 0.27461526
v 0.04846154 -0.14538461 0.27846208
v 0.04846154 -0.12711880 0.30692309
v 0.04846154 -0.12150823 0.33923078
v 0.04846154 -0.11307693 -0.08214088
v 0.04948866 -0.11307693 -0.08076923
v 0.04846154 -0.11206231 -0.08076923
v 0.06496281 -0.11307693 -0.04846154
v 0.04846154 -0.10104072 -0.04846154
v 0.08009274 -0.11307693 -0.01615385
v 0.04846154 -0.09126581 -0.01615385
v 0.07482085 -0.11307693 0.33923078
v 0.04846154 -0.11307693 0.37109342
v 0.04846154 -0.11291837 0.37153846
v 0.04846154 -0.10492451 0.40384614
v 0.04846154 -0.09929700 0.43615386
v 0.04846154 -0.09403738 0.46846154
v 0.04846154 -0.08174230 0.50076926
v 0.04846154 -0.06764165 -0.01615385
v 0.04846154 -0.08076923 -0.00342902
v 0.06448019 -0.08076923 0.01615385
v 0.08025469 -0.08076923 0.46846154
v 0.04959218 -0.08076923 0.50076926
v 0.04846154 -0.08076923 0.50174826
v 0.04846154 -0.04846154 -0.02949187
v 0.06810812 -0.04846154 -0.01615385
v 0.07951966 -0.04846154 0.50076926
v 0.04846154 -0.04846154 0.52031267
v 0.04846154 -0.01615385 -0.02674211
v 0.08019590 -0.01615385 0.50076926
v 0.04846154 -0.01615385 0.53039229
v 0.04846154 0.01615385 -0.02533300
v 0.07076082 0.01615385 -0.01615385
v 0.04846154 0.03300427 -0.01615385
v 0.07758399 0.01615385 0.46846154
v 0.06312056 0.01615385 0.50076926
v 0.04846154 0.02884318 0.50076926
v 0.04846154 0.01615385 0.51112950
v 0.04846154 0.04846154 -0.00753108
v 0.07881298 0.04846154 0.43615386
v 0.06913487 0.04846154 0.46846154
v 0.04846154 0.06688887 0.46846154
v 0.04846154 0.04846154 0.48447675
v 0.04846154 0.08076923 0.00365160
v 0.04846154 0.10950297 0.01615385
v 0.07734095 0.08076923 0.43615386
v 0.04846154 0.10452379 0.43615386
v 0.04846154 0.08076923 0.45703557
v 0.04846154 0.11307693 0.01850584
v 0.04846154 0.13869888 0.40384614
v 0.04846154 0.11307693 0.42764014
v 0.04846154 0.14538461 0.03521477
v 0.04846154 0.16808729 0.04846154
v 0.04846154 0.16848733 0.37153846
v 0.04846154 0.14538461 0.39716041
v 0.04846154 0.17769231 0.05576696
v 0.04846154 0.20011854 0.33923078
v 0.04846154 0.17769231 0.36233348
v 0.04846154 0.20999999 0.06926329
v 0.04846154 0.22948365 0.08076923
v 0.04846154 0.23530829 0.27461538
v 0.04846154 0.22646442 0.30692309
v 0.04846154 0.20999999 0.32930619
v 0.04846154 0.24230769 0.08939200
v 0.04846154 0.26384619 0.20999999
v 0.07040157 0.24230769 0.24230769
v 0.04846154 0.25151268 0.24230769
v 0.04846154 0.24230769 0.26137823
v 0.04846154 0.28007188 0.08076923
v 0.04846154 0.27461538 0.08419850
v 0.05651997 0.27461538 0.17769231
v 0.04846154 0.28078264 0.17769231
v 0.04846154 0.27461538 0.18651819
v 0.04846154 0.30692309 0.06885301
v 0.04846154 0.30692309 0.16414766
v 0.04846154 0.36517364 0.04846154
v 0.04846154 0.33923090 0.05927559
v 0.04846154 0.33923078 0.15536295
v 0.04846154 0.37153846 0.04489190
v 0.06712562 0.37153846 0.04846154
v 0.04846154 0.37153846 0.15633176
v 0.04846154 0.40384614 0.03582570
v 0.04846154 0.42766246 0.04846154
v 0.04846154 0.40384614 0.16080973
v 0.05375820 0.43615386 0.04846154
v 0.04846154 0.43615386 0.07453629
v 0.04846154 0.43820733 0.08076923
v 0.04846154 0.44355133 0.11307693
v 0.04846154 0.43942425 0.14538461
v 0.04846154 0.43615386 0.14895599
v 0.07232640 0.46846154 0.01615385
v 0.06712303 0.46846154 0.04846154
v 0.06165925 0.46846154 0.08076923
v 0.05945281 0.46846154 0.11307693
v 0.06057692 0.46846154 0.14538461
v 0.08002028 0.50076926 0.04846154
v 0.06991069 0.50076926 0.08076923
v 0.06774973 0.50076926 0.11307693
v 0.06793139 0.50076926 0.14538461
v 0.06969045 0.50076926 0.17769231
v 0.08076923 -0.92911756 -0.43615386
v 0.08076923 -0.92445832 -0.40384614
v 0.08076923 -0.93202102 -0.37153846
v 0.08076923 -0.93461537 -0.33923078
v 0.08076923 -0.93573052 -0.30692309
v 0.08076923 -0.93645561 -0.27461538
v 0.08076923 -0.93677020 -0.24230769
v 0.08076923 -0.93687242 -0.20999999
v 0.08076923 -0.93687242 -0.17769231
v 0.08076923 -0.93692309 -0.14538461
v 0.08076923 -0.93692309 -0.11307693
v 0.08076923 -0.93692309 -0.08076923
v 0.08076923 -0.93760711 -0.04846154
v 0.08076923 -0.93963504 -0.01615385
v 0.08076923 -0.94309855 0.01615385
v 0.08076923 -0.93557155 0.04846154
v 0.08076923 -0.92987609 0.37153846
v 0.08076923 -0.94375432 0.40384614
v 0.08076923 -0.94696468 0.43615386
v 0.08076923 -0.94078505 0.46846154
v 0.08076923 -0.90544266 -0.46846154
v 0.08076923 -0.92076921 -0.44868365
v 0.10416083 -0.92076921 -0.43615386
v 0.09908798 -0.92076921 -0.40384614
v 0.10101651 -0.92076921 0.04846154
v 0.08076923 -0.92076921 0.05700260
v 0.08076923 -0.92076921 0.36669225
v 0.08076923 -0.89396250 0.43615386
v 0.08076923 -0.91197133 0.46846154
v 0.08076923 -0.92076921 0.47932082
v 0.08076923 -0.86505371 -0.50076926
v 0.08076923 -0.88846153 -0.48150501
v 0.10380392 -0.88846153 -0.46846154
v 0.10930898 -0.88846153 0.04846154
v 0.08076923 -0.88846153 0.06000926
v 0.08076923 -0.88055408 0.33923078
v 0.08076923 -0.88846153 0.34424150
v 0.08076923 -0.86933112 0.37153846
v 0.08076923 -0.87501520 0.40384614
v 0.08076923 -0.88846153 0.43026611
v 0.08739212 -0.88846153 0.43615386
v 0.08076923 -0.82403910 -0.53307694
v 0.08076923 -0.85615385 -0.50908345
v 0.09450787 -0.85615385 -0.50076926
v 0.08076923 -0.85615385 0.06289453
v 0.08076923 -0.85615385 0.33056548
v 0.08076923 -0.85615385 0.35380968
v 0.10460673 -0.85615385 0.37153846
v 0.08076923 -0.82384616 -0.53327107
v 0.08099157 -0.82384616 -0.53307694
v 0.10044342 -0.82384616 -0.40384614
v 0.08076923 -0.79876393 -0.40384614
v 0.08076923 -0.82384616 0.06629804
v 0.08076923 -0.82384616 0.32778090
v 0.08076923 -0.79295278 0.33923078
v 0.08076923 -0.82384616 0.34589618
v 0.08076923 -0.76804197 -0.56538463
v 0.08076923 -0.79153848 -0.55080473
v 0.09505396 -0.79153848 -0.53307694
v 0.09199196 -0.79153848 -0.50076926
v 0.09782831 -0.79153848 -0.46846154
v 0.08166953 -0.79153848 -0.43615386
v 0.08076923 -0.78731334 -0.43615386
v 0.08076923 -0.79153848 -0.43394914
v 0.08076923 -0.79153848 -0.39897960
v 0.08076923 -0.79153848 0.06991069
v 0.08330116 -0.79153848 0.30692294
v 0.08076923 -0.76773906 0.30692309
v 0.08119356 -0.79153848 0.33923078
v 0.08076923 -0.75923079 -0.56968361
v 0.08445830 -0.75923079 -0.56538463
v 0.08336610 -0.75923079 -0.53307694
v 0.08406305 -0.75923079 -0.50076926
v 0.08076923 -0.74452412 -0.50076926
v 0.08241331 -0.75923073 -0.46846148
v 0.08076923 -0.75256294 -0.46846154
v 0.08076923 -0.75923079 -0.45907521
v 0.08076923 -0.74263132 -0.40384614
v 0.08076923 -0.75923079 -0.40206915
v 0.08076923 -0.75923079 0.07919651
v 0.08076911 -0.75629777 0.08076911
v 0.08076923 -0.75923079 0.30643281
v 0.08076923 -0.75635582 0.30692309
v 0.08076923 -0.75923079 0.30763975
v 0.10919856 -0.75923079 0.33923078
v 0.08076923 -0.72692305 -0.56940031
v 0.08363552 -0.72692305 -0.56538463
v 0.08076911 -0.71921867 -0.56538463
v 0.08139494 -0.72692305 -0.53307694
v 0.08076923 -0.72585660 -0.53307694
v 0.08076923 -0.72692305 -0.52717876
v 0.08076923 -0.72692305 -0.41086522
v 0.08971885 -0.72692305 -0.40384614
v 0.09717314 -0.72692305 0.08076923
v 0.08076923 -0.72692305 0.09171651
v 0.10067143 -0.72692305 0.27461538
v 0.08481041 -0.72692305 0.30692309
v 0.08076923 -0.69461536 -0.41562337
v 0.08076923 -0.69461536 0.10161288
v 0.09393638 -0.69461536 0.27461538
v 0.09717683 -0.69461536 0.30692309
v 0.08076923 -0.66230768 -0.41676921
v 0.08076923 -0.66230768 0.11294727
v 0.08076935 -0.66207010 0.11307693
v 0.10087453 -0.66230768 0.24230769
v 0.09401599 -0.66230768 0.27461538
v 0.11294554 -0.66230768 0.30692309
v 0.08076923 -0.63000000 -0.41520649
v 0.09872947 -0.63000000 0.11307693
v 0.08076923 -0.63000000 0.12445654
v 0.09819989 -0.63000000 0.24230769
v 0.09538191 -0.63000000 0.27461538
v 0.08076923 -0.59769231 -0.40877986
v 0.08076923 -0.59769231 0.13426234
v 0.08076923 -0.56927508 0.14538461
v 0.10379480 -0.59769231 0.20999999
v 0.09808083 -0.59769231 0.24230769
v 0.10194108 -0.59769231 0.27461538
v 0.08076923 -0.56538463 -0.40398291
v 0.08198676 -0.56538463 -0.40384614
v 0.08076923 -0.56453824 -0.40384614
v 0.08328810 -0.56538463 0.14538461
v 0.08076923 -0.56538463 0.14757663
v 0.10185987 -0.56538463 0.20999999
v 0.09871800 -0.56538463 0.24230769
v 0.08076923 -0.53307694 -0.39448750
v 0.11169536 -0.53307694 0.14538461
v 0.08076923 -0.53307694 0.17027351
v 0.10854154 -0.53307694 0.17769231
v 0.08076923 -0.50459713 0.17769231
v 0.09711140 -0.53307694 0.20999999
v 0.10354942 -0.53307694 0.24230769
v 0.08076923 -0.50076926 -0.38304439
v 0.08076923 -0.50076926 0.18041182
v 0.09343170 -0.50076926 0.20999999
v 0.08076923 -0.46846154 -0.37663090
v 0.08076923 -0.46846154 0.19707687
v 0.09528331 -0.46846154 0.20999999
v 0.08076923 -0.43843639 0.20999999
v 0.08076923 -0.43615386 -0.37167612
v 0.08183011 -0.43615386 -0.37153846
v 0.08076923 -0.43588525 -0.37153846
v 0.08076923 -0.43615386 0.21152121
v 0.08076923 -0.40384614 -0.34745455
v 0.10429122 -0.40384614 -0.33923078
v 0.08076923 -0.39375752 -0.33923078
v 0.08076923 -0.40384614 0.23063919
v 0.08076923 -0.38366839 0.24230769
v 0.08076923 -0.37153846 -0.32954371
v 0.11093753 -0.37153846 0.24230769
v 0.08076923 -0.37153846 0.25058353
v 0.08076923 -0.34110752 0.27461538
v 0.08076923 -0.33923078 -0.31532153
v 0.09930231 -0.33923078 -0.30692309
v 0.08076923 -0.32574898 -0.30692300
v 0.08286857 -0.33923084 0.27461538
v 0.08076923 -0.33923078 0.27639231
v 0.08076923 -0.30692309 -0.29633600
v 0.11300790 -0.30692309 0.27461538
v 0.08076923 -0.30692309 0.29076922
v 0.08076923 -0.27461538 -0.28253990
v 0.10200147 -0.27461538 -0.27461538
v 0.08076923 -0.26174182 -0.27461538
v 0.11073134 -0.27461538 0.27461538
v 0.08076923 -0.27461538 0.28701252
v 0.08076923 -0.24230769 -0.25765115
v 0.08076923 -0.22406633 -0.24230769
v 0.09285442 -0.24230763 0.27461538
v 0.08076923 -0.21663269 0.27461538
v 0.08076923 -0.24230769 0.28074974
v 0.08076923 -0.20999999 -0.21461536
v 0.11303921 -0.20999999 -0.20999999
v 0.08076923 -0.20567259 -0.21000007
v 0.08076923 -0.20999999 0.27277091
v 0.08076923 -0.17769231 -0.17984828
v 0.08191738 -0.17769231 -0.17769231
v 0.08076923 -0.17685720 -0.17769231
v 0.09733373 -0.17769231 -0.14538461
v 0.08076923 -0.17079772 -0.14538461
v 0.10995034 -0.17769231 0.24230769
v 0.08076923 -0.17769231 0.26172000
v 0.08076923 -0.14538461 -0.11308949
v 0.08077811 -0.14538468 -0.11307698
v 0.08076911 -0.14537586 -0.11307698
v 0.09816562 -0.14538461 -0.08076923
v 0.08076923 -0.13274784 -0.08076917
v 0.11097536 -0.14538461 -0.04846154
v 0.08076923 -0.12483694 -0.04846154
v 0.08076923 -0.11375341 -0.01615385
v 0.10728236 -0.14538461 0.20999999
v 0.09013479 -0.14538468 0.24230769
v 0.08076923 -0.14538461 0.25150800
v 0.08076923 -0.12624808 0.27461538
v 0.08076923 -0.12097268 0.30692309
v 0.08076923 -0.11307693 -0.01494458
v 0.09710880 -0.11307693 0.01615385
v 0.08076923 -0.09944101 0.01615385
v 0.11231133 -0.11307693 0.04846154
v 0.11249755 -0.11307693 0.08076923
v 0.10970829 -0.11307693 0.24230769
v 0.10470483 -0.11307693 0.27461538
v 0.09919262 -0.11307693 0.30692309
v 0.08076923 -0.11307693 0.33284438
v 0.08076935 -0.11069240 0.33923078
v 0.08076923 -0.10169730 0.37153846
v 0.08076923 -0.09761158 0.40384614
v 0.08076923 -0.09300225 0.43615386
v 0.08076923 -0.06266190 0.01615385
v 0.08076923 -0.08076923 0.03932694
v 0.08846163 -0.08076923 0.04846154
v 0.10711240 -0.08076923 0.40384614
v 0.09300231 -0.08076923 0.43615386
v 0.08076923 -0.08076923 0.46787441
v 0.08076923 -0.07977348 0.46846154
v 0.08076923 -0.01786811 -0.01615385
v 0.08076923 -0.04846154 -0.00212806
v 0.09826545 -0.04846154 0.01615385
v 0.11247931 -0.04846154 0.40384614
v 0.09074768 -0.04846154 0.43615386
v 0.08922809 -0.04846154 0.46846166
v 0.08076923 -0.04846154 0.49747774
v 0.08076923 -0.01615385 -0.01695382
v 0.08176677 -0.01615385 -0.01615385
v 0.08076923 -0.01212315 -0.01615385
v 0.10286714 -0.01615385 0.40384614
v 0.08306687 -0.01615385 0.43615386
v 0.08105689 -0.01615385 0.46846154
v 0.08076923 -0.01370141 0.46846154
v 0.08076923 -0.01615385 0.47919190
v 0.08076923 0.01615385 -0.01126907
v 0.10290731 0.01615385 0.33923078
v 0.09946449 0.01615385 0.37153846
v 0.08894980 0.01615385 0.40384614
v 0.08105540 0.01615385 0.43615386
v 0.08076923 0.02008755 0.43615386
v 0.08076923 0.01615372 0.43859395
v 0.08076923 0.04846154 0.00038329
v 0.10648682 0.04846154 0.30692309
v 0.09601674 0.04846154 0.33923078
v 0.09121971 0.04846154 0.37153846
v 0.08345386 0.04846154 0.40384614
v 0.08076923 0.04846154 0.42272627
v 0.08076923 0.08076923 0.01410873
v 0.08573744 0.08076923 0.01615385
v 0.08076923 0.08387954 0.01615385
v 0.10776264 0.08076923 0.27461538
v 0.09650627 0.08076923 0.30692309
v 0.09400231 0.08076923 0.33923078
v 0.09040482 0.08076923 0.37153846
v 0.08445830 0.08076923 0.40384614
v 0.08076923 0.08076923 0.42071569
v 0.08076923 0.11307693 0.02869393
v 0.11241251 0.11307693 0.24230769
v 0.09939708 0.11307693 0.27461538
v 0.09607294 0.11307693 0.30692321
v 0.09400231 0.11307693 0.33923078
v 0.09045449 0.11307693 0.37153846
v 0.08415807 0.11307693 0.40384614
v 0.08076923 0.11691696 0.40384614
v 0.08076923 0.11307693 0.40723512
v 0.08076923 0.14538461 0.04190347
v 0.09531659 0.14538461 0.04846154
v 0.08076923 0.15383756 0.04846166
v 0.10655090 0.14538461 0.24230769
v 0.09903499 0.14538461 0.27461538
v 0.09697373 0.14538461 0.30692309
v 0.09476347 0.14538461 0.33923078
v 0.09040482 0.14538461 0.37153846
v 0.08076923 0.15565060 0.37153846
v 0.08076923 0.14538461 0.38215163
v 0.08076923 0.17769231 0.06197204
v 0.10974884 0.17769231 0.08076923
v 0.10934830 0.17769231 0.24230769
v 0.10208565 0.17769231 0.27461538
v 0.09841162 0.17769231 0.30692309
v 0.09380143 0.17769231 0.33923078
v 0.08076923 0.19250280 0.33923078
v 0.08076923 0.17769231 0.35293132
v 0.08076923 0.20999999 0.07731976
v 0.08458043 0.20999999 0.08076923
v 0.08076923 0.21563633 0.08076923
v 0.11121002 0.20999999 0.11307693
v 0.08076923 0.23718862 0.24230769
v 0.08076923 0.22717357 0.27461538
v 0.10052760 0.20999999 0.30692309
v 0.08076923 0.22183549 0.30692309
v 0.08076923 0.20999999 0.32053798
v 0.08076923 0.24230769 0.09832991
v 0.09117337 0.24230769 0.11307693
v 0.11105400 0.24230769 0.14538461
v 0.08076923 0.26362276 0.17769231
v 0.09304619 0.24230769 0.20999999
v 0.08076923 0.24970345 0.20999999
v 0.08076923 0.24230769 0.22976959
v 0.08076923 0.29889631 0.08076923
v 0.08076923 0.27461538 0.08616116
v 0.09847694 0.27461538 0.11307693
v 0.10301885 0.27461538 0.14538461
v 0.08076923 0.27461538 0.16607286
v 0.08076923 0.30692309 0.07886881
v 0.08268087 0.30692309 0.08076923
v 0.11252183 0.30692309 0.11307693
v 0.09820913 0.30692309 0.14538461
v 0.08076923 0.30692309 0.15516834
v 0.08076923 0.33923078 0.06861934
v 0.09550022 0.33923078 0.08076923
v 0.08076923 0.33923078 0.15843998
v 0.08076923 0.37559676 0.04846141
v 0.08076923 0.37153834 0.05113557
v 0.10449889 0.37153846 0.14538461
v 0.08076923 0.37153846 0.16090906
v 0.08076923 0.40384614 0.03599737
v 0.10320051 0.40384614 0.04846154
v 0.11192089 0.40384614 0.14538461
v 0.08076923 0.40384614 0.16174293
v 0.08076923 0.44804233 0.01615385
v 0.08076923 0.43615371 0.02164326
v 0.08076923 0.43615386 0.16481787
v 0.08076923 0.46846154 0.00775008
v 0.08076923 0.48396096 0.01615385
v 0.08076923 0.46846154 0.17735364
v 0.08462775 0.46846154 0.17769231
v 0.08076923 0.46910438 0.17769231
v 0.08989324 0.50076926 0.01615385
v 0.08076923 0.50076926 0.04656839
v 0.08076923 0.50177217 0.04846154
v 0.08076923 0.52253157 0.08076923
v 0.08076923 0.52707827 0.11307693
v 0.08076923 0.52734596 0.14538461
v 0.08076923 0.52339143 0.17769231
v 0.08076923 0.50076926 0.18877108
v 0.10552552 0.53307694 0.01615385
v 0.09461533 0.53307694 0.04846154
v 0.08713356 0.53307694 0.08076923
v 0.08507834 0.53307694 0.11307693
v 0.08479118 0.53307706 0.14538461
v 0.08903398 0.53307694 0.17769231
v 0.10785101 0.56538463 0.04846154
v 0.09833016 0.56538463 0.08076923
v 0.09741260 0.56538463 0.11307693
v 0.09833016 0.56538463 0.14538461
v 0.09931401 0.56538463 0.17769231
v 0.11307693 -0.92492592 -0.37153846
v 0.11307693 -0.93371654 -0.33923078
v 0.11307693 -0.93561333 -0.30692309
v 0.11307693 -0.93645561 -0.27461538
v 0.11307693 -0.93682146 -0.24230769
v 0.11307693 -0.93692309 -0.20999999
v 0.11307693 -0.93692309 -0.17769231
v 0.11307693 -0.93692309 -0.14538461
v 0.11307693 -0.93697369 -0.11307693
v 0.11307704 -0.93707597 -0.08076923
v 0.11307693 -0.93755245 -0.04846154
v 0.11307693 -0.93929696 -0.01615385
v 0.11307693 -0.94305038 0.01615385
v 0.11307693 -0.93054247 0.37153846
v 0.11307693 -0.93602180 0.40384614
v 0.11307693 -0.94372141 0.43615386
v 0.11307693 -0.94800711 0.46846154
v 0.11307693 -0.91698146 -0.43615386
v 0.11307693 -0.91785735 -0.40384614
v 0.11307693 -0.92076921 -0.39092308
v 0.12062476 -0.92076921 -0.37153846
v 0.11307693 -0.92076921 0.04276507
v 0.11307693 -0.92076921 0.36165097
v 0.11307693 -0.90096539 0.46846154
v 0.11307693 -0.92076921 0.49972105
v 0.11307704 -0.88196689 -0.46846148
v 0.11307693 -0.88846153 -0.46209729
v 0.11307693 -0.88846153 0.04625128
v 0.11307693 -0.86190921 0.04846154
v 0.11307693 -0.88312048 0.33923078
v 0.11307693 -0.88846153 0.35345623
v 0.11307693 -0.86394346 0.40384614
v 0.11307693 -0.87652582 0.43615386
v 0.11307693 -0.88846153 0.45310655
v 0.11307693 -0.83729178 -0.50076926
v 0.11307693 -0.85615385 -0.49037457
v 0.13069935 -0.85615385 -0.46846154
v 0.12898441 -0.85615385 -0.43615386
v 0.12420586 -0.85615385 -0.40384614
v 0.11307693 -0.83786649 -0.40384614
v 0.11387542 -0.85615385 0.04846141
v 0.11307693 -0.85615385 0.04896782
v 0.11307693 -0.85615385 0.32699695
v 0.13411444 -0.85615385 0.37153846
v 0.11307693 -0.85044289 0.37153846
v 0.11307693 -0.85615385 0.38047734
v 0.11307693 -0.82384616 -0.50975072
v 0.12144125 -0.82384616 -0.50076926
v 0.11307693 -0.80142206 -0.50076926
v 0.12223198 -0.82384616 -0.46846154
v 0.11307693 -0.79749918 -0.46846154
v 0.11366110 -0.82384616 -0.43615386
v 0.11307693 -0.82260740 -0.43615392
v 0.11307693 -0.82384616 -0.43474182
v 0.11307693 -0.82384616 -0.39469293
v 0.11971066 -0.82384616 0.04846154
v 0.11307693 -0.82384616 0.05254141
v 0.11307693 -0.81570756 0.30692294
v 0.11307693 -0.82384616 0.31274894
v 0.11307693 -0.82384616 0.35796583
v 0.11307693 -0.79153848 -0.39234015
v 0.12712367 -0.79153848 0.04846154
v 0.11307693 -0.79153848 0.05672628
v 0.11307693 -0.79153848 0.29620245
v 0.11307693 -0.79153848 0.35406590
v 0.11307693 -0.75923079 -0.39525056
v 0.13766745 -0.75923079 0.04846154
v 0.11307693 -0.75923079 0.06041794
v 0.11307693 -0.74551839 0.27461538
v 0.11307693 -0.75923079 0.28252828
v 0.14188424 -0.75923079 0.33923078
v 0.11307680 -0.75479800 0.33923066
v 0.11307693 -0.75923079 0.34173384
v 0.11307693 -0.69781846 -0.40384614
v 0.11307693 -0.72692305 -0.39978564
v 0.11307693 -0.72692305 0.07004502
v 0.11307693 -0.70107692 0.08076923
v 0.11307693 -0.72692305 0.26474562
v 0.14514491 -0.72692305 0.27461538
v 0.11307693 -0.72692305 0.32806510
v 0.11307693 -0.69461536 -0.40438583
v 0.11588184 -0.69461536 -0.40384614
v 0.11706831 -0.69461536 0.08076923
v 0.11307693 -0.69461536 0.08433899
v 0.11307693 -0.68739980 0.24230769
v 0.11307693 -0.69461536 0.24738005
v 0.11307693 -0.69461536 0.31887949
v 0.11307693 -0.66230768 -0.40722951
v 0.13526800 -0.66230768 -0.40384614
v 0.13539149 -0.66230768 0.08076923
v 0.11307693 -0.66230768 0.09468447
v 0.11307693 -0.66230768 0.22945124
v 0.11307693 -0.66208714 0.30692309
v 0.11307693 -0.66230768 0.30704966
v 0.11307693 -0.63000000 -0.40660441
v 0.13394991 -0.63000000 -0.40384614
v 0.11307693 -0.63000000 0.10329307
v 0.11307693 -0.60462844 0.11307693
v 0.11307704 -0.62990004 0.20999999
v 0.11307693 -0.63000000 0.21004818
v 0.11307693 -0.63000000 0.29493058
v 0.11307693 -0.59769231 -0.40417761
v 0.11633131 -0.59769231 -0.40384614
v 0.11307693 -0.59524709 -0.40384614
v 0.11666665 -0.59769231 0.11307693
v 0.11307693 -0.59769231 0.11650632
v 0.11307693 -0.59769231 0.19705690
v 0.11307693 -0.56970382 0.27461538
v 0.11307693 -0.59769231 0.28556487
v 0.11307693 -0.56538463 -0.39903951
v 0.13295200 -0.56538463 0.11307693
v 0.11307693 -0.56538463 0.12805182
v 0.11636434 -0.56538463 0.17769231
v 0.11307693 -0.54261613 0.17769231
v 0.11307693 -0.56538463 0.18345445
v 0.11307693 -0.56538463 0.27165678
v 0.11751482 -0.56538463 0.27461538
v 0.11307693 -0.53307694 -0.38563076
v 0.11307693 -0.53307694 0.14403620
v 0.11464076 -0.53307694 0.14538461
v 0.11307693 -0.53163344 0.14538461
v 0.11307693 -0.53307694 0.16084522
v 0.11307693 -0.50485408 0.24230769
v 0.11307693 -0.53307694 0.25266179
v 0.11307693 -0.50076926 -0.37724486
v 0.11307693 -0.50076926 0.23960668
v 0.11847316 -0.50076926 0.24230769
v 0.11307693 -0.46846154 -0.37439772
v 0.11307693 -0.45530203 -0.37153840
v 0.11307693 -0.46846154 0.23833516
v 0.11984117 -0.46846154 0.24230769
v 0.11307693 -0.43615386 -0.35778928
v 0.11307693 -0.41278690 -0.33923078
v 0.11307693 -0.43615386 0.23708534
v 0.11928584 -0.43615386 0.24230769
v 0.11307693 -0.40384614 -0.33683658
v 0.11307693 -0.40384614 0.23888040
v 0.11998031 -0.40384614 0.24230769
v 0.11307693 -0.37153846 -0.31747812
v 0.14263739 -0.37153846 -0.30692309
v 0.11307693 -0.35272637 -0.30692309
v 0.11307693 -0.37153846 0.24157982
v 0.11518773 -0.37153846 0.24230769
v 0.11307693 -0.37013996 0.24230769
v 0.11307693 -0.33923078 -0.29972902
v 0.11307693 -0.33923084 0.25452611
v 0.11307693 -0.30692309 -0.28603727
v 0.14210817 -0.30692309 -0.27461538
v 0.11307693 -0.28226072 -0.27461538
v 0.11307693 -0.30692309 0.27454808
v 0.11307693 -0.27461538 -0.26955345
v 0.11307693 -0.27461538 0.27312279
v 0.11307693 -0.24230769 -0.24499121
v 0.12650424 -0.24230769 -0.24230769
v 0.11307693 -0.23901221 -0.24230769
v 0.14439866 -0.24230769 -0.20999999
v 0.11307693 -0.21000499 -0.20999999
v 0.14068347 -0.24230769 0.24230769
v 0.11307693 -0.24230769 0.26451677
v 0.11307704 -0.20999999 -0.20999199
v 0.12157387 -0.20999993 -0.17769225
v 0.11307693 -0.20117941 -0.17769225
v 0.12440293 -0.20999999 -0.14538461
v 0.11307693 -0.18888324 -0.14538461
v 0.12968579 -0.20999999 -0.11307693
v 0.13948788 -0.20999999 -0.08076923
v 0.14493354 -0.20999999 -0.04846154
v 0.13214044 -0.20999999 0.24230769
v 0.11307693 -0.18209791 0.24230769
v 0.11307693 -0.20999999 0.25571048
v 0.11307693 -0.17769231 -0.11684591
v 0.11382588 -0.17769231 -0.11307686
v 0.11307693 -0.17692943 -0.11307693
v 0.12114435 -0.17769231 -0.08076923
v 0.11307693 -0.16542576 -0.08076923
v 0.12675677 -0.17769231 -0.04846154
v 0.11307693 -0.14816463 -0.04846154
v 0.13243733 -0.17769231 -0.01615385
v 0.14408267 -0.17769231 0.01615385
v 0.14249714 -0.17769231 0.20999999
v 0.11307693 -0.15228289 0.20999999
v 0.11307693 -0.17769231 0.23891872
v 0.11307693 -0.14538461 -0.04235861
v 0.12047268 -0.14538461 -0.01615385
v 0.11307693 -0.13802442 -0.01615385
v 0.12844546 -0.14538461 0.01615385
v 0.11307693 -0.12553641 0.01615385
v 0.13676184 -0.14538461 0.04846154
v 0.11307693 -0.11383789 0.04846154
v 0.11307693 -0.11365636 0.08076923
v 0.12380742 -0.14538461 0.17769231
v 0.11307693 -0.14538461 0.19613960
v 0.11307693 -0.12506437 0.20999999
v 0.11307693 -0.09624813 0.08076923
v 0.11307680 -0.11307698 0.08264131
v 0.12980299 -0.11307693 0.11307693
v 0.12644964 -0.11307693 0.14538461
v 0.12415767 -0.11307693 0.17769231
v 0.11676660 -0.11307693 0.20999999
v 0.11307693 -0.11307693 0.22692794
v 0.11307693 -0.10970823 0.24230769
v 0.11307693 -0.10674526 0.27461538
v 0.11307693 -0.10674526 0.30692309
v 0.11307693 -0.09747293 0.33923078
v 0.11307693 -0.08779950 0.37153846
v 0.11307693 -0.05964766 0.04846154
v 0.11307693 -0.08076923 0.08020797
v 0.11361057 -0.08076923 0.08076923
v 0.13632569 -0.08076923 0.11307693
v 0.14167571 -0.08076923 0.30692309
v 0.12797405 -0.08076923 0.33923078
v 0.12010726 -0.08076923 0.37153846
v 0.11307693 -0.08076923 0.38939801
v 0.11307693 -0.03506972 0.01615385
v 0.11307680 -0.04846154 0.03225741
v 0.12964240 -0.04846154 0.04846154
v 0.13531016 -0.04846154 0.33923078
v 0.12705404 -0.04846154 0.37153846
v 0.11307693 -0.04846154 0.40306687
v 0.11307693 -0.01615385 0.00097387
v 0.13239309 -0.01615385 0.01615385
v 0.13876259 -0.01615385 0.30692309
v 0.12411208 -0.01615385 0.33923078
v 0.11307693 0.00098053 0.33923078
v 0.11503318 -0.01615385 0.37153846
v 0.11307693 -0.01352653 0.37153846
v 0.11307693 -0.01615385 0.37553748
v 0.11307693 0.01615385 -0.00005509
v 0.14128317 0.01615385 0.01615385
v 0.13695325 0.01615385 0.27461538
v 0.12441402 0.01615385 0.30692309
v 0.11307693 0.03807243 0.30692309
v 0.11307693 0.01615385 0.32438946
v 0.11307693 0.04846154 0.00788910
v 0.12374912 0.04846154 0.01615385
v 0.11307693 0.06398056 0.01615385
v 0.14005271 0.04846154 0.24230769
v 0.12371067 0.04846154 0.27461550
v 0.11307693 0.07151742 0.27461538
v 0.11307693 0.04846154 0.29583839
v 0.11307693 0.08076923 0.02491157
v 0.13620552 0.08076923 0.04846154
v 0.12464880 0.08076923 0.24230769
v 0.11307693 0.11186913 0.24230769
v 0.11307693 0.08076923 0.26599088
v 0.11307693 0.11307693 0.03638572
v 0.12520020 0.11307693 0.04846154
v 0.11307693 0.13431878 0.04846154
v 0.13748886 0.11307693 0.08076923
v 0.13605134 0.11307693 0.20999999
v 0.11307693 0.11307693 0.24164328
v 0.11307693 0.14538461 0.06099410
v 0.12380064 0.14538461 0.08076923
v 0.11307693 0.17156424 0.08076923
v 0.13820072 0.14538461 0.11307693
v 0.12577809 0.14538461 0.20999999
v 0.11307693 0.14538461 0.23318948
v 0.11307693 0.17769231 0.08600537
v 0.12516052 0.17769231 0.11307693
v 0.11307693 0.20697534 0.11307693
v 0.13781016 0.17769231 0.17769231
v 0.12380113 0.17769231 0.20999999
v 0.11307693 0.17769231 0.23558867
v 0.11307693 0.18315880 0.24230769
v 0.11307693 0.19799997 0.27461538
v 0.11307693 0.20999999 0.11551900
v 0.12926453 0.20999999 0.14538461
v 0.11307693 0.23966558 0.14538461
v 0.13194275 0.20999999 0.17769231
v 0.12848687 0.20999999 0.20999999
v 0.11307693 0.23105440 0.20999999
v 0.12569231 0.20999999 0.24230769
v 0.11307680 0.22266358 0.24230769
v 0.12062193 0.20999999 0.27461550
v 0.11307693 0.21754488 0.27461550
v 0.11307693 0.20999999 0.28926665
v 0.11307693 0.24230769 0.17090242
v 0.11364114 0.24230757 0.17769231
v 0.11307693 0.24287178 0.17769231
v 0.11307693 0.24230769 0.17883588
v 0.11307693 0.30766487 0.11307693
v 0.11307693 0.33578992 0.14538461
v 0.11307693 0.36839622 0.08076923
v 0.11307693 0.33923078 0.09591346
v 0.13341884 0.33923078 0.11307693
v 0.11548992 0.33923078 0.14538474
v 0.11307693 0.34299833 0.14538461
v 0.11307693 0.33923078 0.14675041
v 0.11307693 0.37153846 0.07866040
v 0.11552467 0.37153834 0.08076923
v 0.11307693 0.37153846 0.13728884
v 0.14067706 0.37153846 0.14538461
v 0.11307693 0.41320530 0.04846154
v 0.11307693 0.40384614 0.05549533
v 0.14537142 0.40384614 0.08076923
v 0.11307693 0.40384614 0.14422859
v 0.11307693 0.40649429 0.14538461
v 0.11307693 0.46489584 0.01615385
v 0.11307693 0.43615386 0.03394647
v 0.14043599 0.43615386 0.04846154
v 0.12256240 0.43615386 0.14538461
v 0.11307693 0.43615386 0.15929049
v 0.11307693 0.46444318 0.17769231
v 0.11307693 0.46846154 0.01311637
v 0.11792313 0.46846154 0.01615385
v 0.14255223 0.46846154 0.11307693
v 0.12907499 0.46846154 0.14538461
v 0.11543175 0.46846154 0.17769231
v 0.11307693 0.46846154 0.18003345
v 0.11307693 0.50076926 -0.00666023
v 0.14525422 0.50076926 0.11307693
v 0.13695325 0.50076926 0.14538461
v 0.12732011 0.50076926 0.17769231
v 0.11307693 0.50076926 0.19030769
v 0.14466721 0.53307694 -0.01615385
v 0.11307693 0.53307694 0.00346624
v 0.11307693 0.54935658 0.01615385
v 0.13620946 0.53307694 0.17769231
v 0.11307693 0.53307694 0.19041960
v 0.13641429 0.56538463 -0.01615385
v 0.12053861 0.56538463 0.01615385
v 0.11307693 0.56538463 0.03577479
v 0.11307693 0.57360303 0.04846154
v 0.11307693 0.59423715 0.08076923
v 0.11307693 0.59518319 0.11307693
v 0.11307693 0.59442276 0.14538461
v 0.11307693 0.59088504 0.17769231
v 0.11307693 0.56538463 0.19140567
v 0.13805431 0.59769231 0.01615385
v 0.12479571 0.59769231 0.04846154
v 0.11596169 0.59769231 0.08076923
v 0.11535287 0.59769243 0.11307693
v 0.11665322 0.59769243 0.14538461
v 0.12305427 0.59769231 0.17769231
v 0.13798887 0.63000000 0.04846154
v 0.13342120 0.63000000 0.08076923
v 0.13201189 0.63000000 0.11307693
v 0.13139038 0.63000000 0.14538461
v 0.13185501 0.63000000 0.17769231
v 0.14538461 -0.92795306 -0.33923078
v 0.14538461 -0.93368018 -0.30692309
v 0.14538461 -0.93584615 -0.27461538
v 0.14538461 -0.93671858 -0.24230769
v 0.14538461 -0.93692309 -0.20999999
v 0.14538461 -0.93692309 -0.17769231
v 0.14538461 -0.93687242 -0.14538461
v 0.14538461 -0.93692309 -0.11307693
v 0.14538461 -0.93723375 -0.08076923
v 0.14538461 -0.93789881 -0.04846154
v 0.14538461 -0.93943071 -0.01615385
v 0.14538461 -0.94324416 0.01615385
v 0.14538461 -0.92175961 0.37153846
v 0.14538461 -0.93388200 0.40384614
v 0.14538461 -0.94283074 0.43615386
v 0.14538461 -0.94567955 0.46846154
v 0.14538461 -0.89036196 -0.43615386
v 0.14538461 -0.89299631 -0.40384614
v 0.14538461 -0.89875740 -0.37153846
v 0.14538461 -0.92076921 -0.35122329
v 0.15309304 -0.92076921 -0.33923078
v 0.14538461 -0.92076921 0.03603546
v 0.16743766 -0.92076921 0.04846154
v 0.17141031 -0.92076921 0.08076923
v 0.17400534 -0.92076921 0.11307693
v 0.17676823 -0.92076921 0.14538461
v 0.14538461 -0.92076921 0.36783201
v 0.14592578 -0.92076921 0.37153846
v 0.15343590 -0.92076921 0.40384614
v 0.16445011 -0.92076921 0.43615386
v 0.16136198 -0.92076921 0.46846154
v 0.14538461 -0.90713823 0.46846154
v 0.14538461 -0.92076921 0.49399734
v 0.14538461 -0.88846153 -0.43796462
v 0.14720616 -0.88846153 -0.43615386
v 0.14538461 -0.88602561 -0.43615386
v 0.14782313 -0.88846153 -0.40384609
v 0.14538461 -0.88598001 -0.40384614
v 0.15141371 -0.88846153 -0.37153846
v 0.17475528 -0.88846153 -0.33923078
v 0.14538461 -0.88846153 0.03529920
v 0.14538461 -0.87190181 0.33923078
v 0.14538461 -0.88846153 0.34999996
v 0.15405668 -0.88846153 0.37153846
v 0.14538461 -0.86117059 0.37153846
v 0.16170755 -0.88846153 0.40384614
v 0.14538449 -0.87475741 0.40384614
v 0.14597261 -0.88846153 0.43615386
v 0.14538461 -0.88792455 0.43615371
v 0.14538461 -0.88846153 0.43683919
v 0.14538461 -0.85615385 -0.38284284
v 0.16876796 -0.85615385 -0.37153846
v 0.14538461 -0.85615385 0.03599737
v 0.14538461 -0.85615385 0.33421659
v 0.14963678 -0.85615385 0.33923078
v 0.14538461 -0.85615385 0.36253080
v 0.14538461 -0.82384616 -0.38492566
v 0.14538461 -0.82384616 0.03687216
v 0.14538461 -0.80192888 0.30692309
v 0.14538461 -0.82384616 0.32479829
v 0.15363187 -0.82384616 0.33923090
v 0.14538461 -0.82384616 0.34814611
v 0.14538461 -0.79153848 -0.38726717
v 0.14538461 -0.79153848 0.03848308
v 0.14538461 -0.79153848 0.30153841
v 0.15082596 -0.79153848 0.30692309
v 0.15485284 -0.79153848 0.33923078
v 0.14538461 -0.76001656 0.33923078
v 0.14538461 -0.79153848 0.34861508
v 0.14538461 -0.75923079 -0.38961270
v 0.14538461 -0.75923079 0.04343207
v 0.14538474 -0.74428052 0.04846154
v 0.14538461 -0.75923079 0.29029411
v 0.16046143 -0.75923079 0.30692294
v 0.14538461 -0.75923079 0.33885834
v 0.14538461 -0.72692305 -0.39276731
v 0.14538461 -0.72692305 0.05415800
v 0.14538461 -0.72680277 0.27461538
v 0.14538461 -0.72692305 0.27472398
v 0.16260046 -0.72692305 0.30692309
v 0.14538461 -0.72692305 0.32782811
v 0.14538461 -0.69461536 -0.39923695
v 0.14538461 -0.69461536 0.06444173
v 0.14538461 -0.66743445 0.24230769
v 0.14538461 -0.69461536 0.25672391
v 0.16168340 -0.69461536 0.30692309
v 0.14538461 -0.69461536 0.32026103
v 0.14538461 -0.66230768 -0.40270677
v 0.14538461 -0.66230768 0.07290231
v 0.14538461 -0.63967037 0.08076923
v 0.14538461 -0.66230768 0.23849748
v 0.16125673 -0.66230768 0.24230769
v 0.15717119 -0.66230768 0.30692309
v 0.14538461 -0.63144660 0.30692309
v 0.14538474 -0.66230768 0.31529924
v 0.14538461 -0.63000000 -0.40305081
v 0.15055384 -0.63000000 0.08076923
v 0.14538461 -0.63000000 0.08467459
v 0.14538461 -0.62842190 0.20999999
v 0.14538461 -0.63000000 0.21164802
v 0.14538461 -0.63000000 0.30640164
v 0.14538461 -0.59769231 -0.40112543
v 0.17116629 -0.59769231 0.08076923
v 0.14538461 -0.59769231 0.09502266
v 0.14538461 -0.59551495 0.17769231
v 0.14538461 -0.59769231 0.17990837
v 0.14538461 -0.59769231 0.29512826
v 0.14538461 -0.56538457 -0.39321235
v 0.14538461 -0.56538463 0.10290731
v 0.14538461 -0.54102957 0.11307693
v 0.14538461 -0.55716485 0.14538461
v 0.14538461 -0.56538463 0.15269002
v 0.14538461 -0.54631579 0.27461538
v 0.14538461 -0.56538457 0.28524926
v 0.14538461 -0.53307694 -0.38037518
v 0.15174019 -0.53307694 0.11307693
v 0.14538461 -0.53307694 0.26640671
v 0.16103587 -0.53307694 0.27461538
v 0.14538461 -0.50076926 -0.37487295
v 0.14538461 -0.50076926 0.24976334
v 0.14538461 -0.46846154 -0.37180442
v 0.14698063 -0.46846154 -0.37153846
v 0.14538461 -0.46780077 -0.37153846
v 0.14538461 -0.46846154 0.25189349
v 0.14538461 -0.43615386 -0.34082350
v 0.15210068 -0.43615386 -0.33923078
v 0.14538461 -0.43411174 -0.33923078
v 0.14538461 -0.43615386 0.25682276
v 0.14538461 -0.40384614 -0.32479888
v 0.14538461 -0.37442335 -0.30692309
v 0.14538461 -0.40384614 0.25511941
v 0.14538474 -0.37153846 -0.30552900
v 0.14538461 -0.37153852 0.25830981
v 0.14538461 -0.33923078 -0.28610951
v 0.14538461 -0.31072682 -0.27461538
v 0.14538461 -0.33923078 0.26185641
v 0.14538449 -0.30692309 -0.27100539
v 0.14538461 -0.30692309 0.26963708
v 0.14538461 -0.27461538 -0.25569704
v 0.17372656 -0.27461538 -0.24230769
v 0.14538461 -0.24769789 -0.24230769
v 0.17400324 -0.27461538 -0.20999999
v 0.14538461 -0.24316159 -0.20999999
v 0.17422126 -0.27461538 -0.17769231
v 0.17653665 -0.27461538 -0.14538461
v 0.17761318 -0.27461538 -0.11307693
v 0.17765780 -0.27461538 -0.08076923
v 0.14538461 -0.25074357 0.24230769
v 0.14538461 -0.27461538 0.26445675
v 0.14538461 -0.24230769 -0.20205174
v 0.14669864 -0.24230769 -0.17769225
v 0.14538461 -0.24061647 -0.17769225
v 0.15063001 -0.24230769 -0.14538461
v 0.14538461 -0.23476201 -0.14538461
v 0.15576670 -0.24230769 -0.11307693
v 0.14538461 -0.22586638 -0.11307693
v 0.16010465 -0.24230769 -0.08076923
v 0.14538461 -0.21759553 -0.08076923
v 0.16278102 -0.24230769 -0.04846154
v 0.14538461 -0.21046838 -0.04846154
v 0.16463682 -0.24230769 -0.01615385
v 0.16971041 -0.24230769 0.01615385
v 0.17619970 -0.24230769 0.04846154
v 0.14538461 -0.24230769 0.23814747
v 0.14538461 -0.20999999 -0.04592795
v 0.14999382 -0.20999993 -0.01615385
v 0.14538461 -0.20356259 -0.01615385
v 0.15836801 -0.21000007 0.01615385
v 0.14538461 -0.17959273 0.01615385
v 0.16569598 -0.20999999 0.04846154
v 0.14538461 -0.18129800 0.20999999
v 0.14538461 -0.20999999 0.22946246
v 0.14538461 -0.17769231 0.01945679
v 0.15404904 -0.17769231 0.04846154
v 0.14538461 -0.16143513 0.04846154
v 0.14538461 -0.15726060 0.17769231
v 0.14538461 -0.17769231 0.20764801
v 0.14538461 -0.14538461 0.06137357
v 0.17129003 -0.14538461 0.08076923
v 0.14538461 -0.12913796 0.08076923
v 0.14538461 -0.12011071 0.11307693
v 0.16267823 -0.14538461 0.14538461
v 0.14538461 -0.13711987 0.14538461
v 0.14538461 -0.14538461 0.15739080
v 0.14538461 -0.08301234 0.14538461
v 0.14538461 -0.09244673 0.17769231
v 0.14538461 -0.09415637 0.20999999
v 0.14538461 -0.09214885 0.24230769
v 0.14538461 -0.08958044 0.27461538
v 0.14538461 -0.05694788 0.08076923
v 0.14538461 -0.07221942 0.11307693
v 0.14538461 -0.08076923 0.13974915
v 0.14765416 -0.08076917 0.14538461
v 0.15999606 -0.08076929 0.17769231
v 0.16426572 -0.08076923 0.20999999
v 0.15987319 -0.08076923 0.24230769
v 0.15415601 -0.08076923 0.27461538
v 0.14538461 -0.08076923 0.29862112
v 0.14538461 -0.07304146 0.30692309
v 0.14538461 -0.03437869 0.04846154
v 0.14538461 -0.04846154 0.06697489
v 0.15647818 -0.04846154 0.08076923
v 0.17580323 -0.04846154 0.11307693
v 0.16597919 -0.04846154 0.27461538
v 0.15481956 -0.04846154 0.30692309
v 0.14538461 -0.02857987 0.30692309
v 0.14538461 -0.04846154 0.32231885
v 0.14538461 -0.01615385 0.03018457
v 0.16221865 -0.01615385 0.04846154
v 0.17110220 -0.01615385 0.24230769
v 0.15672171 -0.01615385 0.27461538
v 0.14538461 0.00338897 0.27461538
v 0.14538461 -0.01615385 0.29649109
v 0.14538461 0.01615385 0.02232665
v 0.15852551 0.01615385 0.04846154
v 0.15602009 0.01615385 0.24230769
v 0.14538461 0.03926716 0.24230769
v 0.14538461 0.01615385 0.26119336
v 0.14538461 0.04846154 0.04527814
v 0.14767142 0.04846154 0.04846154
v 0.14538461 0.05366379 0.04846154
v 0.16342570 0.04846154 0.08076923
v 0.16565616 0.04846154 0.20999999
v 0.14538461 0.04846154 0.23648995
v 0.14538461 0.08076923 0.07088272
v 0.15019643 0.08076923 0.08076923
v 0.14538461 0.09211237 0.08076923
v 0.16706669 0.08076923 0.11307693
v 0.17742635 0.08076923 0.17769231
v 0.14976940 0.08076923 0.20999999
v 0.14538461 0.08977591 0.20999999
v 0.14538461 0.08076923 0.21450654
v 0.14538461 0.11307693 0.09438980
v 0.15531464 0.11307693 0.11307693
v 0.14538461 0.13272437 0.11307693
v 0.16390240 0.11307693 0.17769231
v 0.14538461 0.11307693 0.19980587
v 0.14538461 0.14538461 0.12139244
v 0.16258061 0.14538461 0.14538461
v 0.15121739 0.14538461 0.17769231
v 0.14538461 0.15890202 0.17769231
v 0.14538461 0.14538461 0.18355516
v 0.14538461 0.17769231 0.14385997
v 0.14690015 0.17769231 0.14538461
v 0.14538461 0.17968972 0.14538461
v 0.14538461 0.17769231 0.14985800
v 0.14538461 0.35435811 0.11307693
v 0.14538461 0.36848742 0.14538461
v 0.14538461 0.37153846 0.10126793
v 0.15938169 0.37153846 0.11307693
v 0.15751036 0.37153846 0.14538461
v 0.14538461 0.37378669 0.14538461
v 0.14538461 0.37153846 0.14712778
v 0.14538461 0.40385935 0.08076923
v 0.14538461 0.40384614 0.08078229
v 0.14538461 0.40384614 0.13140750
v 0.17486779 0.40384614 0.14538461
v 0.14538461 0.43998206 0.04846154
v 0.14538461 0.43615386 0.05201109
v 0.14538461 0.46267721 0.11307693
v 0.14538461 0.43615386 0.12295851
v 0.14538461 0.48833501 0.01615385
v 0.14538461 0.46846154 0.02876664
v 0.14538461 0.46846154 0.11024453
v 0.15994085 0.46846154 0.11307693
v 0.14538461 0.53273666 -0.01615385
v 0.14538461 0.50076926 0.00750396
v 0.16364557 0.50076926 0.01615385
v 0.14538461 0.50076926 0.11294653
v 0.14538461 0.50105762 0.11307693
v 0.14538461 0.53135961 0.14538461
v 0.14538461 0.53307694 -0.01649412
v 0.14582065 0.53307694 -0.01615385
v 0.15541114 0.53307694 0.11307693
v 0.14601266 0.53307694 0.14538461
v 0.14538461 0.53307694 0.14769150
v 0.14538461 0.56453264 0.17769231
v 0.14538461 0.56538463 -0.02512417
v 0.14538461 0.57828665 -0.01615385
v 0.15980566 0.56538463 0.11307693
v 0.15278025 0.56538451 0.14538461
v 0.14560868 0.56538463 0.17769231
v 0.14538461 0.56538463 0.17791636
v 0.15899952 0.59769231 -0.01615385
v 0.14538461 0.59769231 0.00523048
v 0.14538461 0.60881460 0.01615385
v 0.16805671 0.59769231 0.11307693
v 0.15928112 0.59769243 0.14538461
v 0.15535259 0.59769231 0.17769231
v 0.14538461 0.59769231 0.18783788
v 0.17686239 0.63000000 -0.01615385
v 0.15802674 0.62999988 0.01615385
v 0.14538461 0.63000000 0.03730068
v 0.14538461 0.64096159 0.04846154
v 0.14538461 0.64936399 0.08076923
v 0.14538461 0.65382236 0.11307693
v 0.16854316 0.63000000 0.14538461
v 0.14538461 0.65801352 0.14538461
v 0.15942088 0.63000000 0.17769231
v 0.14538461 0.65989184 0.17769231
v 0.14538461 0.63000000 0.19262333
v 0.15818314 0.66230768 0.04846154
v 0.15445982 0.66230768 0.08076923
v 0.15191101 0.66230768 0.11307693
v 0.15133496 0.66230768 0.14538461
v 0.17289886 0.69461536 0.08076923
v 0.17038690 0.69461536 0.11307693
v 0.16710404 0.69461536 0.14538461
v 0.17044753 0.69461536 0.17769231
v 0.17769231 -0.92354900 -0.30692309
v 0.17769231 -0.93330932 -0.27461538
v 0.17769231 -0.93573052 -0.24230769
v 0.17769231 -0.93677020 -0.20999999
v 0.17769231 -0.93682212 -0.17769231
v 0.17769231 -0.93697470 -0.14538461
v 0.17769231 -0.93739974 -0.11307693
v 0.17769231 -0.93790543 -0.08076923
v 0.17769219 -0.93888462 -0.04846160
v 0.17769231 -0.94100106 -0.01615385
v 0.17769231 -0.94456315 0.01615385
v 0.17769231 -0.93839163 0.04846141
v 0.17769231 -0.93530118 0.08076923
v 0.17769231 -0.93163049 0.11307693
v 0.17769231 -0.92453253 0.14538461
v 0.17769231 -0.92076921 -0.30994448
v 0.18053703 -0.92076921 -0.30692315
v 0.20929456 -0.92076921 -0.27461538
v 0.17769231 -0.90036440 0.04846154
v 0.17769231 -0.90428424 0.08076923
v 0.17769231 -0.91548902 0.11307693
v 0.17769231 -0.91964638 0.14538461
v 0.17769231 -0.92076921 0.15897436
v 0.18826838 -0.92076921 0.17769231
v 0.19570628 -0.92076921 0.20999999
v 0.18949071 -0.92076921 0.24230769
v 0.17769231 -0.88411766 -0.33923078
v 0.17769231 -0.88846153 -0.33613545
v 0.20208465 -0.88846153 -0.30692309
v 0.17769231 -0.88846153 0.04377826
v 0.18842860 -0.88846153 0.04846154
v 0.19471724 -0.88846153 0.08076923
v 0.19827653 -0.88846153 0.11307693
v 0.20105027 -0.88846153 0.14538461
v 0.20118879 -0.88846153 0.17769231
v 0.19595942 -0.88846153 0.20999999
v 0.19600576 -0.88846153 0.24230769
v 0.17769231 -0.83903807 -0.37153846
v 0.17769231 -0.85615385 -0.36383477
v 0.19225557 -0.85615385 -0.33923078
v 0.17769231 -0.85615385 0.03321403
v 0.20397966 -0.85615385 0.04846154
v 0.17769231 -0.82384616 -0.37644136
v 0.18270132 -0.82384616 -0.37153846
v 0.20832475 -0.82384616 -0.33923078
v 0.17769231 -0.82384616 0.03379624
v 0.19744833 -0.82384616 0.04846154
v 0.17769231 -0.79153848 -0.38208094
v 0.19927715 -0.79153848 -0.37153846
v 0.17769231 -0.79153848 0.03508882
v 0.19455492 -0.79153848 0.04846154
v 0.17769231 -0.75923079 -0.38531843
v 0.17769231 -0.75923079 0.03994771
v 0.18716533 -0.75923079 0.04846154
v 0.17769231 -0.72709191 0.04846154
v 0.17769231 -0.72692305 -0.38812304
v 0.17769231 -0.72692305 0.04852217
v 0.17769231 -0.69577456 0.27461538
v 0.17769231 -0.69461536 -0.39254838
v 0.17769231 -0.69461536 0.05863114
v 0.20924808 -0.69461536 0.08076923
v 0.17769231 -0.69461536 0.27366012
v 0.17864758 -0.69461536 0.27461538
v 0.17769231 -0.69461536 0.27598056
v 0.17769231 -0.66230768 -0.39703187
v 0.17769231 -0.66230768 0.06370905
v 0.20376655 -0.66230768 0.08076923
v 0.17769243 -0.65774447 0.24230781
v 0.17769231 -0.66230768 0.25441432
v 0.18369356 -0.66230768 0.27461538
v 0.17769231 -0.66230774 0.28341562
v 0.17769231 -0.63000000 -0.40006107
v 0.17769231 -0.63000000 0.06722458
v 0.19808328 -0.63000000 0.08076923
v 0.17769231 -0.61339402 0.20999999
v 0.17769231 -0.63000000 0.22394481
v 0.19683224 -0.63000000 0.24230769
v 0.18494670 -0.63000000 0.27461538
v 0.17769231 -0.63000000 0.28790146
v 0.17769231 -0.59769231 -0.39859959
v 0.17769231 -0.59769231 0.07561442
v 0.19079870 -0.59769231 0.08076923
v 0.17769231 -0.57993042 0.08076923
v 0.17769231 -0.58101118 0.17769231
v 0.17769231 -0.59769231 0.19309375
v 0.20093441 -0.59769231 0.20999999
v 0.20826818 -0.59769231 0.24230769
v 0.19187462 -0.59769231 0.27461538
v 0.17769231 -0.59769231 0.30010203
v 0.17769231 -0.56538463 -0.39278191
v 0.17769231 -0.56538463 0.08511630
v 0.17769231 -0.53755361 0.14538461
v 0.17769231 -0.56538463 0.16518365
v 0.20535432 -0.56538463 0.17769231
v 0.19722427 -0.56538463 0.27461538
v 0.17769231 -0.56538463 0.29699847
v 0.17769231 -0.53307694 -0.37847206
v 0.20864862 -0.53307694 0.08076923
v 0.17769231 -0.53307694 0.09704570
v 0.17769231 -0.50417876 0.11307693
v 0.17769231 -0.53307694 0.13973930
v 0.19730142 -0.53307694 0.14538461
v 0.20160104 -0.53307694 0.27461538
v 0.17769231 -0.52218246 0.27461538
v 0.17769231 -0.53307694 0.28333095
v 0.17769231 -0.50076926 -0.37309608
v 0.18904124 -0.50076926 -0.37153846
v 0.17769231 -0.49262661 -0.37153846
v 0.20357257 -0.50076926 0.08076923
v 0.20359451 -0.50076926 0.11307693
v 0.17769231 -0.50076926 0.25880823
v 0.17769231 -0.46846154 -0.34858629
v 0.19347778 -0.46846154 -0.33923078
v 0.17769231 -0.45382059 -0.33923078
v 0.19596201 -0.46846154 0.08076923
v 0.19095053 -0.46846154 0.24230757
v 0.17769243 -0.46846148 0.24336968
v 0.17769231 -0.43615386 -0.33162647
v 0.20808837 -0.43615386 0.04846154
v 0.19274558 -0.43615386 0.08076923
v 0.17769231 -0.43615386 0.24991173
v 0.17769231 -0.40384614 -0.31220815
v 0.18238926 -0.40384620 -0.30692315
v 0.17769231 -0.39884564 -0.30692309
v 0.20982993 -0.40384614 -0.14538461
v 0.20923440 -0.40384614 -0.11307693
v 0.20956421 -0.40384614 -0.08076923
v 0.20173526 -0.40384614 0.04846154
v 0.19165240 -0.40384614 0.08076923
v 0.17769231 -0.40384614 0.26301613
v 0.17769231 -0.37153846 -0.28984460
v 0.20292567 -0.37153846 -0.27461538
v 0.20799014 -0.37153846 -0.24230769
v 0.20575991 -0.37153846 -0.20999999
v 0.20533398 -0.37153846 -0.17769231
v 0.20575388 -0.37153846 -0.14538461
v 0.20539720 -0.37153846 -0.11307693
v 0.20460486 -0.37153846 -0.08076923
v 0.20472096 -0.37153846 -0.04846154
v 0.20771320 -0.37153846 -0.01615385
v 0.20816675 -0.37153846 0.01615385
v 0.19745992 -0.37153846 0.04846154
v 0.19206072 -0.37153846 0.08076923
v 0.17769231 -0.37153846 0.26767391
v 0.20151860 -0.37153846 0.27461538
v 0.17769231 -0.33923078 -0.27670708
v 0.18018183 -0.33923078 -0.27461538
v 0.17769231 -0.33639103 -0.27461538
v 0.18881965 -0.33923078 -0.24230769
v 0.19081521 -0.33923078 -0.20999999
v 0.19226949 -0.33923078 -0.17769231
v 0.19439964 -0.33923078 -0.14538461
v 0.19633457 -0.33923078 -0.11307693
v 0.19823882 -0.33923078 -0.08076923
v 0.19891925 -0.33923078 -0.04846154
v 0.20031475 -0.33923078 -0.01615385
v 0.20189448 -0.33923078 0.01615385
v 0.19418508 -0.33923078 0.04846154
v 0.19460632 -0.33923078 0.08076923
v 0.17769231 -0.33923078 0.27024218
v 0.17769231 -0.30692309 -0.25541678
v 0.18904765 -0.30692309 -0.24230769
v 0.17769231 -0.27957731 -0.24230769
v 0.19013983 -0.30692309 -0.20999999
v 0.17769231 -0.27797022 -0.20999999
v 0.19041553 -0.30692309 -0.17769231
v 0.17769231 -0.27805397 -0.17769231
v 0.19081731 -0.30692309 -0.14538461
v 0.17769231 -0.27630803 -0.14538461
v 0.19152078 -0.30692309 -0.11307693
v 0.17769231 -0.27472815 -0.11307693
v 0.19278638 -0.30692309 -0.08076923
v 0.17769231 -0.27466229 -0.08076923
v 0.19342194 -0.30692309 -0.04846154
v 0.19461544 -0.30692309 -0.01615385
v 0.19674942 -0.30692309 0.01615385
v 0.19049354 -0.30692309 0.04846154
v 0.20170234 -0.30692309 0.08076923
v 0.17769231 -0.30692309 0.27129039
v 0.17769231 -0.27461538 -0.06915976
v 0.17775369 -0.27461538 -0.04846154
v 0.17769231 -0.27454102 -0.04846160
v 0.17857005 -0.27461538 -0.01615385
v 0.17769231 -0.27333733 -0.01615385
v 0.18116125 -0.27461538 0.01615385
v 0.17769231 -0.26598874 0.01615385
v 0.18529646 -0.27461538 0.04846154
v 0.17769231 -0.24670042 0.04846154
v 0.17769231 -0.25017339 0.24230769
v 0.17769231 -0.27461538 0.26001564
v 0.17769231 -0.24230763 0.04995415
v 0.17769231 -0.24230769 0.24084084
v 0.17769231 -0.20999999 0.06045799
v 0.20296855 -0.20999999 0.20999999
v 0.17769231 -0.19438209 0.20999999
v 0.17769231 -0.20999999 0.22685622
v 0.17769231 -0.17769231 0.06889984
v 0.19743589 -0.17769231 0.08076923
v 0.17769231 -0.15145327 0.08076923
v 0.20809957 -0.17769231 0.14538461
v 0.17769231 -0.15281032 0.14538461
v 0.17927957 -0.17769231 0.17769231
v 0.17769231 -0.17655976 0.17769231
v 0.17769231 -0.17769231 0.17932788
v 0.17769231 -0.14538461 0.08620097
v 0.19392207 -0.14538461 0.11307693
v 0.17769231 -0.13061148 0.11307693
v 0.17769231 -0.14538461 0.13541564
v 0.17769231 -0.05808203 0.14538461
v 0.17769231 -0.06732823 0.17769231
v 0.17769231 -0.07000004 0.20999999
v 0.17769231 -0.05692841 0.24230769
v 0.17769231 -0.02462712 0.08076923
v 0.17769231 -0.04660585 0.11307680
v 0.17769231 -0.04846160 0.11718107
v 0.18911506 -0.04846154 0.14538461
v 0.20204251 -0.04846154 0.17769231
v 0.19608809 -0.04846154 0.20999999
v 0.18389271 -0.04846154 0.24230769
v 0.17769231 -0.03292120 0.24230757
v 0.17769231 -0.04846160 0.25182459
v 0.17769231 -0.01615385 0.07112046
v 0.18450549 -0.01615385 0.08076923
v 0.18952227 -0.01615385 0.20999999
v 0.17769231 -0.01615385 0.23183638
v 0.17769231 0.01615385 0.07362157
v 0.18382666 0.01615385 0.08076923
v 0.17769231 0.02428487 0.08076923
v 0.20961967 0.01615385 0.11307693
v 0.20427409 0.01615385 0.17769231
v 0.17864166 0.01615385 0.20999999
v 0.17769231 0.01788592 0.20999999
v 0.17769231 0.01615397 0.21093801
v 0.17769231 0.04846154 0.10412300
v 0.18453814 0.04846154 0.11307693
v 0.17769231 0.06029149 0.11307693
v 0.19218421 0.04846154 0.17769231
v 0.17769231 0.08038028 0.17769231
v 0.17769231 0.04846154 0.19579785
v 0.17769231 0.08076923 0.12603505
v 0.19324781 0.08076923 0.14538461
v 0.17769231 0.08076923 0.17730865
v 0.17769231 0.11307693 0.14387475
v 0.17920217 0.11307704 0.14538461
v 0.17769231 0.11512315 0.14538461
v 0.17769219 0.11307693 0.14763024
v 0.17769231 0.39052150 0.11307693
v 0.17769231 0.38979608 0.14538461
v 0.17769231 0.42844358 0.08076923
v 0.17769231 0.40384614 0.10145883
v 0.19152498 0.40384614 0.11307693
v 0.18771143 0.40384614 0.14538461
v 0.17769231 0.40631917 0.14538461
v 0.17769231 0.40384614 0.14758390
v 0.17769231 0.46474636 0.04846154
v 0.17769231 0.43615386 0.07393892
v 0.19414909 0.43615386 0.08076923
v 0.17769231 0.43615386 0.12887965
v 0.17769231 0.46846154 0.04491174
v 0.18369775 0.46846154 0.04846154
v 0.17769231 0.47465861 0.11307693
v 0.17769231 0.46846154 0.11646589
v 0.17769231 0.50979930 0.01615385
v 0.17769231 0.50076926 0.02324568
v 0.17769231 0.50076926 0.10239782
v 0.17769231 0.55670279 -0.01615385
v 0.17769231 0.53307694 0.00057087
v 0.17769231 0.53307682 0.09256406
v 0.17769231 0.56538463 -0.02333768
v 0.18882667 0.56538475 -0.01615385
v 0.17769231 0.56538475 0.08677047
v 0.17769231 0.59769231 -0.03050026
v 0.20665652 0.59769231 0.08076923
v 0.17769231 0.59769231 0.09930304
v 0.17769231 0.61939031 0.11307693
v 0.17769231 0.63000000 -0.01698383
v 0.17769243 0.63089550 -0.01615385
v 0.17769231 0.66136265 0.01615385
v 0.20631155 0.63000000 0.08076923
v 0.18325111 0.63000000 0.11307693
v 0.17769231 0.63000000 0.12629817
v 0.17769231 0.64188319 0.14538461
v 0.19709006 0.66230768 -0.01615385
v 0.17852223 0.66230768 0.01615385
v 0.17769231 0.66230768 0.01709247
v 0.17769231 0.69109368 0.04846154
v 0.20104201 0.66230768 0.11307693
v 0.18915635 0.66230756 0.14538461
v 0.17769231 0.66230768 0.17504120
v 0.17769231 0.66675103 0.17769231
v 0.20220679 0.69461536 0.01615385
v 0.18083651 0.69461536 0.04846154
v 0.17769231 0.69461536 0.06081183
v 0.17769231 0.70014459 0.08076923
v 0.17769231 0.70381099 0.11307693
v 0.17769231 0.71267986 0.14538461
v 0.19178884 0.69461536 0.17769231
v 0.17769231 0.71358979 0.17769231
v 0.17769243 0.69461548 0.18657340
v 0.20347399 0.72692305 0.04846154
v 0.19408907 0.72692305 0.08076923
v 0.19423327 0.72692305 0.11307693
v 0.19908588 0.72692305 0.14538461
v 0.20341976 0.72692305 0.17769231
v 0.20999999 -0.93227518 -0.24230769
v 0.20999999 -0.93561333 -0.20999999
v 0.20999999 -0.93627691 -0.17769231
v 0.20999999 -0.93721467 -0.14538461
v 0.20999999 -0.93854767 -0.11307693
v 0.20999999 -0.94012821 -0.08076923
v 0.20999999 -0.94176239 -0.04846154
v 0.20999999 -0.94393462 -0.01615385
v 0.20999999 -0.94619954 0.01615385
v 0.20999999 -0.93478727 0.04846154
v 0.20999999 -0.92832005 0.08076923
v 0.20999999 -0.92889935 0.11307693
v 0.20999999 -0.92852306 0.14538461
v 0.20999999 -0.92751873 0.17769231
v 0.20999999 -0.92674005 0.20999999
v 0.20999999 -0.93075132 0.24230769
v 0.20999999 -0.92011434 -0.27461538
v 0.20999987 -0.92076921 -0.27380899
v 0.23845004 -0.92076921 -0.24230769
v 0.20999999 -0.92076921 0.27413154
v 0.21132746 -0.92076921 0.27461538
v 0.20999999 -0.86496502 -0.30692309
v 0.20999999 -0.88846153 -0.29693520
v 0.23249722 -0.88846153 -0.27461538
v 0.20999999 -0.88147902 0.08076923
v 0.20999999 -0.87725806 0.11307693
v 0.20999999 -0.88013357 0.14538461
v 0.23745053 -0.88846153 0.17769231
v 0.20999999 -0.88218349 0.17769231
v 0.24220687 -0.88846153 0.20999999
v 0.20999999 -0.87804657 0.20999999
v 0.20999999 -0.87754256 0.24230769
v 0.20999999 -0.88846153 0.25987095
v 0.20999999 -0.85615385 -0.31104928
v 0.21422900 -0.85615385 -0.30692309
v 0.20999999 -0.85615385 0.05726055
v 0.24226098 -0.85615385 0.11307693
v 0.23831496 -0.85615385 0.14538461
v 0.24054185 -0.85615385 0.17769231
v 0.20999999 -0.82136095 -0.33923078
v 0.20999999 -0.82384616 -0.33736786
v 0.23357141 -0.82384616 -0.30692309
v 0.20999999 -0.82384616 0.06333894
v 0.20999999 -0.77646154 -0.37153852
v 0.20999999 -0.79153848 -0.36287051
v 0.22396022 -0.79153848 -0.33923078
v 0.20999999 -0.79153848 0.06913450
v 0.20999999 -0.75923079 -0.37850681
v 0.21756139 -0.75923079 -0.37153840
v 0.20999999 -0.75923079 0.07637053
v 0.21770066 -0.75923079 0.08076923
v 0.20999999 -0.72692305 -0.38350189
v 0.23814932 -0.72692305 -0.37153846
v 0.20999999 -0.72692305 0.07870095
v 0.21206827 -0.72692305 0.08076923
v 0.20999999 -0.70300168 0.08076923
v 0.23961826 -0.72692305 0.11307693
v 0.20999999 -0.69461536 -0.38763598
v 0.20999987 -0.69461536 0.08152571
v 0.23505823 -0.69461536 0.11307693
v 0.20999999 -0.66230768 -0.39035723
v 0.20999999 -0.66230768 0.08694031
v 0.23349649 -0.66230768 0.11307693
v 0.20999999 -0.63000000 -0.39348331
v 0.20999999 -0.63000005 0.09153842
v 0.22904602 -0.63000000 0.11307693
v 0.20999999 -0.59769231 -0.39644060
v 0.20999999 -0.59769231 0.08831620
v 0.23148945 -0.59769231 0.11307693
v 0.20999999 -0.58780760 0.20999999
v 0.20999999 -0.59130132 0.24230769
v 0.20999999 -0.56538457 -0.39250931
v 0.20999999 -0.54159832 0.08076923
v 0.20999999 -0.56538463 0.08307192
v 0.23902410 -0.56538463 0.11307693
v 0.20999999 -0.56144291 0.17769231
v 0.20999999 -0.56538463 0.18219602
v 0.22546738 -0.56538463 0.20999999
v 0.21606533 -0.56538463 0.24230769
v 0.20999999 -0.56538463 0.25074327
v 0.20999999 -0.53307694 -0.37609720
v 0.23073705 -0.53307694 -0.37153846
v 0.20999999 -0.51541960 -0.37153846
v 0.20999999 -0.53307694 0.07991527
v 0.21100000 -0.53307694 0.08076923
v 0.20999999 -0.52757722 0.14538461
v 0.21000013 -0.53307694 0.14926310
v 0.23885821 -0.53307694 0.20999999
v 0.22499990 -0.53307694 0.24230757
v 0.20999999 -0.53307694 0.26982364
v 0.20999999 -0.50076926 -0.35413030
v 0.22330309 -0.50076926 -0.33923078
v 0.20999999 -0.48283067 -0.33923078
v 0.24023312 -0.50076926 -0.30692309
v 0.20999999 -0.50076926 0.07358447
v 0.22456253 -0.50076926 0.08076923
v 0.20999999 -0.49990472 0.11307693
v 0.20999999 -0.50076926 0.11442830
v 0.23660322 -0.50076926 0.24230769
v 0.20999999 -0.47039104 0.24230769
v 0.20999999 -0.50076926 0.27275133
v 0.20999999 -0.46846154 -0.33372337
v 0.22743152 -0.46846154 -0.30692309
v 0.23471512 -0.46846154 -0.27461538
v 0.23941725 -0.46846154 -0.24230769
v 0.23932752 -0.46846154 -0.20999999
v 0.24174312 -0.46846154 -0.17769231
v 0.20999999 -0.44399932 0.04846154
v 0.20999999 -0.46846154 0.05592163
v 0.20999999 -0.46846154 0.09696177
v 0.24097666 -0.46846154 0.11307693
v 0.20999999 -0.46846154 0.24080363
v 0.22703984 -0.46846154 0.24230769
v 0.21000013 -0.46488449 0.24230781
v 0.20999999 -0.43615386 -0.30913961
v 0.21142593 -0.43615380 -0.30692309
v 0.20999999 -0.43394956 -0.30692309
v 0.22042744 -0.43615386 -0.27461538
v 0.22538838 -0.43615386 -0.24230769
v 0.23023914 -0.43615386 -0.20999999
v 0.23158681 -0.43615386 -0.17769231
v 0.23169120 -0.43615386 -0.14538461
v 0.20999999 -0.40662727 -0.14538461
v 0.20999999 -0.41516533 -0.11307693
v 0.20999999 -0.40762803 -0.08076923
v 0.20999999 -0.43615386 0.04571960
v 0.20999999 -0.43615386 0.09522736
v 0.24007697 -0.43615386 0.11307693
v 0.20999999 -0.43615386 0.25140890
v 0.20999999 -0.40384614 -0.27970815
v 0.21311857 -0.40384614 -0.27461538
v 0.20999999 -0.38943017 -0.27461538
v 0.21329284 -0.40384614 -0.24230769
v 0.20999999 -0.38138536 -0.24230769
v 0.21185261 -0.40384614 -0.20999999
v 0.20999999 -0.39116624 -0.20999999
v 0.21169966 -0.40384614 -0.17769231
v 0.20999999 -0.39856490 -0.17769231
v 0.20999999 -0.40384614 -0.15113653
v 0.23853679 -0.40384614 -0.08076923
v 0.20999999 -0.40384614 -0.07260486
v 0.20999999 -0.39830542 -0.04846160
v 0.20999999 -0.38084427 -0.01615385
v 0.20999999 -0.37695825 0.01615385
v 0.20999999 -0.40384614 0.03116793
v 0.20999999 -0.40384614 0.09427974
v 0.23924607 -0.40384614 0.11307693
v 0.20999999 -0.40384614 0.27271497
v 0.21531810 -0.40384614 0.27461526
v 0.20999999 -0.38832295 0.27461538
v 0.20999999 -0.37153846 0.09360719
v 0.23799859 -0.37153846 0.11307693
v 0.22124602 -0.37153846 0.27461538
v 0.20999999 -0.35470346 0.27461538
v 0.20999999 -0.37153846 0.27666050
v 0.20999999 -0.33923078 0.09162777
v 0.23667988 -0.33923078 0.11307693
v 0.20999999 -0.33923078 0.27079037
v 0.20999999 -0.28873792 0.08076923
v 0.20999999 -0.30692309 0.08660200
v 0.23509336 -0.30692309 0.11307693
v 0.20999999 -0.30692309 0.26398695
v 0.20999999 -0.27461538 0.07604910
v 0.21507211 -0.27461538 0.08076923
v 0.23773558 -0.27461538 0.11307693
v 0.22738850 -0.27461538 0.24230769
v 0.20999999 -0.26086220 0.24230781
v 0.20999999 -0.27461538 0.24883100
v 0.20999999 -0.24230769 0.06725872
v 0.22821264 -0.24230769 0.08076923
v 0.23990160 -0.24230769 0.11307693
v 0.24225655 -0.24230769 0.17769231
v 0.23504591 -0.24230769 0.20999999
v 0.20999999 -0.21812166 0.20999999
v 0.20999999 -0.24230769 0.23764561
v 0.20999999 -0.20999999 0.07093645
v 0.21983278 -0.20999999 0.08076923
v 0.20999999 -0.19253638 0.08076923
v 0.22893497 -0.20999999 0.11307693
v 0.23309274 -0.20999999 0.14538461
v 0.20999999 -0.17963858 0.14538461
v 0.21403846 -0.20999999 0.17769231
v 0.21000013 -0.20724198 0.17769243
v 0.20999999 -0.20999993 0.18641847
v 0.20999999 -0.17769231 0.09836479
v 0.21766295 -0.17769231 0.11307693
v 0.20999999 -0.16737247 0.11307693
v 0.20999999 -0.17769231 0.13997753
v 0.20999999 -0.02056241 0.11307693
v 0.20999999 -0.03383050 0.14538461
v 0.20999999 -0.02590818 0.17769231
v 0.20999999 -0.01615385 0.10830553
v 0.21436124 -0.01615385 0.11307693
v 0.20999999 0.01387556 0.11307693
v 0.22924161 -0.01615385 0.14538461
v 0.21384682 -0.01615385 0.17769243
v 0.20999999 -0.00365000 0.17769231
v 0.20999999 -0.01615385 0.18181112
v 0.21000013 0.01615385 0.11345737
v 0.22961749 0.01615385 0.14538461
v 0.20999999 0.01615385 0.17199585
v 0.20999999 0.04846154 0.14013122
v 0.21522592 0.04846154 0.14538461
v 0.20999999 0.05511709 0.14538461
v 0.20999999 0.04846154 0.15143466
v 0.20999999 0.41822973 0.11307693
v 0.20999999 0.44255021 0.08076923
v 0.20999999 0.43615386 0.08865771
v 0.23968160 0.43615386 0.11307693
v 0.20999999 0.43615386 0.14498456
v 0.21131168 0.43615386 0.14538461
v 0.20999999 0.48609319 0.04846154
v 0.20999999 0.46846154 0.05984485
v 0.20999999 0.49736252 0.11307693
v 0.20999999 0.46846154 0.12527919
v 0.20999999 0.53262299 0.01615385
v 0.20999999 0.50076926 0.03839163
v 0.23728624 0.50076926 0.04846154
v 0.20999999 0.50076926 0.11093248
v 0.21618944 0.50076908 0.11307693
v 0.20999999 0.53307694 0.01570277
v 0.21064900 0.53307694 0.01615385
v 0.20999999 0.53307694 0.09720259
v 0.20999999 0.59550667 -0.01615385
v 0.20999999 0.56538463 -0.00463435
v 0.20999999 0.59306908 0.08076923
v 0.20999987 0.56538463 0.08992244
v 0.20999999 0.59769231 -0.01738012
v 0.21147449 0.59769231 -0.01615385
v 0.20999999 0.59769231 0.07876848
v 0.21494122 0.59769231 0.08076923
v 0.20999999 0.63000000 -0.02520292
v 0.22460011 0.63000000 -0.01615385
v 0.20999999 0.63000000 0.07706033
v 0.20999999 0.63777250 0.08076923
v 0.20999999 0.66230768 -0.02846451
v 0.23635451 0.66230768 -0.01615385
v 0.20999999 0.68119371 -0.01615385
v 0.22387642 0.66230768 0.08076923
v 0.20999999 0.66230768 0.09749776
v 0.20999999 0.67290312 0.11307693
v 0.20999999 0.69337898 0.14538461
v 0.23380570 0.69461536 -0.01615385
v 0.20999999 0.69461536 0.00245958
v 0.20999999 0.70581973 0.01615385
v 0.22827365 0.69461536 0.11307693
v 0.21117599 0.69461536 0.14538474
v 0.20999999 0.69461536 0.14831881
v 0.20999999 0.72297728 0.17769231
v 0.24119283 0.72692305 -0.01615385
v 0.22279125 0.72692305 0.01615385
v 0.20999999 0.72692305 0.03894550
v 0.20999999 0.73502487 0.04846154
v 0.20999999 0.74782330 0.08076923
v 0.20999999 0.74953848 0.11307693
v 0.22855662 0.72692305 0.14538461
v 0.20999999 0.74809605 0.14538461
v 0.21167514 0.72692305 0.17769231
v 0.20999999 0.75086141 0.17769231
v 0.20999999 0.72692305 0.17927846
v 0.22852716 0.75923079 0.04846154
v 0.22181590 0.75923079 0.08076923
v 0.22372359 0.75923079 0.11307693
v 0.22609296 0.75923079 0.14538461
v 0.24230769 -0.93301952 -0.20999999
v 0.24230769 -0.93414247 -0.17769231
v 0.24230769 -0.93611538 -0.14538461
v 0.24230769 -0.93952000 -0.11307686
v 0.24230769 -0.94260478 -0.08076923
v 0.24230769 -0.94390190 -0.04846154
v 0.24230769 -0.94523895 -0.01615385
v 0.24230769 -0.94616061 0.01615385
v 0.24230769 -0.94135827 0.04846154
v 0.24230769 -0.93051976 0.08076923
v 0.24230769 -0.92653984 0.11307693
v 0.24230769 -0.92420894 0.14538461
v 0.24230769 -0.92299700 0.17769231
v 0.24230769 -0.92228949 0.20999999
v 0.24230769 -0.92737359 0.24230769
v 0.24230769 -0.92352414 0.27461538
v 0.24230769 -0.91683328 -0.24230769
v 0.24230757 -0.92076921 -0.23873454
v 0.25854573 -0.92076921 -0.20999999
v 0.24230757 -0.90790892 0.17769231
v 0.24230769 -0.89053613 0.20999999
v 0.24230769 -0.91784823 0.27461538
v 0.24230757 -0.92076921 0.27638936
v 0.24230769 -0.85832345 -0.27461538
v 0.24230769 -0.88846153 -0.26312417
v 0.25437945 -0.88846153 -0.24230763
v 0.24230769 -0.85816854 0.08076923
v 0.24230769 -0.88846153 0.16978127
v 0.24376555 -0.88846153 0.17769243
v 0.24230769 -0.87474185 0.17769231
v 0.24239704 -0.88846153 0.20999999
v 0.24230757 -0.88846153 0.21050973
v 0.24230769 -0.88385475 0.24230769
v 0.24230769 -0.88846153 0.24564539
v 0.24230769 -0.85615385 -0.27550077
v 0.24299145 -0.85615385 -0.27461538
v 0.26906842 -0.85615385 -0.24230769
v 0.27051628 -0.85615385 0.01615385
v 0.25400639 -0.85615385 0.04846154
v 0.24230769 -0.85615385 0.07105353
v 0.24230769 -0.85615385 0.11271606
v 0.24259904 -0.85615385 0.11307693
v 0.24230769 -0.85613018 0.11307693
v 0.25908428 -0.85615385 0.14538461
v 0.24230769 -0.85350108 0.14538461
v 0.24850933 -0.85615385 0.17769231
v 0.24230769 -0.85488093 0.17769231
v 0.24230769 -0.85615385 0.19059078
v 0.24230769 -0.80349183 -0.30692309
v 0.24230769 -0.82384616 -0.29645029
v 0.25922713 -0.82384616 -0.27461538
v 0.26953205 -0.82384616 0.01615385
v 0.25298679 -0.82384616 0.04846154
v 0.24230769 -0.82384616 0.06618588
v 0.24230769 -0.76009589 -0.33923078
v 0.24230769 -0.79153848 -0.31286886
v 0.24762468 -0.79153848 -0.30692309
v 0.27360675 -0.79153848 -0.27461538
v 0.25833830 -0.79153848 0.04846154
v 0.24230769 -0.79153848 0.07903482
v 0.24230769 -0.78843904 0.08076923
v 0.24230769 -0.75923079 -0.34006077
v 0.24306120 -0.75923079 -0.33923078
v 0.26587245 -0.75923079 -0.30692309
v 0.27334830 -0.75923079 0.04846154
v 0.25391173 -0.75923079 0.08076923
v 0.24230769 -0.75923079 0.09405556
v 0.24230769 -0.73101693 0.11307693
v 0.24230769 -0.72192657 -0.37153846
v 0.24230769 -0.72692305 -0.36843541
v 0.25917512 -0.72692305 -0.33923078
v 0.24549294 -0.72692311 0.11307693
v 0.24230769 -0.72692305 0.11575095
v 0.24230769 -0.69461536 -0.38198489
v 0.25447348 -0.69461536 -0.37153846
v 0.24230769 -0.69461536 0.12029126
v 0.24230769 -0.66230768 -0.38570458
v 0.24230769 -0.66230774 0.12290268
v 0.27305979 -0.66230768 0.14538461
v 0.24230769 -0.63000000 -0.38721997
v 0.24230769 -0.63000000 0.12663463
v 0.26118413 -0.63000000 0.14538461
v 0.24230769 -0.59769225 -0.38835359
v 0.24230769 -0.59769231 0.12645507
v 0.26552010 -0.59769231 0.14538461
v 0.24230769 -0.56538463 -0.38556597
v 0.27259406 -0.56538463 -0.37153846
v 0.24230769 -0.53787017 -0.37153846
v 0.24230769 -0.53985977 0.11307693
v 0.24230769 -0.56538463 0.12113979
v 0.27241018 -0.56538463 0.14538461
v 0.24230769 -0.53331643 0.17769231
v 0.24230769 -0.53307694 -0.33946025
v 0.24269615 -0.53307694 -0.33923078
v 0.24230769 -0.53295028 -0.33923078
v 0.24230769 -0.51182002 -0.30692309
v 0.24230769 -0.53307694 0.11198658
v 0.24447680 -0.53307694 0.11307693
v 0.24230769 -0.51592451 0.14538461
v 0.24230769 -0.53307694 0.17611995
v 0.24315302 -0.53307694 0.17769231
v 0.24230769 -0.53307694 0.17919602
v 0.24230769 -0.51687008 0.20999999
v 0.26930603 -0.50076926 -0.30692309
v 0.24230769 -0.50076926 -0.29007155
v 0.24230769 -0.49720150 -0.27461538
v 0.24230769 -0.48690748 -0.24230769
v 0.24230769 -0.47716677 -0.20999999
v 0.24230769 -0.46945617 -0.17769231
v 0.24230769 -0.48897439 0.08076923
v 0.24230769 -0.50076926 0.10724859
v 0.24230769 -0.50076926 0.12553838
v 0.25115624 -0.50076926 0.14538461
v 0.26329479 -0.50076926 0.17769231
v 0.24717952 -0.50076926 0.20999987
v 0.24230781 -0.50076926 0.22352839
v 0.24230769 -0.47523767 0.24230769
v 0.27327904 -0.46846154 -0.20999999
v 0.24230769 -0.46846154 -0.17426305
v 0.24230769 -0.45284817 -0.14538461
v 0.24230769 -0.43995062 0.04846154
v 0.24230769 -0.46846160 0.06425403
v 0.27069056 -0.46846154 0.08076923
v 0.24230769 -0.46846154 0.11489367
v 0.25390139 -0.46846154 0.14538461
v 0.26825488 -0.46846154 0.20999999
v 0.24409547 -0.46846154 0.24230769
v 0.24230769 -0.46846154 0.24366190
v 0.24230769 -0.43615386 -0.11869359
v 0.25490767 -0.43615386 -0.11307693
v 0.24230769 -0.43326610 -0.11307698
v 0.24230769 -0.43615386 0.04170135
v 0.24793994 -0.43615386 0.04846154
v 0.24230769 -0.43615386 0.11672125
v 0.25377592 -0.43615386 0.14538461
v 0.24230769 -0.43615386 0.25439018
v 0.24230769 -0.41185406 0.27461538
v 0.24230769 -0.40384614 -0.08174187
v 0.24230769 -0.40363652 -0.08076929
v 0.24230769 -0.39908722 -0.04846154
v 0.24230769 -0.38400239 -0.01615385
v 0.24230769 -0.39312837 0.01615385
v 0.24230769 -0.40384614 0.02261541
v 0.24230769 -0.40384614 0.11767270
v 0.25485802 -0.40384614 0.14538461
v 0.26391706 -0.40384614 0.27461538
v 0.24230769 -0.38075298 0.27461538
v 0.24230769 -0.40384614 0.28239530
v 0.24733925 -0.37153846 -0.01615385
v 0.25973761 -0.37153846 0.01615385
v 0.24230769 -0.37153846 0.11873432
v 0.25629157 -0.37153846 0.14538461
v 0.27307817 -0.37153846 0.24230769
v 0.24230769 -0.37153846 0.27058309
v 0.24230769 -0.33923078 0.12045690
v 0.25658318 -0.33923078 0.14538461
v 0.27308816 -0.33923078 0.20999999
v 0.25810266 -0.33923078 0.24230781
v 0.24230769 -0.33923078 0.26727828
v 0.24230757 -0.30692315 0.12388530
v 0.25430021 -0.30692309 0.14538461
v 0.26524809 -0.30692309 0.17769231
v 0.25832191 -0.30692309 0.20999999
v 0.24895659 -0.30692309 0.24230769
v 0.24230769 -0.28118566 0.24230769
v 0.24230769 -0.30692309 0.25823712
v 0.24230769 -0.27461538 0.12235165
v 0.25169200 -0.27461538 0.14538461
v 0.25202698 -0.27461538 0.17769231
v 0.24230769 -0.24242878 0.17769231
v 0.24508278 -0.27461538 0.20999999
v 0.24230769 -0.26306939 0.20999999
v 0.24230769 -0.27461538 0.22940244
v 0.24230769 -0.24230769 0.12443423
v 0.24648356 -0.24230769 0.14538461
v 0.24230769 -0.23338550 0.14538461
v 0.24230769 -0.24230769 0.17741834
v 0.24230769 0.43015864 0.14538461
v 0.24230769 0.46000934 0.08076923
v 0.24230769 0.43818787 0.11307693
v 0.24230769 0.43615398 0.12050595
v 0.24948715 0.43615386 0.14538461
v 0.24230769 0.44635624 0.14538461
v 0.24230769 0.43615371 0.15131870
v 0.24230769 0.46846154 0.07267345
v 0.26391348 0.46846154 0.08076923
v 0.24230769 0.46846154 0.13479635
v 0.26258937 0.46846154 0.14538461
v 0.24230781 0.50347430 0.04846154
v 0.24230769 0.50076926 0.05093246
v 0.24230769 0.51526237 0.11307693
v 0.24230769 0.50076926 0.12056856
v 0.24230769 0.55866832 0.01615385
v 0.24230769 0.53307694 0.03012639
v 0.24230769 0.53307694 0.10437306
v 0.27065197 0.53307694 0.11307693
v 0.24230769 0.56538463 0.01119660
v 0.25071061 0.56538463 0.01615385
v 0.24230769 0.56538463 0.09608465
v 0.24230769 0.59769231 -0.00149889
v 0.24230769 0.62608665 0.08076923
v 0.24230769 0.59769231 0.08941912
v 0.24230769 0.63000000 -0.00579617
v 0.24230769 0.63000000 0.07921931
v 0.24628071 0.63000000 0.08076923
v 0.24230769 0.67752129 -0.01615385
v 0.24230781 0.66230768 -0.01220954
v 0.24230769 0.66230768 0.06938961
v 0.24230769 0.68413889 0.08076923
v 0.24230769 0.69461536 -0.02051977
v 0.24797569 0.69461536 -0.01615385
v 0.25357157 0.69461536 0.08076923
v 0.24230769 0.69461536 0.09056122
v 0.24230769 0.71387953 0.11307693
v 0.24230769 0.72692305 -0.01726871
v 0.24470036 0.72692305 -0.01615385
v 0.24230769 0.72803795 -0.01615385
v 0.24230769 0.75263029 0.01615385
v 0.25235566 0.72692305 0.11307693
v 0.24230769 0.72692305 0.13687301
v 0.24230769 0.74576080 0.14538461
v 0.24850810 0.75923079 0.01615385
v 0.24230769 0.75923079 0.02574519
v 0.24230769 0.78007442 0.04846154
v 0.24230769 0.78565222 0.08076923
v 0.24230769 0.78713781 0.11307693
v 0.25016314 0.75923091 0.14538474
v 0.24230769 0.77641851 0.14538461
v 0.24230769 0.75923079 0.16496058
v 0.25364971 0.79153848 0.04846154
v 0.24992774 0.79153836 0.08076923
v 0.24619222 0.79153836 0.11307693
v 0.26412582 0.79153848 0.14538461
v 0.27461538 -0.93053669 -0.17769231
v 0.27461538 -0.93483871 -0.14538461
v 0.27461538 -0.94285041 -0.11307698
v 0.27461538 -0.94456941 -0.08076923
v 0.27461538 -0.93763012 -0.04846154
v 0.27461538 -0.94023287 -0.01615385
v 0.27461538 -0.94555491 0.01615385
v 0.27461538 -0.94138378 0.04846154
v 0.27461538 -0.93264520 0.08076923
v 0.27461538 -0.92794490 0.11307693
v 0.27461538 -0.92578119 0.14538461
v 0.27461538 -0.92489809 0.17769231
v 0.27461538 -0.92772150 0.20999999
v 0.27461538 -0.93832368 0.24230769
v 0.27461526 -0.93957692 0.27461526
v 0.27461538 -0.88909125 -0.20999999
v 0.27461538 -0.92076921 -0.19077645
v 0.28394866 -0.92076921 -0.17769231
v 0.30595806 -0.92076921 -0.14538461
v 0.27461538 -0.90792495 0.27461538
v 0.27461538 -0.92076921 0.28579608
v 0.27461538 -0.88846153 -0.21041755
v 0.27499422 -0.88846153 -0.20999999
v 0.29165682 -0.88846153 -0.17769231
v 0.27461538 -0.86025292 0.01615385
v 0.27461538 -0.86293447 0.04846154
v 0.27461538 -0.86055744 0.08076923
v 0.27461538 -0.85855997 0.11307693
v 0.27461538 -0.85865355 0.14538461
v 0.27461538 -0.86301261 0.17769231
v 0.27461538 -0.87177926 0.20999999
v 0.27461538 -0.88024479 0.24230769
v 0.27461538 -0.88846153 0.25131622
v 0.27461538 -0.84119868 -0.24230769
v 0.27461538 -0.85615385 -0.23442629
v 0.28715548 -0.85615385 -0.20999999
v 0.30122662 -0.85615385 -0.17769231
v 0.29321674 -0.85615385 -0.01615385
v 0.27461538 -0.85615385 0.01134646
v 0.27461538 -0.82384616 -0.25117189
v 0.28081593 -0.82384616 -0.24230769
v 0.29334787 -0.82384616 -0.20999999
v 0.30523181 -0.82384616 -0.01615385
v 0.27461538 -0.82384616 0.01093310
v 0.27461538 -0.79817188 0.01615385
v 0.27461538 -0.78999823 -0.27461532
v 0.27461538 -0.79153848 -0.27339187
v 0.28920946 -0.79153848 -0.24230769
v 0.30092195 -0.79153848 -0.20999999
v 0.27669832 -0.79153848 0.01615385
v 0.27461538 -0.79153848 0.01793867
v 0.27461538 -0.73832053 -0.30692309
v 0.27461550 -0.75923079 -0.29525223
v 0.28726825 -0.75923079 -0.27461538
v 0.29704151 -0.75923079 -0.24230769
v 0.27461538 -0.75923079 0.04707813
v 0.27461538 -0.75725931 0.04846154
v 0.27461538 -0.72760063 0.08076923
v 0.27461538 -0.69719189 -0.33923078
v 0.27461538 -0.72692305 -0.31372750
v 0.27996492 -0.72692305 -0.30692309
v 0.29400006 -0.72692305 -0.27461538
v 0.27514619 -0.72692305 0.08076923
v 0.27461538 -0.72692305 0.08140653
v 0.27461538 -0.70031083 0.11307693
v 0.27461538 -0.66231936 -0.37153846
v 0.27461538 -0.69461536 -0.34169301
v 0.27657163 -0.69461536 -0.33923078
v 0.29093042 -0.69461536 -0.30692309
v 0.30649960 -0.69461536 -0.27461538
v 0.27994496 -0.69461536 0.11307693
v 0.27461538 -0.69461536 0.11800373
v 0.27461538 -0.66369259 0.14538461
v 0.27461538 -0.66230768 -0.37154764
v 0.27462462 -0.66230768 -0.37153840
v 0.28965202 -0.66230768 -0.33923078
v 0.30380267 -0.66230768 -0.30692309
v 0.27631024 -0.66230768 0.14538461
v 0.27461538 -0.66230774 0.14675274
v 0.27461538 -0.63000000 -0.38355994
v 0.28781345 -0.63000000 -0.37153846
v 0.30114269 -0.63000000 -0.33923078
v 0.27461526 -0.63000000 0.15852071
v 0.27461538 -0.59769231 -0.38221282
v 0.29311210 -0.59769231 -0.37153846
v 0.27461538 -0.56689864 -0.37153846
v 0.30474672 -0.59769231 -0.33923078
v 0.27461538 -0.59769231 0.15432549
v 0.30634579 -0.59769231 0.17769231
v 0.27461538 -0.56538463 -0.35481781
v 0.27636606 -0.56538463 -0.33923078
v 0.27461538 -0.55317211 -0.33923078
v 0.28630656 -0.56538457 -0.30692309
v 0.27461538 -0.55341178 0.14538461
v 0.27461538 -0.56538463 0.14698605
v 0.27461538 -0.53307694 -0.31896144
v 0.27654970 -0.53307694 -0.30692309
v 0.28422767 -0.53307694 -0.27461538
v 0.27461538 -0.50251991 0.11307693
v 0.27461538 -0.53307694 0.14241222
v 0.27839342 -0.53307694 0.14538461
v 0.27461538 -0.50076926 -0.30762416
v 0.27476376 -0.50076926 -0.30692309
v 0.27461538 -0.50039572 -0.30692315
v 0.28381246 -0.50076926 -0.27461538
v 0.27461538 -0.49119964 -0.27461538
v 0.27461538 -0.47868428 -0.24230769
v 0.27461538 -0.46894774 -0.17769231
v 0.27461538 -0.50076926 0.11175316
v 0.27768627 -0.50076926 0.11307693
v 0.27461538 -0.46926183 0.17769231
v 0.27461538 -0.46846154 -0.21286444
v 0.27461538 -0.46832240 -0.20999999
v 0.27461538 -0.46846154 -0.19441295
v 0.27614892 -0.46846154 -0.17769231
v 0.27461538 -0.46846154 -0.17455889
v 0.28621006 -0.46846154 -0.14538468
v 0.27461538 -0.46101704 -0.14538461
v 0.27461538 -0.44255939 -0.11307693
v 0.27461538 -0.46556905 0.08076923
v 0.27461538 -0.46846154 0.08305936
v 0.27461538 -0.46846154 0.17760874
v 0.27468589 -0.46846154 0.17769219
v 0.27461538 -0.46846154 0.17827661
v 0.27461538 -0.46206775 0.20999999
v 0.27461538 -0.44208565 0.24230769
v 0.27461538 -0.43615386 -0.10310672
v 0.27461538 -0.40962026 0.04846154
v 0.27461538 -0.43615386 0.05815887
v 0.27461538 -0.43615386 0.17726626
v 0.27503884 -0.43615386 0.17769231
v 0.28506586 -0.43615386 0.20999999
v 0.27926168 -0.43615386 0.24230769
v 0.27461538 -0.43615386 0.24881770
v 0.27461538 -0.40384614 -0.08115467
v 0.27537236 -0.40384614 -0.08076923
v 0.27461538 -0.40373191 -0.08076917
v 0.27461526 -0.39445248 -0.04846160
v 0.27461538 -0.40384614 0.03852067
v 0.28072768 -0.40384614 0.04846154
v 0.27461538 -0.40384614 0.17646456
v 0.27583575 -0.40384614 0.17769231
v 0.28834477 -0.40384614 0.20999999
v 0.28078288 -0.40384614 0.24230769
v 0.27461538 -0.37664914 0.24230769
v 0.27461538 -0.40384614 0.26170519
v 0.27461538 -0.37153846 -0.03751944
v 0.27461538 -0.36367154 -0.01615385
v 0.27461538 -0.36206412 0.01615385
v 0.27461538 -0.37153846 0.02531347
v 0.27461538 -0.37153846 0.17305094
v 0.27905661 -0.37153846 0.17769231
v 0.28439924 -0.37153846 0.20999999
v 0.27461538 -0.34199390 0.20999999
v 0.27461538 -0.37153846 0.23931557
v 0.27461538 -0.33923078 0.17570512
v 0.27641499 -0.33923078 0.17769231
v 0.27461538 -0.33401316 0.17769231
v 0.27461538 -0.33923078 0.19682348
v 0.27461538 0.45738277 0.11307693
v 0.27461538 0.45978677 0.14538461
v 0.27461550 0.47393221 0.08076923
v 0.27461538 0.46846154 0.08855246
v 0.29196385 0.46846154 0.11307693
v 0.29946741 0.46846154 0.14538461
v 0.27461538 0.47666034 0.14538461
v 0.27461526 0.46846154 0.15262939
v 0.27461538 0.52358627 0.04846154
v 0.27461538 0.50076926 0.06369611
v 0.27461538 0.50076926 0.12963612
v 0.27461538 0.53307694 0.04097606
v 0.29533100 0.53307694 0.04846154
v 0.27461538 0.53580356 0.11307693
v 0.27461538 0.53307694 0.11466110
v 0.27461538 0.59410256 0.01615385
v 0.27461538 0.56538463 0.02714512
v 0.27461538 0.56538463 0.10148755
v 0.27461538 0.59769231 0.01419759
v 0.27723235 0.59769243 0.01615385
v 0.27461538 0.59769231 0.09474634
v 0.27461538 0.63000000 0.00498818
v 0.29457882 0.63000000 0.01615385
v 0.27461538 0.65947258 0.08076923
v 0.27461538 0.63000000 0.08931029
v 0.27461538 0.66230768 0.00068856
v 0.30679649 0.66230768 0.01615385
v 0.27461538 0.66230768 0.07968961
v 0.27672940 0.66230768 0.08076923
v 0.27461538 0.69461536 -0.00247400
v 0.27461538 0.69461536 0.07018096
v 0.29932126 0.69461536 0.08076923
v 0.27461538 0.72562480 0.08076923
v 0.27461538 0.72692305 -0.00617539
v 0.27988654 0.72692305 0.08076923
v 0.27461526 0.72692305 0.08148565
v 0.27461538 0.75062907 0.11307693
v 0.27461538 0.75923079 -0.01438813
v 0.27461538 0.79057139 0.01615385
v 0.28344187 0.75923079 0.11307680
v 0.27461538 0.75923079 0.12930842
v 0.27461538 0.78767389 0.14538461
v 0.27570856 0.79153848 0.01615385
v 0.27461538 0.79153848 0.01780803
v 0.27461538 0.81073421 0.04846154
v 0.27461538 0.81641197 0.08076923
v 0.27461538 0.81851768 0.11307693
v 0.27810848 0.79153848 0.14538461
v 0.27461538 0.79904020 0.14538474
v 0.27461538 0.79153836 0.14979281
v 0.30211127 0.82384616 0.04846154
v 0.29431298 0.82384616 0.08076923
v 0.28821561 0.82384616 0.11307693
v 0.30380413 0.82384616 0.14538461
v 0.30692309 -0.94647455 -0.11307686
v 0.30692309 -0.94790250 -0.08076917
v 0.30692309 -0.94494605 -0.04846148
v 0.30692309 -0.94817108 -0.01615385
v 0.30692309 -0.94838041 0.01615385
v 0.30692309 -0.94600666 0.04846154
v 0.30692309 -0.93873090 0.08076923
v 0.30692309 -0.93576437 0.11307693
v 0.30692309 -0.93429708 0.14538461
v 0.30692309 -0.93481207 0.17769231
v 0.30692321 -0.93767881 0.20999999
v 0.30692321 -0.94661540 0.24230769
v 0.30692309 -0.94490981 0.27461538
v 0.30692309 -0.91966093 -0.14538461
v 0.30692309 -0.92076921 -0.14493120
v 0.32560393 -0.92076921 -0.11307693
v 0.32922396 -0.92076921 -0.08076923
v 0.30692309 -0.90812111 0.27461538
v 0.30692309 -0.92076921 0.29025912
v 0.30692309 -0.88846153 -0.15677015
v 0.31557295 -0.88846153 -0.14538461
v 0.33028683 -0.88846153 -0.11307693
v 0.33784759 -0.88846153 -0.08076923
v 0.31451109 -0.88846153 -0.04846154
v 0.32003081 -0.88846153 -0.01615385
v 0.30692309 -0.87488848 -0.01615385
v 0.32893670 -0.88846153 0.01615385
v 0.30692294 -0.87344223 0.01615385
v 0.32910675 -0.88846153 0.04846154
v 0.30692309 -0.87066543 0.04846154
v 0.32948720 -0.88846153 0.08076923
v 0.30692309 -0.86859971 0.08076923
v 0.33101186 -0.88846153 0.11307693
v 0.30692309 -0.86757976 0.11307693
v 0.33336791 -0.88846153 0.14538461
v 0.30692309 -0.86877984 0.14538461
v 0.33477882 -0.88846153 0.17769231
v 0.30692309 -0.87164712 0.17769231
v 0.33284834 -0.88846153 0.20999999
v 0.30692309 -0.87366325 0.20999999
v 0.31646475 -0.88846153 0.24230769
v 0.30692309 -0.88349783 0.24230769
v 0.30692309 -0.88846153 0.24767670
v 0.30692309 -0.83000225 -0.17769231
v 0.30692309 -0.85615385 -0.16926149
v 0.31916466 -0.85615385 -0.14538461
v 0.33517024 -0.85615385 -0.11307693
v 0.32956511 -0.85615385 -0.04846154
v 0.30692309 -0.85615385 -0.03167422
v 0.30692309 -0.82384616 -0.17981759
v 0.30847299 -0.82384616 -0.17769231
v 0.32197055 -0.82384616 -0.14538461
v 0.30692309 -0.82384616 -0.01779496
v 0.30692309 -0.82214445 -0.01615385
v 0.30692309 -0.77576280 -0.20999999
v 0.30692309 -0.79153848 -0.19932823
v 0.31714001 -0.79153848 -0.17769237
v 0.32657793 -0.79153848 -0.14538461
v 0.30692309 -0.79153848 0.00255066
v 0.30692309 -0.77405798 0.01615385
v 0.30692309 -0.72831404 -0.24230769
v 0.30692309 -0.75923079 -0.22136335
v 0.31315652 -0.75923079 -0.20999999
v 0.32470918 -0.75923079 -0.17769231
v 0.33847281 -0.75923079 -0.14538461
v 0.30692309 -0.75923073 0.02915905
v 0.30692309 -0.73305041 0.04846154
v 0.30692309 -0.72692305 -0.24324638
v 0.30755112 -0.72692305 -0.24230769
v 0.32113385 -0.72692311 -0.21000007
v 0.33374137 -0.72692305 -0.17769231
v 0.30692309 -0.72692305 0.05401442
v 0.30692309 -0.69654953 0.08076923
v 0.30692309 -0.69360763 -0.27461538
v 0.30692309 -0.69461536 -0.27376914
v 0.31769228 -0.69461536 -0.24230769
v 0.32984647 -0.69461536 -0.20999999
v 0.30692294 -0.69461536 0.08290555
v 0.30692309 -0.66428304 0.11307693
v 0.30692309 -0.65518904 -0.30692309
v 0.30692294 -0.66230768 -0.30054009
v 0.31640005 -0.66230768 -0.27461538
v 0.32456040 -0.66230768 -0.24230769
v 0.31942669 -0.66230768 0.11307693
v 0.30692309 -0.66230768 0.11528410
v 0.30692309 -0.63396174 0.14538461
v 0.30692309 -0.63000000 -0.32762161
v 0.31554350 -0.63000000 -0.30692315
v 0.32449263 -0.63000000 -0.27461538
v 0.33893475 -0.63000000 -0.24230769
v 0.32861426 -0.63000000 0.14538461
v 0.30692294 -0.63000000 0.14968817
v 0.30692309 -0.59822536 0.17769231
v 0.30692309 -0.59769231 -0.33832026
v 0.31742704 -0.59769231 -0.30692315
v 0.30692309 -0.57304138 -0.30692309
v 0.33111402 -0.59769231 -0.27461538
v 0.31338465 -0.59769231 0.17769231
v 0.30692309 -0.59652638 0.17769231
v 0.30692309 -0.59769231 0.17808853
v 0.30692309 -0.56538463 -0.28758565
v 0.30975708 -0.56538463 -0.27461538
v 0.30692309 -0.54033548 -0.27461538
v 0.31859958 -0.56538463 -0.24230769
v 0.33413821 -0.56538463 -0.20999999
v 0.30692309 -0.56538463 0.16581367
v 0.32065555 -0.56538463 0.17769231
v 0.30692309 -0.53307694 -0.26086167
v 0.30800590 -0.53307694 -0.24230775
v 0.30935603 -0.53307694 -0.20999999
v 0.31474859 -0.53307694 -0.17769231
v 0.30692309 -0.51330072 0.14538461
v 0.30692309 -0.53307694 0.15760587
v 0.30692309 -0.50076926 -0.24766943
v 0.30764478 -0.50076926 -0.24230769
v 0.30692309 -0.49462286 -0.24230769
v 0.30823660 -0.50076926 -0.20999999
v 0.30749050 -0.50076926 -0.17769231
v 0.31266576 -0.50076926 -0.14538455
v 0.30692309 -0.48089796 -0.14538461
v 0.33543757 -0.50076926 -0.11307693
v 0.30692309 -0.48022926 0.11307693
v 0.30692309 -0.50076926 0.13018098
v 0.32897848 -0.50076926 0.14538461
v 0.30692309 -0.46846154 -0.21951838
v 0.30818447 -0.46846148 -0.20999999
v 0.30692309 -0.46533886 -0.20999999
v 0.30769348 -0.46846154 -0.17769231
v 0.30692309 -0.45696741 -0.17769231
v 0.30692309 -0.46846154 -0.16002651
v 0.30692309 -0.46846154 -0.12006147
v 0.30786172 -0.46846154 -0.11307693
v 0.30692309 -0.46487179 -0.11307693
v 0.33294669 -0.46846154 -0.08076923
v 0.30692309 -0.43827832 0.08076923
v 0.30692309 -0.46846154 0.10408738
v 0.33688173 -0.46846154 0.11307693
v 0.30692309 -0.43615386 -0.08797278
v 0.30877864 -0.43615386 -0.08076923
v 0.30692309 -0.42732888 -0.08076923
v 0.33350375 -0.43615386 -0.04846154
v 0.30692309 -0.43615386 0.07735574
v 0.31473267 -0.43615386 0.08076923
v 0.30692309 -0.40384614 -0.07434088
v 0.31535113 -0.40384614 -0.04846154
v 0.30692309 -0.37537161 -0.04846154
v 0.32568723 -0.40384614 -0.01615385
v 0.30692309 -0.39092308 0.04846154
v 0.30692309 -0.40384614 0.05573072
v 0.30692309 -0.37153846 -0.04700874
v 0.31895083 -0.37153846 -0.01615385
v 0.30692294 -0.36330464 -0.01615385
v 0.32746553 -0.37153846 0.01615385
v 0.30692309 -0.35869330 0.01615385
v 0.30692309 -0.37153846 0.03392305
v 0.30692309 0.49472028 0.08076923
v 0.30692309 0.47875413 0.11307693
v 0.30692309 0.50076926 0.07529263
v 0.31354904 0.50076926 0.08076923
v 0.33491403 0.50076926 0.11307693
v 0.30692309 0.50076926 0.14392602
v 0.31184644 0.50076926 0.14538461
v 0.30692309 0.54083067 0.04846154
v 0.30692309 0.53307694 0.05312620
v 0.30692309 0.56404471 0.11307693
v 0.30692309 0.53307694 0.12535770
v 0.30692309 0.56538463 0.03720973
v 0.33773312 0.56538463 0.04846154
v 0.30692309 0.56538463 0.11224700
v 0.30818263 0.56538463 0.11307693
v 0.30692309 0.59769231 0.02984959
v 0.30692309 0.59769231 0.10027581
v 0.30692309 0.63000000 0.02410716
v 0.30692309 0.63000000 0.09531327
v 0.30692309 0.66267818 0.01615385
v 0.30692309 0.66230768 0.01626945
v 0.30692309 0.66230768 0.09144833
v 0.30692309 0.69461536 0.00852023
v 0.31758454 0.69461524 0.01615385
v 0.30692309 0.71364313 0.08076923
v 0.30692309 0.69461548 0.08498331
v 0.30692309 0.72692305 0.00477423
v 0.32511574 0.72692305 0.01615385
v 0.30692309 0.72692305 0.07770760
v 0.31240311 0.72692293 0.08076923
v 0.30692309 0.74413669 0.08076923
v 0.30692309 0.75923079 0.00285064
v 0.33158040 0.75923079 0.01615385
v 0.30692321 0.75923079 0.08385687
v 0.30692309 0.78237909 0.11307693
v 0.30692309 0.79153848 -0.00100395
v 0.33659989 0.79153848 0.01615385
v 0.30692309 0.81463289 0.01615385
v 0.31699052 0.79153848 0.11307680
v 0.30692309 0.79153848 0.12880188
v 0.30692309 0.82251918 0.14538461
v 0.32805452 0.82384616 0.01615385
v 0.30692309 0.82384616 0.04320210
v 0.30692309 0.82716608 0.04846154
v 0.30692309 0.82998508 0.08076923
v 0.30692321 0.82989240 0.11307693
v 0.31535816 0.82384616 0.14538461
v 0.30692309 0.82474816 0.14538461
v 0.30692309 0.82384616 0.14620370
v 0.33923078 -0.93216765 -0.04846154
v 0.33923078 -0.94731081 -0.01615385
v 0.33923078 -0.94805127 0.01615385
v 0.33923078 -0.94749469 0.04846154
v 0.33923090 -0.94589746 0.08076923
v 0.33923078 -0.94385922 0.11307693
v 0.33923078 -0.94421750 0.14538461
v 0.33923078 -0.94565350 0.17769231
v 0.33923078 -0.94791281 0.20999999
v 0.33923066 -0.95017505 0.24230769
v 0.33923078 -0.94061005 0.27461538
v 0.33923078 -0.92076921 -0.05553587
v 0.34276047 -0.92076921 -0.04846154
v 0.33923090 -0.91719967 -0.04846154
v 0.35270703 -0.92076921 -0.01615385
v 0.33923078 -0.90383911 -0.01615385
v 0.35621467 -0.92076921 0.01615385
v 0.33923078 -0.89906758 0.01615385
v 0.35699996 -0.92076921 0.04846154
v 0.33923078 -0.90043384 0.04846154
v 0.35813531 -0.92076921 0.08076923
v 0.33923078 -0.90180600 0.08076923
v 0.35997656 -0.92076921 0.11307693
v 0.33923078 -0.90337807 0.11307693
v 0.36510032 -0.92076921 0.14538461
v 0.33923078 -0.90104544 0.14538461
v 0.36886173 -0.92076921 0.17769231
v 0.33923078 -0.89729065 0.17769231
v 0.37012953 -0.92076921 0.20999999
v 0.33923078 -0.89778525 0.20999999
v 0.36945811 -0.92076921 0.24230769
v 0.33923078 -0.89993376 0.24230769
v 0.34789878 -0.92076921 0.27461538
v 0.33923078 -0.91660553 0.27461538
v 0.33923078 -0.92076921 0.27975711
v 0.33923078 -0.88597965 -0.08076923
v 0.33923078 -0.82781243 -0.11307693
v 0.33923078 -0.85615385 -0.10625968
v 0.35052523 -0.85615385 -0.08076929
v 0.33923078 -0.85615385 -0.05959997
v 0.33923078 -0.84700251 -0.04846154
v 0.33923078 -0.82384616 -0.11373006
v 0.33986783 -0.82384616 -0.11307693
v 0.35291061 -0.82384616 -0.08076923
v 0.35270703 -0.82384616 -0.04846154
v 0.33923078 -0.82384616 -0.02650764
v 0.33923078 -0.81541806 -0.01615385
v 0.33923078 -0.79153848 -0.12592444
v 0.34886637 -0.79153848 -0.11307693
v 0.35528305 -0.79153848 -0.08076929
v 0.35533395 -0.79153848 -0.04846160
v 0.35507405 -0.79153848 -0.01615385
v 0.33923078 -0.79153848 0.00461537
v 0.33923066 -0.77975243 0.01615385
v 0.33923078 -0.75735897 -0.14538468
v 0.33923078 -0.75923079 -0.14439780
v 0.35433248 -0.75923079 -0.11307693
v 0.35877419 -0.75923079 -0.08076923
v 0.35942307 -0.75923079 -0.04846154
v 0.35974362 -0.75923079 -0.01615385
v 0.35874721 -0.75923079 0.01615385
v 0.33923078 -0.75923079 0.03650083
v 0.33923078 -0.74316925 0.04846154
v 0.33923078 -0.71309203 -0.17769231
v 0.33923078 -0.72692305 -0.16658390
v 0.34826529 -0.72692305 -0.14538461
v 0.36081538 -0.72692305 -0.11307693
v 0.36540622 -0.72692305 -0.08076923
v 0.36790892 -0.72692305 -0.04846154
v 0.36920816 -0.72692305 -0.01615385
v 0.36877978 -0.72692305 0.01615385
v 0.36824182 -0.72692305 0.04846154
v 0.33923078 -0.72692305 0.06055979
v 0.33923078 -0.69910914 0.08076923
v 0.33923078 -0.66450560 -0.20999999
v 0.33923078 -0.69461536 -0.19063017
v 0.34620219 -0.69461542 -0.17769231
v 0.35788831 -0.69461536 -0.14538461
v 0.37101972 -0.69461536 -0.11307693
v 0.33923066 -0.69461542 0.08496791
v 0.33923078 -0.66230768 -0.21164715
v 0.34016818 -0.66230768 -0.20999993
v 0.35452229 -0.66230768 -0.17769231
v 0.36743629 -0.66230768 -0.14538461
v 0.33923078 -0.66230768 0.10551282
v 0.33923078 -0.64658684 0.11307693
v 0.33923078 -0.62781340 -0.24230769
v 0.33923078 -0.63000000 -0.24160285
v 0.34865683 -0.63000000 -0.20999999
v 0.36185396 -0.63000000 -0.17769231
v 0.33923078 -0.63000000 0.13381040
v 0.33923078 -0.61578870 0.14538461
v 0.33923078 -0.59769231 -0.25481135
v 0.34292242 -0.59769231 -0.24230769
v 0.33923078 -0.59296793 -0.24230769
v 0.35443440 -0.59769231 -0.20999999
v 0.33923078 -0.57083917 -0.20999999
v 0.33923078 -0.59769231 0.16438282
v 0.33923078 -0.59447193 0.17769231
v 0.33923078 -0.56538463 -0.20053381
v 0.34642637 -0.56538463 -0.17769237
v 0.33923078 -0.54872769 -0.17769231
v 0.35990152 -0.56538463 -0.14538461
v 0.36300516 -0.56538463 0.17769231
v 0.33923078 -0.53460884 0.17769231
v 0.33923078 -0.56538463 0.18965808
v 0.33923078 -0.53307694 -0.14703387
v 0.33966556 -0.53307694 -0.14538455
v 0.33923078 -0.53044736 -0.14538468
v 0.34463984 -0.53307694 -0.11307693
v 0.33923078 -0.50450200 -0.11307693
v 0.35796928 -0.53307694 -0.08076923
v 0.37083635 -0.53307694 -0.04846154
v 0.37135509 -0.53307694 0.11307693
v 0.36376965 -0.53307694 0.14538461
v 0.33923078 -0.53307694 0.17583884
v 0.33923078 -0.50076926 -0.11042274
v 0.34382999 -0.50076926 -0.08076923
v 0.33923078 -0.47377324 -0.08076923
v 0.35163540 -0.50076926 -0.04846154
v 0.36914530 -0.50076926 -0.01615385
v 0.35586688 -0.50076926 0.11307693
v 0.34810990 -0.50076926 0.14538461
v 0.33923078 -0.49471474 0.14538461
v 0.33923090 -0.50076926 0.14951415
v 0.33923078 -0.46846154 -0.07807259
v 0.34630695 -0.46846154 -0.04846148
v 0.33923078 -0.44124690 -0.04846154
v 0.35424337 -0.46846154 -0.01615385
v 0.35200971 -0.46846154 0.08076923
v 0.33975530 -0.46846160 0.11307680
v 0.33923090 -0.46788493 0.11307693
v 0.33923078 -0.46846154 0.11386716
v 0.33923078 -0.43615386 -0.03605006
v 0.34170872 -0.43615386 -0.01615385
v 0.33923090 -0.42882705 -0.01615385
v 0.36470336 -0.43615386 0.01615385
v 0.35254937 -0.43615386 0.04846154
v 0.34228835 -0.43615386 0.08076923
v 0.33923078 -0.43225220 0.08076923
v 0.33923078 -0.43615386 0.08455480
v 0.33923078 -0.40384614 -0.00169621
v 0.34886637 -0.40384614 0.01615385
v 0.33923078 -0.38643152 0.01615385
v 0.34872302 -0.40384609 0.04846154
v 0.33923078 -0.38071737 0.04846154
v 0.33923078 -0.40384614 0.06116812
v 0.33923078 0.49427563 0.14538461
v 0.33923078 0.52438599 0.08076923
v 0.33923078 0.50494498 0.11307693
v 0.33923078 0.50076926 0.12501952
v 0.34578946 0.50076926 0.14538461
v 0.33923078 0.51329046 0.14538461
v 0.33923078 0.50076926 0.15191063
v 0.33923078 0.53307694 0.07165176
v 0.34726405 0.53307694 0.08076923
v 0.37092263 0.53307694 0.11307693
v 0.33923078 0.53307694 0.13615388
v 0.36299741 0.53307694 0.14538461
v 0.33923078 0.57200551 0.04846154
v 0.33923066 0.56538451 0.04928444
v 0.33923078 0.59731567 0.11307693
v 0.33923078 0.56538463 0.12575614
v 0.33923078 0.59769231 0.04550368
v 0.34351400 0.59769231 0.04846154
v 0.33923078 0.59769231 0.11283118
v 0.33959028 0.59769231 0.11307693
v 0.33923078 0.63000000 0.03877628
v 0.35568485 0.63000000 0.04846154
v 0.33923078 0.63000000 0.10319534
v 0.36368918 0.63000000 0.11307693
v 0.33923078 0.66230768 0.03471871
v 0.36560908 0.66230768 0.04846154
v 0.33923078 0.66230768 0.09909981
v 0.33923078 0.69461548 0.02866608
v 0.37073958 0.69461536 0.04846154
v 0.33923078 0.69461536 0.09536330
v 0.33923078 0.72692305 0.02573965
v 0.33923078 0.72692305 0.09171651
v 0.33923078 0.75923079 0.02191859
v 0.33923078 0.75923079 0.08587042
v 0.33923078 0.80109692 0.01615385
v 0.33923078 0.79153860 0.01849499
v 0.33923078 0.79153848 0.08895782
v 0.33923078 0.81264263 0.11307693
v 0.33923078 0.82384616 0.01108851
v 0.34432298 0.82384616 0.01615385
v 0.33923078 0.82910562 0.01615385
v 0.33923078 0.84987307 0.04846154
v 0.33923078 0.85289097 0.08076923
v 0.35285071 0.82384616 0.11307693
v 0.33923078 0.85122013 0.11307693
v 0.33923078 0.82384616 0.14220886
v 0.34639311 0.85615385 0.04846154
v 0.34335390 0.85615396 0.08076923
v 0.34537524 0.85615385 0.11307693
v 0.36129454 0.85615385 0.14538461
v 0.37153846 -0.70533633 -0.08076923
v 0.37153846 -0.71697283 -0.04846154
v 0.37153846 -0.72154295 -0.01615385
v 0.37153846 -0.71979332 0.01615385
v 0.37153858 -0.72156078 0.04846154
v 0.37153846 -0.70311743 0.08076923
v 0.37153846 -0.69244224 -0.11307693
v 0.37153846 -0.69461536 -0.10912535
v 0.37488687 -0.69461536 -0.08076923
v 0.37872678 -0.69461536 -0.04846154
v 0.38062844 -0.69461536 -0.01615385
v 0.37958691 -0.69461536 0.01615385
v 0.37937185 -0.69461536 0.04846154
v 0.37896997 -0.69461536 0.08076923
v 0.37153846 -0.69461536 0.08816499
v 0.37153846 -0.64593256 -0.14538461
v 0.37153846 -0.66230768 -0.13269480
v 0.37743890 -0.66230768 -0.11307686
v 0.38270658 -0.66230768 -0.08076923
v 0.38564461 -0.66230768 -0.04846160
v 0.38769230 -0.66230768 -0.01615385
v 0.38817087 -0.66230768 0.01615385
v 0.38627020 -0.66230768 0.04846154
v 0.38257769 -0.66230768 0.08076923
v 0.37153846 -0.66230768 0.10305743
v 0.37153846 -0.64471793 0.11307693
v 0.37153846 -0.60245723 -0.17769231
v 0.37153846 -0.63000000 -0.15393664
v 0.37554365 -0.63000000 -0.14538455
v 0.37878793 -0.63000000 -0.11307698
v 0.38657337 -0.63000000 -0.08076923
v 0.39205134 -0.63000000 -0.04846154
v 0.39436066 -0.63000000 -0.01615385
v 0.39648047 -0.63000000 0.01615385
v 0.39948022 -0.63000000 0.04846154
v 0.39430693 -0.63000000 0.08076923
v 0.38908300 -0.63000000 0.11307693
v 0.37153846 -0.63000000 0.12796025
v 0.37153846 -0.60907900 0.14538461
v 0.37153846 -0.59769231 -0.18131933
v 0.37358359 -0.59769231 -0.17769231
v 0.37153834 -0.59521151 -0.17769231
v 0.37849078 -0.59769231 -0.14538461
v 0.37153846 -0.57536584 -0.14538461
v 0.37829876 -0.59769231 -0.11307686
v 0.39941910 -0.59769231 -0.08076923
v 0.40373451 -0.59769231 -0.04846154
v 0.37551740 -0.59769231 0.14538461
v 0.37153846 -0.59769231 0.14945967
v 0.37153846 -0.56538463 -0.13119170
v 0.37588504 -0.56538463 -0.11307693
v 0.37153846 -0.55698287 -0.11307693
v 0.38197476 -0.56538463 -0.08076923
v 0.37153846 -0.54388046 -0.08076923
v 0.39023384 -0.56538463 -0.04846154
v 0.37153846 -0.53387994 -0.04846154
v 0.40237352 -0.56538463 -0.01615385
v 0.39044693 -0.56538463 0.11307693
v 0.37153846 -0.53371418 0.11307693
v 0.37276807 -0.56538463 0.14538461
v 0.37153846 -0.55850226 0.14538461
v 0.37153846 -0.56538463 0.15066279
v 0.37153834 -0.53307694 -0.04707658
v 0.38118774 -0.53307694 -0.01615385
v 0.37153846 -0.50487906 -0.01615385
v 0.40211865 -0.53307694 0.01615385
v 0.39817151 -0.53307694 0.08076923
v 0.37153846 -0.53307694 0.11273825
v 0.37153846 -0.50076926 -0.01281171
v 0.38483661 -0.50076926 0.01615385
v 0.39019501 -0.50076926 0.04846154
v 0.37283069 -0.50076926 0.08076923
v 0.37153846 -0.49737355 0.08076923
v 0.37153858 -0.50076926 0.08460237
v 0.37153846 -0.46846154 0.01031023
v 0.37544790 -0.46846154 0.01615385
v 0.37153834 -0.45712778 0.01615385
v 0.37274787 -0.46846154 0.04846154
v 0.37153846 -0.46626589 0.04846154
v 0.37153846 -0.46846154 0.05245243
v 0.37153846 0.52899408 0.14538461
v 0.37153846 0.56536061 0.08076923
v 0.37153846 0.53370041 0.11307693
v 0.37153846 0.53307682 0.11692435
v 0.37564373 0.53307694 0.14538449
v 0.37153846 0.54169244 0.14538461
v 0.37153846 0.53307694 0.14944513
v 0.37153846 0.56538463 0.08074766
v 0.37155941 0.56538475 0.08076923
v 0.39738458 0.56538463 0.11307693
v 0.37153846 0.56538463 0.13614871
v 0.37153846 0.59769231 0.07307141
v 0.37837285 0.59769231 0.08076923
v 0.37153846 0.59769231 0.12621696
v 0.37153846 0.62999988 0.05980357
v 0.39507008 0.63000000 0.08076923
v 0.37153846 0.64898598 0.11307693
v 0.37153846 0.62999988 0.11707940
v 0.37153846 0.66230780 0.05294565
v 0.40363801 0.66230768 0.08076923
v 0.37153846 0.66230768 0.11014409
v 0.37765333 0.66230756 0.11307680
v 0.37153846 0.70385647 0.04846154
v 0.37153846 0.69461536 0.04925560
v 0.37153846 0.69461536 0.10285999
v 0.40107697 0.69461536 0.11307693
v 0.37153846 0.72692305 0.04654990
v 0.37369043 0.72692293 0.04846154
v 0.37153846 0.72692305 0.09936356
v 0.37153846 0.75923079 0.04106579
v 0.38075539 0.75923079 0.04846154
v 0.37153846 0.75923079 0.09589658
v 0.37153846 0.79153848 0.03796151
v 0.38618973 0.79153860 0.04846154
v 0.37153846 0.79153836 0.09180438
v 0.37153846 0.82384616 0.03528576
v 0.39175382 0.82384616 0.04846154
v 0.37153846 0.82384616 0.09492307
v 0.37153846 0.84456521 0.11307693
v 0.37153846 0.85252273 0.14538461
v 0.37153846 0.85615396 0.03172475
v 0.39981854 0.85615385 0.04846154
v 0.37153846 0.87299812 0.04846154
v 0.37153846 0.87397200 0.08076923
v 0.39833185 0.85615385 0.11307693
v 0.37153846 0.86840850 0.11307680
v 0.37622246 0.85615385 0.14538461
v 0.37153846 0.86098146 0.14538461
v 0.37153846 0.85615385 0.14910141
v 0.39764094 0.88846153 0.04846154
v 0.38648081 0.88846153 0.08076923
v 0.39424494 0.88846153 0.11307693
v 0.40384614 -0.60337305 -0.01615385
v 0.40384614 -0.60957807 0.01615385
v 0.40384614 -0.61860758 0.04846154
v 0.40384603 -0.62609607 0.08076923
v 0.40384614 -0.61126697 0.11307693
v 0.40384614 -0.59769231 -0.04724592
v 0.40649271 -0.59769231 -0.01615385
v 0.40384614 -0.57664829 -0.01615385
v 0.40863580 -0.59769231 0.01615385
v 0.41104794 -0.59769231 0.04846154
v 0.41241765 -0.59769231 0.08076923
v 0.40628627 -0.59769231 0.11307693
v 0.40384614 -0.58141637 0.11307693
v 0.40384614 -0.59769231 0.11690476
v 0.40384614 -0.56538457 -0.01153306
v 0.41114134 -0.56538463 0.01615385
v 0.40384614 -0.53831899 0.01615385
v 0.41531920 -0.56538463 0.04846154
v 0.41431943 -0.56538463 0.08076923
v 0.40384614 -0.53651714 0.08076923
v 0.40384614 -0.56538463 0.10749877
v 0.40384614 -0.53307694 0.02833406
v 0.40689015 -0.53307694 0.04846154
v 0.40384614 -0.52517796 0.04846154
v 0.40384614 -0.53307694 0.07024936
v 0.40384614 0.57918090 0.11307704
v 0.40384614 0.59769231 0.10334791
v 0.41188523 0.59769231 0.11307704
v 0.40384614 0.59769231 0.12585536
v 0.40384626 0.63000000 0.08909794
v 0.42074156 0.63000000 0.11307693
v 0.40384614 0.63000000 0.12777242
v 0.40384626 0.66301239 0.08076935
v 0.40384614 0.66230768 0.08125185
v 0.42262325 0.66230768 0.11307693
v 0.40384614 0.66230768 0.12279780
v 0.40384614 0.69461536 0.07315534
v 0.41146004 0.69461548 0.08076923
v 0.40384614 0.69992816 0.11307693
v 0.40384614 0.69461524 0.11441954
v 0.40384614 0.72692305 0.06720795
v 0.41988206 0.72692305 0.08076923
v 0.40384614 0.72692305 0.10477927
v 0.41773453 0.72692305 0.11307693
v 0.40384614 0.75923079 0.06229112
v 0.42962745 0.75923079 0.08076923
v 0.40384614 0.75923079 0.10115380
v 0.43484154 0.75923079 0.11307693
v 0.40384614 0.79153848 0.06065802
v 0.43490762 0.79153848 0.08076923
v 0.40384614 0.79153848 0.09729626
v 0.40384614 0.82384616 0.06105770
v 0.40384614 0.82384616 0.09338462
v 0.40384614 0.86891168 0.04846154
v 0.40384614 0.85615385 0.05246044
v 0.40384614 0.85615385 0.11060575
v 0.40384614 0.86356056 0.11307693
v 0.40384614 0.88846153 0.04385233
v 0.40858218 0.88846153 0.04846154
v 0.40384614 0.89307088 0.04846154
v 0.40384614 0.90070152 0.08076923
v 0.40384626 0.89440262 0.11307693
v 0.40384614 0.88846153 0.13342698
v 0.43276921 0.92076921 0.08076923
v 0.43615386 0.68828642 0.11307693
v 0.43615386 0.69461536 0.11069535
v 0.43841007 0.69461536 0.11307693
v 0.43615386 0.69461548 0.11532009
v 0.43615386 0.72692305 0.10302440
v 0.44353062 0.72692305 0.11307693
v 0.43615386 0.72692305 0.12038234
v 0.43615386 0.75923079 0.11019807
v 0.43692979 0.75923079 0.11307693
v 0.43615386 0.76267469 0.11307693
v 0.43615386 0.75923079 0.11385287
v 0.43615386 0.79691857 0.08076923
v 0.43615386 0.82384616 0.07550782
v 0.44138789 0.82384616 0.08076923
v 0.43615386 0.82384628 0.08939151
v 0.43615386 0.85615385 0.06982195
v 0.44898307 0.85615385 0.08076923
v 0.43615386 0.85615373 0.09297767
v 0.43615386 0.88689595 0.11307693
v 0.43615386 0.88846153 0.06647489
v 0.45587513 0.88846153 0.08076923
v 0.43807903 0.88846153 0.11307693
v 0.43615386 0.89256531 0.11307693
v 0.43615386 0.88846153 0.11484153
v 0.43615386 0.92076921 0.07773176
v 0.44179484 0.92076933 0.08076923
v 0.43615386 0.92378944 0.08076923
v 0.43615398 0.92076921 0.08913121
f 24 1 26
f 27 1 24
f 26 1 29
f 29 1 2
f 31 2 27
f 27 2 1
f 29 2 34
f 34 2 3
f 37 3 31
f 31 3 2
f 33 4 38
f 39 4 33
f 3 36 34
f 37 36 3
f 38 4 40
f 40 4 5
f 41 5 39
f 39 5 4
f 40 5 42
f 42 5 6
f 43 6 41
f 41 6 5
f 42 6 46
f 46 6 7
f 44 8 43
f 8 6 43
f 8 7 6
f 48 8 44
f 46 7 49
f 49 7 9
f 52 9 47
f 9 8 47
f 9 7 8
f 48 47 8
f 9 51 49
f 52 51 9
f 70 10 85
f 72 11 70
f 70 11 10
f 74 12 72
f 72 12 11
f 76 13 74
f 74 13 12
f 78 14 76
f 76 14 13
f 80 15 78
f 78 15 14
f 89 15 80
f 10 86 85
f 11 87 10
f 10 87 86
f 87 11 95
f 11 16 95
f 11 12 16
f 13 16 12
f 17 16 13
f 14 17 13
f 18 17 14
f 98 18 88
f 18 15 88
f 18 14 15
f 89 88 15
f 16 96 95
f 96 16 104
f 16 19 104
f 16 17 19
f 106 19 97
f 19 18 97
f 19 17 18
f 98 97 18
f 19 105 104
f 106 105 19
f 117 20 119
f 120 20 117
f 119 20 123
f 123 20 21
f 124 21 120
f 120 21 20
f 122 22 125
f 123 21 122
f 21 22 122
f 21 23 22
f 127 23 124
f 124 23 21
f 125 22 128
f 128 22 25
f 23 24 26
f 25 23 26
f 22 23 25
f 23 127 24
f 127 27 24
f 127 131 27
f 128 25 133
f 133 25 28
f 130 26 29
f 30 130 29
f 130 25 26
f 28 130 134
f 130 28 25
f 30 31 130
f 31 131 130
f 31 27 131
f 133 28 136
f 136 28 32
f 29 34 30
f 34 35 30
f 134 32 28
f 134 137 32
f 35 37 30
f 30 37 31
f 33 38 32
f 38 136 32
f 38 139 136
f 34 36 35
f 39 32 137
f 140 39 137
f 33 32 39
f 36 37 35
f 38 142 139
f 38 40 142
f 143 39 140
f 41 39 143
f 40 146 142
f 40 42 146
f 147 41 143
f 43 41 147
f 145 45 151
f 46 45 145
f 146 46 145
f 42 46 146
f 44 43 147
f 44 147 149
f 149 158 44
f 44 158 48
f 45 153 151
f 46 49 45
f 49 155 45
f 155 153 45
f 49 50 155
f 155 50 52
f 47 155 52
f 157 155 47
f 47 48 157
f 157 48 158
f 49 51 50
f 51 52 50
f 185 53 199
f 187 54 185
f 185 54 53
f 189 55 187
f 187 55 54
f 191 56 189
f 189 56 55
f 193 57 191
f 191 57 56
f 194 58 193
f 193 58 57
f 200 58 194
f 198 59 205
f 199 53 198
f 53 59 198
f 53 60 59
f 54 60 53
f 61 60 54
f 55 61 54
f 62 61 55
f 56 62 55
f 63 62 56
f 57 63 56
f 64 63 57
f 58 64 57
f 65 64 58
f 206 65 200
f 200 65 58
f 204 66 212
f 205 59 204
f 59 66 204
f 59 67 66
f 60 67 59
f 68 67 60
f 61 68 60
f 69 68 61
f 62 69 61
f 71 69 62
f 63 71 62
f 73 71 63
f 64 73 63
f 75 73 64
f 65 75 64
f 77 75 65
f 207 79 206
f 79 65 206
f 79 77 65
f 213 79 207
f 211 81 217
f 212 66 211
f 66 81 211
f 66 82 81
f 67 82 66
f 83 82 67
f 68 83 67
f 84 83 68
f 69 70 85
f 84 69 85
f 68 69 84
f 70 69 71
f 70 71 72
f 72 71 73
f 72 73 74
f 74 73 75
f 74 75 76
f 76 75 77
f 76 77 78
f 78 77 79
f 78 79 80
f 90 89 80
f 90 80 79
f 214 90 79
f 213 214 79
f 220 90 214
f 81 218 217
f 82 219 81
f 81 219 218
f 219 82 223
f 82 91 223
f 82 83 91
f 84 91 83
f 92 91 84
f 84 85 86
f 93 84 86
f 92 84 93
f 93 86 87
f 93 87 94
f 95 94 87
f 99 98 88
f 99 88 89
f 90 99 89
f 100 99 90
f 227 100 220
f 220 100 90
f 91 224 223
f 92 225 91
f 91 225 224
f 225 92 232
f 92 101 232
f 92 93 101
f 94 101 93
f 102 101 94
f 94 95 96
f 103 94 96
f 102 94 103
f 104 103 96
f 107 106 97
f 107 97 98
f 99 107 98
f 108 107 99
f 236 108 226
f 108 100 226
f 108 99 100
f 227 226 100
f 101 233 232
f 102 234 101
f 101 234 233
f 234 102 241
f 102 109 241
f 102 103 109
f 103 104 105
f 110 103 105
f 109 103 110
f 110 105 106
f 107 110 106
f 111 110 107
f 243 111 235
f 111 108 235
f 111 107 108
f 236 235 108
f 241 109 247
f 247 109 112
f 110 112 109
f 113 112 110
f 250 113 242
f 113 111 242
f 113 110 111
f 243 242 111
f 112 248 247
f 113 249 112
f 112 249 248
f 250 249 113
f 258 114 262
f 260 115 258
f 258 115 114
f 265 115 260
f 262 114 268
f 268 114 116
f 269 116 264
f 116 115 264
f 116 114 115
f 265 264 115
f 267 118 271
f 117 119 116
f 116 119 268
f 119 118 268
f 118 267 268
f 116 269 117
f 269 120 117
f 269 273 120
f 271 118 275
f 275 118 121
f 123 121 118
f 123 118 119
f 278 120 273
f 124 120 278
f 122 125 121
f 125 275 121
f 125 280 275
f 123 122 121
f 281 126 277
f 126 127 277
f 127 278 277
f 127 124 278
f 125 284 280
f 125 128 284
f 126 281 285
f 126 285 129
f 129 131 126
f 126 131 127
f 283 132 286
f 133 132 283
f 284 133 283
f 128 133 284
f 134 130 129
f 285 134 129
f 287 134 285
f 130 131 129
f 286 132 288
f 288 132 135
f 136 135 132
f 136 132 133
f 289 134 287
f 137 134 289
f 288 135 290
f 290 135 138
f 139 138 135
f 139 135 136
f 291 137 289
f 140 137 291
f 290 138 293
f 293 138 141
f 142 141 138
f 142 138 139
f 294 140 291
f 143 140 294
f 293 141 298
f 298 141 144
f 146 144 141
f 146 141 142
f 294 296 148
f 147 294 148
f 143 294 147
f 297 150 296
f 296 150 148
f 307 150 297
f 300 298 144
f 151 152 145
f 146 302 300
f 144 146 300
f 146 154 302
f 152 146 145
f 146 152 154
f 147 154 156
f 149 147 156
f 147 302 154
f 304 147 148
f 147 304 302
f 150 306 148
f 306 304 148
f 158 149 156
f 307 306 150
f 151 153 152
f 152 153 154
f 154 153 155
f 154 155 156
f 156 155 157
f 157 158 156
f 308 159 321
f 309 160 308
f 308 160 159
f 310 161 309
f 309 161 160
f 311 162 310
f 310 162 161
f 312 163 311
f 311 163 162
f 313 164 312
f 312 164 163
f 314 165 313
f 313 165 164
f 315 166 314
f 314 166 165
f 316 167 315
f 315 167 166
f 317 168 316
f 316 168 167
f 318 169 317
f 317 169 168
f 333 169 318
f 159 322 321
f 160 323 159
f 159 323 322
f 161 324 160
f 160 324 323
f 162 325 161
f 161 325 324
f 163 326 162
f 162 326 325
f 164 327 163
f 163 327 326
f 165 328 164
f 164 328 327
f 166 329 165
f 165 329 328
f 167 330 166
f 166 330 329
f 168 331 167
f 167 331 330
f 169 332 168
f 168 332 331
f 333 332 169
f 337 170 349
f 350 170 337
f 349 170 357
f 357 170 171
f 352 172 350
f 172 170 350
f 172 171 170
f 358 172 352
f 356 173 362
f 357 171 356
f 171 173 356
f 171 174 173
f 172 174 171
f 175 174 172
f 359 176 358
f 176 172 358
f 176 175 172
f 363 176 359
f 362 173 369
f 369 173 177
f 174 177 173
f 178 177 174
f 175 178 174
f 179 178 175
f 176 179 175
f 180 179 176
f 364 181 363
f 181 176 363
f 181 180 176
f 370 181 364
f 368 182 375
f 369 177 368
f 177 182 368
f 177 183 182
f 178 183 177
f 184 183 178
f 179 184 178
f 186 184 179
f 180 186 179
f 188 186 180
f 181 188 180
f 190 188 181
f 371 192 370
f 192 181 370
f 192 190 181
f 376 192 371
f 374 195 381
f 375 182 374
f 182 195 374
f 182 196 195
f 183 196 182
f 197 196 183
f 184 185 199
f 197 184 199
f 183 184 197
f 185 184 186
f 185 186 187
f 187 186 188
f 187 188 189
f 189 188 190
f 189 190 191
f 191 190 192
f 191 192 193
f 193 192 376
f 377 193 376
f 194 193 377
f 377 382 194
f 194 382 200
f 380 201 386
f 381 195 380
f 195 201 380
f 195 202 201
f 196 202 195
f 203 202 196
f 197 198 205
f 203 197 205
f 196 197 203
f 199 198 197
f 387 200 382
f 206 200 387
f 385 208 391
f 386 201 385
f 201 208 385
f 201 209 208
f 202 209 201
f 210 209 202
f 203 204 212
f 210 203 212
f 202 203 210
f 205 204 203
f 207 206 387
f 207 387 388
f 388 392 207
f 207 392 213
f 391 208 397
f 397 208 215
f 209 215 208
f 216 215 209
f 210 211 217
f 216 210 217
f 209 210 216
f 212 211 210
f 214 213 392
f 214 392 394
f 394 400 214
f 214 400 220
f 215 398 397
f 216 399 215
f 215 399 398
f 218 221 406
f 218 406 399
f 217 218 399
f 216 217 399
f 221 218 219
f 221 219 222
f 223 222 219
f 400 402 228
f 227 400 228
f 220 400 227
f 410 228 402
f 221 407 406
f 407 221 414
f 221 229 414
f 221 222 229
f 222 223 224
f 230 222 224
f 229 222 230
f 230 224 225
f 230 225 231
f 232 231 225
f 237 236 226
f 409 418 237
f 409 237 226
f 228 409 226
f 227 228 226
f 410 409 228
f 229 415 414
f 230 416 229
f 229 416 415
f 416 230 423
f 230 238 423
f 230 231 238
f 231 232 233
f 239 231 233
f 238 231 239
f 239 233 234
f 239 234 240
f 241 240 234
f 244 243 235
f 417 426 244
f 417 244 235
f 237 417 235
f 236 237 235
f 418 417 237
f 238 424 423
f 424 238 430
f 238 245 430
f 238 239 245
f 240 245 239
f 246 245 240
f 247 246 240
f 247 240 241
f 251 250 242
f 425 432 251
f 425 251 242
f 244 425 242
f 243 244 242
f 426 425 244
f 245 431 430
f 431 245 435
f 245 252 435
f 245 246 252
f 246 247 248
f 253 246 248
f 252 246 253
f 253 248 249
f 253 249 254
f 254 249 250
f 251 254 250
f 255 254 251
f 438 255 432
f 432 255 251
f 252 436 435
f 436 252 441
f 252 256 441
f 252 253 256
f 254 256 253
f 257 256 254
f 444 257 437
f 257 255 437
f 257 254 255
f 438 437 255
f 256 442 441
f 257 443 256
f 256 443 442
f 444 443 257
f 447 259 452
f 455 259 447
f 449 261 456
f 261 449 262
f 449 258 262
f 449 451 258
f 259 454 452
f 263 451 457
f 263 260 451
f 260 258 451
f 259 455 454
f 265 260 263
f 456 261 460
f 460 261 266
f 268 266 261
f 268 261 262
f 269 264 263
f 457 269 263
f 463 269 457
f 264 265 263
f 459 270 464
f 267 271 266
f 266 271 460
f 271 270 460
f 270 459 460
f 268 267 266
f 465 272 462
f 272 273 462
f 273 463 462
f 273 269 463
f 464 270 466
f 466 270 274
f 275 274 270
f 275 270 271
f 272 465 467
f 272 467 276
f 276 278 272
f 272 278 273
f 466 274 468
f 468 274 279
f 280 279 274
f 280 274 275
f 281 277 276
f 467 281 276
f 469 281 467
f 277 278 276
f 468 279 471
f 471 279 282
f 284 282 279
f 284 279 280
f 472 281 469
f 285 281 472
f 283 286 282
f 286 471 282
f 286 474 471
f 284 283 282
f 476 285 472
f 287 285 476
f 286 478 474
f 286 288 478
f 479 287 476
f 289 287 479
f 288 482 478
f 288 290 482
f 483 289 479
f 291 289 483
f 481 292 486
f 293 292 481
f 482 293 481
f 290 293 482
f 483 485 295
f 294 483 295
f 291 483 294
f 492 295 485
f 292 488 486
f 293 298 292
f 298 489 292
f 489 488 292
f 298 299 489
f 301 490 489
f 301 489 299
f 294 301 303
f 296 294 303
f 294 490 301
f 491 294 295
f 294 491 490
f 305 297 303
f 297 296 303
f 492 491 295
f 305 307 297
f 298 300 299
f 299 300 301
f 301 300 302
f 301 302 303
f 303 302 304
f 303 304 305
f 305 304 306
f 306 307 305
f 494 319 510
f 495 320 494
f 494 320 319
f 320 495 321
f 495 308 321
f 495 496 308
f 497 308 496
f 497 309 308
f 498 309 497
f 498 310 309
f 499 310 498
f 499 311 310
f 500 311 499
f 500 312 311
f 501 312 500
f 501 313 312
f 502 313 501
f 502 314 313
f 503 314 502
f 503 315 314
f 504 315 503
f 504 316 315
f 505 316 504
f 505 317 316
f 506 317 505
f 506 318 317
f 506 513 318
f 318 513 333
f 509 334 515
f 510 319 509
f 319 334 509
f 319 335 334
f 320 335 319
f 336 335 320
f 320 321 322
f 338 320 322
f 336 320 338
f 338 322 323
f 338 323 339
f 339 323 324
f 339 324 340
f 340 324 325
f 340 325 341
f 341 325 326
f 341 326 342
f 342 326 327
f 342 327 343
f 343 327 328
f 343 328 344
f 344 328 329
f 344 329 345
f 345 329 330
f 345 330 346
f 511 524 346
f 330 511 346
f 331 511 330
f 331 512 511
f 332 512 331
f 332 333 512
f 512 333 513
f 515 334 529
f 529 334 347
f 335 347 334
f 348 347 335
f 336 337 349
f 348 336 349
f 335 336 348
f 351 350 337
f 336 351 337
f 338 351 336
f 530 351 516
f 351 339 516
f 351 338 339
f 340 517 339
f 339 517 516
f 341 518 340
f 340 518 517
f 342 519 341
f 341 519 518
f 343 520 342
f 342 520 519
f 344 521 343
f 343 521 520
f 345 522 344
f 344 522 521
f 346 523 345
f 345 523 522
f 524 523 346
f 528 353 534
f 529 347 528
f 347 353 528
f 347 354 353
f 348 354 347
f 355 354 348
f 357 355 348
f 357 348 349
f 352 350 351
f 351 530 352
f 530 358 352
f 530 535 358
f 534 353 541
f 541 353 360
f 354 360 353
f 361 360 354
f 355 356 362
f 361 355 362
f 354 355 361
f 357 356 355
f 359 358 535
f 359 535 537
f 537 542 359
f 359 542 363
f 540 365 546
f 541 360 540
f 360 365 540
f 360 366 365
f 361 366 360
f 367 366 361
f 369 367 361
f 369 361 362
f 364 363 542
f 364 542 543
f 543 547 364
f 364 547 370
f 546 365 553
f 553 365 372
f 366 372 365
f 373 372 366
f 367 368 375
f 373 367 375
f 366 367 373
f 369 368 367
f 371 370 547
f 371 547 548
f 548 554 371
f 371 554 376
f 552 378 560
f 553 372 552
f 372 378 552
f 372 379 378
f 373 374 381
f 379 373 381
f 372 373 379
f 375 374 373
f 377 376 554
f 377 554 555
f 555 561 377
f 377 561 382
f 559 383 566
f 560 378 559
f 378 383 559
f 378 384 383
f 379 380 386
f 384 379 386
f 378 379 384
f 381 380 379
f 567 382 561
f 387 382 567
f 565 389 573
f 566 383 565
f 383 389 565
f 383 390 389
f 384 385 391
f 390 384 391
f 383 384 390
f 386 385 384
f 388 387 567
f 388 567 569
f 392 388 393
f 388 570 393
f 388 569 570
f 574 393 570
f 573 389 578
f 578 389 395
f 390 395 389
f 396 395 390
f 397 396 390
f 397 390 391
f 394 392 393
f 401 400 394
f 401 394 393
f 575 401 393
f 574 575 393
f 582 401 575
f 395 579 578
f 579 395 585
f 395 403 585
f 395 396 403
f 396 397 398
f 404 396 398
f 403 396 404
f 404 398 399
f 404 399 405
f 406 405 399
f 588 408 402
f 400 588 402
f 588 401 581
f 588 400 401
f 401 582 581
f 410 402 408
f 403 586 585
f 586 403 591
f 403 411 591
f 403 404 411
f 405 411 404
f 412 411 405
f 405 406 407
f 413 405 407
f 412 405 413
f 414 413 407
f 418 409 408
f 588 418 408
f 595 418 588
f 409 410 408
f 411 592 591
f 592 411 598
f 411 419 598
f 411 412 419
f 413 419 412
f 420 419 413
f 413 414 415
f 421 413 415
f 420 413 421
f 421 415 416
f 421 416 422
f 423 422 416
f 594 602 426
f 594 426 417
f 417 418 594
f 594 418 595
f 598 419 603
f 603 419 427
f 420 427 419
f 428 427 420
f 608 428 599
f 428 421 599
f 428 420 421
f 422 600 421
f 421 600 599
f 424 429 611
f 424 611 600
f 423 424 600
f 422 423 600
f 430 429 424
f 601 612 432
f 601 432 425
f 425 426 601
f 601 426 602
f 427 605 603
f 428 607 427
f 427 607 605
f 608 607 428
f 611 429 613
f 613 429 433
f 429 430 431
f 434 429 431
f 433 429 434
f 435 434 431
f 617 432 612
f 438 432 617
f 433 614 613
f 614 433 620
f 433 439 620
f 433 434 439
f 434 435 436
f 440 434 436
f 439 434 440
f 441 440 436
f 616 623 444
f 616 444 437
f 437 438 616
f 616 438 617
f 439 621 620
f 621 439 626
f 439 445 626
f 439 440 445
f 440 441 442
f 446 440 442
f 445 440 446
f 622 629 446
f 442 622 446
f 443 622 442
f 443 444 622
f 622 444 623
f 445 627 626
f 446 628 445
f 445 628 627
f 629 628 446
f 633 448 637
f 635 450 633
f 633 450 448
f 450 635 638
f 447 452 453
f 453 455 447
f 449 456 448
f 456 637 448
f 456 641 637
f 449 448 450
f 449 450 451
f 452 454 453
f 457 450 638
f 643 457 638
f 451 450 457
f 454 455 453
f 640 458 644
f 460 458 640
f 641 460 640
f 456 460 641
f 461 642 645
f 461 463 642
f 463 643 642
f 463 457 643
f 459 464 458
f 464 644 458
f 464 647 644
f 460 459 458
f 465 462 461
f 645 465 461
f 648 465 645
f 462 463 461
f 464 650 647
f 464 466 650
f 651 465 648
f 467 465 651
f 466 654 650
f 466 468 654
f 656 467 651
f 469 467 656
f 653 470 657
f 471 470 653
f 654 471 653
f 468 471 654
f 660 469 656
f 472 469 660
f 657 470 661
f 661 470 473
f 474 473 470
f 474 470 471
f 475 659 662
f 475 476 659
f 476 660 659
f 476 472 660
f 661 473 664
f 664 473 477
f 478 477 473
f 478 473 474
f 663 475 662
f 663 665 475
f 665 476 475
f 665 479 476
f 664 477 668
f 668 477 480
f 482 480 477
f 482 477 478
f 665 667 484
f 483 665 484
f 479 665 483
f 670 484 667
f 669 668 480
f 486 487 481
f 482 481 487
f 673 482 487
f 482 669 480
f 482 673 669
f 485 483 484
f 493 492 485
f 493 485 484
f 672 493 484
f 670 672 484
f 682 493 672
f 486 488 487
f 487 488 673
f 488 675 673
f 488 489 675
f 489 677 675
f 490 677 489
f 490 679 677
f 491 679 490
f 493 681 492
f 681 491 492
f 681 679 491
f 682 681 493
f 683 507 699
f 684 508 683
f 683 508 507
f 508 684 510
f 684 494 510
f 684 685 494
f 686 494 685
f 686 495 494
f 687 495 686
f 687 496 495
f 688 496 687
f 688 497 496
f 689 497 688
f 689 498 497
f 690 498 689
f 690 499 498
f 691 499 690
f 691 500 499
f 692 500 691
f 692 501 500
f 693 501 692
f 693 502 501
f 694 502 693
f 694 503 502
f 695 503 694
f 695 504 503
f 696 504 695
f 696 505 504
f 697 505 696
f 697 506 505
f 697 701 506
f 506 701 513
f 699 507 705
f 705 507 514
f 508 509 515
f 514 508 515
f 507 508 514
f 510 509 508
f 525 524 511
f 700 715 525
f 511 700 525
f 512 700 511
f 512 513 700
f 700 513 701
f 704 526 719
f 705 514 704
f 514 526 704
f 514 527 526
f 529 527 514
f 529 514 515
f 531 530 516
f 706 720 531
f 516 706 531
f 517 706 516
f 517 707 706
f 518 707 517
f 518 708 707
f 519 708 518
f 519 709 708
f 520 709 519
f 520 710 709
f 521 710 520
f 521 712 710
f 522 712 521
f 522 713 712
f 523 713 522
f 525 714 524
f 714 523 524
f 714 713 523
f 715 714 525
f 718 532 725
f 719 526 718
f 526 532 718
f 526 533 532
f 527 528 534
f 533 527 534
f 526 527 533
f 529 528 527
f 530 531 536
f 530 536 535
f 726 536 720
f 720 536 531
f 725 532 732
f 732 532 538
f 533 538 532
f 539 538 533
f 541 539 533
f 541 533 534
f 537 535 536
f 536 726 537
f 726 542 537
f 726 733 542
f 731 544 741
f 732 538 731
f 538 544 731
f 538 545 544
f 539 540 546
f 545 539 546
f 538 539 545
f 541 540 539
f 543 542 733
f 543 733 735
f 735 742 543
f 543 742 547
f 740 549 748
f 741 544 740
f 544 549 740
f 544 550 549
f 545 550 544
f 551 550 545
f 553 551 545
f 553 545 546
f 548 547 742
f 548 742 744
f 744 749 548
f 548 749 554
f 747 556 755
f 748 549 747
f 549 556 747
f 549 557 556
f 550 557 549
f 558 557 550
f 551 552 560
f 558 551 560
f 550 551 558
f 553 552 551
f 555 554 749
f 555 749 751
f 561 555 562
f 555 753 562
f 555 751 753
f 756 562 753
f 755 556 759
f 759 556 563
f 557 563 556
f 564 563 557
f 558 559 566
f 564 558 566
f 557 558 564
f 560 559 558
f 561 562 568
f 561 568 567
f 760 568 756
f 756 568 562
f 758 571 762
f 759 563 758
f 563 571 758
f 563 572 571
f 564 565 573
f 572 564 573
f 563 564 572
f 566 565 564
f 569 567 568
f 569 568 760
f 761 569 760
f 570 569 761
f 761 764 570
f 570 764 574
f 762 571 765
f 765 571 576
f 572 576 571
f 577 576 572
f 578 577 572
f 578 572 573
f 769 580 575
f 574 769 575
f 764 769 574
f 580 582 575
f 576 766 765
f 766 576 771
f 576 583 771
f 576 577 583
f 577 578 579
f 584 577 579
f 583 577 584
f 585 584 579
f 587 768 773
f 588 581 580
f 588 580 769
f 587 588 769
f 768 587 769
f 581 582 580
f 583 772 771
f 772 583 774
f 583 589 774
f 583 584 589
f 584 585 586
f 590 584 586
f 589 584 590
f 591 590 586
f 587 773 777
f 587 777 593
f 593 595 587
f 587 595 588
f 589 775 774
f 775 589 780
f 589 596 780
f 589 590 596
f 590 591 592
f 597 590 592
f 596 590 597
f 598 597 592
f 602 594 593
f 777 602 593
f 787 602 777
f 594 595 593
f 596 781 780
f 597 782 596
f 596 782 781
f 598 603 597
f 603 783 597
f 783 782 597
f 603 604 783
f 606 784 783
f 606 783 604
f 784 606 608
f 599 784 608
f 784 609 791
f 784 599 609
f 609 599 600
f 609 600 610
f 611 610 600
f 786 796 612
f 786 612 601
f 601 602 786
f 786 602 787
f 603 605 604
f 604 605 606
f 606 605 607
f 609 792 791
f 607 608 606
f 610 793 609
f 609 793 792
f 804 793 610
f 611 804 610
f 613 804 611
f 615 795 806
f 615 617 795
f 617 796 795
f 617 612 796
f 800 618 809
f 802 619 800
f 800 619 618
f 810 619 802
f 613 614 804
f 804 614 805
f 812 805 614
f 812 614 620
f 623 616 615
f 806 623 615
f 816 623 806
f 616 617 615
f 809 618 820
f 820 618 624
f 619 624 618
f 625 624 619
f 822 625 810
f 810 625 619
f 620 621 812
f 812 621 813
f 824 813 621
f 824 621 626
f 815 829 629
f 815 629 622
f 622 623 815
f 815 623 816
f 819 630 831
f 820 624 819
f 624 630 819
f 624 631 630
f 833 631 821
f 631 625 821
f 631 624 625
f 822 821 625
f 626 627 824
f 824 627 826
f 627 828 826
f 628 828 627
f 628 629 828
f 828 629 829
f 831 630 836
f 836 630 632
f 838 632 832
f 632 631 832
f 632 630 631
f 833 832 631
f 632 837 836
f 838 837 632
f 850 634 855
f 852 636 850
f 850 636 634
f 858 636 852
f 860 854 637
f 637 854 633
f 854 855 634
f 635 854 634
f 633 854 635
f 634 636 857
f 638 634 857
f 861 638 857
f 635 634 638
f 858 857 636
f 859 639 862
f 641 639 859
f 860 641 859
f 637 641 860
f 865 638 861
f 643 638 865
f 640 644 639
f 644 862 639
f 644 868 862
f 641 640 639
f 864 869 645
f 864 645 642
f 642 643 864
f 864 643 865
f 867 646 870
f 647 646 867
f 868 647 867
f 644 647 868
f 871 645 869
f 648 645 871
f 870 646 872
f 872 646 649
f 650 649 646
f 650 646 647
f 875 648 871
f 651 648 875
f 872 649 876
f 876 649 652
f 654 652 649
f 654 649 650
f 655 874 877
f 655 656 874
f 656 875 874
f 656 651 875
f 653 657 652
f 657 876 652
f 657 879 876
f 654 653 652
f 655 877 880
f 655 880 658
f 658 660 655
f 655 660 656
f 657 883 879
f 657 661 883
f 662 659 658
f 880 662 658
f 884 662 880
f 659 660 658
f 661 889 883
f 661 664 889
f 663 662 884
f 663 884 886
f 665 663 666
f 663 888 666
f 663 886 888
f 891 666 888
f 664 894 889
f 664 668 894
f 667 665 666
f 671 670 667
f 671 667 666
f 893 671 666
f 891 893 666
f 905 671 893
f 668 669 894
f 894 669 896
f 669 673 674
f 898 669 674
f 896 669 898
f 676 900 898
f 676 898 674
f 678 902 900
f 678 900 676
f 670 678 680
f 672 670 680
f 670 902 678
f 904 670 671
f 670 904 902
f 671 905 904
f 682 672 680
f 673 675 674
f 674 675 676
f 676 675 677
f 676 677 678
f 678 677 679
f 678 679 680
f 680 679 681
f 681 682 680
f 906 698 924
f 698 906 699
f 906 683 699
f 906 907 683
f 908 683 907
f 908 684 683
f 909 684 908
f 909 685 684
f 910 685 909
f 910 686 685
f 911 686 910
f 911 687 686
f 912 687 911
f 912 688 687
f 913 688 912
f 913 689 688
f 914 689 913
f 914 690 689
f 915 690 914
f 915 691 690
f 916 691 915
f 916 692 691
f 917 692 916
f 917 693 692
f 918 693 917
f 918 694 693
f 919 694 918
f 919 695 694
f 920 695 919
f 920 696 695
f 921 696 920
f 921 697 696
f 921 928 697
f 697 928 701
f 923 702 931
f 924 698 923
f 698 702 923
f 698 703 702
f 705 703 698
f 705 698 699
f 711 925 935
f 711 938 925
f 927 941 715
f 927 715 700
f 700 701 927
f 927 701 928
f 930 716 943
f 931 702 930
f 702 716 930
f 702 717 716
f 703 704 719
f 717 703 719
f 702 703 717
f 705 704 703
f 721 720 706
f 932 944 721
f 706 932 721
f 707 932 706
f 707 933 932
f 708 933 707
f 708 934 933
f 709 934 708
f 710 722 947
f 934 710 947
f 709 710 934
f 935 710 712
f 711 935 712
f 935 722 710
f 723 935 937
f 935 723 722
f 723 937 952
f 711 939 938
f 711 712 939
f 712 713 939
f 713 940 939
f 714 940 713
f 714 715 940
f 940 715 941
f 943 716 955
f 955 716 724
f 717 718 725
f 724 717 725
f 716 717 724
f 719 718 717
f 720 721 727
f 720 727 726
f 946 728 944
f 728 721 944
f 728 727 721
f 956 728 946
f 722 949 947
f 723 951 722
f 722 951 949
f 952 951 723
f 954 729 960
f 955 724 954
f 724 729 954
f 724 730 729
f 732 730 724
f 732 724 725
f 726 727 734
f 726 734 733
f 728 734 727
f 736 734 728
f 957 737 956
f 737 728 956
f 737 736 728
f 962 737 957
f 959 738 964
f 960 729 959
f 729 738 959
f 729 739 738
f 730 731 741
f 739 730 741
f 729 730 739
f 732 731 730
f 735 733 734
f 743 742 735
f 734 743 735
f 736 743 734
f 737 743 736
f 745 743 737
f 966 745 962
f 962 745 737
f 964 738 970
f 970 738 746
f 739 740 748
f 746 739 748
f 738 739 746
f 741 740 739
f 744 742 743
f 750 749 744
f 743 750 744
f 745 750 743
f 967 752 966
f 752 745 966
f 752 750 745
f 972 752 967
f 969 754 973
f 747 755 746
f 746 755 970
f 755 754 970
f 754 969 970
f 748 747 746
f 751 749 750
f 751 750 752
f 751 752 753
f 752 972 753
f 972 756 753
f 972 975 756
f 973 754 976
f 976 754 757
f 759 757 754
f 759 754 755
f 978 756 975
f 760 756 978
f 758 762 757
f 762 976 757
f 762 979 976
f 759 758 757
f 981 763 761
f 760 981 761
f 978 981 760
f 763 764 761
f 762 982 979
f 762 765 982
f 763 981 984
f 763 984 767
f 767 769 763
f 763 769 764
f 770 985 766
f 985 765 766
f 985 982 765
f 771 770 766
f 773 768 767
f 984 773 767
f 990 773 984
f 768 769 767
f 770 986 985
f 771 772 770
f 772 986 770
f 772 987 986
f 996 987 772
f 996 772 774
f 776 989 997
f 776 777 989
f 777 990 989
f 777 773 990
f 991 778 999
f 1000 778 991
f 779 1005 775
f 1005 774 775
f 1005 996 774
f 780 779 775
f 776 997 1013
f 776 1013 785
f 777 776 787
f 776 785 787
f 998 788 1015
f 999 778 998
f 778 788 998
f 778 789 788
f 1002 790 1000
f 790 778 1000
f 790 789 778
f 1016 790 1002
f 779 1006 1005
f 780 781 779
f 781 1006 779
f 781 1007 1006
f 781 1008 1007
f 782 1008 781
f 782 1009 1008
f 783 1009 782
f 783 1010 1009
f 784 1010 783
f 1024 1010 784
f 1024 784 791
f 794 1012 1026
f 796 786 785
f 796 785 1013
f 794 796 1013
f 1012 794 1013
f 797 1028 788
f 1028 1015 788
f 786 787 785
f 789 797 788
f 798 797 789
f 790 798 789
f 799 798 790
f 1018 801 1016
f 801 790 1016
f 801 799 790
f 1030 801 1018
f 791 792 1024
f 1024 792 1025
f 793 803 1037
f 1025 793 1037
f 792 793 1025
f 804 803 793
f 806 795 794
f 1026 806 794
f 1041 806 1026
f 795 796 794
f 1028 797 1043
f 1043 797 807
f 798 807 797
f 808 807 798
f 799 800 809
f 808 799 809
f 798 799 808
f 800 799 801
f 800 801 802
f 801 1030 802
f 1030 810 802
f 1030 1044 810
f 803 1038 1037
f 805 811 1050
f 805 1050 1038
f 804 805 1038
f 803 804 1038
f 812 811 805
f 814 1040 1057
f 814 816 1040
f 816 1041 1040
f 816 806 1041
f 1043 807 1059
f 1059 807 817
f 808 817 807
f 818 817 808
f 820 818 808
f 820 808 809
f 1044 1045 823
f 822 1044 823
f 810 1044 822
f 1062 823 1045
f 811 1052 1050
f 812 813 811
f 813 1052 811
f 813 1054 1052
f 813 824 825
f 1055 813 825
f 1054 813 1055
f 827 1056 1055
f 827 1055 825
f 829 815 814
f 829 814 1057
f 827 829 1057
f 1056 827 1057
f 815 816 814
f 1059 817 1064
f 1064 817 830
f 818 819 831
f 830 818 831
f 817 818 830
f 820 819 818
f 834 833 821
f 1061 1065 834
f 1061 834 821
f 823 1061 821
f 822 823 821
f 1062 1061 823
f 824 826 825
f 825 826 827
f 827 826 828
f 828 829 827
f 1064 830 1068
f 1068 830 835
f 836 835 830
f 836 830 831
f 839 838 832
f 839 832 833
f 834 839 833
f 840 839 834
f 1069 840 1065
f 1065 840 834
f 1068 835 1071
f 1071 835 841
f 835 836 837
f 842 835 837
f 841 835 842
f 842 837 838
f 839 842 838
f 843 842 839
f 840 843 839
f 844 843 840
f 1073 844 1069
f 1069 844 840
f 1071 841 1076
f 1076 841 845
f 842 845 841
f 846 845 842
f 843 846 842
f 847 846 843
f 1078 847 1072
f 847 844 1072
f 847 843 844
f 1073 1072 844
f 1076 845 1082
f 1082 845 848
f 846 848 845
f 849 848 846
f 1085 849 1077
f 849 847 1077
f 849 846 847
f 1078 1077 847
f 848 1083 1082
f 849 1084 848
f 848 1084 1083
f 1085 1084 849
f 1097 851 1101
f 1104 851 1097
f 1098 853 1105
f 853 1098 855
f 1098 850 855
f 1098 1100 850
f 851 1103 1101
f 856 1100 1106
f 856 852 1100
f 852 850 1100
f 851 1104 1103
f 858 852 856
f 854 860 853
f 860 1105 853
f 860 1109 1105
f 855 854 853
f 861 857 856
f 1106 861 856
f 1112 861 1106
f 857 858 856
f 1114 1108 862
f 862 1108 859
f 860 859 1108
f 860 1108 1109
f 863 1111 1115
f 863 865 1111
f 865 1112 1111
f 865 861 1112
f 1113 866 1116
f 868 866 1113
f 1114 868 1113
f 862 868 1114
f 869 864 863
f 1115 869 863
f 1117 869 1115
f 864 865 863
f 867 870 866
f 870 1116 866
f 870 1119 1116
f 868 867 866
f 1122 869 1117
f 871 869 1122
f 870 1124 1119
f 870 872 1124
f 873 1121 1125
f 873 875 1121
f 875 1122 1121
f 875 871 1122
f 872 1128 1124
f 872 876 1128
f 877 874 873
f 1125 877 873
f 1129 877 1125
f 874 875 873
f 1127 878 1132
f 879 878 1127
f 1128 879 1127
f 876 879 1128
f 1129 1131 881
f 880 1129 881
f 877 1129 880
f 1134 881 1131
f 1132 878 1137
f 1137 878 882
f 883 882 878
f 883 878 879
f 880 881 885
f 880 885 884
f 1136 887 1134
f 887 881 1134
f 887 885 881
f 1142 887 1136
f 882 1139 1137
f 883 889 882
f 889 1141 882
f 1141 1139 882
f 889 890 1141
f 890 1145 1141
f 886 884 885
f 886 885 887
f 886 887 888
f 892 891 888
f 892 888 887
f 1144 892 887
f 1142 1144 887
f 1154 892 1144
f 890 889 895
f 895 889 894
f 897 1147 1145
f 890 897 1145
f 895 897 890
f 899 1149 1147
f 899 1147 897
f 901 1151 1149
f 901 1149 899
f 891 901 903
f 893 891 903
f 891 1151 901
f 1153 891 892
f 891 1153 1151
f 892 1154 1153
f 905 893 903
f 894 896 895
f 895 896 897
f 897 896 898
f 897 898 899
f 899 898 900
f 899 900 901
f 901 900 902
f 901 902 903
f 903 902 904
f 904 905 903
f 1155 922 1174
f 922 1155 924
f 1155 906 924
f 1155 1156 906
f 1157 906 1156
f 1157 907 906
f 1158 907 1157
f 1158 908 907
f 1159 908 1158
f 1159 909 908
f 1160 909 1159
f 1160 910 909
f 1161 910 1160
f 1161 911 910
f 1162 911 1161
f 1162 912 911
f 1163 912 1162
f 1163 913 912
f 1164 913 1163
f 1164 914 913
f 1165 914 1164
f 1165 915 914
f 1166 915 1165
f 1166 916 915
f 1167 916 1166
f 1167 917 916
f 1168 917 1167
f 1168 918 917
f 1169 918 1168
f 1169 919 918
f 1170 919 1169
f 1170 920 919
f 926 921 1178
f 921 1170 1178
f 921 920 1170
f 926 928 921
f 1173 929 1181
f 923 931 922
f 922 931 1174
f 931 929 1174
f 929 1173 1174
f 924 923 922
f 936 935 925
f 938 936 925
f 941 927 926
f 1178 941 926
f 1195 941 1178
f 927 928 926
f 1180 942 1197
f 930 943 929
f 929 943 1181
f 943 942 1181
f 942 1180 1181
f 931 930 929
f 945 944 932
f 1184 1199 945
f 932 1184 945
f 933 1184 932
f 933 1186 1184
f 934 1186 933
f 934 947 948
f 1188 934 948
f 1186 934 1188
f 935 948 950
f 937 935 950
f 935 1188 948
f 1190 935 936
f 935 1190 1188
f 952 937 950
f 938 1190 936
f 938 939 1190
f 939 1192 1190
f 939 1194 1192
f 940 1194 939
f 940 941 1194
f 1194 941 1195
f 1197 942 1203
f 1203 942 953
f 955 953 942
f 955 942 943
f 946 944 945
f 945 1199 946
f 1199 956 946
f 1199 1205 956
f 947 949 948
f 948 949 950
f 950 949 951
f 951 952 950
f 1202 958 1208
f 954 960 953
f 953 960 1203
f 960 958 1203
f 958 1202 1203
f 955 954 953
f 1210 961 957
f 956 1210 957
f 1205 1210 956
f 961 962 957
f 1207 963 1211
f 959 964 958
f 958 964 1208
f 964 963 1208
f 963 1207 1208
f 960 959 958
f 961 1210 1213
f 961 1213 965
f 965 966 961
f 961 966 962
f 1211 963 1215
f 1215 963 968
f 970 968 963
f 970 963 964
f 1214 965 1213
f 971 967 1217
f 1217 967 1214
f 967 966 1214
f 966 965 1214
f 971 972 967
f 969 973 968
f 973 1215 968
f 973 1218 1215
f 970 969 968
f 971 1217 1220
f 971 1220 974
f 974 975 971
f 971 975 972
f 973 1222 1218
f 973 976 1222
f 974 1220 1224
f 974 1224 977
f 977 978 974
f 974 978 975
f 976 1226 1222
f 976 979 1226
f 977 1224 1228
f 977 1228 980
f 980 981 977
f 977 981 978
f 979 1231 1226
f 979 982 1231
f 980 1228 1233
f 980 1233 983
f 983 984 980
f 980 984 981
f 982 1239 1231
f 982 985 1239
f 983 1233 1240
f 983 1240 988
f 988 990 983
f 983 990 984
f 1235 992 1243
f 1237 993 1235
f 1235 993 992
f 1244 993 1237
f 994 1246 986
f 1246 985 986
f 1246 1239 985
f 994 986 987
f 994 987 995
f 996 995 987
f 997 989 988
f 1240 997 988
f 1249 997 1240
f 989 990 988
f 1253 1242 999
f 999 1242 991
f 992 1001 1243
f 1001 991 1243
f 991 1242 1243
f 991 1001 1000
f 993 1001 992
f 1003 1001 993
f 1254 1003 1244
f 1244 1003 993
f 994 1247 1246
f 1247 994 1257
f 994 1004 1257
f 994 995 1004
f 1005 1004 995
f 1005 995 996
f 1011 1248 1259
f 1014 1261 1250
f 1011 1249 1248
f 1011 1013 1249
f 1013 997 1249
f 1014 1250 1015
f 1250 998 1015
f 1250 1252 998
f 999 998 1252
f 999 1252 1253
f 1002 1000 1001
f 1017 1016 1002
f 1001 1017 1002
f 1003 1017 1001
f 1263 1017 1254
f 1254 1017 1003
f 1004 1258 1257
f 1006 1019 1265
f 1006 1265 1258
f 1005 1006 1258
f 1004 1005 1258
f 1019 1006 1007
f 1019 1007 1020
f 1020 1007 1008
f 1020 1008 1021
f 1021 1008 1009
f 1021 1009 1022
f 1022 1009 1010
f 1022 1010 1023
f 1024 1023 1010
f 1026 1012 1011
f 1259 1026 1011
f 1267 1026 1259
f 1027 1269 1014
f 1269 1261 1014
f 1012 1013 1011
f 1028 1027 1014
f 1028 1014 1015
f 1270 1029 1018
f 1016 1270 1018
f 1270 1017 1262
f 1270 1016 1017
f 1017 1263 1262
f 1030 1018 1029
f 1265 1019 1273
f 1273 1019 1031
f 1020 1031 1019
f 1032 1031 1020
f 1021 1032 1020
f 1033 1032 1021
f 1022 1033 1021
f 1034 1033 1022
f 1023 1034 1022
f 1035 1034 1023
f 1023 1024 1025
f 1036 1023 1025
f 1035 1023 1036
f 1037 1036 1025
f 1039 1266 1279
f 1039 1041 1266
f 1041 1267 1266
f 1041 1026 1267
f 1269 1027 1282
f 1282 1027 1042
f 1043 1042 1027
f 1043 1027 1028
f 1272 1029 1270
f 1272 1283 1029
f 1283 1030 1029
f 1283 1044 1030
f 1031 1274 1273
f 1274 1031 1285
f 1031 1046 1285
f 1031 1032 1046
f 1033 1046 1032
f 1047 1046 1033
f 1034 1047 1033
f 1048 1047 1034
f 1035 1048 1034
f 1049 1048 1035
f 1290 1049 1275
f 1049 1036 1275
f 1049 1035 1036
f 1037 1038 1036
f 1038 1275 1036
f 1038 1276 1275
f 1038 1050 1051
f 1277 1038 1051
f 1276 1038 1277
f 1053 1278 1277
f 1053 1277 1051
f 1053 1295 1278
f 1057 1040 1039
f 1279 1057 1039
f 1298 1057 1279
f 1040 1041 1039
f 1282 1042 1301
f 1301 1042 1058
f 1059 1058 1042
f 1059 1042 1043
f 1302 1060 1045
f 1044 1302 1045
f 1283 1302 1044
f 1060 1062 1045
f 1046 1286 1285
f 1047 1287 1046
f 1046 1287 1286
f 1048 1288 1047
f 1047 1288 1287
f 1049 1289 1048
f 1048 1289 1288
f 1290 1289 1049
f 1050 1052 1051
f 1051 1052 1053
f 1053 1052 1054
f 1053 1054 1295
f 1054 1296 1295
f 1054 1055 1296
f 1055 1297 1296
f 1056 1297 1055
f 1056 1057 1297
f 1297 1057 1298
f 1301 1058 1316
f 1316 1058 1063
f 1064 1063 1058
f 1064 1058 1059
f 1302 1303 1066
f 1065 1302 1066
f 1302 1061 1060
f 1302 1065 1061
f 1061 1062 1060
f 1319 1066 1303
f 1316 1063 1332
f 1332 1063 1067
f 1068 1067 1063
f 1068 1063 1064
f 1065 1066 1318
f 1333 1065 1318
f 1069 1065 1333
f 1319 1318 1066
f 1332 1067 1346
f 1346 1067 1070
f 1071 1070 1067
f 1071 1067 1068
f 1347 1069 1333
f 1073 1069 1347
f 1345 1074 1353
f 1346 1070 1345
f 1070 1074 1345
f 1070 1075 1074
f 1076 1075 1070
f 1076 1070 1071
f 1079 1078 1072
f 1072 1073 1079
f 1073 1355 1079
f 1073 1347 1355
f 1353 1074 1356
f 1356 1074 1080
f 1075 1080 1074
f 1081 1080 1075
f 1082 1081 1075
f 1082 1075 1076
f 1086 1085 1077
f 1354 1358 1086
f 1354 1086 1077
f 1079 1354 1077
f 1078 1079 1077
f 1355 1354 1079
f 1356 1080 1359
f 1359 1080 1087
f 1081 1087 1080
f 1088 1087 1081
f 1081 1082 1083
f 1089 1081 1083
f 1088 1081 1089
f 1089 1083 1084
f 1089 1084 1090
f 1357 1363 1090
f 1357 1090 1084
f 1086 1357 1084
f 1085 1086 1084
f 1358 1357 1086
f 1087 1360 1359
f 1360 1087 1366
f 1087 1091 1366
f 1087 1088 1091
f 1368 1091 1361
f 1091 1089 1361
f 1091 1088 1089
f 1090 1362 1089
f 1089 1362 1361
f 1363 1362 1090
f 1091 1367 1366
f 1368 1367 1091
f 1372 1092 1380
f 1374 1093 1372
f 1372 1093 1092
f 1376 1094 1374
f 1374 1094 1093
f 1383 1094 1376
f 1092 1381 1380
f 1381 1092 1387
f 1092 1095 1387
f 1092 1093 1095
f 1388 1095 1382
f 1095 1094 1382
f 1095 1093 1094
f 1383 1382 1094
f 1387 1095 1391
f 1391 1095 1096
f 1393 1096 1388
f 1388 1096 1095
f 1096 1392 1391
f 1393 1392 1096
f 1397 1099 1400
f 1099 1397 1401
f 1097 1101 1102
f 1102 1104 1097
f 1404 1399 1105
f 1105 1399 1098
f 1399 1400 1099
f 1100 1399 1099
f 1098 1399 1100
f 1101 1103 1102
f 1106 1099 1401
f 1406 1106 1401
f 1100 1099 1106
f 1103 1104 1102
f 1403 1107 1407
f 1109 1107 1403
f 1404 1109 1403
f 1105 1109 1404
f 1110 1405 1408
f 1110 1112 1405
f 1112 1406 1405
f 1112 1106 1406
f 1108 1114 1107
f 1114 1407 1107
f 1114 1411 1407
f 1109 1108 1107
f 1115 1111 1110
f 1408 1115 1110
f 1412 1115 1408
f 1111 1112 1110
f 1415 1410 1116
f 1116 1410 1113
f 1114 1113 1410
f 1114 1410 1411
f 1417 1115 1412
f 1117 1115 1417
f 1414 1118 1418
f 1119 1118 1414
f 1415 1119 1414
f 1116 1119 1415
f 1120 1416 1419
f 1120 1122 1416
f 1122 1417 1416
f 1122 1117 1417
f 1418 1118 1421
f 1421 1118 1123
f 1124 1123 1118
f 1124 1118 1119
f 1125 1121 1120
f 1419 1125 1120
f 1423 1125 1419
f 1121 1122 1120
f 1421 1123 1427
f 1427 1123 1126
f 1128 1126 1123
f 1128 1123 1124
f 1423 1425 1130
f 1129 1423 1130
f 1125 1423 1129
f 1431 1130 1425
f 1429 1427 1126
f 1132 1133 1127
f 1128 1127 1133
f 1435 1128 1133
f 1128 1429 1126
f 1128 1435 1429
f 1131 1129 1130
f 1135 1134 1131
f 1135 1131 1130
f 1433 1135 1130
f 1431 1433 1130
f 1439 1135 1433
f 1133 1132 1138
f 1138 1132 1137
f 1140 1437 1435
f 1133 1140 1435
f 1138 1140 1133
f 1140 1443 1437
f 1136 1134 1135
f 1143 1142 1136
f 1143 1136 1135
f 1441 1143 1135
f 1439 1441 1135
f 1452 1143 1441
f 1137 1139 1138
f 1138 1139 1140
f 1140 1139 1141
f 1145 1146 1141
f 1141 1146 1140
f 1146 1445 1140
f 1445 1443 1140
f 1148 1447 1445
f 1148 1445 1146
f 1150 1449 1447
f 1150 1447 1148
f 1142 1150 1152
f 1144 1142 1152
f 1142 1449 1150
f 1451 1142 1143
f 1142 1451 1449
f 1143 1452 1451
f 1154 1144 1152
f 1145 1147 1146
f 1146 1147 1148
f 1148 1147 1149
f 1148 1149 1150
f 1150 1149 1151
f 1150 1151 1152
f 1152 1151 1153
f 1153 1154 1152
f 1453 1171 1469
f 1454 1172 1453
f 1453 1172 1171
f 1172 1454 1174
f 1454 1155 1174
f 1454 1455 1155
f 1456 1155 1455
f 1456 1156 1155
f 1457 1156 1456
f 1457 1157 1156
f 1458 1157 1457
f 1458 1158 1157
f 1459 1158 1458
f 1459 1159 1158
f 1460 1159 1459
f 1460 1160 1159
f 1461 1160 1460
f 1461 1161 1160
f 1462 1161 1461
f 1462 1162 1161
f 1463 1162 1462
f 1463 1163 1162
f 1464 1163 1463
f 1464 1164 1163
f 1465 1164 1464
f 1465 1165 1164
f 1466 1165 1465
f 1466 1166 1165
f 1467 1166 1466
f 1467 1167 1166
f 1175 1168 1478
f 1168 1467 1478
f 1168 1167 1467
f 1168 1175 1169
f 1169 1175 1176
f 1169 1176 1170
f 1170 1176 1177
f 1177 1178 1170
f 1469 1171 1488
f 1488 1171 1179
f 1172 1173 1181
f 1179 1172 1181
f 1171 1172 1179
f 1174 1173 1172
f 1182 1471 1489
f 1183 1473 1471
f 1183 1471 1182
f 1185 1475 1473
f 1185 1473 1183
f 1187 1477 1475
f 1187 1475 1185
f 1175 1478 1477
f 1187 1175 1477
f 1189 1175 1187
f 1189 1176 1175
f 1189 1191 1176
f 1191 1177 1176
f 1191 1193 1177
f 1193 1195 1177
f 1177 1195 1178
f 1487 1196 1495
f 1180 1197 1179
f 1179 1197 1488
f 1197 1196 1488
f 1196 1487 1488
f 1181 1180 1179
f 1182 1489 1496
f 1182 1496 1198
f 1184 1183 1199
f 1183 1198 1199
f 1183 1182 1198
f 1183 1184 1185
f 1185 1184 1186
f 1185 1186 1187
f 1187 1186 1188
f 1187 1188 1189
f 1189 1188 1190
f 1189 1190 1191
f 1191 1190 1192
f 1191 1192 1193
f 1193 1192 1194
f 1194 1195 1193
f 1494 1200 1498
f 1495 1196 1494
f 1196 1200 1494
f 1196 1201 1200
f 1203 1201 1196
f 1203 1196 1197
f 1198 1496 1499
f 1198 1499 1204
f 1204 1205 1198
f 1198 1205 1199
f 1498 1200 1501
f 1501 1200 1206
f 1201 1202 1208
f 1206 1201 1208
f 1200 1201 1206
f 1203 1202 1201
f 1204 1499 1502
f 1204 1502 1209
f 1209 1210 1204
f 1204 1210 1205
f 1207 1211 1206
f 1211 1501 1206
f 1211 1505 1501
f 1208 1207 1206
f 1209 1502 1506
f 1209 1506 1212
f 1212 1213 1209
f 1209 1213 1210
f 1211 1510 1505
f 1211 1215 1510
f 1507 1212 1506
f 1216 1214 1511
f 1511 1214 1507
f 1214 1213 1507
f 1213 1212 1507
f 1216 1217 1214
f 1215 1515 1510
f 1215 1218 1515
f 1216 1511 1516
f 1216 1516 1219
f 1219 1220 1216
f 1216 1220 1217
f 1513 1221 1517
f 1518 1221 1513
f 1218 1520 1515
f 1218 1222 1520
f 1219 1516 1521
f 1219 1521 1223
f 1223 1224 1219
f 1219 1224 1220
f 1517 1221 1524
f 1524 1221 1225
f 1525 1225 1518
f 1518 1225 1221
f 1222 1527 1520
f 1222 1226 1527
f 1223 1521 1528
f 1223 1528 1227
f 1227 1228 1223
f 1223 1228 1224
f 1523 1229 1532
f 1524 1225 1523
f 1225 1229 1523
f 1225 1230 1229
f 1533 1230 1525
f 1525 1230 1225
f 1226 1534 1527
f 1226 1231 1534
f 1227 1528 1535
f 1227 1535 1232
f 1232 1233 1227
f 1227 1233 1228
f 1531 1234 1540
f 1532 1229 1531
f 1229 1234 1531
f 1229 1236 1234
f 1230 1236 1229
f 1238 1236 1230
f 1541 1238 1533
f 1533 1238 1230
f 1231 1542 1534
f 1231 1239 1542
f 1537 1232 1535
f 1537 1543 1232
f 1543 1233 1232
f 1543 1240 1233
f 1539 1241 1545
f 1235 1243 1234
f 1234 1243 1540
f 1243 1241 1540
f 1241 1539 1540
f 1235 1234 1236
f 1235 1236 1237
f 1245 1244 1237
f 1236 1245 1237
f 1238 1245 1236
f 1546 1245 1541
f 1541 1245 1238
f 1239 1547 1542
f 1239 1246 1547
f 1548 1240 1543
f 1249 1240 1548
f 1544 1251 1551
f 1242 1253 1241
f 1241 1253 1545
f 1253 1251 1545
f 1251 1544 1545
f 1243 1242 1241
f 1244 1245 1255
f 1244 1255 1254
f 1554 1255 1546
f 1546 1255 1245
f 1256 1555 1247
f 1555 1246 1247
f 1555 1547 1246
f 1257 1256 1247
f 1260 1259 1248
f 1260 1550 1250
f 1261 1260 1250
f 1260 1548 1550
f 1249 1260 1248
f 1260 1249 1548
f 1550 1551 1251
f 1252 1550 1251
f 1250 1550 1252
f 1253 1252 1251
f 1254 1255 1553
f 1557 1254 1553
f 1263 1254 1557
f 1554 1553 1255
f 1256 1556 1555
f 1258 1264 1558
f 1258 1558 1556
f 1257 1258 1556
f 1256 1257 1556
f 1265 1264 1258
f 1259 1260 1268
f 1259 1268 1267
f 1269 1268 1260
f 1269 1260 1261
f 1271 1270 1262
f 1262 1263 1271
f 1263 1560 1271
f 1263 1557 1560
f 1264 1559 1558
f 1562 1559 1264
f 1265 1562 1264
f 1273 1562 1265
f 1280 1279 1266
f 1280 1266 1267
f 1268 1280 1267
f 1281 1280 1268
f 1282 1281 1268
f 1282 1268 1269
f 1272 1270 1271
f 1271 1560 1272
f 1560 1283 1272
f 1560 1563 1283
f 1284 1564 1274
f 1564 1273 1274
f 1564 1562 1273
f 1285 1284 1274
f 1291 1290 1275
f 1291 1275 1276
f 1291 1276 1292
f 1292 1276 1277
f 1292 1277 1293
f 1293 1277 1278
f 1293 1278 1294
f 1295 1294 1278
f 1279 1280 1299
f 1279 1299 1298
f 1281 1299 1280
f 1300 1299 1281
f 1301 1300 1281
f 1301 1281 1282
f 1566 1283 1563
f 1302 1283 1566
f 1284 1565 1564
f 1286 1304 1567
f 1286 1567 1565
f 1285 1286 1565
f 1284 1285 1565
f 1304 1286 1287
f 1304 1287 1305
f 1305 1287 1288
f 1305 1288 1306
f 1306 1288 1289
f 1306 1289 1307
f 1307 1289 1290
f 1291 1307 1290
f 1308 1307 1291
f 1292 1308 1291
f 1309 1308 1292
f 1293 1309 1292
f 1310 1309 1293
f 1294 1310 1293
f 1311 1310 1294
f 1294 1295 1296
f 1312 1294 1296
f 1311 1294 1312
f 1312 1296 1297
f 1312 1297 1313
f 1313 1297 1298
f 1299 1313 1298
f 1314 1313 1299
f 1300 1314 1299
f 1315 1314 1300
f 1316 1315 1300
f 1316 1300 1301
f 1568 1317 1303
f 1302 1568 1303
f 1566 1568 1302
f 1317 1319 1303
f 1567 1304 1569
f 1569 1304 1320
f 1305 1320 1304
f 1321 1320 1305
f 1306 1321 1305
f 1322 1321 1306
f 1307 1322 1306
f 1323 1322 1307
f 1308 1323 1307
f 1324 1323 1308
f 1309 1324 1308
f 1325 1324 1309
f 1310 1325 1309
f 1326 1325 1310
f 1311 1326 1310
f 1327 1326 1311
f 1312 1327 1311
f 1328 1327 1312
f 1313 1328 1312
f 1329 1328 1313
f 1314 1329 1313
f 1330 1329 1314
f 1315 1330 1314
f 1331 1330 1315
f 1332 1331 1315
f 1332 1315 1316
f 1333 1318 1317
f 1568 1333 1317
f 1571 1333 1568
f 1318 1319 1317
f 1320 1570 1569
f 1570 1320 1572
f 1320 1334 1572
f 1320 1321 1334
f 1322 1334 1321
f 1335 1334 1322
f 1323 1335 1322
f 1336 1335 1323
f 1324 1336 1323
f 1337 1336 1324
f 1325 1337 1324
f 1338 1337 1325
f 1326 1338 1325
f 1339 1338 1326
f 1327 1339 1326
f 1340 1339 1327
f 1328 1340 1327
f 1341 1340 1328
f 1329 1341 1328
f 1342 1341 1329
f 1330 1342 1329
f 1343 1342 1330
f 1331 1343 1330
f 1344 1343 1331
f 1346 1344 1331
f 1346 1331 1332
f 1578 1333 1571
f 1347 1333 1578
f 1334 1573 1572
f 1335 1574 1334
f 1334 1574 1573
f 1336 1575 1335
f 1335 1575 1574
f 1337 1576 1336
f 1336 1576 1575
f 1338 1577 1337
f 1337 1577 1576
f 1577 1338 1584
f 1338 1348 1584
f 1338 1339 1348
f 1340 1348 1339
f 1349 1348 1340
f 1341 1349 1340
f 1350 1349 1341
f 1342 1350 1341
f 1351 1350 1342
f 1343 1351 1342
f 1352 1351 1343
f 1344 1345 1353
f 1352 1344 1353
f 1343 1344 1352
f 1346 1345 1344
f 1591 1347 1578
f 1355 1347 1591
f 1348 1585 1584
f 1349 1586 1348
f 1348 1586 1585
f 1350 1587 1349
f 1349 1587 1586
f 1351 1588 1350
f 1350 1588 1587
f 1352 1589 1351
f 1351 1589 1588
f 1600 1589 1352
f 1353 1600 1352
f 1356 1600 1353
f 1590 1601 1358
f 1590 1358 1354
f 1354 1355 1590
f 1590 1355 1591
f 1356 1605 1600
f 1356 1359 1605
f 1364 1363 1357
f 1357 1358 1364
f 1358 1607 1364
f 1358 1601 1607
f 1365 1609 1360
f 1609 1359 1360
f 1609 1605 1359
f 1366 1365 1360
f 1369 1368 1361
f 1369 1361 1362
f 1369 1362 1370
f 1606 1613 1370
f 1606 1370 1362
f 1364 1606 1362
f 1363 1364 1362
f 1607 1606 1364
f 1365 1610 1609
f 1367 1371 1615
f 1367 1615 1610
f 1366 1367 1610
f 1365 1366 1610
f 1611 1617 1371
f 1611 1371 1367
f 1369 1611 1367
f 1368 1369 1367
f 1370 1612 1369
f 1369 1612 1611
f 1613 1612 1370
f 1371 1616 1615
f 1617 1616 1371
f 1620 1373 1632
f 1622 1375 1620
f 1620 1375 1373
f 1624 1377 1622
f 1622 1377 1375
f 1626 1378 1624
f 1624 1378 1377
f 1634 1378 1626
f 1629 1379 1638
f 1379 1629 1380
f 1629 1372 1380
f 1629 1631 1372
f 1631 1632 1373
f 1374 1631 1373
f 1372 1631 1374
f 1374 1373 1375
f 1374 1375 1376
f 1384 1383 1376
f 1375 1384 1376
f 1377 1384 1375
f 1640 1384 1633
f 1384 1378 1633
f 1384 1377 1378
f 1634 1633 1378
f 1638 1379 1644
f 1644 1379 1385
f 1379 1380 1381
f 1386 1379 1381
f 1385 1379 1386
f 1387 1386 1381
f 1389 1388 1382
f 1639 1646 1389
f 1639 1389 1382
f 1384 1639 1382
f 1383 1384 1382
f 1640 1639 1384
f 1385 1645 1644
f 1645 1385 1651
f 1385 1390 1651
f 1385 1386 1390
f 1391 1390 1386
f 1391 1386 1387
f 1388 1389 1394
f 1388 1394 1393
f 1654 1394 1646
f 1646 1394 1389
f 1390 1652 1651
f 1392 1395 1658
f 1392 1658 1652
f 1391 1392 1652
f 1390 1391 1652
f 1653 1660 1395
f 1653 1395 1392
f 1394 1653 1392
f 1393 1394 1392
f 1654 1653 1394
f 1395 1659 1658
f 1660 1659 1395
f 1669 1396 1671
f 1672 1396 1669
f 1670 1398 1674
f 1397 1400 1396
f 1396 1400 1671
f 1400 1398 1671
f 1398 1670 1671
f 1396 1672 1397
f 1672 1401 1397
f 1672 1675 1401
f 1673 1402 1676
f 1399 1404 1398
f 1398 1404 1674
f 1404 1402 1674
f 1402 1673 1674
f 1400 1399 1398
f 1679 1401 1675
f 1406 1401 1679
f 1403 1407 1402
f 1407 1676 1402
f 1407 1682 1676
f 1404 1403 1402
f 1678 1683 1408
f 1678 1408 1405
f 1405 1406 1678
f 1678 1406 1679
f 1681 1409 1685
f 1411 1409 1681
f 1682 1411 1681
f 1407 1411 1682
f 1686 1408 1683
f 1412 1408 1686
f 1684 1413 1689
f 1410 1415 1409
f 1409 1415 1685
f 1415 1413 1685
f 1413 1684 1685
f 1411 1410 1409
f 1690 1412 1686
f 1417 1412 1690
f 1414 1418 1413
f 1418 1689 1413
f 1418 1694 1689
f 1415 1414 1413
f 1420 1419 1416
f 1416 1417 1420
f 1417 1697 1420
f 1417 1690 1697
f 1696 1694 1422
f 1694 1421 1422
f 1694 1418 1421
f 1422 1702 1696
f 1419 1420 1424
f 1419 1424 1423
f 1699 1426 1697
f 1426 1420 1697
f 1426 1424 1420
f 1705 1426 1699
f 1422 1421 1428
f 1428 1421 1427
f 1430 1704 1702
f 1422 1430 1702
f 1428 1430 1422
f 1430 1709 1704
f 1425 1423 1424
f 1432 1431 1425
f 1424 1432 1425
f 1426 1432 1424
f 1707 1434 1705
f 1434 1426 1705
f 1434 1432 1426
f 1715 1434 1707
f 1427 1429 1428
f 1435 1436 1429
f 1436 1428 1429
f 1436 1430 1428
f 1438 1711 1709
f 1430 1438 1709
f 1436 1438 1430
f 1438 1717 1711
f 1433 1431 1432
f 1440 1439 1433
f 1432 1440 1433
f 1434 1440 1432
f 1716 1442 1715
f 1442 1434 1715
f 1442 1440 1434
f 1726 1442 1716
f 1435 1437 1436
f 1443 1444 1437
f 1444 1436 1437
f 1444 1438 1436
f 1446 1719 1717
f 1438 1446 1717
f 1444 1446 1438
f 1448 1721 1719
f 1448 1719 1446
f 1439 1448 1450
f 1441 1439 1450
f 1439 1721 1448
f 1723 1439 1440
f 1439 1723 1721
f 1442 1725 1440
f 1725 1723 1440
f 1452 1441 1450
f 1726 1725 1442
f 1443 1445 1444
f 1444 1445 1446
f 1446 1445 1447
f 1446 1447 1448
f 1448 1447 1449
f 1448 1449 1450
f 1450 1449 1451
f 1451 1452 1450
f 1727 1468 1747
f 1468 1727 1469
f 1727 1453 1469
f 1727 1728 1453
f 1729 1453 1728
f 1729 1454 1453
f 1730 1454 1729
f 1730 1455 1454
f 1731 1455 1730
f 1731 1456 1455
f 1732 1456 1731
f 1732 1457 1456
f 1733 1457 1732
f 1733 1458 1457
f 1734 1458 1733
f 1734 1459 1458
f 1735 1459 1734
f 1735 1460 1459
f 1736 1460 1735
f 1736 1461 1460
f 1737 1461 1736
f 1737 1462 1461
f 1738 1462 1737
f 1738 1463 1462
f 1470 1464 1748
f 1464 1738 1748
f 1464 1463 1738
f 1464 1470 1465
f 1465 1470 1472
f 1465 1472 1466
f 1466 1472 1474
f 1466 1474 1467
f 1467 1474 1476
f 1476 1478 1467
f 1739 1479 1749
f 1740 1480 1739
f 1739 1480 1479
f 1741 1481 1740
f 1740 1481 1480
f 1742 1482 1741
f 1741 1482 1481
f 1751 1482 1742
f 1743 1483 1752
f 1744 1484 1743
f 1743 1484 1483
f 1746 1485 1744
f 1744 1485 1484
f 1747 1468 1746
f 1468 1485 1746
f 1468 1486 1485
f 1488 1486 1468
f 1488 1468 1469
f 1489 1471 1470
f 1748 1489 1470
f 1755 1489 1748
f 1470 1471 1472
f 1472 1471 1473
f 1472 1473 1474
f 1474 1473 1475
f 1474 1475 1476
f 1476 1475 1477
f 1477 1478 1476
f 1749 1479 1757
f 1757 1479 1490
f 1480 1490 1479
f 1491 1490 1480
f 1481 1491 1480
f 1492 1491 1481
f 1761 1492 1750
f 1492 1482 1750
f 1492 1481 1482
f 1751 1750 1482
f 1483 1753 1752
f 1484 1754 1483
f 1483 1754 1753
f 1754 1484 1765
f 1484 1493 1765
f 1484 1485 1493
f 1486 1487 1495
f 1493 1486 1495
f 1485 1486 1493
f 1488 1487 1486
f 1766 1489 1755
f 1496 1489 1766
f 1756 1497 1768
f 1769 1497 1756
f 1490 1758 1757
f 1491 1759 1490
f 1490 1759 1758
f 1492 1760 1491
f 1491 1760 1759
f 1761 1760 1492
f 1494 1498 1493
f 1498 1765 1493
f 1498 1774 1765
f 1495 1494 1493
f 1775 1496 1766
f 1499 1496 1775
f 1768 1497 1778
f 1778 1497 1500
f 1779 1500 1769
f 1769 1500 1497
f 1498 1780 1774
f 1498 1501 1780
f 1781 1499 1775
f 1502 1499 1781
f 1777 1503 1783
f 1778 1500 1777
f 1500 1503 1777
f 1500 1504 1503
f 1784 1504 1779
f 1779 1504 1500
f 1501 1785 1780
f 1501 1505 1785
f 1786 1502 1781
f 1506 1502 1786
f 1783 1503 1790
f 1790 1503 1508
f 1504 1508 1503
f 1509 1508 1504
f 1792 1509 1784
f 1784 1509 1504
f 1505 1793 1785
f 1505 1510 1793
f 1507 1506 1786
f 1507 1786 1788
f 1788 1794 1507
f 1507 1794 1511
f 1789 1512 1795
f 1790 1508 1789
f 1508 1512 1789
f 1508 1514 1512
f 1796 1514 1791
f 1514 1509 1791
f 1514 1508 1509
f 1792 1791 1509
f 1510 1798 1793
f 1510 1515 1798
f 1799 1511 1794
f 1516 1511 1799
f 1513 1517 1512
f 1517 1795 1512
f 1517 1802 1795
f 1519 1518 1513
f 1512 1519 1513
f 1514 1519 1512
f 1803 1519 1796
f 1796 1519 1514
f 1515 1805 1798
f 1515 1520 1805
f 1806 1516 1799
f 1521 1516 1806
f 1801 1522 1810
f 1524 1522 1801
f 1802 1524 1801
f 1517 1524 1802
f 1518 1519 1526
f 1518 1526 1525
f 1813 1526 1803
f 1803 1526 1519
f 1520 1815 1805
f 1520 1527 1815
f 1806 1808 1529
f 1528 1806 1529
f 1521 1806 1528
f 1816 1529 1808
f 1809 1530 1818
f 1523 1532 1522
f 1522 1532 1810
f 1532 1530 1810
f 1530 1809 1810
f 1524 1523 1522
f 1525 1526 1812
f 1820 1525 1812
f 1533 1525 1820
f 1813 1812 1526
f 1527 1822 1815
f 1527 1534 1822
f 1528 1529 1536
f 1528 1536 1535
f 1823 1536 1816
f 1816 1536 1529
f 1817 1538 1825
f 1531 1540 1530
f 1530 1540 1818
f 1540 1538 1818
f 1538 1817 1818
f 1532 1531 1530
f 1827 1533 1820
f 1541 1533 1827
f 1534 1828 1822
f 1534 1542 1828
f 1537 1535 1536
f 1536 1823 1537
f 1823 1543 1537
f 1823 1829 1543
f 1539 1545 1538
f 1545 1825 1538
f 1545 1833 1825
f 1540 1539 1538
f 1837 1541 1827
f 1546 1541 1837
f 1542 1838 1828
f 1542 1547 1838
f 1829 1831 1549
f 1548 1829 1549
f 1543 1829 1548
f 1549 1831 1551
f 1831 1544 1551
f 1831 1832 1544
f 1545 1544 1832
f 1545 1832 1833
f 1552 1836 1840
f 1552 1554 1836
f 1554 1837 1836
f 1554 1546 1837
f 1547 1841 1838
f 1547 1555 1841
f 1550 1548 1549
f 1551 1550 1549
f 1557 1553 1552
f 1840 1557 1552
f 1843 1557 1840
f 1553 1554 1552
f 1555 1556 1841
f 1841 1556 1842
f 1845 1842 1556
f 1845 1556 1558
f 1847 1557 1843
f 1560 1557 1847
f 1561 1848 1559
f 1848 1558 1559
f 1848 1845 1558
f 1562 1561 1559
f 1851 1560 1847
f 1563 1560 1851
f 1561 1849 1848
f 1852 1849 1561
f 1562 1852 1561
f 1564 1852 1562
f 1855 1563 1851
f 1566 1563 1855
f 1564 1565 1852
f 1852 1565 1853
f 1857 1853 1565
f 1857 1565 1567
f 1859 1566 1855
f 1568 1566 1859
f 1567 1860 1857
f 1567 1569 1860
f 1862 1568 1859
f 1571 1568 1862
f 1569 1570 1860
f 1860 1570 1861
f 1864 1861 1570
f 1864 1570 1572
f 1865 1571 1862
f 1578 1571 1865
f 1579 1866 1573
f 1866 1572 1573
f 1866 1864 1572
f 1579 1573 1574
f 1579 1574 1580
f 1580 1574 1575
f 1580 1575 1581
f 1581 1575 1576
f 1581 1576 1582
f 1582 1576 1577
f 1582 1577 1583
f 1584 1583 1577
f 1870 1578 1865
f 1591 1578 1870
f 1579 1867 1866
f 1580 1868 1579
f 1579 1868 1867
f 1868 1580 1873
f 1580 1592 1873
f 1580 1581 1592
f 1582 1592 1581
f 1593 1592 1582
f 1583 1593 1582
f 1594 1593 1583
f 1583 1584 1585
f 1595 1583 1585
f 1594 1583 1595
f 1595 1585 1586
f 1595 1586 1596
f 1596 1586 1587
f 1596 1587 1597
f 1597 1587 1588
f 1597 1588 1598
f 1598 1588 1589
f 1598 1589 1599
f 1600 1599 1589
f 1869 1879 1601
f 1869 1601 1590
f 1590 1591 1869
f 1869 1591 1870
f 1592 1874 1873
f 1593 1875 1592
f 1592 1875 1874
f 1594 1876 1593
f 1593 1876 1875
f 1595 1877 1594
f 1594 1877 1876
f 1596 1878 1595
f 1595 1878 1877
f 1878 1596 1886
f 1596 1602 1886
f 1596 1597 1602
f 1598 1602 1597
f 1603 1602 1598
f 1599 1603 1598
f 1604 1603 1599
f 1605 1604 1599
f 1605 1599 1600
f 1890 1601 1879
f 1607 1601 1890
f 1602 1887 1886
f 1603 1888 1602
f 1602 1888 1887
f 1888 1603 1896
f 1603 1608 1896
f 1603 1604 1608
f 1609 1608 1604
f 1609 1604 1605
f 1889 1899 1613
f 1889 1613 1606
f 1606 1607 1889
f 1889 1607 1890
f 1608 1897 1896
f 1610 1614 1904
f 1610 1904 1897
f 1609 1610 1897
f 1608 1609 1897
f 1615 1614 1610
f 1618 1617 1611
f 1898 1908 1618
f 1611 1898 1618
f 1612 1898 1611
f 1612 1613 1898
f 1898 1613 1899
f 1614 1905 1904
f 1615 1616 1614
f 1616 1905 1614
f 1616 1906 1905
f 1618 1907 1617
f 1907 1616 1617
f 1907 1906 1616
f 1908 1907 1618
f 1912 1619 1923
f 1914 1621 1912
f 1912 1621 1619
f 1916 1623 1914
f 1914 1623 1621
f 1917 1625 1916
f 1916 1625 1623
f 1918 1627 1917
f 1917 1627 1625
f 1924 1627 1918
f 1920 1628 1931
f 1922 1630 1920
f 1920 1630 1628
f 1620 1632 1619
f 1619 1632 1923
f 1632 1630 1923
f 1630 1922 1923
f 1620 1619 1621
f 1620 1621 1622
f 1622 1621 1623
f 1622 1623 1624
f 1624 1623 1625
f 1624 1625 1626
f 1635 1634 1626
f 1625 1635 1626
f 1627 1635 1625
f 1926 1636 1924
f 1636 1627 1924
f 1636 1635 1627
f 1933 1636 1926
f 1930 1637 1937
f 1629 1638 1628
f 1628 1638 1931
f 1638 1637 1931
f 1637 1930 1931
f 1629 1628 1630
f 1629 1630 1631
f 1632 1631 1630
f 1641 1640 1633
f 1641 1633 1634
f 1635 1641 1634
f 1642 1641 1635
f 1939 1642 1932
f 1642 1636 1932
f 1642 1635 1636
f 1933 1932 1636
f 1937 1637 1944
f 1944 1637 1643
f 1644 1643 1637
f 1644 1637 1638
f 1647 1646 1639
f 1647 1639 1640
f 1641 1647 1640
f 1648 1647 1641
f 1946 1648 1938
f 1648 1642 1938
f 1648 1641 1642
f 1939 1938 1642
f 1944 1643 1950
f 1950 1643 1649
f 1643 1644 1645
f 1650 1643 1645
f 1649 1643 1650
f 1651 1650 1645
f 1646 1647 1655
f 1646 1655 1654
f 1952 1655 1945
f 1655 1648 1945
f 1655 1647 1648
f 1946 1945 1648
f 1649 1951 1950
f 1951 1649 1956
f 1649 1656 1956
f 1649 1650 1656
f 1650 1651 1652
f 1657 1650 1652
f 1656 1650 1657
f 1658 1657 1652
f 1661 1660 1653
f 1661 1653 1654
f 1655 1661 1654
f 1662 1661 1655
f 1959 1662 1952
f 1952 1662 1655
f 1656 1957 1956
f 1957 1656 1963
f 1656 1663 1963
f 1656 1657 1663
f 1657 1658 1659
f 1664 1657 1659
f 1663 1657 1664
f 1664 1659 1660
f 1661 1664 1660
f 1665 1664 1661
f 1965 1665 1958
f 1665 1662 1958
f 1665 1661 1662
f 1959 1958 1662
f 1663 1964 1963
f 1964 1663 1970
f 1663 1666 1970
f 1663 1664 1666
f 1665 1666 1664
f 1667 1666 1665
f 1973 1667 1965
f 1965 1667 1665
f 1666 1971 1970
f 1667 1972 1666
f 1666 1972 1971
f 1973 1972 1667
f 1986 1668 1989
f 1990 1668 1986
f 1669 1671 1668
f 1671 1989 1668
f 1671 1993 1989
f 1668 1990 1669
f 1990 1672 1669
f 1990 1994 1672
f 1997 1992 1674
f 1674 1992 1670
f 1671 1670 1992
f 1671 1992 1993
f 1999 1672 1994
f 1675 1672 1999
f 2003 1996 1676
f 1676 1996 1673
f 1674 1673 1996
f 1674 1996 1997
f 1677 1998 2004
f 1677 1679 1998
f 1679 1999 1998
f 1679 1675 1999
f 2002 1680 2008
f 1682 1680 2002
f 2003 1682 2002
f 1676 1682 2003
f 1683 1678 1677
f 2004 1683 1677
f 2009 1683 2004
f 1678 1679 1677
f 1681 1685 1680
f 1685 2008 1680
f 1685 2016 2008
f 1682 1681 1680
f 2009 2011 1687
f 1686 2009 1687
f 1683 2009 1686
f 2013 1688 2011
f 2011 1688 1687
f 2017 1688 2013
f 2020 2015 1689
f 1689 2015 1684
f 1685 1684 2015
f 1685 2015 2016
f 1686 1687 1691
f 1686 1691 1690
f 1688 1691 1687
f 1692 1691 1688
f 2019 1693 2017
f 1693 1688 2017
f 1693 1692 1688
f 2024 1693 2019
f 2022 2020 1695
f 2020 1694 1695
f 2020 1689 1694
f 1695 2025 2022
f 1690 1691 1698
f 1690 1698 1697
f 1692 1698 1691
f 1700 1698 1692
f 1693 1700 1692
f 1701 1700 1693
f 2033 1701 2024
f 2024 1701 1693
f 1694 1696 1695
f 1702 1703 1696
f 1696 1703 1695
f 1703 2027 1695
f 2027 2025 1695
f 1703 2034 2027
f 1699 1697 1698
f 1706 1705 1699
f 1698 1706 1699
f 1700 1706 1698
f 1701 1706 1700
f 1708 1706 1701
f 2045 1708 2033
f 2033 1708 1701
f 1702 1704 1703
f 1709 1710 1704
f 1704 1710 1703
f 1710 2036 1703
f 2036 2034 1703
f 1712 2038 2036
f 1712 2036 1710
f 1713 2040 2038
f 1713 2038 1712
f 1705 1713 1714
f 1707 1705 1714
f 1705 2040 1713
f 2042 1705 1706
f 1705 2042 2040
f 1708 2044 1706
f 2044 2042 1706
f 1715 1707 1714
f 2045 2044 1708
f 1709 1711 1710
f 1717 1718 1711
f 1718 1710 1711
f 1718 1712 1710
f 1718 1713 1712
f 1718 1720 1713
f 1720 1714 1713
f 1720 1722 1714
f 1715 1714 1716
f 1714 1724 1716
f 1714 1722 1724
f 1724 1726 1716
f 1717 1719 1718
f 1718 1719 1720
f 1720 1719 1721
f 1720 1721 1722
f 1722 1721 1723
f 1722 1723 1724
f 1724 1723 1725
f 1725 1726 1724
f 2046 1745 2067
f 1745 2046 1747
f 2046 1727 1747
f 2046 2047 1727
f 2048 1727 2047
f 2048 1728 1727
f 2049 1728 2048
f 2049 1729 1728
f 2050 1729 2049
f 2050 1730 1729
f 2051 1730 2050
f 2051 1731 1730
f 2052 1731 2051
f 2052 1732 1731
f 2053 1732 2052
f 2053 1733 1732
f 2054 1733 2053
f 2054 1734 1733
f 2055 1734 2054
f 2055 1735 1734
f 2056 1735 2055
f 2056 1736 1735
f 2057 1736 2056
f 2057 1737 1736
f 2058 1737 2057
f 2058 1738 1737
f 2058 2068 1738
f 1738 2068 1748
f 2070 2059 1749
f 1749 2059 1739
f 2060 1739 2059
f 2060 1740 1739
f 2061 1740 2060
f 2061 1741 1740
f 2062 1741 2061
f 2062 1742 1741
f 2062 2072 1742
f 1742 2072 1751
f 2075 2064 1752
f 1752 2064 1743
f 2066 1743 2064
f 2066 1744 1743
f 2066 2067 1745
f 1746 2066 1745
f 1744 2066 1746
f 1747 1746 1745
f 2076 1748 2068
f 1755 1748 2076
f 1749 2080 2070
f 1749 1757 2080
f 2071 2084 1761
f 2071 1761 1750
f 1750 1751 2071
f 2071 1751 2072
f 2074 1762 2087
f 1763 1762 2074
f 1752 1763 2074
f 2075 1752 2074
f 1753 1763 1752
f 1763 1753 1754
f 1763 1754 1764
f 1765 1764 1754
f 2076 2078 1767
f 1766 2076 1767
f 1755 2076 1766
f 2089 1767 2078
f 2090 2079 1768
f 1768 2079 1756
f 1770 2080 1757
f 1758 1770 1757
f 1770 2079 2080
f 1756 1770 1769
f 1770 1756 2079
f 2081 2093 1770
f 1758 2081 1770
f 1759 2081 1758
f 1759 2083 2081
f 1760 2083 1759
f 1760 1761 2083
f 2083 1761 2084
f 2086 1771 2094
f 2087 1762 2086
f 1762 1771 2086
f 1762 1772 1771
f 1763 1772 1762
f 1773 1772 1763
f 2098 1773 2088
f 1773 1764 2088
f 1773 1763 1764
f 2100 2088 1764
f 1765 2100 1764
f 1774 2100 1765
f 1766 1767 1776
f 1766 1776 1775
f 2101 1776 2089
f 2089 1776 1767
f 1768 2103 2090
f 1768 1778 2103
f 1769 1770 2092
f 2104 1769 2092
f 1779 1769 2104
f 2093 2092 1770
f 1771 2095 2094
f 1772 2096 1771
f 1771 2096 2095
f 1773 2097 1772
f 1772 2097 2096
f 2098 2097 1773
f 1774 2109 2100
f 1774 1780 2109
f 1775 1776 1782
f 1775 1782 1781
f 2110 1782 2101
f 2101 1782 1776
f 2111 2102 1783
f 1783 2102 1777
f 1778 1777 2102
f 1778 2102 2103
f 2113 1779 2104
f 1784 1779 2113
f 1780 2118 2109
f 1780 1785 2118
f 1781 1782 1787
f 1781 1787 1786
f 2119 1787 2110
f 2110 1787 1782
f 1783 2121 2111
f 1783 1790 2121
f 2125 1784 2113
f 1792 1784 2125
f 1785 2129 2118
f 1785 1793 2129
f 1788 1786 1787
f 1787 2119 1788
f 2119 1794 1788
f 2119 2130 1794
f 2133 2120 1795
f 1795 2120 1789
f 1790 1789 2120
f 1790 2120 2121
f 2124 2136 1796
f 2124 1796 1791
f 1791 1792 2124
f 2124 1792 2125
f 2128 1797 2137
f 1798 1797 2128
f 2129 1798 2128
f 1793 1798 2129
f 2130 2132 1800
f 1799 2130 1800
f 1794 2130 1799
f 2138 1800 2132
f 1795 2140 2133
f 1795 1802 2140
f 2144 1796 2136
f 1803 1796 2144
f 2137 1797 2145
f 2145 1797 1804
f 1805 1804 1797
f 1805 1797 1798
f 1799 1800 1807
f 1799 1807 1806
f 2146 1807 2138
f 2138 1807 1800
f 2148 2139 1810
f 1810 2139 1801
f 1802 1801 2139
f 1802 2139 2140
f 1811 2143 2151
f 1811 1813 2143
f 1813 2144 2143
f 1813 1803 2144
f 2145 1804 2152
f 2152 1804 1814
f 1815 1814 1804
f 1815 1804 1805
f 1808 1806 1807
f 1807 2146 1808
f 2146 1816 1808
f 2146 2153 1816
f 1818 1819 1809
f 1810 1809 1819
f 2157 1810 1819
f 2148 1810 2157
f 1820 1812 1811
f 2151 1820 1811
f 2160 1820 2151
f 1812 1813 1811
f 2152 1814 2161
f 2161 1814 1821
f 1822 1821 1814
f 1822 1814 1815
f 2153 2155 1824
f 1823 2153 1824
f 1816 2153 1823
f 2163 1824 2155
f 1825 1826 1817
f 2164 2156 1826
f 1826 2156 1817
f 2156 1819 1817
f 1819 1818 1817
f 2156 2157 1819
f 2169 1820 2160
f 1827 1820 2169
f 1821 2162 2161
f 2171 2162 1821
f 1822 2171 1821
f 1828 2171 1822
f 1823 1824 1830
f 1823 1830 1829
f 2172 1830 2163
f 2163 1830 1824
f 1826 1825 1834
f 1834 1825 1833
f 1834 2175 2164
f 1834 2164 1826
f 1835 2168 2178
f 1835 1837 2168
f 1837 2169 2168
f 1837 1827 2169
f 1828 2179 2171
f 1828 1838 2179
f 1831 1829 1830
f 1831 1830 2172
f 2174 1831 2172
f 1832 1831 2174
f 1832 2174 1833
f 2174 1839 1833
f 1839 1834 1833
f 2174 2180 1839
f 1839 2182 2175
f 1839 2175 1834
f 1840 1836 1835
f 2178 1840 1835
f 2185 1840 2178
f 1836 1837 1835
f 1838 2186 2179
f 1838 1841 2186
f 2181 1839 2180
f 2181 2182 1839
f 2190 1840 2185
f 1843 1840 2190
f 1844 2191 1842
f 2191 1841 1842
f 2191 2186 1841
f 1845 1844 1842
f 1846 2189 2194
f 1846 1847 2189
f 1847 2190 2189
f 1847 1843 2190
f 1844 2192 2191
f 2196 2192 1844
f 1845 2196 1844
f 1848 2196 1845
f 1846 2194 2198
f 1846 2198 1850
f 1850 1851 1846
f 1846 1851 1847
f 1848 1849 2196
f 2196 1849 2197
f 2200 2197 1849
f 2200 1849 1852
f 1850 2198 2201
f 1850 2201 1854
f 1854 1855 1850
f 1850 1855 1851
f 1856 2202 1853
f 2202 1852 1853
f 2202 2200 1852
f 1857 1856 1853
f 1854 2201 2204
f 1854 2204 1858
f 1858 1859 1854
f 1854 1859 1855
f 1856 2203 2202
f 2208 2203 1856
f 1857 2208 1856
f 1860 2208 1857
f 2206 1858 2204
f 2206 2209 1858
f 2209 1859 1858
f 2209 1862 1859
f 1863 2211 1861
f 2211 1860 1861
f 2211 2208 1860
f 1864 1863 1861
f 2213 1862 2209
f 1865 1862 2213
f 1863 2212 2211
f 2216 2212 1863
f 1864 2216 1863
f 1866 2216 1864
f 2217 1865 2213
f 1870 1865 2217
f 1871 2219 1867
f 2219 1866 1867
f 2219 2216 1866
f 1871 1867 1868
f 1871 1868 1872
f 1873 1872 1868
f 1880 1879 1869
f 1869 1870 1880
f 1870 2222 1880
f 1870 2217 2222
f 1871 2220 2219
f 1872 2221 1871
f 1871 2221 2220
f 1874 1881 2225
f 1874 2225 2221
f 1873 1874 2221
f 1872 1873 2221
f 1881 1874 1875
f 1881 1875 1882
f 1882 1875 1876
f 1882 1876 1883
f 1883 1876 1877
f 1883 1877 1884
f 1884 1877 1878
f 1884 1878 1885
f 1886 1885 1878
f 1879 1880 1891
f 1879 1891 1890
f 2230 1891 2222
f 2222 1891 1880
f 1881 2226 2225
f 1882 2227 1881
f 1881 2227 2226
f 1883 2228 1882
f 1882 2228 2227
f 2228 1883 2234
f 1883 1892 2234
f 1883 1884 1892
f 1885 1892 1884
f 1893 1892 1885
f 1885 1886 1887
f 1894 1885 1887
f 1893 1885 1894
f 1894 1887 1888
f 1894 1888 1895
f 1896 1895 1888
f 1900 1899 1889
f 2229 2238 1900
f 2229 1900 1889
f 1891 2229 1889
f 1890 1891 1889
f 2230 2229 1891
f 1892 2235 2234
f 1893 2236 1892
f 1892 2236 2235
f 2236 1893 2242
f 1893 1901 2242
f 1893 1894 1901
f 1895 1901 1894
f 1902 1901 1895
f 1895 1896 1897
f 1903 1895 1897
f 1902 1895 1903
f 1904 1903 1897
f 1909 1908 1898
f 2237 2247 1909
f 2237 1909 1898
f 1900 2237 1898
f 1899 1900 1898
f 2238 2237 1900
f 1901 2243 2242
f 1902 2244 1901
f 1901 2244 2243
f 1903 2245 1902
f 1902 2245 2244
f 1904 1905 1903
f 1905 2245 1903
f 1905 2246 2245
f 1906 1910 2255
f 2246 1906 2255
f 1905 1906 2246
f 1910 1906 1907
f 1910 1907 1911
f 1911 1907 1908
f 1909 1911 1908
f 1913 1911 1909
f 2249 1915 2247
f 1915 1909 2247
f 1915 1913 1909
f 2256 1915 2249
f 2254 1919 2267
f 2255 1910 2254
f 1910 1919 2254
f 1910 1921 1919
f 1911 1912 1923
f 1921 1911 1923
f 1910 1911 1921
f 1912 1911 1913
f 1912 1913 1914
f 1914 1913 1915
f 1914 1915 1916
f 1916 1915 2256
f 2258 1916 2256
f 1917 1916 2258
f 2260 1917 2258
f 2260 1918 1917
f 1924 1918 1925
f 1918 2262 1925
f 1918 2260 2262
f 2263 1927 2262
f 2262 1927 1925
f 2264 1928 2263
f 2263 1928 1927
f 2268 1928 2264
f 2266 1929 2273
f 1920 1931 1919
f 1919 1931 2267
f 1931 1929 2267
f 1929 2266 2267
f 1920 1919 1921
f 1920 1921 1922
f 1923 1922 1921
f 1926 1924 1925
f 1934 1933 1926
f 1925 1934 1926
f 1927 1934 1925
f 1928 1934 1927
f 1935 1934 1928
f 2274 1935 2268
f 2268 1935 1928
f 2272 1936 2279
f 1930 1937 1929
f 1929 1937 2273
f 1937 1936 2273
f 1936 2272 2273
f 1931 1930 1929
f 1940 1939 1932
f 1940 1932 1933
f 1934 1940 1933
f 1941 1940 1934
f 1935 1941 1934
f 1942 1941 1935
f 2282 1942 2274
f 2274 1942 1935
f 2279 1936 2284
f 2284 1936 1943
f 1944 1943 1936
f 1944 1936 1937
f 1947 1946 1938
f 1947 1938 1939
f 1940 1947 1939
f 1948 1947 1940
f 2286 1948 2280
f 1948 1941 2280
f 1948 1940 1941
f 1942 2281 1941
f 1941 2281 2280
f 2282 2281 1942
f 2284 1943 2290
f 2290 1943 1949
f 1950 1949 1943
f 1950 1943 1944
f 1953 1952 1945
f 1953 1945 1946
f 1947 1953 1946
f 1954 1953 1947
f 2293 1954 2285
f 1954 1948 2285
f 1954 1947 1948
f 2286 2285 1948
f 1949 2291 2290
f 1951 1955 2298
f 1951 2298 2291
f 1950 1951 2291
f 1949 1950 2291
f 1956 1955 1951
f 1952 1953 1960
f 1952 1960 1959
f 2299 1960 2292
f 1960 1954 2292
f 1960 1953 1954
f 2293 2292 1954
f 2298 1955 2305
f 2305 1955 1961
f 1955 1956 1957
f 1962 1955 1957
f 1961 1955 1962
f 1963 1962 1957
f 1966 1965 1958
f 1966 1958 1959
f 1960 1966 1959
f 1967 1966 1960
f 2308 1967 2299
f 2299 1967 1960
f 1961 2306 2305
f 2306 1961 2315
f 1961 1968 2315
f 1961 1962 1968
f 1962 1963 1964
f 1969 1962 1964
f 1968 1962 1969
f 1970 1969 1964
f 1965 1966 1974
f 1965 1974 1973
f 2317 1974 2307
f 1974 1967 2307
f 1974 1966 1967
f 2308 2307 1967
f 1968 2316 2315
f 2316 1968 2324
f 1968 1975 2324
f 1968 1969 1975
f 1969 1970 1971
f 1976 1969 1971
f 1975 1969 1976
f 1976 1971 1972
f 1976 1972 1977
f 1977 1972 1973
f 1974 1977 1973
f 1978 1977 1974
f 2326 1978 2317
f 2317 1978 1974
f 1975 2325 2324
f 2325 1975 2335
f 1975 1979 2335
f 1975 1976 1979
f 1977 1979 1976
f 1980 1979 1977
f 1978 1980 1977
f 1981 1980 1978
f 2328 1982 2326
f 1982 1978 2326
f 1982 1981 1978
f 2330 1983 2328
f 2328 1983 1982
f 2341 1983 2330
f 1979 2336 2335
f 1980 2337 1979
f 1979 2337 2336
f 1981 2338 1980
f 1980 2338 2337
f 1982 2339 1981
f 1981 2339 2338
f 1983 2340 1982
f 1982 2340 2339
f 2341 2340 1983
f 2348 1984 2351
f 2352 1984 2348
f 2351 1984 2357
f 2357 1984 1985
f 2354 1987 2352
f 1987 1984 2352
f 1987 1985 1984
f 2359 1987 2354
f 2356 1988 2360
f 1986 1989 1985
f 1985 1989 2357
f 1989 1988 2357
f 1988 2356 2357
f 1985 1987 2358
f 1990 1985 2358
f 2361 1990 2358
f 1986 1985 1990
f 2359 2358 1987
f 2360 1988 2365
f 2365 1988 1991
f 1993 1991 1988
f 1993 1988 1989
f 2366 1990 2361
f 1994 1990 2366
f 2364 1995 2370
f 1992 1997 1991
f 1991 1997 2365
f 1997 1995 2365
f 1995 2364 2365
f 1993 1992 1991
f 2366 2368 2000
f 1999 2366 2000
f 1994 2366 1999
f 2371 2000 2368
f 2369 2001 2373
f 1996 2003 1995
f 1995 2003 2370
f 2003 2001 2370
f 2001 2369 2370
f 1997 1996 1995
f 2005 2004 1998
f 2005 1998 1999
f 2000 2005 1999
f 2006 2005 2000
f 2372 2007 2371
f 2007 2000 2371
f 2007 2006 2000
f 2375 2007 2372
f 2002 2008 2001
f 2008 2373 2001
f 2008 2376 2373
f 2003 2002 2001
f 2004 2005 2010
f 2004 2010 2009
f 2006 2010 2005
f 2012 2010 2006
f 2007 2012 2006
f 2014 2012 2007
f 2378 2014 2375
f 2375 2014 2007
f 2008 2379 2376
f 2008 2016 2379
f 2011 2009 2010
f 2011 2010 2012
f 2011 2012 2013
f 2018 2017 2013
f 2012 2018 2013
f 2014 2018 2012
f 2387 2018 2378
f 2378 2018 2014
f 2020 2021 2015
f 2379 2016 2381
f 2016 2021 2381
f 2021 2023 2381
f 2021 2016 2015
f 2023 2388 2381
f 2019 2017 2018
f 2018 2387 2019
f 2387 2024 2019
f 2387 2399 2024
f 2020 2022 2021
f 2025 2026 2022
f 2026 2021 2022
f 2026 2023 2021
f 2028 2390 2388
f 2023 2028 2388
f 2026 2028 2023
f 2029 2392 2390
f 2029 2390 2028
f 2030 2394 2392
f 2030 2392 2029
f 2031 2396 2394
f 2031 2394 2030
f 2032 2398 2396
f 2032 2396 2031
f 2032 2033 2398
f 2033 2399 2398
f 2033 2024 2399
f 2025 2027 2026
f 2034 2035 2027
f 2035 2026 2027
f 2035 2028 2026
f 2035 2029 2028
f 2035 2037 2029
f 2037 2030 2029
f 2037 2039 2030
f 2039 2031 2030
f 2039 2041 2031
f 2041 2032 2031
f 2041 2043 2032
f 2043 2045 2032
f 2032 2045 2033
f 2034 2036 2035
f 2035 2036 2037
f 2037 2036 2038
f 2037 2038 2039
f 2039 2038 2040
f 2039 2040 2041
f 2041 2040 2042
f 2041 2042 2043
f 2043 2042 2044
f 2044 2045 2043
f 2400 2063 2422
f 2401 2065 2400
f 2400 2065 2063
f 2065 2401 2067
f 2401 2046 2067
f 2401 2402 2046
f 2403 2046 2402
f 2403 2047 2046
f 2404 2047 2403
f 2404 2048 2047
f 2405 2048 2404
f 2405 2049 2048
f 2406 2049 2405
f 2406 2050 2049
f 2407 2050 2406
f 2407 2051 2050
f 2408 2051 2407
f 2408 2052 2051
f 2409 2052 2408
f 2409 2053 2052
f 2410 2053 2409
f 2410 2054 2053
f 2411 2054 2410
f 2411 2055 2054
f 2412 2055 2411
f 2412 2056 2055
f 2413 2056 2412
f 2413 2057 2056
f 2414 2057 2413
f 2414 2058 2057
f 2068 2058 2069
f 2058 2415 2069
f 2058 2414 2415
f 2423 2069 2415
f 2424 2416 2070
f 2070 2416 2059
f 2417 2059 2416
f 2417 2060 2059
f 2418 2060 2417
f 2418 2061 2060
f 2419 2061 2418
f 2419 2062 2061
f 2419 2431 2062
f 2062 2431 2072
f 2421 2073 2433
f 2064 2075 2063
f 2063 2075 2422
f 2075 2073 2422
f 2073 2421 2422
f 2064 2063 2065
f 2064 2065 2066
f 2067 2066 2065
f 2068 2069 2077
f 2068 2077 2076
f 2434 2077 2423
f 2423 2077 2069
f 2070 2436 2424
f 2070 2080 2436
f 2082 2428 2441
f 2428 2082 2084
f 2071 2428 2084
f 2430 2428 2071
f 2071 2072 2430
f 2430 2072 2431
f 2432 2085 2442
f 2074 2087 2073
f 2073 2087 2433
f 2087 2085 2433
f 2085 2432 2433
f 2075 2074 2073
f 2078 2076 2077
f 2077 2434 2078
f 2434 2089 2078
f 2434 2443 2089
f 2444 2435 2090
f 2090 2435 2079
f 2091 2079 2435
f 2446 2091 2435
f 2091 2080 2079
f 2436 2091 2438
f 2091 2436 2080
f 2438 2091 2093
f 2081 2438 2093
f 2440 2438 2081
f 2441 2440 2082
f 2440 2083 2082
f 2440 2081 2083
f 2083 2084 2082
f 2086 2094 2085
f 2094 2442 2085
f 2094 2449 2442
f 2087 2086 2085
f 2099 2098 2088
f 2100 2099 2088
f 2451 2089 2443
f 2101 2089 2451
f 2090 2452 2444
f 2090 2103 2452
f 2104 2092 2091
f 2446 2104 2091
f 2454 2104 2446
f 2092 2093 2091
f 2448 2105 2457
f 2106 2105 2448
f 2094 2106 2448
f 2449 2094 2448
f 2095 2106 2094
f 2106 2095 2096
f 2106 2096 2107
f 2107 2096 2097
f 2107 2097 2108
f 2450 2459 2108
f 2450 2108 2097
f 2099 2450 2097
f 2098 2099 2097
f 2461 2450 2099
f 2100 2461 2099
f 2109 2461 2100
f 2462 2101 2451
f 2110 2101 2462
f 2111 2112 2102
f 2103 2102 2112
f 2464 2103 2112
f 2452 2103 2464
f 2467 2104 2454
f 2113 2104 2467
f 2456 2114 2468
f 2457 2105 2456
f 2105 2114 2456
f 2105 2115 2114
f 2106 2115 2105
f 2116 2115 2106
f 2107 2116 2106
f 2117 2116 2107
f 2473 2117 2458
f 2117 2108 2458
f 2117 2107 2108
f 2459 2458 2108
f 2109 2476 2461
f 2109 2118 2476
f 2477 2110 2462
f 2119 2110 2477
f 2112 2111 2122
f 2122 2111 2121
f 2123 2466 2464
f 2112 2123 2464
f 2122 2123 2112
f 2123 2125 2466
f 2125 2467 2466
f 2125 2113 2467
f 2468 2114 2480
f 2480 2114 2126
f 2482 2126 2470
f 2126 2115 2470
f 2126 2114 2115
f 2116 2471 2115
f 2115 2471 2470
f 2117 2472 2116
f 2116 2472 2471
f 2473 2472 2117
f 2475 2127 2485
f 2129 2127 2475
f 2476 2129 2475
f 2118 2129 2476
f 2477 2479 2131
f 2130 2477 2131
f 2119 2477 2130
f 2486 2131 2479
f 2133 2134 2120
f 2120 2134 2121
f 2134 2122 2121
f 2134 2135 2122
f 2124 2123 2136
f 2123 2135 2136
f 2123 2122 2135
f 2124 2125 2123
f 2126 2481 2480
f 2482 2481 2126
f 2128 2137 2127
f 2137 2485 2127
f 2137 2487 2485
f 2129 2128 2127
f 2132 2130 2131
f 2131 2486 2132
f 2486 2138 2132
f 2486 2488 2138
f 2134 2133 2141
f 2141 2133 2140
f 2141 2135 2134
f 2141 2142 2135
f 2142 2144 2135
f 2135 2144 2136
f 2137 2491 2487
f 2137 2145 2491
f 2488 2490 2147
f 2146 2488 2147
f 2138 2488 2146
f 2492 2147 2490
f 2148 2149 2139
f 2139 2149 2140
f 2149 2141 2140
f 2149 2150 2141
f 2143 2142 2151
f 2142 2150 2151
f 2142 2141 2150
f 2143 2144 2142
f 2145 2493 2491
f 2145 2152 2493
f 2146 2147 2154
f 2146 2154 2153
f 2494 2154 2492
f 2492 2154 2147
f 2149 2148 2158
f 2158 2148 2157
f 2158 2150 2149
f 2158 2159 2150
f 2159 2160 2150
f 2150 2160 2151
f 2152 2495 2493
f 2152 2161 2495
f 2155 2153 2154
f 2154 2494 2155
f 2494 2163 2155
f 2494 2496 2163
f 2164 2165 2156
f 2156 2165 2157
f 2165 2158 2157
f 2165 2166 2158
f 2166 2159 2158
f 2166 2167 2159
f 2167 2169 2159
f 2159 2169 2160
f 2170 2499 2162
f 2499 2161 2162
f 2499 2495 2161
f 2171 2170 2162
f 2496 2498 2173
f 2172 2496 2173
f 2163 2496 2172
f 2501 2173 2498
f 2165 2164 2176
f 2176 2164 2175
f 2176 2166 2165
f 2176 2177 2166
f 2168 2167 2178
f 2167 2177 2178
f 2167 2166 2177
f 2168 2169 2167
f 2170 2500 2499
f 2502 2500 2170
f 2171 2502 2170
f 2179 2502 2171
f 2174 2172 2173
f 2173 2501 2174
f 2501 2180 2174
f 2501 2503 2180
f 2176 2175 2183
f 2183 2175 2182
f 2183 2177 2176
f 2183 2184 2177
f 2184 2185 2177
f 2177 2185 2178
f 2179 2506 2502
f 2179 2186 2506
f 2181 2180 2503
f 2181 2503 2505
f 2181 2505 2182
f 2505 2187 2182
f 2187 2183 2182
f 2505 2507 2187
f 2187 2184 2183
f 2187 2188 2184
f 2188 2190 2184
f 2184 2190 2185
f 2186 2508 2506
f 2186 2191 2508
f 2187 2507 2509
f 2187 2509 2193
f 2189 2188 2194
f 2188 2193 2194
f 2188 2187 2193
f 2189 2190 2188
f 2195 2512 2192
f 2512 2191 2192
f 2512 2508 2191
f 2196 2195 2192
f 2511 2193 2509
f 2511 2514 2193
f 2514 2194 2193
f 2514 2198 2194
f 2195 2513 2512
f 2197 2199 2515
f 2197 2515 2513
f 2196 2197 2513
f 2195 2196 2513
f 2200 2199 2197
f 2517 2198 2514
f 2201 2198 2517
f 2199 2516 2515
f 2521 2516 2199
f 2200 2521 2199
f 2202 2521 2200
f 2517 2519 2205
f 2204 2517 2205
f 2201 2517 2204
f 2522 2205 2519
f 2207 2525 2203
f 2525 2202 2203
f 2525 2521 2202
f 2208 2207 2203
f 2206 2204 2205
f 2210 2209 2206
f 2210 2206 2205
f 2524 2210 2205
f 2522 2524 2205
f 2527 2210 2524
f 2207 2526 2525
f 2529 2526 2207
f 2208 2529 2207
f 2211 2529 2208
f 2209 2210 2214
f 2209 2214 2213
f 2530 2214 2527
f 2527 2214 2210
f 2215 2531 2212
f 2531 2211 2212
f 2531 2529 2211
f 2216 2215 2212
f 2213 2214 2218
f 2213 2218 2217
f 2533 2218 2530
f 2530 2218 2214
f 2215 2532 2531
f 2535 2532 2215
f 2216 2535 2215
f 2219 2535 2216
f 2217 2218 2223
f 2217 2223 2222
f 2538 2223 2533
f 2533 2223 2218
f 2219 2220 2535
f 2535 2220 2536
f 2221 2224 2539
f 2536 2221 2539
f 2220 2221 2536
f 2225 2224 2221
f 2222 2223 2537
f 2541 2222 2537
f 2230 2222 2541
f 2538 2537 2223
f 2224 2540 2539
f 2226 2231 2543
f 2226 2543 2540
f 2225 2226 2540
f 2224 2225 2540
f 2231 2226 2227
f 2231 2227 2232
f 2232 2227 2228
f 2232 2228 2233
f 2234 2233 2228
f 2239 2238 2229
f 2229 2230 2239
f 2230 2547 2239
f 2230 2541 2547
f 2231 2544 2543
f 2232 2545 2231
f 2231 2545 2544
f 2233 2546 2232
f 2232 2546 2545
f 2235 2240 2550
f 2235 2550 2546
f 2234 2235 2546
f 2233 2234 2546
f 2240 2235 2236
f 2240 2236 2241
f 2242 2241 2236
f 2248 2247 2237
f 2248 2237 2238
f 2239 2248 2238
f 2250 2248 2239
f 2554 2250 2547
f 2547 2250 2239
f 2240 2551 2550
f 2241 2552 2240
f 2240 2552 2551
f 2242 2243 2241
f 2243 2552 2241
f 2243 2553 2552
f 2244 2251 2560
f 2553 2244 2560
f 2243 2244 2553
f 2251 2244 2245
f 2251 2245 2252
f 2252 2245 2246
f 2252 2246 2253
f 2255 2253 2246
f 2249 2247 2248
f 2257 2256 2249
f 2248 2257 2249
f 2250 2257 2248
f 2556 2259 2554
f 2259 2250 2554
f 2259 2257 2250
f 2557 2261 2556
f 2556 2261 2259
f 2562 2261 2557
f 2251 2561 2560
f 2561 2251 2570
f 2251 2265 2570
f 2251 2252 2265
f 2253 2254 2267
f 2265 2253 2267
f 2252 2253 2265
f 2255 2254 2253
f 2258 2256 2257
f 2258 2257 2259
f 2258 2259 2260
f 2260 2259 2261
f 2260 2261 2262
f 2262 2261 2562
f 2564 2262 2562
f 2263 2262 2564
f 2565 2263 2564
f 2565 2264 2263
f 2268 2264 2269
f 2264 2566 2269
f 2264 2565 2566
f 2567 2270 2566
f 2566 2270 2269
f 2571 2270 2567
f 2569 2271 2576
f 2266 2273 2265
f 2265 2273 2570
f 2273 2271 2570
f 2271 2569 2570
f 2267 2266 2265
f 2268 2269 2275
f 2268 2275 2274
f 2270 2275 2269
f 2276 2275 2270
f 2573 2277 2571
f 2277 2270 2571
f 2277 2276 2270
f 2579 2277 2573
f 2575 2278 2581
f 2272 2279 2271
f 2271 2279 2576
f 2279 2278 2576
f 2278 2575 2576
f 2273 2272 2271
f 2274 2275 2283
f 2274 2283 2282
f 2583 2283 2577
f 2283 2276 2577
f 2283 2275 2276
f 2277 2578 2276
f 2276 2578 2577
f 2579 2578 2277
f 2278 2582 2581
f 2588 2582 2278
f 2279 2588 2278
f 2284 2588 2279
f 2287 2286 2280
f 2287 2280 2281
f 2287 2281 2288
f 2288 2281 2282
f 2283 2288 2282
f 2289 2288 2283
f 2590 2289 2583
f 2583 2289 2283
f 2284 2594 2588
f 2284 2290 2594
f 2294 2293 2285
f 2294 2285 2286
f 2287 2294 2286
f 2295 2294 2287
f 2288 2295 2287
f 2296 2295 2288
f 2595 2296 2589
f 2296 2289 2589
f 2296 2288 2289
f 2590 2589 2289
f 2297 2600 2291
f 2600 2290 2291
f 2600 2594 2290
f 2298 2297 2291
f 2300 2299 2292
f 2300 2292 2293
f 2294 2300 2293
f 2301 2300 2294
f 2295 2301 2294
f 2302 2301 2295
f 2296 2302 2295
f 2303 2302 2296
f 2597 2304 2595
f 2304 2296 2595
f 2304 2303 2296
f 2602 2304 2597
f 2297 2601 2600
f 2604 2601 2297
f 2298 2604 2297
f 2305 2604 2298
f 2299 2300 2309
f 2299 2309 2308
f 2301 2309 2300
f 2310 2309 2301
f 2302 2310 2301
f 2311 2310 2302
f 2303 2311 2302
f 2312 2311 2303
f 2304 2312 2303
f 2313 2312 2304
f 2606 2313 2602
f 2602 2313 2304
f 2314 2607 2306
f 2607 2305 2306
f 2607 2604 2305
f 2315 2314 2306
f 2318 2317 2307
f 2318 2307 2308
f 2309 2318 2308
f 2319 2318 2309
f 2310 2319 2309
f 2320 2319 2310
f 2311 2320 2310
f 2321 2320 2311
f 2312 2321 2311
f 2322 2321 2312
f 2610 2322 2605
f 2322 2313 2605
f 2322 2312 2313
f 2606 2605 2313
f 2314 2608 2607
f 2316 2323 2611
f 2316 2611 2608
f 2315 2316 2608
f 2314 2315 2608
f 2324 2323 2316
f 2317 2318 2327
f 2317 2327 2326
f 2319 2327 2318
f 2329 2327 2319
f 2320 2329 2319
f 2331 2329 2320
f 2321 2331 2320
f 2332 2331 2321
f 2613 2332 2609
f 2332 2322 2609
f 2332 2321 2322
f 2610 2609 2322
f 2611 2323 2614
f 2614 2323 2333
f 2323 2324 2325
f 2334 2323 2325
f 2333 2323 2334
f 2335 2334 2325
f 2328 2326 2327
f 2328 2327 2329
f 2328 2329 2330
f 2342 2341 2330
f 2329 2342 2330
f 2331 2342 2329
f 2619 2342 2612
f 2342 2332 2612
f 2342 2331 2332
f 2613 2612 2332
f 2333 2615 2614
f 2615 2333 2620
f 2333 2343 2620
f 2333 2334 2343
f 2334 2335 2336
f 2344 2334 2336
f 2343 2334 2344
f 2344 2336 2337
f 2344 2337 2345
f 2345 2337 2338
f 2345 2338 2346
f 2616 2623 2346
f 2338 2616 2346
f 2339 2616 2338
f 2339 2617 2616
f 2340 2617 2339
f 2342 2618 2341
f 2618 2340 2341
f 2618 2617 2340
f 2619 2618 2342
f 2620 2343 2626
f 2626 2343 2347
f 2344 2347 2343
f 2349 2347 2344
f 2627 2349 2621
f 2349 2345 2621
f 2349 2344 2345
f 2346 2622 2345
f 2345 2622 2621
f 2623 2622 2346
f 2625 2350 2629
f 2348 2351 2347
f 2347 2351 2626
f 2351 2350 2626
f 2350 2625 2626
f 2353 2352 2348
f 2347 2353 2348
f 2349 2353 2347
f 2630 2353 2627
f 2627 2353 2349
f 2629 2350 2631
f 2631 2350 2355
f 2357 2355 2350
f 2357 2350 2351
f 2354 2352 2353
f 2353 2630 2354
f 2630 2359 2354
f 2630 2632 2359
f 2356 2360 2355
f 2360 2631 2355
f 2360 2635 2631
f 2357 2356 2355
f 2362 2361 2358
f 2358 2359 2362
f 2359 2636 2362
f 2359 2632 2636
f 2634 2363 2637
f 2365 2363 2634
f 2635 2365 2634
f 2360 2365 2635
f 2361 2362 2367
f 2361 2367 2366
f 2638 2367 2636
f 2636 2367 2362
f 2364 2370 2363
f 2370 2637 2363
f 2370 2640 2637
f 2365 2364 2363
f 2368 2366 2367
f 2367 2638 2368
f 2638 2371 2368
f 2638 2642 2371
f 2643 2639 2373
f 2373 2639 2369
f 2370 2369 2639
f 2370 2639 2640
f 2650 2374 2372
f 2371 2650 2372
f 2642 2650 2371
f 2374 2375 2372
f 2645 2643 2377
f 2643 2376 2377
f 2643 2373 2376
f 2377 2652 2645
f 2651 2374 2650
f 2651 2663 2374
f 2663 2375 2374
f 2663 2378 2375
f 2377 2376 2380
f 2380 2376 2379
f 2382 2654 2652
f 2377 2382 2652
f 2380 2382 2377
f 2383 2656 2654
f 2383 2654 2382
f 2384 2658 2656
f 2384 2656 2383
f 2385 2660 2658
f 2385 2658 2384
f 2386 2662 2660
f 2386 2660 2385
f 2386 2387 2662
f 2387 2663 2662
f 2387 2378 2663
f 2379 2381 2380
f 2388 2389 2381
f 2389 2380 2381
f 2389 2382 2380
f 2389 2383 2382
f 2389 2391 2383
f 2391 2384 2383
f 2391 2393 2384
f 2393 2385 2384
f 2393 2395 2385
f 2395 2386 2385
f 2395 2397 2386
f 2397 2399 2386
f 2386 2399 2387
f 2388 2390 2389
f 2389 2390 2391
f 2391 2390 2392
f 2391 2392 2393
f 2393 2392 2394
f 2393 2394 2395
f 2395 2394 2396
f 2395 2396 2397
f 2397 2396 2398
f 2398 2399 2397
f 2664 2420 2681
f 2420 2664 2422
f 2664 2400 2422
f 2664 2665 2400
f 2666 2400 2665
f 2666 2401 2400
f 2667 2401 2666
f 2667 2402 2401
f 2668 2402 2667
f 2668 2403 2402
f 2669 2403 2668
f 2669 2404 2403
f 2670 2404 2669
f 2670 2405 2404
f 2671 2405 2670
f 2671 2406 2405
f 2672 2406 2671
f 2672 2407 2406
f 2673 2407 2672
f 2673 2408 2407
f 2674 2408 2673
f 2674 2409 2408
f 2675 2409 2674
f 2675 2410 2409
f 2676 2410 2675
f 2676 2411 2410
f 2677 2411 2676
f 2677 2412 2411
f 2678 2412 2677
f 2678 2413 2412
f 2679 2413 2678
f 2679 2414 2413
f 2680 2414 2679
f 2680 2415 2414
f 2680 2682 2415
f 2415 2682 2423
f 2424 2425 2416
f 2416 2425 2417
f 2417 2425 2426
f 2417 2426 2418
f 2418 2426 2427
f 2418 2427 2419
f 2419 2427 2429
f 2429 2431 2419
f 2421 2433 2420
f 2433 2681 2420
f 2433 2685 2681
f 2422 2421 2420
f 2686 2423 2682
f 2434 2423 2686
f 2425 2424 2437
f 2437 2424 2436
f 2437 2426 2425
f 2437 2439 2426
f 2428 2427 2441
f 2427 2439 2441
f 2427 2426 2439
f 2427 2428 2429
f 2429 2428 2430
f 2430 2431 2429
f 2689 2684 2442
f 2442 2684 2432
f 2433 2432 2684
f 2433 2684 2685
f 2690 2434 2686
f 2443 2434 2690
f 2444 2445 2435
f 2438 2437 2436
f 2445 2446 2435
f 2437 2438 2439
f 2439 2438 2440
f 2440 2441 2439
f 2688 2447 2694
f 2449 2447 2688
f 2689 2449 2688
f 2442 2449 2689
f 2695 2443 2690
f 2451 2443 2695
f 2445 2444 2453
f 2453 2444 2452
f 2453 2454 2445
f 2445 2454 2446
f 2693 2455 2698
f 2448 2457 2447
f 2447 2457 2694
f 2457 2455 2694
f 2455 2693 2694
f 2449 2448 2447
f 2460 2459 2450
f 2461 2460 2450
f 2695 2697 2463
f 2462 2695 2463
f 2451 2695 2462
f 2701 2463 2697
f 2453 2452 2465
f 2465 2452 2464
f 2465 2467 2453
f 2453 2467 2454
f 2456 2468 2455
f 2468 2698 2455
f 2468 2702 2698
f 2457 2456 2455
f 2704 2469 2699
f 2469 2706 2699
f 2700 2710 2473
f 2700 2473 2458
f 2700 2458 2459
f 2474 2700 2459
f 2460 2474 2459
f 2712 2700 2474
f 2476 2474 2460
f 2476 2460 2461
f 2462 2463 2478
f 2462 2478 2477
f 2713 2478 2701
f 2701 2478 2463
f 2464 2466 2465
f 2466 2467 2465
f 2468 2715 2702
f 2468 2480 2715
f 2704 2705 2483
f 2482 2704 2483
f 2704 2470 2469
f 2704 2482 2470
f 2706 2484 2483
f 2705 2706 2483
f 2706 2471 2484
f 2470 2706 2469
f 2706 2470 2471
f 2709 2720 2484
f 2471 2709 2484
f 2472 2709 2471
f 2472 2473 2709
f 2709 2473 2710
f 2475 2485 2474
f 2485 2712 2474
f 2485 2722 2712
f 2476 2475 2474
f 2479 2477 2478
f 2478 2713 2479
f 2713 2486 2479
f 2713 2723 2486
f 2480 2481 2715
f 2715 2481 2717
f 2483 2718 2482
f 2718 2481 2482
f 2718 2717 2481
f 2484 2719 2483
f 2483 2719 2718
f 2720 2719 2484
f 2485 2729 2722
f 2485 2487 2729
f 2723 2725 2489
f 2488 2723 2489
f 2486 2723 2488
f 2730 2489 2725
f 2487 2731 2729
f 2487 2491 2731
f 2490 2488 2489
f 2489 2730 2490
f 2730 2492 2490
f 2730 2732 2492
f 2491 2733 2731
f 2491 2493 2733
f 2734 2492 2732
f 2494 2492 2734
f 2493 2737 2733
f 2493 2495 2737
f 2734 2736 2497
f 2496 2734 2497
f 2494 2734 2496
f 2738 2497 2736
f 2495 2739 2737
f 2495 2499 2739
f 2498 2496 2497
f 2497 2738 2498
f 2738 2501 2498
f 2738 2741 2501
f 2499 2500 2739
f 2739 2500 2740
f 2745 2740 2500
f 2745 2500 2502
f 2741 2743 2504
f 2503 2741 2504
f 2501 2741 2503
f 2746 2504 2743
f 2502 2747 2745
f 2502 2506 2747
f 2505 2503 2504
f 2504 2746 2505
f 2746 2507 2505
f 2746 2748 2507
f 2506 2751 2747
f 2506 2508 2751
f 2748 2750 2510
f 2509 2748 2510
f 2507 2748 2509
f 2752 2510 2750
f 2508 2753 2751
f 2508 2512 2753
f 2511 2509 2510
f 2510 2752 2511
f 2752 2514 2511
f 2752 2755 2514
f 2512 2513 2753
f 2753 2513 2754
f 2759 2754 2513
f 2759 2513 2515
f 2755 2757 2518
f 2517 2755 2518
f 2514 2755 2517
f 2760 2518 2757
f 2520 2763 2516
f 2763 2515 2516
f 2763 2759 2515
f 2521 2520 2516
f 2519 2517 2518
f 2523 2522 2519
f 2523 2519 2518
f 2762 2523 2518
f 2760 2762 2518
f 2765 2523 2762
f 2520 2764 2763
f 2768 2764 2520
f 2521 2768 2520
f 2525 2768 2521
f 2524 2522 2523
f 2523 2765 2524
f 2765 2527 2524
f 2765 2769 2527
f 2528 2771 2526
f 2771 2525 2526
f 2771 2768 2525
f 2529 2528 2526
f 2773 2527 2769
f 2530 2527 2773
f 2528 2772 2771
f 2775 2772 2528
f 2529 2775 2528
f 2531 2775 2529
f 2776 2530 2773
f 2533 2530 2776
f 2534 2777 2532
f 2777 2531 2532
f 2777 2775 2531
f 2535 2534 2532
f 2780 2533 2776
f 2538 2533 2780
f 2534 2778 2777
f 2535 2536 2534
f 2536 2778 2534
f 2536 2779 2778
f 2782 2779 2536
f 2782 2536 2539
f 2542 2541 2537
f 2537 2538 2542
f 2538 2784 2542
f 2538 2780 2784
f 2539 2540 2782
f 2782 2540 2783
f 2786 2783 2540
f 2786 2540 2543
f 2541 2542 2548
f 2541 2548 2547
f 2789 2548 2784
f 2784 2548 2542
f 2543 2544 2786
f 2786 2544 2787
f 2544 2788 2787
f 2545 2788 2544
f 2546 2549 2791
f 2788 2546 2791
f 2545 2546 2788
f 2550 2549 2546
f 2547 2548 2555
f 2547 2555 2554
f 2794 2555 2789
f 2789 2555 2548
f 2549 2792 2791
f 2550 2551 2549
f 2551 2792 2549
f 2551 2793 2792
f 2552 2558 2798
f 2793 2552 2798
f 2551 2552 2793
f 2558 2552 2553
f 2558 2553 2559
f 2560 2559 2553
f 2556 2554 2555
f 2556 2555 2794
f 2795 2556 2794
f 2557 2556 2795
f 2562 2557 2563
f 2557 2796 2563
f 2557 2795 2796
f 2801 2563 2796
f 2558 2799 2798
f 2559 2800 2558
f 2558 2800 2799
f 2561 2568 2810
f 2561 2810 2800
f 2560 2561 2800
f 2559 2560 2800
f 2570 2568 2561
f 2564 2562 2563
f 2564 2563 2801
f 2803 2564 2801
f 2565 2564 2803
f 2805 2565 2803
f 2805 2566 2565
f 2806 2566 2805
f 2806 2567 2566
f 2571 2567 2572
f 2567 2807 2572
f 2567 2806 2807
f 2811 2572 2807
f 2809 2574 2814
f 2569 2576 2568
f 2568 2576 2810
f 2576 2574 2810
f 2574 2809 2810
f 2570 2569 2568
f 2573 2571 2572
f 2580 2579 2573
f 2580 2573 2572
f 2813 2580 2572
f 2811 2813 2572
f 2815 2580 2813
f 2575 2581 2574
f 2581 2814 2574
f 2581 2817 2814
f 2576 2575 2574
f 2584 2583 2577
f 2584 2577 2578
f 2584 2578 2585
f 2585 2578 2579
f 2580 2585 2579
f 2586 2585 2580
f 2818 2586 2815
f 2815 2586 2580
f 2587 2820 2582
f 2820 2581 2582
f 2820 2817 2581
f 2588 2587 2582
f 2583 2584 2591
f 2583 2591 2590
f 2585 2591 2584
f 2592 2591 2585
f 2586 2592 2585
f 2593 2592 2586
f 2823 2593 2818
f 2818 2593 2586
f 2587 2821 2820
f 2825 2821 2587
f 2588 2825 2587
f 2594 2825 2588
f 2596 2595 2589
f 2596 2589 2590
f 2591 2596 2590
f 2598 2596 2591
f 2592 2598 2591
f 2599 2598 2592
f 2827 2599 2822
f 2599 2593 2822
f 2599 2592 2593
f 2823 2822 2593
f 2594 2828 2825
f 2594 2600 2828
f 2597 2595 2596
f 2603 2602 2597
f 2596 2603 2597
f 2598 2603 2596
f 2831 2603 2826
f 2603 2599 2826
f 2603 2598 2599
f 2827 2826 2599
f 2600 2601 2828
f 2828 2601 2829
f 2834 2829 2601
f 2834 2601 2604
f 2602 2603 2830
f 2836 2602 2830
f 2606 2602 2836
f 2831 2830 2603
f 2604 2838 2834
f 2604 2607 2838
f 2835 2841 2610
f 2835 2610 2605
f 2605 2606 2835
f 2835 2606 2836
f 2607 2608 2838
f 2838 2608 2839
f 2844 2839 2608
f 2844 2608 2611
f 2840 2846 2613
f 2840 2613 2609
f 2609 2610 2840
f 2840 2610 2841
f 2611 2848 2844
f 2611 2614 2848
f 2845 2852 2619
f 2845 2619 2612
f 2612 2613 2845
f 2845 2613 2846
f 2614 2615 2848
f 2848 2615 2849
f 2854 2849 2615
f 2854 2615 2620
f 2624 2623 2616
f 2850 2857 2624
f 2616 2850 2624
f 2617 2850 2616
f 2617 2851 2850
f 2618 2851 2617
f 2618 2619 2851
f 2851 2619 2852
f 2620 2860 2854
f 2620 2626 2860
f 2628 2627 2621
f 2855 2862 2628
f 2621 2855 2628
f 2622 2855 2621
f 2624 2856 2623
f 2856 2622 2623
f 2856 2855 2622
f 2857 2856 2624
f 2864 2859 2629
f 2629 2859 2625
f 2626 2625 2859
f 2626 2859 2860
f 2627 2628 2861
f 2865 2627 2861
f 2630 2627 2865
f 2862 2861 2628
f 2629 2867 2864
f 2629 2631 2867
f 2868 2630 2865
f 2632 2630 2868
f 2866 2633 2869
f 2635 2633 2866
f 2867 2635 2866
f 2631 2635 2867
f 2874 2632 2868
f 2636 2632 2874
f 2634 2637 2633
f 2637 2869 2633
f 2637 2875 2869
f 2635 2634 2633
f 2881 2636 2874
f 2638 2636 2881
f 2877 2875 2641
f 2875 2640 2641
f 2875 2637 2640
f 2641 2882 2877
f 2889 2638 2881
f 2642 2638 2889
f 2643 2644 2639
f 2639 2644 2640
f 2644 2641 2640
f 2644 2646 2641
f 2647 2884 2882
f 2641 2647 2882
f 2646 2647 2641
f 2648 2886 2884
f 2648 2884 2647
f 2649 2888 2886
f 2649 2886 2648
f 2649 2650 2888
f 2650 2889 2888
f 2650 2642 2889
f 2643 2645 2644
f 2652 2653 2645
f 2653 2644 2645
f 2653 2646 2644
f 2653 2647 2646
f 2653 2655 2647
f 2655 2648 2647
f 2655 2657 2648
f 2657 2649 2648
f 2657 2659 2649
f 2650 2649 2651
f 2649 2661 2651
f 2649 2659 2661
f 2661 2663 2651
f 2652 2654 2653
f 2653 2654 2655
f 2655 2654 2656
f 2655 2656 2657
f 2657 2656 2658
f 2657 2658 2659
f 2659 2658 2660
f 2659 2660 2661
f 2661 2660 2662
f 2662 2663 2661
f 2909 2890 2681
f 2681 2890 2664
f 2891 2664 2890
f 2891 2665 2664
f 2892 2665 2891
f 2892 2666 2665
f 2893 2666 2892
f 2893 2667 2666
f 2894 2667 2893
f 2894 2668 2667
f 2895 2668 2894
f 2895 2669 2668
f 2896 2669 2895
f 2896 2670 2669
f 2897 2670 2896
f 2897 2671 2670
f 2898 2671 2897
f 2898 2672 2671
f 2899 2672 2898
f 2899 2673 2672
f 2900 2673 2899
f 2900 2674 2673
f 2901 2674 2900
f 2901 2675 2674
f 2902 2675 2901
f 2902 2676 2675
f 2903 2676 2902
f 2903 2677 2676
f 2904 2677 2903
f 2904 2678 2677
f 2905 2678 2904
f 2905 2679 2678
f 2906 2679 2905
f 2906 2680 2679
f 2906 2910 2680
f 2680 2910 2682
f 2908 2683 2913
f 2685 2683 2908
f 2909 2685 2908
f 2681 2685 2909
f 2914 2682 2910
f 2686 2682 2914
f 2912 2687 2918
f 2684 2689 2683
f 2683 2689 2913
f 2689 2687 2913
f 2687 2912 2913
f 2685 2684 2683
f 2914 2916 2691
f 2690 2914 2691
f 2686 2914 2690
f 2919 2691 2916
f 2917 2692 2920
f 2688 2694 2687
f 2687 2694 2918
f 2694 2692 2918
f 2692 2917 2918
f 2689 2688 2687
f 2690 2691 2696
f 2690 2696 2695
f 2921 2696 2919
f 2919 2696 2691
f 2693 2698 2692
f 2698 2920 2692
f 2698 2923 2920
f 2694 2693 2692
f 2697 2695 2696
f 2696 2921 2697
f 2921 2701 2697
f 2921 2928 2701
f 2924 2923 2703
f 2923 2702 2703
f 2923 2698 2702
f 2924 2703 2704
f 2699 2924 2704
f 2925 2924 2699
f 2699 2706 2707
f 2926 2699 2707
f 2925 2699 2926
f 2708 2927 2926
f 2708 2926 2707
f 2927 2708 2710
f 2700 2927 2710
f 2927 2711 2938
f 2927 2700 2711
f 2712 2711 2700
f 2940 2701 2928
f 2713 2701 2940
f 2931 2714 2943
f 2703 2702 2716
f 2702 2715 2716
f 2931 2944 2714
f 2703 2716 2704
f 2716 2934 2704
f 2934 2705 2704
f 2934 2716 2947
f 2935 2707 2706
f 2705 2935 2706
f 2934 2935 2705
f 2720 2935 2937
f 2721 2720 2937
f 2720 2707 2935
f 2708 2720 2709
f 2720 2708 2707
f 2710 2708 2709
f 2950 2721 2937
f 2939 2938 2711
f 2951 2939 2711
f 2712 2951 2711
f 2722 2951 2712
f 2940 2942 2724
f 2723 2940 2724
f 2713 2940 2723
f 2952 2724 2942
f 2943 2714 2953
f 2953 2714 2726
f 2717 2716 2715
f 2946 2714 2944
f 2946 2727 2714
f 2727 2726 2714
f 2947 2728 2727
f 2946 2947 2727
f 2947 2718 2728
f 2717 2947 2716
f 2947 2717 2718
f 2948 2957 2728
f 2718 2948 2728
f 2719 2948 2718
f 2721 2949 2720
f 2949 2719 2720
f 2949 2948 2719
f 2950 2949 2721
f 2722 2958 2951
f 2722 2729 2958
f 2725 2723 2724
f 2724 2952 2725
f 2952 2730 2725
f 2952 2959 2730
f 2726 2954 2953
f 2727 2955 2726
f 2726 2955 2954
f 2728 2956 2727
f 2727 2956 2955
f 2957 2956 2728
f 2729 2961 2958
f 2729 2731 2961
f 2962 2730 2959
f 2732 2730 2962
f 2731 2965 2961
f 2731 2733 2965
f 2962 2964 2735
f 2734 2962 2735
f 2732 2962 2734
f 2966 2735 2964
f 2733 2968 2965
f 2733 2737 2968
f 2736 2734 2735
f 2735 2966 2736
f 2966 2738 2736
f 2966 2969 2738
f 2737 2972 2968
f 2737 2739 2972
f 2969 2971 2742
f 2741 2969 2742
f 2738 2969 2741
f 2973 2742 2971
f 2744 2975 2740
f 2975 2739 2740
f 2975 2972 2739
f 2745 2744 2740
f 2743 2741 2742
f 2742 2973 2743
f 2973 2746 2743
f 2973 2977 2746
f 2744 2976 2975
f 2981 2976 2744
f 2745 2981 2744
f 2747 2981 2745
f 2977 2979 2749
f 2748 2977 2749
f 2746 2977 2748
f 2982 2749 2979
f 2747 2984 2981
f 2747 2751 2984
f 2750 2748 2749
f 2749 2982 2750
f 2982 2752 2750
f 2982 2985 2752
f 2751 2989 2984
f 2751 2753 2989
f 2985 2987 2756
f 2755 2985 2756
f 2752 2985 2755
f 2990 2756 2987
f 2758 2993 2754
f 2993 2753 2754
f 2993 2989 2753
f 2759 2758 2754
f 2757 2755 2756
f 2761 2760 2757
f 2761 2757 2756
f 2992 2761 2756
f 2990 2992 2756
f 2995 2761 2992
f 2758 2994 2993
f 2999 2994 2758
f 2759 2999 2758
f 2763 2999 2759
f 2762 2760 2761
f 2766 2765 2762
f 2766 2762 2761
f 2997 2766 2761
f 2995 2997 2761
f 3000 2766 2997
f 2767 3001 2764
f 3001 2763 2764
f 3001 2999 2763
f 2768 2767 2764
f 2765 2766 2770
f 2765 2770 2769
f 3003 2770 3000
f 3000 2770 2766
f 2767 3002 3001
f 3004 3002 2767
f 2768 3004 2767
f 2771 3004 2768
f 2769 2770 2774
f 2769 2774 2773
f 3007 2774 3003
f 3003 2774 2770
f 2771 2772 3004
f 3004 2772 3005
f 3009 3005 2772
f 3009 2772 2775
f 2773 2774 3006
f 3010 2773 3006
f 2776 2773 3010
f 3007 3006 2774
f 2775 3012 3009
f 2775 2777 3012
f 3014 2776 3010
f 2780 2776 3014
f 2777 2778 3012
f 3012 2778 3013
f 2779 2781 3017
f 3013 2779 3017
f 2778 2779 3013
f 2782 2781 2779
f 3019 2780 3014
f 2784 2780 3019
f 2781 3018 3017
f 2783 2785 3021
f 2783 3021 3018
f 2782 2783 3018
f 2781 2782 3018
f 2786 2785 2783
f 3024 2784 3019
f 2789 2784 3024
f 2785 3022 3021
f 2786 2787 2785
f 2787 3022 2785
f 2787 3023 3022
f 2788 2790 3026
f 3023 2788 3026
f 2787 2788 3023
f 2791 2790 2788
f 3029 2789 3024
f 2794 2789 3029
f 2790 3027 3026
f 2791 2792 2790
f 2792 3027 2790
f 2792 3028 3027
f 2793 2797 3035
f 3028 2793 3035
f 2792 2793 3028
f 2798 2797 2793
f 2795 2794 3029
f 2795 3029 3030
f 3031 2795 3030
f 3031 2796 2795
f 2801 2796 2802
f 2796 3032 2802
f 2796 3031 3032
f 3033 2804 3032
f 3032 2804 2802
f 3038 2804 3033
f 2797 3036 3035
f 2798 2799 2797
f 2799 3036 2797
f 2799 3037 3036
f 2800 2808 3044
f 3037 2800 3044
f 2799 2800 3037
f 2810 2808 2800
f 2803 2801 2802
f 2803 2802 2804
f 2803 2804 2805
f 2805 2804 3038
f 3040 2805 3038
f 2806 2805 3040
f 3041 2806 3040
f 3041 2807 2806
f 2811 2807 2812
f 2807 3042 2812
f 2807 3041 3042
f 3045 2812 3042
f 2809 2814 2808
f 2814 3044 2808
f 2814 3048 3044
f 2810 2809 2808
f 2813 2811 2812
f 2816 2815 2813
f 2816 2813 2812
f 3047 2816 2812
f 3045 3047 2812
f 3049 2816 3047
f 2814 3050 3048
f 2814 2817 3050
f 2815 2816 2819
f 2815 2819 2818
f 3052 2819 3049
f 3049 2819 2816
f 2817 3054 3050
f 2817 2820 3054
f 2818 2819 3051
f 3056 2818 3051
f 2823 2818 3056
f 3052 3051 2819
f 2824 3059 2821
f 3059 2820 2821
f 3059 3054 2820
f 2825 2824 2821
f 3055 3061 2827
f 3055 2827 2822
f 2822 2823 3055
f 3055 2823 3056
f 2824 3060 3059
f 3063 3060 2824
f 2825 3063 2824
f 2828 3063 2825
f 2832 2831 2826
f 2826 2827 2832
f 2827 3065 2832
f 2827 3061 3065
f 2833 3066 2829
f 3066 2828 2829
f 3066 3063 2828
f 2834 2833 2829
f 2837 2836 2830
f 3064 3069 2837
f 3064 2837 2830
f 2832 3064 2830
f 2831 2832 2830
f 3065 3064 2832
f 2833 3067 3066
f 3070 3067 2833
f 2834 3070 2833
f 2838 3070 2834
f 2842 2841 2835
f 3068 3072 2842
f 3068 2842 2835
f 2837 3068 2835
f 2836 2837 2835
f 3069 3068 2837
f 2843 3073 2839
f 3073 2838 2839
f 3073 3070 2838
f 2844 2843 2839
f 2847 2846 2840
f 3071 3077 2847
f 3071 2847 2840
f 2842 3071 2840
f 2841 2842 2840
f 3072 3071 2842
f 2843 3074 3073
f 3078 3074 2843
f 2844 3078 2843
f 2848 3078 2844
f 3075 3080 2852
f 3075 2852 2845
f 2847 3076 2846
f 3076 2845 2846
f 3076 3075 2845
f 3077 3076 2847
f 2853 3082 2849
f 3082 2848 2849
f 3082 3078 2848
f 2854 2853 2849
f 2858 2857 2850
f 3079 3086 2858
f 2850 3079 2858
f 2851 3079 2850
f 2851 2852 3079
f 3079 2852 3080
f 2853 3083 3082
f 3089 3083 2853
f 2854 3089 2853
f 2860 3089 2854
f 2863 2862 2855
f 3084 3092 2863
f 2855 3084 2863
f 2856 3084 2855
f 2858 3085 2857
f 3085 2856 2857
f 3085 3084 2856
f 3086 3085 2858
f 3093 3088 2864
f 2864 3088 2859
f 2860 2859 3088
f 2860 3088 3089
f 3090 3096 2865
f 3090 2865 2861
f 2863 3091 2862
f 3091 2861 2862
f 3091 3090 2861
f 3092 3091 2863
f 2864 3098 3093
f 2864 2867 3098
f 3105 2865 3096
f 2868 2865 3105
f 2869 2870 2866
f 3098 2867 3100
f 2867 2870 3100
f 2870 2871 3100
f 2870 2867 2866
f 2872 3102 3100
f 2872 3100 2871
f 2873 3104 3102
f 2873 3102 2872
f 2873 2874 3104
f 2874 3105 3104
f 2874 2868 3105
f 2870 2869 2876
f 2876 2869 2875
f 2876 2871 2870
f 2876 2878 2871
f 2878 2872 2871
f 2878 2879 2872
f 2879 2873 2872
f 2879 2880 2873
f 2880 2881 2873
f 2873 2881 2874
f 2875 2877 2876
f 2882 2883 2877
f 2883 2876 2877
f 2883 2878 2876
f 2883 2879 2878
f 2883 2885 2879
f 2885 2880 2879
f 2885 2887 2880
f 2887 2889 2880
f 2880 2889 2881
f 2882 2884 2883
f 2883 2884 2885
f 2885 2884 2886
f 2885 2886 2887
f 2887 2886 2888
f 2888 2889 2887
f 3106 2907 3125
f 2907 3106 2909
f 3106 2890 2909
f 3106 3107 2890
f 3108 2890 3107
f 3108 2891 2890
f 3109 2891 3108
f 3109 2892 2891
f 3110 2892 3109
f 3110 2893 2892
f 3111 2893 3110
f 3111 2894 2893
f 3112 2894 3111
f 3112 2895 2894
f 3113 2895 3112
f 3113 2896 2895
f 3114 2896 3113
f 3114 2897 2896
f 3115 2897 3114
f 3115 2898 2897
f 3116 2898 3115
f 3116 2899 2898
f 3117 2899 3116
f 3117 2900 2899
f 3118 2900 3117
f 3118 2901 2900
f 3119 2901 3118
f 3119 2902 2901
f 3120 2902 3119
f 3120 2903 2902
f 3121 2903 3120
f 3121 2904 2903
f 3122 2904 3121
f 3122 2905 2904
f 3123 2905 3122
f 3123 2906 2905
f 3123 3127 2906
f 2906 3127 2910
f 3124 2911 3129
f 2908 2913 2907
f 2907 2913 3125
f 2913 2911 3125
f 2911 3124 3125
f 2909 2908 2907
f 3127 3128 2915
f 2914 3127 2915
f 2910 3127 2914
f 3132 2915 3128
f 2912 2918 2911
f 2918 3129 2911
f 2918 3134 3129
f 2913 2912 2911
f 2916 2914 2915
f 2915 3132 2916
f 3132 2919 2916
f 3132 3135 2919
f 3137 3133 2920
f 2920 3133 2917
f 2918 2917 3133
f 2918 3133 3134
f 3138 2919 3135
f 2921 2919 3138
f 3136 2922 3140
f 2923 2922 3136
f 3137 2923 3136
f 2920 2923 3137
f 3138 3139 2929
f 2928 3138 2929
f 2921 3138 2928
f 3145 2929 3139
f 3140 2922 3146
f 3146 2922 2930
f 2922 2923 2924
f 2932 2922 2924
f 2930 2922 2932
f 2932 2924 2925
f 2932 2925 2933
f 3143 3150 2933
f 2925 3143 2933
f 2926 3143 2925
f 2927 2936 3152
f 3143 2927 3152
f 2926 2927 3143
f 2938 2936 2927
f 2928 2929 2941
f 2928 2941 2940
f 3156 2941 3145
f 3145 2941 2929
f 2931 2943 2930
f 2943 3146 2930
f 2943 3157 3146
f 2945 2944 2931
f 2930 2945 2931
f 2932 2945 2930
f 2933 2934 2947
f 2945 2933 2947
f 2932 2933 2945
f 2934 2933 3150
f 3151 2934 3150
f 2935 2934 3151
f 3151 3152 2936
f 2937 3151 2936
f 2935 3151 2937
f 2936 3161 2950
f 2937 2936 2950
f 2936 3154 3161
f 2939 2936 2938
f 2936 2939 3154
f 3162 3154 2939
f 3162 2939 2951
f 2942 2940 2941
f 2941 3156 2942
f 3156 2952 2942
f 3156 3163 2952
f 2943 3165 3157
f 2943 2953 3165
f 2946 2944 2945
f 2947 2946 2945
f 3159 3169 2957
f 3159 2957 2948
f 2948 3160 3159
f 2949 3160 2948
f 2949 2950 3160
f 3160 2950 3161
f 2951 3170 3162
f 2951 2958 3170
f 3163 3164 2960
f 2959 3163 2960
f 2952 3163 2959
f 3172 2960 3164
f 2953 2954 3165
f 3165 2954 3166
f 2954 3167 3166
f 2955 3167 2954
f 2955 3168 3167
f 2956 3168 2955
f 2956 2957 3168
f 3168 2957 3169
f 2958 3173 3170
f 2958 2961 3173
f 2959 2960 2963
f 2959 2963 2962
f 3175 2963 3172
f 3172 2963 2960
f 2961 3177 3173
f 2961 2965 3177
f 2964 2962 2963
f 2967 2966 2964
f 2967 2964 2963
f 3176 2967 2963
f 3175 3176 2963
f 3179 2967 3176
f 2965 3180 3177
f 2965 2968 3180
f 2966 2967 2970
f 2966 2970 2969
f 3182 2970 3179
f 3179 2970 2967
f 2968 3184 3180
f 2968 2972 3184
f 2971 2969 2970
f 2974 2973 2971
f 2974 2971 2970
f 3183 2974 2970
f 3182 3183 2970
f 3186 2974 3183
f 2972 3187 3184
f 2972 2975 3187
f 2973 2974 2978
f 2973 2978 2977
f 3189 2978 3186
f 3186 2978 2974
f 2980 3191 2976
f 3191 2975 2976
f 3191 3187 2975
f 2981 2980 2976
f 2979 2977 2978
f 2983 2982 2979
f 2983 2979 2978
f 3190 2983 2978
f 3189 3190 2978
f 3195 2983 3190
f 2980 3193 3191
f 3197 3193 2980
f 2981 3197 2980
f 2984 3197 2981
f 2982 2983 2986
f 2982 2986 2985
f 3196 2988 3195
f 2988 2983 3195
f 2988 2986 2983
f 3200 2988 3196
f 2984 3201 3197
f 2984 2989 3201
f 2987 2985 2986
f 2991 2990 2987
f 2986 2991 2987
f 2988 2991 2986
f 3203 2991 3200
f 3200 2991 2988
f 2989 3205 3201
f 2989 2993 3205
f 2992 2990 2991
f 2996 2995 2992
f 2996 2992 2991
f 3204 2996 2991
f 3203 3204 2991
f 3207 2996 3204
f 2998 3208 2994
f 3208 2993 2994
f 3208 3205 2993
f 2999 2998 2994
f 2997 2995 2996
f 2996 3207 2997
f 3207 3000 2997
f 3207 3211 3000
f 2998 3210 3208
f 3212 3210 2998
f 2999 3212 2998
f 3001 3212 2999
f 3214 3000 3211
f 3003 3000 3214
f 3001 3002 3212
f 3212 3002 3213
f 3215 3213 3002
f 3215 3002 3004
f 3216 3003 3214
f 3007 3003 3216
f 3008 3217 3005
f 3217 3004 3005
f 3217 3215 3004
f 3009 3008 3005
f 3011 3010 3006
f 3006 3007 3011
f 3007 3221 3011
f 3007 3216 3221
f 3008 3219 3217
f 3222 3219 3008
f 3009 3222 3008
f 3012 3222 3009
f 3010 3011 3015
f 3010 3015 3014
f 3224 3015 3221
f 3221 3015 3011
f 3016 3225 3013
f 3225 3012 3013
f 3225 3222 3012
f 3017 3016 3013
f 3014 3015 3020
f 3014 3020 3019
f 3231 3020 3224
f 3224 3020 3015
f 3016 3227 3225
f 3017 3018 3016
f 3018 3227 3016
f 3018 3228 3227
f 3232 3228 3018
f 3232 3018 3021
f 3019 3020 3230
f 3234 3019 3230
f 3024 3019 3234
f 3231 3230 3020
f 3021 3022 3232
f 3232 3022 3233
f 3023 3025 3235
f 3233 3023 3235
f 3022 3023 3233
f 3026 3025 3023
f 3239 3024 3234
f 3029 3024 3239
f 3025 3237 3235
f 3026 3027 3025
f 3027 3237 3025
f 3027 3238 3237
f 3028 3034 3245
f 3238 3028 3245
f 3027 3028 3238
f 3035 3034 3028
f 3030 3029 3239
f 3030 3239 3240
f 3241 3030 3240
f 3241 3031 3030
f 3242 3031 3241
f 3242 3032 3031
f 3243 3032 3242
f 3243 3033 3032
f 3038 3033 3039
f 3033 3244 3039
f 3033 3243 3244
f 3250 3039 3244
f 3034 3247 3245
f 3035 3036 3034
f 3036 3247 3034
f 3036 3248 3247
f 3037 3043 3254
f 3248 3037 3254
f 3036 3037 3248
f 3044 3043 3037
f 3040 3038 3039
f 3040 3039 3250
f 3251 3040 3250
f 3041 3040 3251
f 3252 3041 3251
f 3252 3042 3041
f 3045 3042 3046
f 3042 3253 3046
f 3042 3252 3253
f 3258 3046 3253
f 3043 3256 3254
f 3259 3256 3043
f 3044 3259 3043
f 3048 3259 3044
f 3047 3045 3046
f 3046 3258 3047
f 3258 3049 3047
f 3258 3260 3049
f 3048 3262 3259
f 3048 3050 3262
f 3260 3261 3053
f 3052 3260 3053
f 3049 3260 3052
f 3264 3053 3261
f 3050 3265 3262
f 3050 3054 3265
f 3057 3056 3051
f 3057 3051 3052
f 3053 3057 3052
f 3058 3057 3053
f 3269 3058 3264
f 3264 3058 3053
f 3054 3270 3265
f 3054 3059 3270
f 3062 3061 3055
f 3266 3273 3062
f 3266 3062 3055
f 3057 3266 3055
f 3056 3057 3055
f 3058 3268 3057
f 3057 3268 3266
f 3269 3268 3058
f 3059 3060 3270
f 3270 3060 3271
f 3274 3271 3060
f 3274 3060 3063
f 3061 3062 3272
f 3276 3061 3272
f 3065 3061 3276
f 3273 3272 3062
f 3063 3277 3274
f 3063 3066 3277
f 3275 3280 3069
f 3275 3069 3064
f 3064 3065 3275
f 3275 3065 3276
f 3066 3067 3277
f 3277 3067 3278
f 3281 3278 3067
f 3281 3067 3070
f 3279 3283 3072
f 3279 3072 3068
f 3068 3069 3279
f 3279 3069 3280
f 3070 3284 3281
f 3070 3073 3284
f 3282 3287 3077
f 3282 3077 3071
f 3071 3072 3282
f 3282 3072 3283
f 3073 3074 3284
f 3284 3074 3285
f 3288 3285 3074
f 3288 3074 3078
f 3081 3080 3075
f 3286 3292 3081
f 3075 3286 3081
f 3076 3286 3075
f 3076 3077 3286
f 3286 3077 3287
f 3078 3293 3288
f 3078 3082 3293
f 3289 3296 3086
f 3289 3086 3079
f 3081 3291 3080
f 3291 3079 3080
f 3291 3289 3079
f 3292 3291 3081
f 3087 3297 3083
f 3297 3082 3083
f 3297 3293 3082
f 3089 3087 3083
f 3294 3302 3092
f 3294 3092 3084
f 3084 3295 3294
f 3085 3295 3084
f 3085 3086 3295
f 3295 3086 3296
f 3299 3297 3087
f 3093 3094 3088
f 3089 3300 3299
f 3087 3089 3299
f 3089 3095 3300
f 3094 3089 3088
f 3089 3094 3095
f 3095 3305 3300
f 3097 3096 3090
f 3301 3309 3097
f 3090 3301 3097
f 3091 3301 3090
f 3091 3092 3301
f 3301 3092 3302
f 3094 3093 3099
f 3099 3093 3098
f 3099 3095 3094
f 3099 3101 3095
f 3103 3306 3305
f 3095 3103 3305
f 3101 3103 3095
f 3308 3306 3103
f 3096 3308 3103
f 3105 3096 3103
f 3308 3096 3097
f 3309 3308 3097
f 3098 3100 3099
f 3099 3100 3101
f 3101 3100 3102
f 3101 3102 3103
f 3103 3102 3104
f 3104 3105 3103
f 3125 3126 3106
f 3331 3313 3126
f 3313 3106 3126
f 3313 3107 3106
f 3314 3107 3313
f 3314 3108 3107
f 3315 3108 3314
f 3315 3109 3108
f 3316 3109 3315
f 3316 3110 3109
f 3317 3110 3316
f 3317 3111 3110
f 3318 3111 3317
f 3318 3112 3111
f 3319 3112 3318
f 3319 3113 3112
f 3320 3113 3319
f 3320 3114 3113
f 3321 3114 3320
f 3321 3115 3114
f 3322 3115 3321
f 3322 3116 3115
f 3323 3116 3322
f 3323 3117 3116
f 3324 3117 3323
f 3324 3118 3117
f 3325 3118 3324
f 3325 3119 3118
f 3326 3119 3325
f 3326 3120 3119
f 3327 3120 3326
f 3327 3121 3120
f 3328 3121 3327
f 3328 3122 3121
f 3329 3122 3328
f 3329 3123 3122
f 3329 3332 3123
f 3123 3332 3127
f 3129 3130 3124
f 3334 3330 3130
f 3130 3330 3124
f 3330 3126 3124
f 3126 3125 3124
f 3330 3331 3126
f 3336 3131 3128
f 3127 3336 3128
f 3332 3336 3127
f 3131 3132 3128
f 3130 3129 3333
f 3129 3339 3333
f 3129 3134 3339
f 3333 3334 3130
f 3337 3131 3336
f 3337 3342 3131
f 3342 3132 3131
f 3342 3135 3132
f 3343 3338 3137
f 3137 3338 3133
f 3134 3133 3338
f 3134 3338 3339
f 3347 3135 3342
f 3138 3135 3347
f 3140 3141 3136
f 3137 3136 3141
f 3348 3137 3141
f 3343 3137 3348
f 3142 3345 3351
f 3142 3353 3345
f 3355 3144 3139
f 3138 3355 3139
f 3347 3355 3138
f 3144 3145 3139
f 3141 3140 3147
f 3147 3140 3146
f 3148 3349 3348
f 3141 3148 3348
f 3147 3148 3141
f 3149 3350 3349
f 3149 3349 3148
f 3150 3143 3142
f 3150 3142 3351
f 3149 3150 3351
f 3350 3149 3351
f 3152 3153 3143
f 3143 3153 3142
f 3153 3354 3142
f 3354 3353 3142
f 3153 3362 3354
f 3144 3355 3365
f 3144 3365 3155
f 3155 3156 3144
f 3144 3156 3145
f 3147 3146 3356
f 3146 3367 3356
f 3146 3157 3367
f 3147 3356 3369
f 3158 3147 3369
f 3148 3147 3158
f 3158 3372 3358
f 3149 3158 3358
f 3148 3158 3149
f 3151 3150 3149
f 3358 3151 3149
f 3359 3151 3358
f 3361 3153 3152
f 3151 3361 3152
f 3359 3361 3151
f 3153 3154 3364
f 3362 3153 3364
f 3153 3161 3154
f 3376 3153 3361
f 3153 3376 3161
f 3377 3364 3154
f 3377 3154 3162
f 3366 3155 3365
f 3366 3379 3155
f 3379 3156 3155
f 3379 3163 3156
f 3157 3380 3367
f 3157 3165 3380
f 3371 3158 3369
f 3371 3372 3158
f 3373 3387 3169
f 3373 3169 3159
f 3159 3375 3373
f 3160 3375 3159
f 3160 3161 3375
f 3375 3161 3376
f 3162 3388 3377
f 3162 3170 3388
f 3389 3171 3164
f 3163 3389 3164
f 3379 3389 3163
f 3171 3172 3164
f 3165 3166 3380
f 3380 3166 3382
f 3166 3384 3382
f 3167 3384 3166
f 3167 3386 3384
f 3168 3386 3167
f 3168 3169 3386
f 3386 3169 3387
f 3170 3390 3388
f 3170 3173 3390
f 3171 3389 3391
f 3171 3391 3174
f 3174 3175 3171
f 3171 3175 3172
f 3173 3393 3390
f 3173 3177 3393
f 3392 3174 3391
f 3178 3176 3395
f 3395 3176 3392
f 3176 3175 3392
f 3175 3174 3392
f 3178 3179 3176
f 3177 3396 3393
f 3177 3180 3396
f 3178 3395 3397
f 3178 3397 3181
f 3181 3182 3178
f 3178 3182 3179
f 3180 3399 3396
f 3180 3184 3399
f 3398 3181 3397
f 3185 3183 3401
f 3401 3183 3398
f 3183 3182 3398
f 3182 3181 3398
f 3185 3186 3183
f 3184 3402 3399
f 3184 3187 3402
f 3185 3401 3405
f 3185 3405 3188
f 3188 3189 3185
f 3185 3189 3186
f 3404 3402 3192
f 3402 3191 3192
f 3402 3187 3191
f 3192 3407 3404
f 3406 3188 3405
f 3194 3190 3409
f 3409 3190 3406
f 3190 3189 3406
f 3189 3188 3406
f 3194 3195 3190
f 3191 3193 3192
f 3407 3192 3193
f 3197 3407 3193
f 3410 3407 3197
f 3194 3409 3411
f 3194 3411 3198
f 3195 3194 3196
f 3194 3199 3196
f 3194 3198 3199
f 3199 3200 3196
f 3197 3413 3410
f 3197 3201 3413
f 3412 3198 3411
f 3198 3412 3415
f 3202 3198 3415
f 3199 3198 3202
f 3202 3203 3199
f 3199 3203 3200
f 3201 3417 3413
f 3201 3205 3417
f 3416 3202 3415
f 3206 3204 3421
f 3421 3204 3416
f 3204 3203 3416
f 3203 3202 3416
f 3206 3207 3204
f 3419 3417 3209
f 3417 3208 3209
f 3417 3205 3208
f 3209 3423 3419
f 3422 3206 3421
f 3422 3425 3206
f 3425 3207 3206
f 3425 3211 3207
f 3208 3210 3209
f 3423 3209 3210
f 3212 3423 3210
f 3426 3423 3212
f 3430 3211 3425
f 3214 3211 3430
f 3212 3213 3426
f 3426 3213 3428
f 3431 3428 3213
f 3431 3213 3215
f 3435 3214 3430
f 3216 3214 3435
f 3432 3431 3218
f 3431 3217 3218
f 3431 3215 3217
f 3218 3436 3432
f 3220 3434 3437
f 3220 3221 3434
f 3221 3435 3434
f 3221 3216 3435
f 3217 3219 3218
f 3436 3218 3219
f 3222 3436 3219
f 3438 3436 3222
f 3220 3437 3440
f 3220 3440 3223
f 3223 3224 3220
f 3220 3224 3221
f 3439 3438 3226
f 3438 3225 3226
f 3438 3222 3225
f 3226 3441 3439
f 3223 3440 3443
f 3223 3443 3229
f 3229 3231 3223
f 3223 3231 3224
f 3225 3227 3226
f 3226 3227 3441
f 3227 3442 3441
f 3227 3228 3442
f 3444 3442 3228
f 3444 3228 3232
f 3234 3230 3229
f 3443 3234 3229
f 3448 3234 3443
f 3230 3231 3229
f 3232 3233 3444
f 3444 3233 3446
f 3233 3235 3236
f 3447 3233 3236
f 3446 3233 3447
f 3236 3449 3447
f 3453 3234 3448
f 3239 3234 3453
f 3235 3237 3236
f 3236 3237 3449
f 3237 3451 3449
f 3237 3238 3451
f 3238 3245 3246
f 3452 3238 3246
f 3451 3238 3452
f 3246 3458 3452
f 3240 3239 3453
f 3240 3453 3454
f 3455 3240 3454
f 3455 3241 3240
f 3456 3241 3455
f 3456 3242 3241
f 3457 3242 3456
f 3457 3243 3242
f 3249 3244 3463
f 3244 3457 3463
f 3244 3243 3457
f 3249 3250 3244
f 3245 3247 3246
f 3246 3247 3458
f 3247 3459 3458
f 3247 3248 3459
f 3248 3254 3255
f 3460 3248 3255
f 3459 3248 3460
f 3255 3467 3460
f 3464 3249 3463
f 3251 3250 3249
f 3464 3251 3249
f 3465 3251 3464
f 3466 3251 3465
f 3466 3252 3251
f 3257 3253 3469
f 3253 3466 3469
f 3253 3252 3466
f 3257 3258 3253
f 3254 3256 3255
f 3467 3255 3256
f 3259 3467 3256
f 3471 3467 3259
f 3470 3257 3469
f 3470 3473 3257
f 3473 3258 3257
f 3473 3260 3258
f 3259 3474 3471
f 3259 3262 3474
f 3476 3263 3261
f 3260 3476 3261
f 3473 3476 3260
f 3263 3264 3261
f 3262 3477 3474
f 3262 3265 3477
f 3263 3476 3480
f 3263 3480 3267
f 3267 3269 3263
f 3263 3269 3264
f 3265 3481 3477
f 3265 3270 3481
f 3479 3486 3273
f 3479 3273 3266
f 3480 3479 3267
f 3479 3268 3267
f 3479 3266 3268
f 3268 3269 3267
f 3270 3271 3481
f 3481 3271 3483
f 3487 3483 3271
f 3487 3271 3274
f 3485 3490 3276
f 3485 3276 3272
f 3272 3273 3485
f 3485 3273 3486
f 3274 3491 3487
f 3274 3277 3491
f 3489 3496 3280
f 3489 3280 3275
f 3275 3276 3489
f 3489 3276 3490
f 3277 3278 3491
f 3491 3278 3493
f 3497 3493 3278
f 3497 3278 3281
f 3495 3500 3283
f 3495 3283 3279
f 3279 3280 3495
f 3495 3280 3496
f 3281 3501 3497
f 3281 3284 3501
f 3499 3507 3287
f 3499 3287 3282
f 3282 3283 3499
f 3499 3283 3500
f 3284 3285 3501
f 3501 3285 3503
f 3508 3503 3285
f 3508 3285 3288
f 3290 3504 3510
f 3504 3290 3292
f 3286 3504 3292
f 3506 3504 3286
f 3286 3287 3506
f 3506 3287 3507
f 3288 3511 3508
f 3288 3293 3511
f 3509 3517 3296
f 3509 3296 3289
f 3510 3509 3290
f 3509 3291 3290
f 3509 3289 3291
f 3291 3292 3290
f 3513 3511 3298
f 3511 3297 3298
f 3511 3293 3297
f 3298 3519 3513
f 3514 3523 3302
f 3514 3302 3294
f 3294 3516 3514
f 3295 3516 3294
f 3295 3296 3516
f 3516 3296 3517
f 3303 3524 3518
f 3297 3299 3298
f 3519 3304 3303
f 3518 3519 3303
f 3519 3300 3304
f 3299 3519 3298
f 3519 3299 3300
f 3305 3304 3300
f 3307 3520 3525
f 3520 3307 3309
f 3301 3520 3309
f 3522 3520 3301
f 3301 3302 3522
f 3522 3302 3523
f 3524 3303 3526
f 3526 3303 3310
f 3304 3310 3303
f 3311 3310 3304
f 3304 3305 3306
f 3312 3304 3306
f 3311 3304 3312
f 3525 3530 3312
f 3308 3525 3312
f 3306 3308 3312
f 3307 3525 3308
f 3308 3309 3307
f 3310 3527 3526
f 3311 3528 3310
f 3310 3528 3527
f 3312 3529 3311
f 3311 3529 3528
f 3530 3529 3312
f 3559 3542 3331
f 3331 3542 3313
f 3543 3313 3542
f 3543 3314 3313
f 3544 3314 3543
f 3544 3315 3314
f 3545 3315 3544
f 3545 3316 3315
f 3546 3316 3545
f 3546 3317 3316
f 3547 3317 3546
f 3547 3318 3317
f 3548 3318 3547
f 3548 3319 3318
f 3549 3319 3548
f 3549 3320 3319
f 3550 3320 3549
f 3550 3321 3320
f 3551 3321 3550
f 3551 3322 3321
f 3552 3322 3551
f 3552 3323 3322
f 3553 3323 3552
f 3553 3324 3323
f 3554 3324 3553
f 3554 3325 3324
f 3555 3325 3554
f 3555 3326 3325
f 3556 3326 3555
f 3556 3327 3326
f 3557 3327 3556
f 3557 3328 3327
f 3558 3328 3557
f 3558 3329 3328
f 3558 3561 3329
f 3329 3561 3332
f 3334 3335 3330
f 3331 3330 3335
f 3567 3331 3335
f 3559 3331 3567
f 3568 3332 3561
f 3336 3332 3568
f 3339 3340 3333
f 3572 3566 3340
f 3340 3566 3333
f 3566 3335 3333
f 3335 3334 3333
f 3566 3567 3335
f 3573 3341 3337
f 3336 3573 3337
f 3568 3573 3336
f 3341 3342 3337
f 3343 3344 3338
f 3576 3571 3344
f 3344 3571 3338
f 3571 3340 3338
f 3340 3339 3338
f 3571 3572 3340
f 3341 3573 3577
f 3341 3577 3346
f 3346 3347 3341
f 3341 3347 3342
f 3344 3343 3575
f 3343 3580 3575
f 3343 3348 3580
f 3575 3576 3344
f 3352 3351 3345
f 3353 3352 3345
f 3578 3346 3577
f 3578 3587 3346
f 3587 3347 3346
f 3587 3355 3347
f 3357 3588 3349
f 3588 3348 3349
f 3588 3580 3348
f 3582 3589 3357
f 3349 3582 3357
f 3350 3582 3349
f 3352 3583 3351
f 3583 3350 3351
f 3583 3582 3350
f 3354 3360 3594
f 3354 3594 3583
f 3353 3354 3583
f 3352 3353 3583
f 3354 3362 3363
f 3584 3354 3363
f 3354 3596 3360
f 3354 3584 3596
f 3363 3597 3584
f 3600 3355 3587
f 3365 3355 3600
f 3367 3368 3356
f 3588 3357 3602
f 3357 3370 3602
f 3356 3368 3369
f 3591 3358 3589
f 3358 3370 3589
f 3370 3357 3589
f 3358 3372 3370
f 3593 3358 3591
f 3593 3359 3358
f 3360 3595 3594
f 3374 3593 3607
f 3374 3361 3593
f 3361 3359 3593
f 3595 3360 3596
f 3364 3363 3362
f 3376 3361 3374
f 3597 3363 3364
f 3377 3597 3364
f 3608 3597 3377
f 3609 3378 3366
f 3365 3609 3366
f 3600 3609 3365
f 3378 3379 3366
f 3368 3367 3381
f 3381 3367 3380
f 3370 3603 3602
f 3383 3369 3368
f 3381 3383 3368
f 3371 3369 3383
f 3372 3604 3603
f 3370 3372 3603
f 3372 3385 3604
f 3383 3372 3371
f 3372 3383 3385
f 3604 3385 3387
f 3373 3604 3387
f 3606 3604 3373
f 3607 3606 3374
f 3606 3375 3374
f 3606 3373 3375
f 3375 3376 3374
f 3377 3611 3608
f 3377 3388 3611
f 3610 3378 3609
f 3610 3613 3378
f 3613 3379 3378
f 3613 3389 3379
f 3380 3382 3381
f 3381 3382 3383
f 3383 3382 3384
f 3383 3384 3385
f 3385 3384 3386
f 3386 3387 3385
f 3388 3614 3611
f 3388 3390 3614
f 3616 3389 3613
f 3391 3389 3616
f 3390 3617 3614
f 3390 3393 3617
f 3618 3394 3392
f 3391 3618 3392
f 3616 3618 3391
f 3394 3395 3392
f 3393 3620 3617
f 3393 3396 3620
f 3619 3394 3618
f 3619 3622 3394
f 3622 3395 3394
f 3622 3397 3395
f 3396 3623 3620
f 3396 3399 3623
f 3625 3400 3398
f 3397 3625 3398
f 3622 3625 3397
f 3400 3401 3398
f 3624 3623 3403
f 3623 3402 3403
f 3623 3399 3402
f 3403 3627 3624
f 3626 3400 3625
f 3626 3629 3400
f 3629 3401 3400
f 3629 3405 3401
f 3402 3404 3403
f 3627 3403 3404
f 3407 3627 3404
f 3630 3627 3407
f 3631 3408 3406
f 3405 3631 3406
f 3629 3631 3405
f 3408 3409 3406
f 3407 3633 3630
f 3407 3410 3633
f 3632 3408 3631
f 3632 3635 3408
f 3635 3409 3408
f 3635 3411 3409
f 3410 3636 3633
f 3410 3413 3636
f 3638 3414 3412
f 3411 3638 3412
f 3635 3638 3411
f 3414 3415 3412
f 3637 3636 3418
f 3636 3417 3418
f 3636 3413 3417
f 3418 3640 3637
f 3639 3414 3638
f 3420 3416 3642
f 3642 3416 3639
f 3416 3415 3639
f 3415 3414 3639
f 3420 3421 3416
f 3417 3419 3418
f 3640 3418 3419
f 3423 3640 3419
f 3644 3640 3423
f 3643 3420 3642
f 3424 3422 3648
f 3648 3422 3643
f 3422 3421 3643
f 3421 3420 3643
f 3424 3425 3422
f 3646 3644 3427
f 3644 3426 3427
f 3644 3423 3426
f 3427 3649 3646
f 3424 3648 3650
f 3424 3650 3429
f 3429 3430 3424
f 3424 3430 3425
f 3426 3428 3427
f 3649 3427 3428
f 3431 3649 3428
f 3651 3649 3431
f 3429 3650 3654
f 3429 3654 3433
f 3433 3435 3429
f 3429 3435 3430
f 3431 3432 3651
f 3651 3432 3653
f 3655 3653 3432
f 3655 3432 3436
f 3437 3434 3433
f 3654 3437 3433
f 3656 3437 3654
f 3434 3435 3433
f 3436 3657 3655
f 3436 3438 3657
f 3660 3437 3656
f 3440 3437 3660
f 3438 3439 3657
f 3657 3439 3659
f 3661 3659 3439
f 3661 3439 3441
f 3666 3440 3660
f 3443 3440 3666
f 3441 3442 3661
f 3661 3442 3663
f 3442 3444 3445
f 3664 3442 3445
f 3663 3442 3664
f 3445 3667 3664
f 3671 3443 3666
f 3448 3443 3671
f 3444 3446 3445
f 3445 3446 3667
f 3446 3668 3667
f 3446 3447 3668
f 3447 3449 3450
f 3669 3447 3450
f 3668 3447 3669
f 3450 3672 3669
f 3675 3448 3671
f 3453 3448 3675
f 3449 3451 3450
f 3450 3451 3672
f 3451 3673 3672
f 3451 3452 3673
f 3678 3673 3452
f 3678 3452 3458
f 3454 3453 3675
f 3454 3675 3676
f 3677 3454 3676
f 3677 3455 3454
f 3461 3456 3686
f 3456 3677 3686
f 3456 3455 3677
f 3456 3461 3457
f 3457 3461 3462
f 3462 3463 3457
f 3458 3459 3678
f 3678 3459 3680
f 3459 3682 3680
f 3460 3682 3459
f 3460 3467 3468
f 3684 3460 3468
f 3682 3460 3684
f 3468 3693 3684
f 3687 3461 3686
f 3688 3462 3461
f 3688 3461 3687
f 3464 3463 3462
f 3688 3464 3462
f 3689 3464 3688
f 3690 3464 3689
f 3690 3465 3464
f 3691 3465 3690
f 3691 3466 3465
f 3691 3697 3466
f 3466 3697 3469
f 3468 3467 3692
f 3467 3698 3692
f 3467 3471 3698
f 3692 3693 3468
f 3701 3472 3470
f 3469 3701 3470
f 3697 3701 3469
f 3472 3473 3470
f 3471 3702 3698
f 3471 3474 3702
f 3472 3701 3704
f 3472 3704 3475
f 3475 3476 3472
f 3472 3476 3473
f 3474 3705 3702
f 3474 3477 3705
f 3475 3704 3711
f 3475 3711 3478
f 3478 3480 3475
f 3475 3480 3476
f 3707 3705 3482
f 3705 3481 3482
f 3705 3477 3481
f 3482 3712 3707
f 3484 3710 3716
f 3486 3479 3478
f 3486 3478 3711
f 3484 3486 3711
f 3710 3484 3711
f 3479 3480 3478
f 3481 3483 3482
f 3712 3482 3483
f 3487 3712 3483
f 3717 3712 3487
f 3488 3715 3721
f 3490 3485 3484
f 3490 3484 3716
f 3488 3490 3716
f 3715 3488 3716
f 3485 3486 3484
f 3718 3717 3492
f 3717 3491 3492
f 3717 3487 3491
f 3492 3722 3718
f 3494 3720 3724
f 3496 3489 3488
f 3496 3488 3721
f 3494 3496 3721
f 3720 3494 3721
f 3489 3490 3488
f 3491 3493 3492
f 3722 3492 3493
f 3497 3722 3493
f 3725 3722 3497
f 3498 3723 3728
f 3500 3495 3494
f 3500 3494 3724
f 3498 3500 3724
f 3723 3498 3724
f 3495 3496 3494
f 3726 3725 3502
f 3725 3501 3502
f 3725 3497 3501
f 3502 3729 3726
f 3505 3727 3731
f 3507 3499 3498
f 3507 3498 3728
f 3505 3507 3728
f 3727 3505 3728
f 3499 3500 3498
f 3501 3503 3502
f 3729 3502 3503
f 3508 3729 3503
f 3732 3729 3508
f 3730 3736 3510
f 3730 3510 3504
f 3731 3730 3505
f 3730 3506 3505
f 3730 3504 3506
f 3506 3507 3505
f 3733 3732 3512
f 3732 3511 3512
f 3732 3508 3511
f 3512 3737 3733
f 3515 3734 3741
f 3734 3515 3517
f 3509 3734 3517
f 3735 3734 3509
f 3509 3510 3735
f 3735 3510 3736
f 3511 3513 3512
f 3737 3512 3513
f 3519 3737 3513
f 3743 3737 3519
f 3521 3738 3746
f 3738 3521 3523
f 3514 3738 3523
f 3740 3738 3514
f 3741 3740 3515
f 3740 3516 3515
f 3740 3514 3516
f 3516 3517 3515
f 3747 3742 3524
f 3524 3742 3518
f 3519 3518 3742
f 3519 3742 3743
f 3745 3748 3525
f 3745 3525 3520
f 3746 3745 3521
f 3745 3522 3521
f 3745 3520 3522
f 3522 3523 3521
f 3524 3750 3747
f 3524 3526 3750
f 3751 3525 3748
f 3530 3525 3751
f 3749 3531 3752
f 3532 3531 3749
f 3526 3532 3749
f 3750 3526 3749
f 3527 3532 3526
f 3532 3527 3528
f 3532 3528 3533
f 3533 3528 3529
f 3533 3529 3534
f 3529 3530 3534
f 3530 3754 3534
f 3530 3751 3754
f 3752 3531 3755
f 3755 3531 3535
f 3532 3535 3531
f 3536 3535 3532
f 3533 3536 3532
f 3537 3536 3533
f 3534 3537 3533
f 3538 3537 3534
f 3757 3538 3754
f 3754 3538 3534
f 3535 3756 3755
f 3756 3535 3759
f 3535 3539 3759
f 3535 3536 3539
f 3537 3539 3536
f 3540 3539 3537
f 3538 3540 3537
f 3541 3540 3538
f 3763 3541 3757
f 3757 3541 3538
f 3539 3760 3759
f 3540 3761 3539
f 3539 3761 3760
f 3541 3762 3540
f 3540 3762 3761
f 3763 3762 3541
f 3559 3560 3542
f 3795 3774 3560
f 3774 3542 3560
f 3774 3543 3542
f 3775 3543 3774
f 3775 3544 3543
f 3776 3544 3775
f 3776 3545 3544
f 3777 3545 3776
f 3777 3546 3545
f 3778 3546 3777
f 3778 3547 3546
f 3779 3547 3778
f 3779 3548 3547
f 3780 3548 3779
f 3780 3549 3548
f 3781 3549 3780
f 3781 3550 3549
f 3782 3550 3781
f 3782 3551 3550
f 3783 3551 3782
f 3783 3552 3551
f 3784 3552 3783
f 3784 3553 3552
f 3785 3553 3784
f 3785 3554 3553
f 3786 3554 3785
f 3786 3555 3554
f 3787 3555 3786
f 3787 3556 3555
f 3788 3556 3787
f 3788 3557 3556
f 3789 3557 3788
f 3789 3558 3557
f 3789 3799 3558
f 3558 3799 3561
f 3790 3562 3800
f 3791 3563 3790
f 3790 3563 3562
f 3792 3564 3791
f 3791 3564 3563
f 3793 3565 3792
f 3792 3565 3564
f 3803 3565 3793
f 3560 3559 3794
f 3559 3805 3794
f 3559 3567 3805
f 3794 3795 3560
f 3808 3561 3799
f 3568 3561 3808
f 3800 3562 3810
f 3810 3562 3569
f 3563 3569 3562
f 3570 3569 3563
f 3813 3570 3801
f 3570 3564 3801
f 3570 3563 3564
f 3565 3802 3564
f 3564 3802 3801
f 3803 3802 3565
f 3816 3804 3572
f 3572 3804 3566
f 3567 3566 3804
f 3567 3804 3805
f 3818 3568 3808
f 3573 3568 3818
f 3809 3574 3819
f 3820 3574 3809
f 3569 3811 3810
f 3570 3812 3569
f 3569 3812 3811
f 3813 3812 3570
f 3822 3815 3576
f 3576 3815 3571
f 3572 3571 3815
f 3572 3815 3816
f 3826 3573 3818
f 3577 3573 3826
f 3819 3574 3827
f 3827 3574 3579
f 3829 3579 3820
f 3820 3579 3574
f 3580 3581 3575
f 3576 3575 3581
f 3831 3576 3581
f 3822 3576 3831
f 3585 3825 3837
f 3585 3838 3825
f 3839 3586 3578
f 3577 3839 3578
f 3826 3839 3577
f 3586 3587 3578
f 3579 3828 3827
f 3829 3828 3579
f 3581 3580 3830
f 3580 3843 3830
f 3580 3588 3843
f 3830 3831 3581
f 3582 3590 3589
f 3590 3582 3583
f 3590 3583 3592
f 3594 3592 3583
f 3836 3850 3596
f 3836 3596 3584
f 3598 3585 3837
f 3584 3598 3837
f 3836 3584 3837
f 3598 3584 3597
f 3598 3852 3838
f 3598 3838 3585
f 3586 3839 3853
f 3586 3853 3599
f 3599 3600 3586
f 3586 3600 3587
f 3841 3601 3855
f 3857 3601 3841
f 3588 3859 3843
f 3588 3602 3859
f 3591 3589 3590
f 3864 3590 3592
f 3847 3864 3592
f 3864 3591 3590
f 3593 3864 3605
f 3864 3593 3591
f 3607 3593 3605
f 3594 3847 3592
f 3594 3595 3847
f 3595 3849 3847
f 3595 3596 3849
f 3849 3596 3850
f 3598 3597 3851
f 3597 3865 3851
f 3597 3608 3865
f 3851 3852 3598
f 3854 3599 3853
f 3854 3868 3599
f 3868 3600 3599
f 3868 3609 3600
f 3601 3856 3855
f 3857 3856 3601
f 3602 3603 3859
f 3859 3603 3861
f 3603 3863 3861
f 3604 3863 3603
f 3864 3863 3605
f 3863 3606 3605
f 3863 3604 3606
f 3606 3607 3605
f 3608 3871 3865
f 3608 3611 3871
f 3872 3612 3610
f 3609 3872 3610
f 3868 3872 3609
f 3612 3613 3610
f 3611 3875 3871
f 3611 3614 3875
f 3612 3872 3876
f 3612 3876 3615
f 3615 3616 3612
f 3612 3616 3613
f 3614 3881 3875
f 3614 3617 3881
f 3877 3615 3876
f 3877 3883 3615
f 3883 3616 3615
f 3883 3618 3616
f 3617 3886 3881
f 3617 3620 3886
f 3887 3621 3619
f 3618 3887 3619
f 3883 3887 3618
f 3621 3622 3619
f 3620 3892 3886
f 3620 3623 3892
f 3888 3621 3887
f 3888 3896 3621
f 3896 3622 3621
f 3896 3625 3622
f 3623 3624 3892
f 3892 3624 3894
f 3899 3894 3624
f 3899 3624 3627
f 3901 3628 3626
f 3625 3901 3626
f 3896 3901 3625
f 3628 3629 3626
f 3627 3906 3899
f 3627 3630 3906
f 3903 3628 3901
f 3903 3907 3628
f 3907 3629 3628
f 3907 3631 3629
f 3630 3909 3906
f 3630 3633 3909
f 3910 3634 3632
f 3631 3910 3632
f 3907 3910 3631
f 3634 3635 3632
f 3633 3913 3909
f 3633 3636 3913
f 3912 3634 3910
f 3912 3916 3634
f 3916 3635 3634
f 3916 3638 3635
f 3636 3637 3913
f 3913 3637 3915
f 3917 3915 3637
f 3917 3637 3640
f 3920 3641 3639
f 3638 3920 3639
f 3916 3920 3638
f 3641 3642 3639
f 3919 3917 3645
f 3917 3644 3645
f 3917 3640 3644
f 3645 3922 3919
f 3921 3641 3920
f 3647 3643 3924
f 3924 3643 3921
f 3643 3642 3921
f 3642 3641 3921
f 3647 3648 3643
f 3644 3646 3645
f 3922 3645 3646
f 3649 3922 3646
f 3926 3922 3649
f 3925 3647 3924
f 3925 3930 3647
f 3930 3648 3647
f 3930 3650 3648
f 3928 3926 3652
f 3926 3651 3652
f 3926 3649 3651
f 3652 3931 3928
f 3933 3650 3930
f 3654 3650 3933
f 3651 3653 3652
f 3931 3652 3653
f 3655 3931 3653
f 3934 3931 3655
f 3938 3654 3933
f 3656 3654 3938
f 3936 3934 3658
f 3934 3657 3658
f 3934 3655 3657
f 3658 3939 3936
f 3943 3656 3938
f 3660 3656 3943
f 3657 3659 3658
f 3661 3662 3659
f 3659 3662 3658
f 3662 3940 3658
f 3940 3939 3658
f 3662 3944 3940
f 3665 3942 3947
f 3665 3666 3942
f 3666 3943 3942
f 3666 3660 3943
f 3661 3663 3662
f 3662 3663 3944
f 3663 3946 3944
f 3663 3664 3946
f 3948 3946 3664
f 3948 3664 3667
f 3665 3947 3954
f 3665 3954 3670
f 3670 3671 3665
f 3665 3671 3666
f 3667 3668 3948
f 3948 3668 3950
f 3668 3952 3950
f 3669 3952 3668
f 3955 3952 3669
f 3955 3669 3672
f 3670 3954 3965
f 3670 3965 3674
f 3674 3675 3670
f 3670 3675 3671
f 3672 3673 3955
f 3955 3673 3957
f 3673 3678 3679
f 3959 3673 3679
f 3957 3673 3959
f 3681 3961 3959
f 3681 3959 3679
f 3683 3962 3961
f 3683 3961 3681
f 3683 3968 3962
f 3966 3674 3965
f 3676 3675 3674
f 3966 3676 3674
f 3967 3676 3966
f 3685 3677 3976
f 3677 3967 3976
f 3677 3676 3967
f 3685 3686 3677
f 3678 3680 3679
f 3679 3680 3681
f 3681 3680 3682
f 3681 3682 3683
f 3683 3682 3684
f 3693 3694 3684
f 3684 3694 3683
f 3694 3970 3683
f 3970 3968 3683
f 3694 3982 3970
f 3977 3685 3976
f 3687 3686 3685
f 3977 3687 3685
f 3978 3687 3977
f 3979 3687 3978
f 3979 3688 3687
f 3980 3688 3979
f 3980 3689 3688
f 3695 3690 3986
f 3690 3980 3986
f 3690 3689 3980
f 3690 3695 3691
f 3691 3695 3696
f 3696 3697 3691
f 3698 3699 3692
f 3989 3981 3699
f 3699 3981 3692
f 3981 3694 3692
f 3694 3693 3692
f 3981 3982 3694
f 3987 3695 3986
f 3695 3987 3994
f 3700 3695 3994
f 3696 3695 3700
f 3700 3701 3696
f 3696 3701 3697
f 3699 3698 3988
f 3698 3995 3988
f 3698 3702 3995
f 3988 3989 3699
f 3700 3994 4002
f 3700 4002 3703
f 3703 3704 3700
f 3700 3704 3701
f 3997 3995 3706
f 3995 3705 3706
f 3995 3702 3705
f 3706 4003 3997
f 3708 4001 4009
f 3703 4002 4001
f 3708 3703 4001
f 3709 3703 3708
f 3709 3711 3703
f 3703 3711 3704
f 3705 3707 3706
f 4003 3706 3707
f 3712 4003 3707
f 4010 4003 3712
f 3713 4008 4015
f 3708 4009 4008
f 3713 3708 4008
f 3714 3708 3713
f 3710 3709 3716
f 3709 3714 3716
f 3709 3708 3714
f 3710 3711 3709
f 3712 4016 4010
f 3712 3717 4016
f 3713 4015 4024
f 3713 4024 3719
f 3715 3714 3721
f 3714 3719 3721
f 3714 3713 3719
f 3715 3716 3714
f 3717 3718 4016
f 4016 3718 4018
f 4025 4018 3718
f 4025 3718 3722
f 3724 3720 3719
f 4024 3724 3719
f 4033 3724 4024
f 3720 3721 3719
f 3722 4034 4025
f 3722 3725 4034
f 4032 4043 3728
f 4032 3728 3723
f 3723 3724 4032
f 4032 3724 4033
f 3725 3726 4034
f 4034 3726 4036
f 4044 4036 3726
f 4044 3726 3729
f 4042 4051 3731
f 4042 3731 3727
f 3727 3728 4042
f 4042 3728 4043
f 3729 4052 4044
f 3729 3732 4052
f 4050 4060 3736
f 4050 3736 3730
f 3730 3731 4050
f 4050 3731 4051
f 3732 3733 4052
f 4052 3733 4054
f 4061 4054 3733
f 4061 3733 3737
f 3739 4056 4067
f 4056 3739 3741
f 3734 4056 3741
f 4057 4056 3734
f 3734 4059 4057
f 3735 4059 3734
f 3735 3736 4059
f 4059 3736 4060
f 3737 4069 4061
f 3737 3743 4069
f 3744 4064 4072
f 4064 3744 3746
f 3738 4064 3746
f 4066 4064 3738
f 4067 4066 3739
f 4066 3740 3739
f 4066 3738 3740
f 3740 3741 3739
f 4073 4068 3747
f 3747 4068 3742
f 3743 3742 4068
f 3743 4068 4069
f 3748 3745 3744
f 4072 3748 3744
f 4077 3748 4072
f 3745 3746 3744
f 3747 4078 4073
f 3747 3750 4078
f 4080 3748 4077
f 3751 3748 4080
f 3752 3753 3749
f 3750 3749 3753
f 4082 3750 3753
f 4078 3750 4082
f 4084 3751 4080
f 3754 3751 4084
f 3753 3752 4081
f 3752 4085 4081
f 3752 3755 4085
f 4081 4082 3753
f 4088 3754 4084
f 3757 3754 4088
f 3758 4090 3756
f 4090 3755 3756
f 4090 4085 3755
f 3759 3758 3756
f 4091 3757 4088
f 3763 3757 4091
f 4089 3764 4092
f 4090 3758 4089
f 3758 3764 4089
f 3758 3765 3764
f 3758 3759 3760
f 3766 3758 3760
f 3765 3758 3766
f 3766 3760 3761
f 3766 3761 3767
f 3767 3761 3762
f 3767 3762 3768
f 3762 3763 3768
f 3763 4094 3768
f 3763 4091 4094
f 3764 4093 4092
f 4093 3764 4098
f 3764 3769 4098
f 3764 3765 3769
f 3766 3769 3765
f 3770 3769 3766
f 3767 3770 3766
f 3771 3770 3767
f 3768 3771 3767
f 3772 3771 3768
f 4096 3773 4094
f 3773 3768 4094
f 3773 3772 3768
f 4104 3773 4096
f 3769 4099 4098
f 3770 4100 3769
f 3769 4100 4099
f 3771 4101 3770
f 3770 4101 4100
f 3772 4102 3771
f 3771 4102 4101
f 3773 4103 3772
f 3772 4103 4102
f 4104 4103 3773
f 3795 3796 3774
f 3774 3796 3775
f 3775 3796 3797
f 4135 4116 3797
f 4116 3775 3797
f 4116 3776 3775
f 4117 3776 4116
f 4117 3777 3776
f 4118 3777 4117
f 4118 3778 3777
f 4119 3778 4118
f 4119 3779 3778
f 4120 3779 4119
f 4120 3780 3779
f 4121 3780 4120
f 4121 3781 3780
f 4122 3781 4121
f 4122 3782 3781
f 4123 3782 4122
f 4123 3783 3782
f 4124 3783 4123
f 4124 3784 3783
f 4125 3784 4124
f 4125 3785 3784
f 4126 3785 4125
f 4126 3786 3785
f 4127 3786 4126
f 4127 3787 3786
f 4128 3787 4127
f 4128 3788 3787
f 3798 3789 4137
f 3789 4128 4137
f 3789 3788 4128
f 3798 3799 3789
f 4138 4129 3800
f 3800 4129 3790
f 4130 3790 4129
f 4130 3791 3790
f 4131 3791 4130
f 4131 3792 3791
f 4132 3792 4131
f 4132 3793 3792
f 4132 4140 3793
f 3793 4140 3803
f 3805 3806 3794
f 4142 4133 3806
f 3806 4133 3794
f 4133 3796 3794
f 3796 3795 3794
f 4134 3797 3796
f 4134 3796 4133
f 4134 4135 3797
f 3798 4137 4143
f 3798 4143 3807
f 3807 3808 3798
f 3798 3808 3799
f 3800 4146 4138
f 3800 3810 4146
f 3814 3813 3801
f 4139 4149 3814
f 3801 4139 3814
f 3802 4139 3801
f 3802 3803 4139
f 4139 3803 4140
f 3816 3817 3804
f 4151 4141 3817
f 3817 4141 3804
f 4141 3806 3804
f 3806 3805 3804
f 4141 4142 3806
f 4144 3807 4143
f 4144 4157 3807
f 4157 3808 3807
f 4157 3818 3808
f 4158 4145 3819
f 3819 4145 3809
f 3821 4146 3810
f 3811 3821 3810
f 3821 4145 4146
f 3809 3821 3820
f 3821 3809 4145
f 4147 4161 3821
f 3811 4147 3821
f 3812 4147 3811
f 3814 4148 3813
f 4148 3812 3813
f 4148 4147 3812
f 4149 4148 3814
f 3822 3823 3815
f 4162 4150 3823
f 3823 4150 3815
f 4150 3817 3815
f 3817 3816 3815
f 4150 4151 3817
f 3824 4155 4169
f 3824 4170 4155
f 4172 3818 4157
f 3826 3818 4172
f 3819 4174 4158
f 3819 3827 4174
f 3820 3821 4160
f 4175 3820 4160
f 3829 3820 4175
f 4161 4160 3821
f 3823 3822 3832
f 3832 3822 3831
f 3833 4164 4162
f 3823 3833 4162
f 3832 3833 3823
f 3834 4166 4164
f 3834 4164 3833
f 3835 4168 4166
f 3835 4166 3834
f 3837 3825 3824
f 3837 3824 4169
f 3835 3837 4169
f 4168 3835 4169
f 4170 3824 3825
f 3838 4170 3825
f 4176 4170 3838
f 4178 3826 4172
f 3839 3826 4178
f 4173 3840 4179
f 3842 3840 4173
f 3827 3842 4173
f 4174 3827 4173
f 3828 3842 3827
f 3828 3829 3842
f 3829 4180 3842
f 3829 4175 4180
f 3843 3844 3830
f 3830 3844 3831
f 3844 3832 3831
f 3844 3845 3832
f 3845 3833 3832
f 3845 3846 3833
f 3846 3834 3833
f 3846 3848 3834
f 3836 3835 3850
f 3835 3848 3850
f 3835 3834 3848
f 3836 3837 3835
f 3838 4181 4176
f 3838 3852 4181
f 4183 3839 4178
f 3853 3839 4183
f 3841 3855 3840
f 3855 4179 3840
f 3855 4185 4179
f 3858 3857 3841
f 3840 3858 3841
f 3842 3858 3840
f 4188 3858 4180
f 4180 3858 3842
f 3844 3843 3860
f 3860 3843 3859
f 3860 3845 3844
f 3860 3862 3845
f 3847 3846 3864
f 3846 3862 3864
f 3846 3845 3862
f 3846 3847 3848
f 3848 3847 3849
f 3849 3850 3848
f 3865 3866 3851
f 3852 3851 3866
f 4190 3852 3866
f 4181 3852 4190
f 4191 3867 3854
f 3853 4191 3854
f 4183 4191 3853
f 3867 3868 3854
f 4184 3869 4193
f 3870 3869 4184
f 3855 3870 4184
f 4185 3855 4184
f 3856 3870 3855
f 4187 4195 3870
f 4187 3870 3856
f 3858 4187 3856
f 3857 3858 3856
f 4188 4187 3858
f 3859 3861 3860
f 3860 3861 3862
f 3862 3861 3863
f 3863 3864 3862
f 3866 3865 4189
f 3865 4196 4189
f 3865 3871 4196
f 4189 4190 3866
f 4192 3867 4191
f 4192 4199 3867
f 4199 3868 3867
f 4199 3872 3868
f 4193 3869 4201
f 4201 3869 3873
f 3870 3873 3869
f 3874 3873 3870
f 4202 3874 4195
f 4195 3874 3870
f 3871 4203 4196
f 3871 3875 4203
f 4206 3872 4199
f 3876 3872 4206
f 4200 3878 4207
f 4201 3873 4200
f 3873 3878 4200
f 3873 3879 3878
f 3874 3879 3873
f 3880 3879 3874
f 4209 3880 4202
f 4202 3880 3874
f 3875 4210 4203
f 3875 3881 4210
f 4212 3882 3877
f 3876 4212 3877
f 4206 4212 3876
f 3882 3883 3877
f 4207 3878 4215
f 4215 3878 3884
f 3879 3884 3878
f 3885 3884 3879
f 4216 3885 4208
f 3885 3880 4208
f 3885 3879 3880
f 4209 4208 3880
f 3881 4217 4210
f 3881 3886 4217
f 4213 3882 4212
f 4213 4221 3882
f 4221 3883 3882
f 4221 3887 3883
f 4214 3889 4222
f 4215 3884 4214
f 3884 3889 4214
f 3884 3890 3889
f 3885 3890 3884
f 3891 3890 3885
f 4224 3891 4216
f 4216 3891 3885
f 4219 4217 3893
f 4217 3892 3893
f 4217 3886 3892
f 3893 4225 4219
f 4227 3895 3888
f 3887 4227 3888
f 4221 4227 3887
f 3895 3896 3888
f 4222 3889 4230
f 4230 3889 3897
f 3890 3897 3889
f 3898 3897 3890
f 4231 3898 4223
f 3898 3891 4223
f 3898 3890 3891
f 4224 4223 3891
f 3892 3894 3893
f 4225 3893 3894
f 3899 4225 3894
f 4233 4225 3899
f 3895 4227 4234
f 3895 4234 3900
f 3896 3895 3901
f 3895 3900 3901
f 4229 3902 4237
f 4230 3897 4229
f 3897 3902 4229
f 3897 3904 3902
f 3898 3904 3897
f 3905 3904 3898
f 4239 3905 4231
f 4231 3905 3898
f 3899 4240 4233
f 3899 3906 4240
f 4236 3900 4234
f 4236 4237 3902
f 3903 4236 3902
f 4236 3901 3900
f 4236 3903 3901
f 3908 3907 3903
f 3902 3908 3903
f 3904 3908 3902
f 4241 3908 4238
f 3908 3905 4238
f 3908 3904 3905
f 4239 4238 3905
f 3906 4243 4240
f 3906 3909 4243
f 3907 3908 3911
f 3907 3911 3910
f 4245 3911 4241
f 4241 3911 3908
f 4244 4243 3914
f 4243 3913 3914
f 4243 3909 3913
f 3914 4247 4244
f 3912 3910 3911
f 3911 4245 3912
f 4245 3916 3912
f 4245 4249 3916
f 3913 3915 3914
f 3917 3918 3915
f 3915 3918 3914
f 3918 4248 3914
f 4248 4247 3914
f 3918 4251 4248
f 4252 3916 4249
f 3920 3916 4252
f 3917 3919 3918
f 4251 3918 3919
f 3922 4251 3919
f 4254 4251 3922
f 4257 3923 3921
f 3920 4257 3921
f 4252 4257 3920
f 3923 3924 3921
f 4256 4254 3927
f 4254 3926 3927
f 4254 3922 3926
f 3927 4260 4256
f 4259 3923 4257
f 3929 3925 4261
f 4261 3925 4259
f 3925 3924 4259
f 3924 3923 4259
f 3929 3930 3925
f 3926 3928 3927
f 4260 3927 3928
f 3931 4260 3928
f 4262 4260 3931
f 3929 4261 4265
f 3929 4265 3932
f 3932 3933 3929
f 3929 3933 3930
f 4264 4262 3935
f 4262 3934 3935
f 4262 3931 3934
f 3935 4266 4264
f 3932 4265 4267
f 3932 4267 3937
f 3937 3938 3932
f 3932 3938 3933
f 3934 3936 3935
f 4266 3935 3936
f 3939 4266 3936
f 4268 4266 3939
f 3937 4267 4274
f 3937 4274 3941
f 3941 3943 3937
f 3937 3943 3938
f 3939 3940 4268
f 4268 3940 4270
f 3940 3944 3945
f 4272 3940 3945
f 4270 3940 4272
f 3945 4275 4272
f 3947 3942 3941
f 4274 3947 3941
f 4285 3947 4274
f 3942 3943 3941
f 3944 3946 3945
f 3948 3949 3946
f 3946 3949 3945
f 3949 4277 3945
f 4277 4275 3945
f 3951 4279 4277
f 3951 4277 3949
f 3951 4286 4279
f 3953 4284 4297
f 3953 3954 4284
f 3954 4285 4284
f 3954 3947 4285
f 3948 3950 3949
f 3949 3950 3951
f 3951 3950 3952
f 3955 3956 3952
f 3952 3956 3951
f 3956 4288 3951
f 4288 4286 3951
f 3958 4290 4288
f 3958 4288 3956
f 3960 4292 4290
f 3960 4290 3958
f 3960 4298 4292
f 3963 4296 4307
f 3953 4297 4296
f 3963 3953 4296
f 3964 3953 3963
f 3964 3965 3953
f 3953 3965 3954
f 3955 3957 3956
f 3956 3957 3958
f 3958 3957 3959
f 3958 3959 3960
f 3960 3959 3961
f 3960 3961 4298
f 3961 4300 4298
f 3961 3962 4300
f 3962 3968 3969
f 4302 3962 3969
f 4300 3962 4302
f 3971 4304 4302
f 3971 4302 3969
f 3972 4305 4304
f 3972 4304 3971
f 3972 4310 4305
f 4308 3963 4307
f 3963 4308 4315
f 3973 3963 4315
f 3964 3963 3973
f 3965 3964 3966
f 3964 3974 3966
f 3964 3973 3974
f 3966 3974 3967
f 3967 3974 3975
f 3975 3976 3967
f 3968 3970 3969
f 3982 3983 3970
f 3983 3969 3970
f 3983 3971 3969
f 3983 4322 4309
f 3972 3983 4309
f 3971 3983 3972
f 4309 4310 3972
f 4316 3973 4315
f 4317 3974 3973
f 4317 3973 4316
f 4318 3975 3974
f 4318 3974 4317
f 3977 3976 3975
f 4318 3977 3975
f 4319 3977 4318
f 4320 3977 4319
f 4320 3978 3977
f 3984 3979 4328
f 3979 4320 4328
f 3979 3978 4320
f 3979 3984 3980
f 3980 3984 3985
f 3985 3986 3980
f 3989 3990 3981
f 4330 4321 3990
f 3990 4321 3981
f 4321 3983 3981
f 3983 3982 3981
f 4321 4322 3983
f 3984 4328 4334
f 3984 4334 3991
f 3991 3985 3984
f 3991 3992 3985
f 3986 3985 3987
f 3985 3993 3987
f 3985 3992 3993
f 3993 3994 3987
f 3995 3996 3988
f 4335 4329 3996
f 3996 4329 3988
f 4329 3990 3988
f 3990 3989 3988
f 4329 4330 3990
f 3991 4334 4342
f 3991 4342 3998
f 3998 3992 3991
f 3998 3999 3992
f 3999 3993 3992
f 3999 4000 3993
f 4000 4002 3993
f 3993 4002 3994
f 3995 3997 3996
f 4335 3996 3997
f 4003 4335 3997
f 4343 4335 4003
f 4004 4339 4348
f 4005 4341 4339
f 4005 4339 4004
f 3998 4342 4341
f 4005 3998 4341
f 4006 3998 4005
f 4006 3999 3998
f 4006 4007 3999
f 4001 4000 4009
f 4000 4007 4009
f 4000 3999 4007
f 4001 4002 4000
f 4003 4349 4343
f 4003 4010 4349
f 4011 4347 4355
f 4004 4348 4347
f 4011 4004 4347
f 4012 4004 4011
f 4012 4005 4004
f 4012 4013 4005
f 4013 4006 4005
f 4013 4014 4006
f 4008 4007 4015
f 4007 4014 4015
f 4007 4006 4014
f 4008 4009 4007
f 4351 4349 4017
f 4349 4016 4017
f 4349 4010 4016
f 4017 4356 4351
f 4019 4354 4360
f 4011 4355 4354
f 4019 4011 4354
f 4020 4011 4019
f 4020 4012 4011
f 4020 4021 4012
f 4021 4013 4012
f 4021 4022 4013
f 4022 4014 4013
f 4022 4023 4014
f 4023 4024 4014
f 4014 4024 4015
f 4016 4018 4017
f 4356 4017 4018
f 4025 4356 4018
f 4361 4356 4025
f 4026 4359 4366
f 4019 4360 4359
f 4026 4019 4359
f 4027 4019 4026
f 4027 4020 4019
f 4027 4028 4020
f 4028 4021 4020
f 4028 4029 4021
f 4029 4022 4021
f 4029 4030 4022
f 4030 4023 4022
f 4030 4031 4023
f 4031 4033 4023
f 4023 4033 4024
f 4363 4361 4035
f 4361 4034 4035
f 4361 4025 4034
f 4035 4367 4363
f 4026 4366 4372
f 4026 4372 4037
f 4037 4027 4026
f 4037 4038 4027
f 4038 4028 4027
f 4038 4039 4028
f 4039 4029 4028
f 4039 4040 4029
f 4040 4030 4029
f 4040 4041 4030
f 4032 4031 4043
f 4031 4041 4043
f 4031 4030 4041
f 4032 4033 4031
f 4034 4036 4035
f 4044 4045 4036
f 4036 4045 4035
f 4045 4369 4035
f 4369 4367 4035
f 4045 4373 4369
f 4037 4372 4378
f 4037 4378 4046
f 4046 4038 4037
f 4046 4047 4038
f 4047 4039 4038
f 4047 4048 4039
f 4048 4040 4039
f 4048 4049 4040
f 4042 4041 4051
f 4041 4049 4051
f 4041 4040 4049
f 4042 4043 4041
f 4045 4044 4053
f 4053 4044 4052
f 4055 4375 4373
f 4045 4055 4373
f 4053 4055 4045
f 4055 4381 4375
f 4379 4046 4378
f 4380 4047 4046
f 4380 4046 4379
f 4047 4380 4391
f 4058 4047 4391
f 4048 4047 4058
f 4050 4049 4060
f 4049 4058 4060
f 4049 4048 4058
f 4050 4051 4049
f 4052 4054 4053
f 4061 4062 4054
f 4062 4053 4054
f 4062 4055 4053
f 4063 4383 4381
f 4055 4063 4381
f 4062 4063 4055
f 4063 4392 4383
f 4065 4386 4395
f 4386 4065 4067
f 4056 4386 4067
f 4388 4386 4056
f 4056 4390 4388
f 4057 4390 4056
f 4391 4390 4058
f 4390 4059 4058
f 4390 4057 4059
f 4059 4060 4058
f 4062 4061 4070
f 4070 4061 4069
f 4070 4063 4062
f 4070 4071 4063
f 4064 4394 4392
f 4071 4064 4392
f 4063 4071 4392
f 4072 4064 4071
f 4395 4394 4065
f 4394 4066 4065
f 4394 4064 4066
f 4066 4067 4065
f 4073 4074 4068
f 4068 4074 4069
f 4074 4070 4069
f 4074 4075 4070
f 4075 4071 4070
f 4075 4076 4071
f 4076 4077 4071
f 4071 4077 4072
f 4074 4073 4079
f 4079 4073 4078
f 4079 4399 4396
f 4075 4079 4396
f 4074 4079 4075
f 4397 4076 4075
f 4397 4075 4396
f 4397 4403 4076
f 4403 4077 4076
f 4403 4080 4077
f 4079 4078 4398
f 4078 4404 4398
f 4078 4082 4404
f 4398 4399 4079
f 4083 4402 4406
f 4083 4084 4402
f 4084 4403 4402
f 4084 4080 4403
f 4085 4086 4081
f 4082 4081 4086
f 4409 4082 4086
f 4404 4082 4409
f 4083 4406 4411
f 4083 4411 4087
f 4087 4088 4083
f 4083 4088 4084
f 4086 4085 4408
f 4085 4414 4408
f 4085 4090 4414
f 4408 4409 4086
f 4412 4087 4411
f 4412 4417 4087
f 4417 4088 4087
f 4417 4091 4088
f 4419 4413 4092
f 4092 4413 4089
f 4090 4089 4413
f 4090 4413 4414
f 4417 4418 4095
f 4094 4417 4095
f 4091 4417 4094
f 4424 4095 4418
f 4097 4425 4093
f 4425 4092 4093
f 4425 4419 4092
f 4098 4097 4093
f 4096 4094 4095
f 4095 4424 4096
f 4424 4104 4096
f 4424 4429 4104
f 4425 4097 4431
f 4431 4097 4105
f 4097 4098 4099
f 4106 4097 4099
f 4105 4097 4106
f 4106 4099 4100
f 4106 4100 4107
f 4107 4100 4101
f 4107 4101 4108
f 4108 4101 4102
f 4108 4102 4109
f 4109 4102 4103
f 4109 4103 4110
f 4103 4104 4110
f 4104 4434 4110
f 4104 4429 4434
f 4105 4432 4431
f 4432 4105 4437
f 4105 4111 4437
f 4105 4106 4111
f 4107 4111 4106
f 4112 4111 4107
f 4108 4112 4107
f 4113 4112 4108
f 4109 4113 4108
f 4114 4113 4109
f 4110 4114 4109
f 4115 4114 4110
f 4443 4115 4434
f 4434 4115 4110
f 4111 4438 4437
f 4112 4439 4111
f 4111 4439 4438
f 4113 4440 4112
f 4112 4440 4439
f 4114 4441 4113
f 4113 4441 4440
f 4115 4442 4114
f 4114 4442 4441
f 4443 4442 4115
f 4135 4136 4116
f 4474 4455 4136
f 4455 4116 4136
f 4455 4117 4116
f 4456 4117 4455
f 4456 4118 4117
f 4457 4118 4456
f 4457 4119 4118
f 4458 4119 4457
f 4458 4120 4119
f 4459 4120 4458
f 4459 4121 4120
f 4460 4121 4459
f 4460 4122 4121
f 4461 4122 4460
f 4461 4123 4122
f 4462 4123 4461
f 4462 4124 4123
f 4463 4124 4462
f 4463 4125 4124
f 4464 4125 4463
f 4464 4126 4125
f 4465 4126 4464
f 4465 4127 4126
f 4466 4127 4465
f 4466 4128 4127
f 4466 4476 4128
f 4128 4476 4137
f 4481 4467 4138
f 4138 4467 4129
f 4468 4129 4467
f 4468 4130 4129
f 4469 4130 4468
f 4469 4131 4130
f 4470 4131 4469
f 4470 4132 4131
f 4470 4487 4132
f 4132 4487 4140
f 4488 4471 4142
f 4142 4471 4133
f 4472 4133 4471
f 4472 4134 4133
f 4473 4136 4135
f 4134 4473 4135
f 4472 4473 4134
f 4473 4474 4136
f 4495 4137 4476
f 4143 4137 4495
f 4138 4497 4481
f 4138 4146 4497
f 4486 4504 4149
f 4486 4149 4139
f 4139 4140 4486
f 4486 4140 4487
f 4151 4152 4141
f 4488 4142 4490
f 4142 4152 4490
f 4152 4153 4490
f 4152 4142 4141
f 4154 4492 4490
f 4154 4490 4153
f 4154 4505 4492
f 4507 4156 4144
f 4143 4507 4144
f 4495 4507 4143
f 4156 4157 4144
f 4508 4496 4158
f 4158 4496 4145
f 4159 4145 4496
f 4510 4159 4496
f 4159 4146 4145
f 4497 4159 4499
f 4159 4497 4146
f 4499 4159 4161
f 4147 4499 4161
f 4501 4499 4147
f 4147 4503 4501
f 4148 4503 4147
f 4148 4149 4503
f 4503 4149 4504
f 4162 4163 4150
f 4150 4163 4151
f 4163 4152 4151
f 4163 4165 4152
f 4165 4153 4152
f 4165 4167 4153
f 4155 4154 4169
f 4154 4167 4169
f 4154 4153 4167
f 4505 4154 4155
f 4170 4505 4155
f 4511 4505 4170
f 4156 4507 4512
f 4156 4512 4171
f 4171 4172 4156
f 4156 4172 4157
f 4158 4514 4508
f 4158 4174 4514
f 4175 4160 4159
f 4510 4175 4159
f 4516 4175 4510
f 4160 4161 4159
f 4162 4164 4163
f 4163 4164 4165
f 4165 4164 4166
f 4165 4166 4167
f 4167 4166 4168
f 4168 4169 4167
f 4170 4517 4511
f 4170 4176 4517
f 4171 4512 4518
f 4171 4518 4177
f 4177 4178 4171
f 4171 4178 4172
f 4519 4513 4179
f 4179 4513 4173
f 4174 4173 4513
f 4174 4513 4514
f 4523 4175 4516
f 4180 4175 4523
f 4176 4524 4517
f 4176 4181 4524
f 4177 4518 4525
f 4177 4525 4182
f 4182 4183 4177
f 4177 4183 4178
f 4179 4527 4519
f 4179 4185 4527
f 4186 4522 4529
f 4186 4188 4522
f 4188 4523 4522
f 4188 4180 4523
f 4181 4530 4524
f 4181 4190 4530
f 4526 4182 4525
f 4526 4531 4182
f 4531 4183 4182
f 4531 4191 4183
f 4193 4194 4184
f 4185 4184 4194
f 4533 4185 4194
f 4527 4185 4533
f 4195 4187 4186
f 4529 4195 4186
f 4535 4195 4529
f 4187 4188 4186
f 4196 4197 4189
f 4190 4189 4197
f 4536 4190 4197
f 4530 4190 4536
f 4537 4198 4192
f 4191 4537 4192
f 4531 4537 4191
f 4198 4199 4192
f 4194 4193 4532
f 4193 4539 4532
f 4193 4201 4539
f 4532 4533 4194
f 4541 4195 4535
f 4202 4195 4541
f 4197 4196 4204
f 4204 4196 4203
f 4204 4542 4536
f 4204 4536 4197
f 4198 4537 4543
f 4198 4543 4205
f 4205 4206 4198
f 4198 4206 4199
f 4545 4538 4207
f 4207 4538 4200
f 4201 4200 4538
f 4201 4538 4539
f 4549 4202 4541
f 4209 4202 4549
f 4204 4203 4211
f 4211 4203 4210
f 4211 4550 4542
f 4211 4542 4204
f 4544 4205 4543
f 4544 4552 4205
f 4552 4206 4205
f 4552 4212 4206
f 4207 4554 4545
f 4207 4215 4554
f 4548 4555 4216
f 4548 4216 4208
f 4208 4209 4548
f 4548 4209 4549
f 4211 4210 4218
f 4218 4210 4217
f 4218 4556 4550
f 4218 4550 4211
f 4558 4220 4213
f 4212 4558 4213
f 4552 4558 4212
f 4220 4221 4213
f 4560 4553 4222
f 4222 4553 4214
f 4215 4214 4553
f 4215 4553 4554
f 4561 4216 4555
f 4224 4216 4561
f 4217 4219 4218
f 4556 4218 4219
f 4225 4556 4219
f 4562 4556 4225
f 4220 4558 4563
f 4220 4563 4226
f 4226 4227 4220
f 4220 4227 4221
f 4559 4228 4566
f 4230 4228 4559
f 4560 4230 4559
f 4222 4230 4560
f 4232 4231 4223
f 4223 4224 4232
f 4224 4568 4232
f 4224 4561 4568
f 4225 4569 4562
f 4225 4233 4569
f 4564 4226 4563
f 4234 4227 4226
f 4565 4234 4226
f 4564 4565 4226
f 4235 4234 4565
f 4229 4237 4228
f 4228 4237 4566
f 4237 4235 4566
f 4235 4565 4566
f 4230 4229 4228
f 4231 4232 4567
f 4571 4231 4567
f 4239 4231 4571
f 4568 4567 4232
f 4233 4573 4569
f 4233 4240 4573
f 4236 4234 4235
f 4237 4236 4235
f 4242 4241 4238
f 4238 4239 4242
f 4239 4574 4242
f 4239 4571 4574
f 4240 4575 4573
f 4240 4243 4575
f 4241 4242 4246
f 4241 4246 4245
f 4578 4246 4574
f 4574 4246 4242
f 4243 4244 4575
f 4575 4244 4577
f 4579 4577 4244
f 4579 4244 4247
f 4245 4246 4250
f 4245 4250 4249
f 4582 4250 4578
f 4578 4250 4246
f 4247 4248 4579
f 4579 4248 4581
f 4583 4581 4248
f 4583 4248 4251
f 4249 4250 4253
f 4249 4253 4252
f 4585 4253 4582
f 4582 4253 4250
f 4584 4583 4255
f 4583 4254 4255
f 4583 4251 4254
f 4255 4586 4584
f 4252 4253 4258
f 4252 4258 4257
f 4587 4258 4585
f 4585 4258 4253
f 4254 4256 4255
f 4586 4255 4256
f 4260 4586 4256
f 4588 4586 4260
f 4259 4257 4258
f 4258 4587 4259
f 4587 4261 4259
f 4587 4590 4261
f 4589 4588 4263
f 4588 4262 4263
f 4588 4260 4262
f 4263 4591 4589
f 4592 4261 4590
f 4265 4261 4592
f 4262 4264 4263
f 4591 4263 4264
f 4266 4591 4264
f 4593 4591 4266
f 4603 4265 4592
f 4267 4265 4603
f 4595 4593 4269
f 4593 4268 4269
f 4593 4266 4268
f 4271 4597 4595
f 4271 4595 4269
f 4271 4604 4597
f 4273 4602 4618
f 4273 4274 4602
f 4274 4603 4602
f 4274 4267 4603
f 4268 4270 4269
f 4269 4270 4271
f 4271 4270 4272
f 4275 4276 4272
f 4272 4276 4271
f 4276 4606 4271
f 4606 4604 4271
f 4278 4608 4606
f 4278 4606 4276
f 4280 4610 4608
f 4280 4608 4278
f 4281 4612 4610
f 4281 4610 4280
f 4282 4614 4612
f 4282 4612 4281
f 4282 4619 4614
f 4273 4618 4626
f 4273 4626 4283
f 4283 4285 4273
f 4273 4285 4274
f 4275 4277 4276
f 4276 4277 4278
f 4278 4277 4279
f 4286 4287 4279
f 4287 4278 4279
f 4287 4280 4278
f 4287 4281 4280
f 4287 4289 4281
f 4289 4282 4281
f 4289 4291 4282
f 4293 4621 4619
f 4282 4293 4619
f 4291 4293 4282
f 4294 4623 4621
f 4294 4621 4293
f 4294 4627 4623
f 4295 4625 4631
f 4297 4284 4283
f 4297 4283 4626
f 4295 4297 4626
f 4625 4295 4626
f 4284 4285 4283
f 4286 4288 4287
f 4287 4288 4289
f 4289 4288 4290
f 4289 4290 4291
f 4291 4290 4292
f 4298 4299 4292
f 4299 4291 4292
f 4299 4293 4291
f 4299 4294 4293
f 4299 4301 4294
f 4303 4629 4627
f 4294 4303 4627
f 4301 4303 4294
f 4303 4632 4629
f 4306 4630 4638
f 4307 4296 4295
f 4307 4295 4631
f 4306 4307 4631
f 4630 4306 4631
f 4296 4297 4295
f 4298 4300 4299
f 4299 4300 4301
f 4301 4300 4302
f 4301 4302 4303
f 4303 4302 4304
f 4303 4304 4632
f 4304 4634 4632
f 4304 4305 4634
f 4305 4310 4311
f 4635 4305 4311
f 4634 4305 4635
f 4312 4637 4635
f 4312 4635 4311
f 4306 4638 4637
f 4312 4306 4637
f 4313 4306 4312
f 4307 4306 4308
f 4306 4314 4308
f 4306 4313 4314
f 4314 4315 4308
f 4322 4323 4309
f 4309 4323 4310
f 4323 4311 4310
f 4323 4324 4311
f 4324 4646 4639
f 4312 4324 4639
f 4311 4324 4312
f 4640 4313 4312
f 4640 4312 4639
f 4641 4314 4313
f 4641 4313 4640
f 4316 4315 4314
f 4641 4316 4314
f 4642 4316 4641
f 4643 4316 4642
f 4643 4317 4316
f 4325 4318 4652
f 4318 4643 4652
f 4318 4317 4643
f 4318 4325 4319
f 4319 4325 4326
f 4319 4326 4320
f 4320 4326 4327
f 4327 4328 4320
f 4330 4331 4321
f 4655 4644 4331
f 4331 4644 4321
f 4644 4323 4321
f 4323 4322 4321
f 4645 4324 4323
f 4645 4323 4644
f 4645 4646 4324
f 4653 4325 4652
f 4325 4653 4661
f 4332 4325 4661
f 4326 4325 4332
f 4332 4327 4326
f 4332 4333 4327
f 4333 4334 4327
f 4327 4334 4328
f 4335 4336 4329
f 4662 4654 4336
f 4336 4654 4329
f 4654 4331 4329
f 4331 4330 4329
f 4654 4655 4331
f 4337 4660 4667
f 4332 4661 4660
f 4337 4332 4660
f 4338 4332 4337
f 4338 4333 4332
f 4338 4340 4333
f 4340 4342 4333
f 4333 4342 4334
f 4336 4335 4344
f 4344 4335 4343
f 4344 4668 4662
f 4344 4662 4336
f 4345 4666 4672
f 4337 4667 4666
f 4345 4337 4666
f 4346 4337 4345
f 4339 4338 4348
f 4338 4346 4348
f 4338 4337 4346
f 4338 4339 4340
f 4340 4339 4341
f 4341 4342 4340
f 4344 4343 4350
f 4350 4343 4349
f 4350 4673 4668
f 4350 4668 4344
f 4352 4671 4678
f 4345 4672 4671
f 4352 4345 4671
f 4353 4345 4352
f 4347 4346 4355
f 4346 4353 4355
f 4346 4345 4353
f 4347 4348 4346
f 4349 4351 4350
f 4356 4357 4351
f 4351 4357 4350
f 4357 4675 4350
f 4675 4673 4350
f 4357 4679 4675
f 4352 4678 4686
f 4352 4686 4358
f 4354 4353 4360
f 4353 4358 4360
f 4353 4352 4358
f 4354 4355 4353
f 4357 4356 4362
f 4362 4356 4361
f 4364 4681 4679
f 4357 4364 4679
f 4362 4364 4357
f 4364 4687 4681
f 4365 4685 4691
f 4366 4359 4358
f 4366 4358 4686
f 4365 4366 4686
f 4685 4365 4686
f 4359 4360 4358
f 4361 4363 4362
f 4367 4368 4363
f 4368 4362 4363
f 4368 4364 4362
f 4370 4689 4687
f 4364 4370 4687
f 4368 4370 4364
f 4370 4692 4689
f 4365 4691 4696
f 4365 4696 4371
f 4371 4372 4365
f 4365 4372 4366
f 4367 4369 4368
f 4373 4374 4369
f 4374 4368 4369
f 4374 4370 4368
f 4374 4697 4692
f 4374 4692 4370
f 4376 4695 4700
f 4371 4696 4695
f 4376 4371 4695
f 4377 4371 4376
f 4377 4378 4371
f 4371 4378 4372
f 4373 4375 4374
f 4381 4382 4375
f 4375 4382 4374
f 4382 4699 4374
f 4699 4697 4374
f 4376 4700 4699
f 4382 4376 4699
f 4384 4376 4382
f 4384 4377 4376
f 4384 4385 4377
f 4378 4377 4379
f 4377 4387 4379
f 4377 4385 4387
f 4379 4387 4380
f 4380 4387 4389
f 4389 4391 4380
f 4381 4383 4382
f 4392 4393 4383
f 4393 4382 4383
f 4393 4384 4382
f 4386 4385 4395
f 4385 4393 4395
f 4385 4384 4393
f 4385 4386 4387
f 4387 4386 4388
f 4387 4388 4389
f 4389 4388 4390
f 4390 4391 4389
f 4392 4394 4393
f 4394 4395 4393
f 4399 4400 4396
f 4396 4400 4397
f 4397 4400 4401
f 4401 4403 4397
f 4404 4405 4398
f 4703 4701 4405
f 4405 4701 4398
f 4701 4400 4398
f 4400 4399 4398
f 4406 4701 4702
f 4407 4406 4702
f 4406 4400 4701
f 4401 4406 4402
f 4406 4401 4400
f 4402 4403 4401
f 4707 4407 4702
f 4405 4404 4410
f 4410 4404 4409
f 4410 4709 4703
f 4410 4703 4405
f 4406 4407 4706
f 4710 4406 4706
f 4411 4406 4710
f 4707 4706 4407
f 4414 4415 4408
f 4713 4708 4415
f 4415 4708 4408
f 4708 4410 4408
f 4410 4409 4408
f 4708 4709 4410
f 4715 4416 4412
f 4411 4715 4412
f 4710 4715 4411
f 4416 4417 4412
f 4419 4420 4413
f 4717 4712 4420
f 4420 4712 4413
f 4712 4415 4413
f 4415 4414 4413
f 4712 4713 4415
f 4421 4714 4718
f 4416 4715 4714
f 4421 4416 4714
f 4422 4416 4421
f 4417 4416 4418
f 4416 4423 4418
f 4416 4422 4423
f 4423 4424 4418
f 4420 4419 4716
f 4419 4721 4716
f 4419 4425 4721
f 4716 4717 4420
f 4421 4718 4723
f 4421 4723 4426
f 4426 4422 4421
f 4426 4427 4422
f 4427 4423 4422
f 4427 4428 4423
f 4428 4429 4423
f 4423 4429 4424
f 4720 4430 4726
f 4431 4430 4720
f 4721 4431 4720
f 4425 4431 4721
f 4724 4426 4723
f 4725 4427 4426
f 4725 4426 4724
f 4427 4725 4730
f 4433 4427 4730
f 4428 4427 4433
f 4433 4434 4428
f 4428 4434 4429
f 4726 4430 4732
f 4732 4430 4435
f 4430 4431 4432
f 4436 4430 4432
f 4435 4430 4436
f 4437 4436 4432
f 4731 4433 4730
f 4731 4737 4433
f 4737 4434 4433
f 4737 4443 4434
f 4435 4733 4732
f 4733 4435 4739
f 4435 4444 4739
f 4435 4436 4444
f 4436 4437 4438
f 4445 4436 4438
f 4444 4436 4445
f 4445 4438 4439
f 4445 4439 4446
f 4446 4439 4440
f 4446 4440 4447
f 4447 4440 4441
f 4447 4441 4448
f 4448 4441 4442
f 4448 4442 4449
f 4442 4443 4449
f 4443 4744 4449
f 4443 4737 4744
f 4444 4740 4739
f 4740 4444 4747
f 4444 4450 4747
f 4444 4445 4450
f 4446 4450 4445
f 4451 4450 4446
f 4447 4451 4446
f 4452 4451 4447
f 4448 4452 4447
f 4453 4452 4448
f 4449 4453 4448
f 4454 4453 4449
f 4755 4454 4744
f 4744 4454 4449
f 4450 4748 4747
f 4451 4749 4450
f 4450 4749 4748
f 4452 4750 4451
f 4451 4750 4749
f 4453 4752 4452
f 4452 4752 4750
f 4454 4754 4453
f 4453 4754 4752
f 4755 4754 4454
f 4474 4475 4455
f 4779 4764 4475
f 4764 4455 4475
f 4764 4456 4455
f 4765 4456 4764
f 4765 4457 4456
f 4766 4457 4765
f 4766 4458 4457
f 4767 4458 4766
f 4767 4459 4458
f 4768 4459 4767
f 4768 4460 4459
f 4769 4460 4768
f 4769 4461 4460
f 4770 4461 4769
f 4770 4462 4461
f 4771 4462 4770
f 4771 4463 4462
f 4772 4463 4771
f 4772 4464 4463
f 4773 4464 4772
f 4773 4465 4464
f 4774 4465 4773
f 4774 4466 4465
f 4476 4466 4477
f 4466 4775 4477
f 4466 4774 4775
f 4776 4478 4775
f 4775 4478 4477
f 4777 4479 4776
f 4776 4479 4478
f 4778 4480 4777
f 4777 4480 4479
f 4786 4480 4778
f 4481 4482 4467
f 4467 4482 4468
f 4468 4482 4483
f 4468 4483 4469
f 4469 4483 4484
f 4469 4484 4470
f 4470 4484 4485
f 4485 4487 4470
f 4488 4489 4471
f 4471 4489 4472
f 4472 4489 4491
f 4472 4491 4473
f 4473 4491 4493
f 4473 4493 4474
f 4493 4475 4474
f 4493 4494 4475
f 4494 4791 4779
f 4494 4779 4475
f 4476 4477 4782
f 4793 4476 4782
f 4495 4476 4793
f 4478 4783 4477
f 4477 4783 4782
f 4479 4784 4478
f 4478 4784 4783
f 4480 4785 4479
f 4479 4785 4784
f 4786 4785 4480
f 4482 4481 4498
f 4498 4481 4497
f 4498 4483 4482
f 4498 4500 4483
f 4500 4484 4483
f 4500 4502 4484
f 4486 4485 4504
f 4485 4502 4504
f 4485 4484 4502
f 4486 4487 4485
f 4488 4490 4489
f 4489 4490 4491
f 4491 4490 4492
f 4505 4506 4492
f 4506 4491 4492
f 4506 4493 4491
f 4506 4802 4790
f 4494 4506 4790
f 4493 4506 4494
f 4790 4791 4494
f 4804 4495 4793
f 4507 4495 4804
f 4508 4509 4496
f 4499 4498 4497
f 4509 4510 4496
f 4498 4499 4500
f 4500 4499 4501
f 4500 4501 4502
f 4502 4501 4503
f 4503 4504 4502
f 4506 4505 4801
f 4505 4806 4801
f 4505 4511 4806
f 4801 4802 4506
f 4809 4507 4804
f 4512 4507 4809
f 4509 4508 4515
f 4515 4508 4514
f 4515 4516 4509
f 4509 4516 4510
f 4511 4811 4806
f 4511 4517 4811
f 4813 4512 4809
f 4518 4512 4813
f 4519 4520 4513
f 4513 4520 4514
f 4520 4515 4514
f 4520 4521 4515
f 4521 4523 4515
f 4515 4523 4516
f 4517 4815 4811
f 4517 4524 4815
f 4816 4518 4813
f 4525 4518 4816
f 4520 4519 4528
f 4528 4519 4527
f 4522 4521 4529
f 4521 4528 4529
f 4521 4520 4528
f 4522 4523 4521
f 4524 4819 4815
f 4524 4530 4819
f 4526 4525 4816
f 4526 4816 4818
f 4818 4820 4526
f 4526 4820 4531
f 4528 4527 4534
f 4534 4527 4533
f 4534 4535 4528
f 4528 4535 4529
f 4530 4822 4819
f 4530 4536 4822
f 4823 4531 4820
f 4537 4531 4823
f 4825 4821 4539
f 4539 4821 4532
f 4532 4821 4533
f 4821 4540 4533
f 4540 4534 4533
f 4821 4827 4540
f 4540 4541 4534
f 4534 4541 4535
f 4536 4828 4822
f 4536 4542 4828
f 4829 4537 4823
f 4543 4537 4829
f 4545 4546 4538
f 4539 4538 4546
f 4832 4539 4546
f 4825 4539 4832
f 4540 4827 4834
f 4540 4834 4547
f 4547 4549 4540
f 4540 4549 4541
f 4542 4835 4828
f 4542 4550 4835
f 4836 4551 4544
f 4543 4836 4544
f 4829 4836 4543
f 4551 4552 4544
f 4546 4545 4831
f 4545 4839 4831
f 4545 4554 4839
f 4831 4832 4546
f 4555 4548 4547
f 4834 4555 4547
f 4842 4555 4834
f 4548 4549 4547
f 4550 4843 4835
f 4550 4556 4843
f 4551 4836 4844
f 4551 4844 4557
f 4557 4558 4551
f 4551 4558 4552
f 4848 4838 4560
f 4560 4838 4553
f 4554 4553 4838
f 4554 4838 4839
f 4852 4555 4842
f 4561 4555 4852
f 4556 4853 4843
f 4556 4562 4853
f 4846 4557 4844
f 4846 4854 4557
f 4854 4558 4557
f 4854 4563 4558
f 4856 4847 4566
f 4566 4847 4559
f 4560 4559 4847
f 4560 4847 4848
f 4859 4561 4852
f 4568 4561 4859
f 4562 4860 4853
f 4562 4569 4860
f 4862 4570 4564
f 4563 4862 4564
f 4854 4862 4563
f 4864 4855 4570
f 4855 4564 4570
f 4855 4565 4564
f 4566 4565 4855
f 4566 4855 4856
f 4572 4571 4567
f 4567 4568 4572
f 4568 4868 4572
f 4568 4859 4868
f 4569 4869 4860
f 4569 4573 4869
f 4863 4570 4862
f 4863 4864 4570
f 4571 4572 4867
f 4874 4571 4867
f 4574 4571 4874
f 4868 4867 4572
f 4871 4869 4576
f 4869 4575 4576
f 4869 4573 4575
f 4576 4875 4871
f 4880 4574 4874
f 4578 4574 4880
f 4575 4577 4576
f 4579 4580 4577
f 4577 4580 4576
f 4580 4877 4576
f 4877 4875 4576
f 4580 4881 4877
f 4884 4578 4880
f 4582 4578 4884
f 4579 4581 4580
f 4881 4580 4581
f 4583 4881 4581
f 4885 4881 4583
f 4893 4582 4884
f 4585 4582 4893
f 4583 4584 4885
f 4885 4584 4887
f 4894 4887 4584
f 4894 4584 4586
f 4907 4585 4893
f 4587 4585 4907
f 4586 4909 4894
f 4586 4588 4909
f 4923 4587 4907
f 4590 4587 4923
f 4588 4589 4909
f 4909 4589 4911
f 4924 4911 4589
f 4924 4589 4591
f 4942 4590 4923
f 4592 4590 4942
f 4926 4924 4594
f 4924 4593 4594
f 4924 4591 4593
f 4596 4928 4926
f 4596 4926 4594
f 4598 4930 4928
f 4598 4928 4596
f 4599 4932 4930
f 4599 4930 4598
f 4600 4934 4932
f 4600 4932 4599
f 4601 4936 4934
f 4601 4934 4600
f 4601 4943 4936
f 4953 4592 4942
f 4603 4592 4953
f 4593 4595 4594
f 4594 4595 4596
f 4596 4595 4597
f 4604 4605 4597
f 4605 4596 4597
f 4605 4598 4596
f 4605 4599 4598
f 4605 4607 4599
f 4607 4600 4599
f 4607 4609 4600
f 4609 4601 4600
f 4609 4611 4601
f 4613 4945 4943
f 4601 4613 4943
f 4611 4613 4601
f 4615 4947 4945
f 4615 4945 4613
f 4616 4949 4947
f 4616 4947 4615
f 4617 4951 4949
f 4617 4949 4616
f 4617 4954 4951
f 4952 4955 4618
f 4952 4618 4602
f 4602 4603 4952
f 4952 4603 4953
f 4604 4606 4605
f 4605 4606 4607
f 4607 4606 4608
f 4607 4608 4609
f 4609 4608 4610
f 4609 4610 4611
f 4611 4610 4612
f 4611 4612 4613
f 4613 4612 4614
f 4619 4620 4614
f 4620 4613 4614
f 4620 4615 4613
f 4620 4616 4615
f 4620 4622 4616
f 4622 4617 4616
f 4622 4624 4617
f 4624 4956 4954
f 4624 4954 4617
f 4959 4618 4955
f 4626 4618 4959
f 4619 4621 4620
f 4620 4621 4622
f 4622 4621 4623
f 4627 4628 4623
f 4628 4622 4623
f 4628 4624 4622
f 4628 4960 4956
f 4628 4956 4624
f 4958 4967 4631
f 4958 4631 4625
f 4625 4626 4958
f 4958 4626 4959
f 4627 4629 4628
f 4632 4633 4629
f 4629 4633 4628
f 4633 4962 4628
f 4962 4960 4628
f 4633 4968 4962
f 4636 4964 4971
f 4964 4636 4638
f 4630 4964 4638
f 4966 4964 4630
f 4630 4631 4966
f 4966 4631 4967
f 4632 4634 4633
f 4633 4634 4968
f 4634 4970 4968
f 4634 4635 4970
f 4971 4970 4636
f 4970 4637 4636
f 4970 4635 4637
f 4637 4638 4636
f 4646 4647 4639
f 4639 4647 4640
f 4640 4647 4648
f 4640 4648 4641
f 4641 4648 4649
f 4641 4649 4642
f 4642 4649 4650
f 4642 4650 4643
f 4643 4650 4651
f 4651 4652 4643
f 4655 4656 4644
f 4644 4656 4645
f 4645 4656 4657
f 4978 4972 4657
f 4657 4972 4645
f 4972 4647 4645
f 4647 4646 4645
f 4973 4648 4647
f 4973 4647 4972
f 4974 4649 4648
f 4974 4648 4973
f 4975 4650 4649
f 4975 4649 4974
f 4650 4975 4984
f 4658 4650 4984
f 4651 4650 4658
f 4652 4651 4653
f 4651 4659 4653
f 4651 4658 4659
f 4659 4661 4653
f 4662 4663 4654
f 4985 4976 4663
f 4663 4976 4654
f 4976 4656 4654
f 4656 4655 4654
f 4977 4657 4656
f 4977 4656 4976
f 4977 4978 4657
f 4664 4983 4988
f 4658 4984 4983
f 4664 4658 4983
f 4665 4658 4664
f 4660 4659 4667
f 4659 4665 4667
f 4659 4658 4665
f 4660 4661 4659
f 4663 4662 4669
f 4669 4662 4668
f 4669 4989 4985
f 4669 4985 4663
f 4664 4988 4996
f 4664 4996 4670
f 4666 4665 4672
f 4665 4670 4672
f 4665 4664 4670
f 4666 4667 4665
f 4669 4668 4674
f 4674 4668 4673
f 4676 4991 4989
f 4669 4676 4989
f 4674 4676 4669
f 4676 4997 4991
f 4677 4995 5002
f 4678 4671 4670
f 4678 4670 4996
f 4677 4678 4996
f 4995 4677 4996
f 4671 4672 4670
f 4673 4675 4674
f 4679 4680 4675
f 4680 4674 4675
f 4680 4676 4674
f 4682 4999 4997
f 4676 4682 4997
f 4680 4682 4676
f 4682 5003 4999
f 4683 5001 5005
f 4677 5002 5001
f 4683 4677 5001
f 4684 4677 4683
f 4684 4686 4677
f 4677 4686 4678
f 4679 4681 4680
f 4687 4688 4681
f 4688 4680 4681
f 4688 4682 4680
f 4688 5006 5003
f 4688 5003 4682
f 4683 5005 5009
f 4683 5009 4690
f 4685 4684 4691
f 4684 4690 4691
f 4684 4683 4690
f 4685 4686 4684
f 4687 4689 4688
f 4692 4693 4689
f 4689 4693 4688
f 4693 5008 4688
f 5008 5006 4688
f 4690 5009 5008
f 4693 4690 5008
f 4694 4690 4693
f 4694 4696 4690
f 4690 4696 4691
f 4693 4692 4698
f 4698 4692 4697
f 4695 4694 4700
f 4694 4698 4700
f 4694 4693 4698
f 4695 4696 4694
f 4697 4699 4698
f 4699 4700 4698
f 4703 4704 4701
f 4701 4704 4702
f 4702 4704 4705
f 4705 4707 4702
f 4704 4703 5010
f 4703 5013 5010
f 4703 4709 5013
f 4710 5010 5011
f 4711 4710 5011
f 4710 4704 5010
f 4705 4710 4706
f 4710 4705 4704
f 4706 4707 4705
f 5017 4711 5011
f 5019 5012 4713
f 4713 5012 4708
f 4709 4708 5012
f 4709 5012 5013
f 4710 4711 5016
f 5021 4710 5016
f 4715 4710 5021
f 5017 5016 4711
f 5022 5018 4717
f 4717 5018 4712
f 4713 4712 5018
f 4713 5018 5019
f 4719 4718 4714
f 4714 4715 4719
f 4715 5025 4719
f 4715 5021 5025
f 4721 4722 4716
f 4717 4716 4722
f 5027 4717 4722
f 5022 4717 5027
f 4718 4719 5024
f 5028 4718 5024
f 4723 4718 5028
f 5025 5024 4719
f 4726 4727 4720
f 5030 5026 4727
f 4727 5026 4720
f 5026 4722 4720
f 4722 4721 4720
f 5026 5027 4722
f 5031 4728 4724
f 4723 5031 4724
f 5028 5031 4723
f 4724 4728 4725
f 4725 4728 4729
f 4729 4730 4725
f 4727 4726 5029
f 4726 5032 5029
f 4726 4732 5032
f 5029 5030 4727
f 4728 5031 5034
f 4728 5034 4734
f 4734 4729 4728
f 4734 4735 4729
f 4730 4729 4731
f 4729 4736 4731
f 4729 4735 4736
f 4736 4737 4731
f 4738 5035 4733
f 5035 4732 4733
f 5035 5032 4732
f 4739 4738 4733
f 4734 5034 5037
f 4734 5037 4741
f 4741 4735 4734
f 4741 4742 4735
f 4742 4736 4735
f 4742 4743 4736
f 4743 4744 4736
f 4736 4744 4737
f 5035 4738 5039
f 5039 4738 4745
f 4738 4739 4740
f 4746 4738 4740
f 4745 4738 4746
f 4747 4746 4740
f 5038 4741 5037
f 4741 5038 5044
f 4751 4741 5044
f 4742 4741 4751
f 4751 4743 4742
f 4751 4753 4743
f 4753 4755 4743
f 4743 4755 4744
f 4745 5040 5039
f 4746 5041 4745
f 4745 5041 5040
f 4748 4756 5048
f 4748 5048 5041
f 4747 4748 5041
f 4746 4747 5041
f 4756 4748 4749
f 4756 4749 4757
f 4757 4749 4750
f 4757 4750 4758
f 5044 4750 4752
f 4751 5044 4752
f 5044 4758 4750
f 4759 5044 5045
f 5044 4759 4758
f 4754 4753 4752
f 4753 4751 4752
f 5052 4759 5045
f 4754 4755 4753
f 4756 5049 5048
f 5049 4756 5056
f 4756 4760 5056
f 4756 4757 4760
f 4758 4760 4757
f 4761 4760 4758
f 4759 4761 4758
f 4762 4761 4759
f 5053 4763 5052
f 4763 4759 5052
f 4763 4762 4759
f 5062 4763 5053
f 4760 5057 5056
f 4761 5058 4760
f 4760 5058 5057
f 4762 5059 4761
f 4761 5059 5058
f 4763 5061 4762
f 4762 5061 5059
f 5062 5061 4763
f 4779 4780 4764
f 4764 4780 4765
f 4765 4780 4781
f 5085 5068 4781
f 5068 4765 4781
f 5068 4766 4765
f 5069 4766 5068
f 5069 4767 4766
f 5070 4767 5069
f 5070 4768 4767
f 5071 4768 5070
f 5071 4769 4768
f 5072 4769 5071
f 5072 4770 4769
f 5073 4770 5072
f 5073 4771 4770
f 5074 4771 5073
f 5074 4772 4771
f 5075 4772 5074
f 5075 4773 4772
f 5076 4773 5075
f 5076 4774 4773
f 5077 4774 5076
f 5077 4775 4774
f 5078 4775 5077
f 5078 4776 4775
f 5079 4776 5078
f 5079 4777 4776
f 5080 4777 5079
f 5080 4778 4777
f 4786 4778 4787
f 4778 5081 4787
f 4778 5080 5081
f 5082 4788 5081
f 5081 4788 4787
f 5083 4789 5082
f 5082 4789 4788
f 5087 4789 5083
f 4780 4779 4792
f 4792 4779 4791
f 4792 5090 5084
f 4781 4792 5084
f 4780 4792 4781
f 5084 5085 4781
f 4794 4793 4782
f 4794 4782 4783
f 4794 4783 4795
f 4795 4783 4784
f 4795 4784 4796
f 4796 4784 4785
f 4796 4785 4797
f 4797 4785 4786
f 4787 4797 4786
f 4798 4797 4787
f 4788 4798 4787
f 4799 4798 4788
f 4789 4799 4788
f 4800 4799 4789
f 5100 4800 5087
f 5087 4800 4789
f 4802 4803 4790
f 5101 5089 4803
f 4803 5089 4790
f 5089 4792 4790
f 4792 4791 4790
f 5089 5090 4792
f 4793 4794 4805
f 4793 4805 4804
f 5103 4805 5092
f 4805 4795 5092
f 4805 4794 4795
f 4796 5093 4795
f 4795 5093 5092
f 4797 5094 4796
f 4796 5094 5093
f 4798 5096 4797
f 4797 5096 5094
f 4799 5098 4798
f 4798 5098 5096
f 4800 5099 4799
f 4799 5099 5098
f 5100 5099 4800
f 4806 4807 4801
f 4801 4807 4802
f 4807 4803 4802
f 4807 4808 4803
f 4808 5108 5101
f 4808 5101 4803
f 4804 4805 4810
f 4804 4810 4809
f 5110 4810 5103
f 5103 4810 4805
f 4807 4806 4812
f 4812 4806 4811
f 4812 5112 5107
f 4808 4812 5107
f 4807 4812 4808
f 5107 5108 4808
f 4809 4810 4814
f 4809 4814 4813
f 5114 4814 5110
f 5110 4814 4810
f 4812 4811 5111
f 4811 5115 5111
f 4811 4815 5115
f 5111 5112 4812
f 4813 4814 4817
f 4813 4817 4816
f 5117 4817 5114
f 5114 4817 4814
f 4815 5119 5115
f 4815 4819 5119
f 4818 4816 4817
f 4817 5117 4818
f 5117 4820 4818
f 5117 5121 4820
f 4819 5125 5119
f 4819 4822 5125
f 5121 5123 4824
f 4823 5121 4824
f 4820 5121 4823
f 5126 4824 5123
f 4825 4826 4821
f 4826 4827 4821
f 4822 5128 5125
f 4822 4828 5128
f 4823 4824 4830
f 4823 4830 4829
f 5129 4830 5126
f 5126 4830 4824
f 4826 4825 4833
f 4833 4825 4832
f 4833 4834 4826
f 4826 4834 4827
f 4828 5131 5128
f 4828 4835 5131
f 4829 4830 4837
f 4829 4837 4836
f 5132 4837 5129
f 5129 4837 4830
f 4839 4840 4831
f 4831 4840 4832
f 4840 4833 4832
f 4840 4841 4833
f 4841 4842 4833
f 4833 4842 4834
f 4835 5134 5131
f 4835 4843 5134
f 4836 4837 4845
f 4836 4845 4844
f 5135 4845 5132
f 5132 4845 4837
f 4848 4849 4838
f 4838 4849 4839
f 4849 4840 4839
f 4849 4850 4840
f 4850 4841 4840
f 4850 4851 4841
f 4851 4852 4841
f 4841 4852 4842
f 4843 5139 5134
f 4843 4853 5139
f 4846 4844 4845
f 4845 5135 4846
f 5135 4854 4846
f 5135 5141 4854
f 4856 4857 4847
f 5144 5137 4857
f 4857 5137 4847
f 5137 4849 4847
f 4849 4848 4847
f 5138 4850 4849
f 5138 4849 5137
f 4850 5138 5147
f 4858 4850 5147
f 4851 4850 4858
f 4858 4859 4851
f 4851 4859 4852
f 4853 5148 5139
f 4853 4860 5148
f 4861 5140 5151
f 4861 4862 5140
f 4862 5141 5140
f 4862 4854 5141
f 4864 4865 4855
f 5154 5143 4865
f 4865 5143 4855
f 5143 4857 4855
f 4857 4856 4855
f 5143 5144 4857
f 4858 5147 5157
f 4858 5157 4866
f 4866 4868 4858
f 4858 4868 4859
f 5150 5148 4870
f 5148 4869 4870
f 5148 4860 4869
f 4870 5158 5150
f 4861 5151 5162
f 4861 5162 4872
f 4862 4861 4863
f 4861 4873 4863
f 4861 4872 4873
f 5165 5153 4873
f 4873 5153 4863
f 5153 4865 4863
f 4865 4864 4863
f 5153 5154 4865
f 4874 4867 4866
f 5157 4874 4866
f 5168 4874 5157
f 4867 4868 4866
f 4869 4871 4870
f 4875 4876 4871
f 4871 4876 4870
f 4876 5160 4870
f 5160 5158 4870
f 4876 5169 5160
f 4872 5162 5176
f 4872 5176 4878
f 4878 5177 5164
f 4873 4878 5164
f 4872 4878 4873
f 5164 5165 4873
f 4879 5167 5179
f 4879 4880 5167
f 4880 5168 5167
f 4880 4874 5168
f 4875 4877 4876
f 5169 4876 4877
f 4881 5169 4877
f 5182 5169 4881
f 4882 5175 5193
f 4878 5176 5175
f 4882 4878 5175
f 4883 4878 4882
f 4883 5194 5177
f 4883 5177 4878
f 5181 4879 5179
f 5181 5196 4879
f 5196 4880 4879
f 5196 4884 4880
f 5184 5182 4886
f 5182 4885 4886
f 5182 4881 4885
f 4886 5197 5184
f 4888 5190 5206
f 4889 5191 5190
f 4889 5190 4888
f 4890 5192 5191
f 4890 5191 4889
f 4890 5208 5192
f 4882 5193 5212
f 4882 5212 4891
f 4891 4883 4882
f 4891 4892 4883
f 4892 5213 5194
f 4892 5194 4883
f 5215 4884 5196
f 4893 4884 5215
f 4885 4887 4886
f 4894 4895 4887
f 4887 4895 4886
f 4895 5199 4886
f 5199 5197 4886
f 4896 5201 5199
f 4896 5199 4895
f 4897 5203 5201
f 4897 5201 4896
f 4898 5205 5203
f 4898 5203 4897
f 4888 5206 5205
f 4898 4888 5205
f 4899 4888 4898
f 4899 4889 4888
f 4899 4900 4889
f 4900 4890 4889
f 4900 4901 4890
f 4902 5209 5208
f 4890 4902 5208
f 4901 4902 4890
f 4903 5210 5209
f 4903 5209 4902
f 4904 5211 5210
f 4904 5210 4903
f 4891 5212 5211
f 4904 4891 5211
f 4905 4891 4904
f 4905 4892 4891
f 4905 4906 4892
f 4906 5218 5213
f 4906 5213 4892
f 5215 5217 4908
f 4907 5215 4908
f 4893 5215 4907
f 5222 4908 5217
f 4895 4894 4910
f 4910 4894 4909
f 4910 4896 4895
f 4910 4912 4896
f 4912 4897 4896
f 4912 4913 4897
f 4913 4898 4897
f 4913 4914 4898
f 4914 4899 4898
f 4914 4915 4899
f 4915 4900 4899
f 4915 4916 4900
f 4916 4901 4900
f 4916 4917 4901
f 4917 4902 4901
f 4917 4918 4902
f 4918 4903 4902
f 4918 4919 4903
f 4919 4904 4903
f 4919 4920 4904
f 4920 4905 4904
f 4920 4921 4905
f 4921 4906 4905
f 4921 4922 4906
f 4922 5223 5218
f 4922 5218 4906
f 4907 4908 5221
f 5225 4907 5221
f 4923 4907 5225
f 5222 5221 4908
f 4909 4911 4910
f 4924 4925 4911
f 4925 4910 4911
f 4925 4912 4910
f 4925 4913 4912
f 4925 4927 4913
f 4927 4914 4913
f 4927 4929 4914
f 4929 4915 4914
f 4929 4931 4915
f 4931 4916 4915
f 4931 4933 4916
f 4933 4917 4916
f 4933 4935 4917
f 4935 4918 4917
f 4935 4937 4918
f 4937 4919 4918
f 4937 4938 4919
f 4938 4920 4919
f 4938 4939 4920
f 4939 4921 4920
f 4939 4940 4921
f 4940 4922 4921
f 4940 4941 4922
f 4941 5227 5223
f 4941 5223 4922
f 5229 4923 5225
f 4942 4923 5229
f 4924 4926 4925
f 4925 4926 4927
f 4927 4926 4928
f 4927 4928 4929
f 4929 4928 4930
f 4929 4930 4931
f 4931 4930 4932
f 4931 4932 4933
f 4933 4932 4934
f 4933 4934 4935
f 4935 4934 4936
f 4943 4944 4936
f 4944 4935 4936
f 4944 4937 4935
f 4944 4938 4937
f 4944 4946 4938
f 4946 4939 4938
f 4946 4948 4939
f 4948 4940 4939
f 4948 4950 4940
f 4950 5230 5226
f 4941 4950 5226
f 4940 4950 4941
f 5226 5227 4941
f 5235 4942 5229
f 4953 4942 5235
f 4943 4945 4944
f 4944 4945 4946
f 4946 4945 4947
f 4946 4947 4948
f 4948 4947 4949
f 4948 4949 4950
f 4950 4949 4951
f 5230 4950 4951
f 4954 5230 4951
f 5236 5230 4954
f 5234 5242 4955
f 5234 4955 4952
f 4952 4953 5234
f 5234 4953 5235
f 4954 5243 5236
f 4954 4956 5243
f 4957 5241 5251
f 4957 4959 5241
f 4959 5242 5241
f 4959 4955 5242
f 5245 5243 4961
f 5243 4960 4961
f 5243 4956 4960
f 4961 5252 5245
f 4963 5248 5255
f 4965 5250 5248
f 4965 5248 4963
f 4967 4958 4957
f 4967 4957 5251
f 4965 4967 5251
f 5250 4965 5251
f 4958 4959 4957
f 4960 4962 4961
f 4968 4969 4962
f 4962 4969 4961
f 4969 5254 4961
f 5254 5252 4961
f 4971 4964 4963
f 4971 4963 5255
f 4969 4971 5255
f 5254 4969 5255
f 4963 4964 4965
f 4965 4964 4966
f 4966 4967 4965
f 4968 4970 4969
f 4970 4971 4969
f 4978 4979 4972
f 4972 4979 4973
f 4973 4979 4980
f 4973 4980 4974
f 4974 4980 4981
f 4974 4981 4975
f 4975 4981 4982
f 4982 4984 4975
f 4985 4986 4976
f 5259 5256 4986
f 5256 4976 4986
f 5256 4977 4976
f 5257 4979 4978
f 4977 5257 4978
f 5256 5257 4977
f 5258 4980 4979
f 5258 4979 5257
f 4980 5258 5265
f 4987 4980 5265
f 4981 4980 4987
f 4983 4982 4988
f 4982 4987 4988
f 4982 4981 4987
f 4983 4984 4982
f 4986 4985 4990
f 4990 4985 4989
f 4992 5261 5259
f 4986 4992 5259
f 4990 4992 4986
f 4992 5266 5261
f 4993 5264 5268
f 4987 5265 5264
f 4993 4987 5264
f 4994 4987 4993
f 4994 4996 4987
f 4987 4996 4988
f 4989 4991 4990
f 4997 4998 4991
f 4998 4990 4991
f 4998 4992 4990
f 4998 5269 5266
f 4998 5266 4992
f 4993 5268 5272
f 4993 5272 5000
f 4995 4994 5002
f 4994 5000 5002
f 4994 4993 5000
f 4995 4996 4994
f 4997 4999 4998
f 5003 5004 4999
f 4999 5004 4998
f 5004 5271 4998
f 5271 5269 4998
f 5005 5001 5000
f 5005 5000 5272
f 5004 5005 5272
f 5271 5004 5272
f 5001 5002 5000
f 5004 5003 5007
f 5007 5003 5006
f 5007 5009 5004
f 5004 5009 5005
f 5006 5008 5007
f 5008 5009 5007
f 5013 5014 5010
f 5010 5014 5011
f 5011 5014 5015
f 5015 5017 5011
f 5019 5020 5012
f 5275 5273 5020
f 5020 5273 5012
f 5273 5014 5012
f 5014 5013 5012
f 5277 5021 5273
f 5021 5015 5273
f 5015 5014 5273
f 5015 5021 5016
f 5016 5017 5015
f 5022 5023 5018
f 5280 5274 5023
f 5023 5274 5018
f 5274 5020 5018
f 5020 5019 5018
f 5274 5275 5020
f 5282 5021 5277
f 5025 5021 5282
f 5023 5022 5279
f 5022 5284 5279
f 5022 5027 5284
f 5279 5280 5023
f 5281 5286 5028
f 5281 5028 5024
f 5024 5025 5281
f 5281 5025 5282
f 5288 5283 5030
f 5030 5283 5026
f 5027 5026 5283
f 5027 5283 5284
f 5290 5028 5286
f 5031 5028 5290
f 5032 5033 5029
f 5030 5029 5033
f 5292 5030 5033
f 5288 5030 5292
f 5294 5031 5290
f 5034 5031 5294
f 5033 5032 5291
f 5032 5295 5291
f 5032 5035 5295
f 5291 5292 5033
f 5036 5293 5297
f 5036 5037 5293
f 5037 5294 5293
f 5037 5034 5294
f 5035 5299 5295
f 5035 5039 5299
f 5036 5297 5301
f 5036 5301 5042
f 5037 5036 5038
f 5036 5043 5038
f 5036 5042 5043
f 5043 5044 5038
f 5046 5303 5040
f 5303 5039 5040
f 5303 5299 5039
f 5046 5040 5041
f 5046 5041 5047
f 5048 5047 5041
f 5302 5042 5301
f 5042 5302 5307
f 5050 5042 5307
f 5043 5042 5050
f 5044 5043 5045
f 5043 5051 5045
f 5043 5050 5051
f 5051 5052 5045
f 5046 5305 5303
f 5305 5046 5311
f 5046 5054 5311
f 5046 5047 5054
f 5047 5048 5049
f 5055 5047 5049
f 5054 5047 5055
f 5056 5055 5049
f 5308 5050 5307
f 5309 5051 5050
f 5309 5050 5308
f 5060 5053 5315
f 5315 5053 5309
f 5053 5052 5309
f 5052 5051 5309
f 5060 5062 5053
f 5054 5312 5311
f 5312 5054 5319
f 5054 5063 5319
f 5054 5055 5063
f 5055 5056 5057
f 5064 5055 5057
f 5063 5055 5064
f 5064 5057 5058
f 5064 5058 5065
f 5065 5058 5059
f 5065 5059 5066
f 5315 5059 5061
f 5060 5315 5061
f 5315 5066 5059
f 5067 5315 5316
f 5315 5067 5066
f 5061 5062 5060
f 5327 5067 5316
f 5063 5320 5319
f 5064 5321 5063
f 5063 5321 5320
f 5065 5322 5064
f 5064 5322 5321
f 5066 5324 5065
f 5065 5324 5322
f 5067 5326 5066
f 5066 5326 5324
f 5327 5326 5067
f 5085 5086 5068
f 5349 5332 5086
f 5332 5068 5086
f 5332 5069 5068
f 5333 5069 5332
f 5333 5070 5069
f 5334 5070 5333
f 5334 5071 5070
f 5335 5071 5334
f 5335 5072 5071
f 5336 5072 5335
f 5336 5073 5072
f 5337 5073 5336
f 5337 5074 5073
f 5338 5074 5337
f 5338 5075 5074
f 5339 5075 5338
f 5339 5076 5075
f 5340 5076 5339
f 5340 5077 5076
f 5341 5077 5340
f 5341 5078 5077
f 5342 5078 5341
f 5342 5079 5078
f 5343 5079 5342
f 5343 5080 5079
f 5344 5080 5343
f 5344 5081 5080
f 5345 5081 5344
f 5345 5082 5081
f 5346 5082 5345
f 5346 5083 5082
f 5087 5083 5088
f 5083 5347 5088
f 5083 5346 5347
f 5354 5088 5347
f 5090 5091 5084
f 5356 5348 5091
f 5091 5348 5084
f 5348 5086 5084
f 5086 5085 5084
f 5348 5349 5086
f 5095 5351 5359
f 5097 5352 5351
f 5097 5351 5095
f 5097 5363 5352
f 5087 5088 5353
f 5365 5087 5353
f 5100 5087 5365
f 5354 5353 5088
f 5101 5102 5089
f 5366 5355 5102
f 5102 5355 5089
f 5355 5091 5089
f 5091 5090 5089
f 5355 5356 5091
f 5358 5371 5103
f 5358 5103 5092
f 5093 5104 5372
f 5358 5093 5372
f 5092 5093 5358
f 5104 5093 5094
f 5104 5094 5105
f 5359 5094 5096
f 5095 5359 5096
f 5359 5105 5094
f 5106 5359 5361
f 5359 5106 5105
f 5098 5097 5096
f 5097 5095 5096
f 5379 5106 5361
f 5097 5098 5363
f 5098 5364 5363
f 5098 5099 5364
f 5099 5100 5364
f 5364 5100 5365
f 5102 5101 5109
f 5109 5101 5108
f 5109 5381 5366
f 5109 5366 5102
f 5385 5103 5371
f 5110 5103 5385
f 5104 5374 5372
f 5105 5376 5104
f 5104 5376 5374
f 5106 5378 5105
f 5105 5378 5376
f 5379 5378 5106
f 5112 5113 5107
f 5387 5380 5113
f 5113 5380 5107
f 5380 5109 5107
f 5109 5108 5107
f 5380 5381 5109
f 5391 5110 5385
f 5114 5110 5391
f 5115 5116 5111
f 5393 5386 5116
f 5116 5386 5111
f 5386 5113 5111
f 5113 5112 5111
f 5386 5387 5113
f 5391 5392 5118
f 5117 5391 5118
f 5114 5391 5117
f 5398 5118 5392
f 5116 5115 5120
f 5120 5115 5119
f 5120 5401 5393
f 5120 5393 5116
f 5117 5118 5122
f 5117 5122 5121
f 5399 5124 5398
f 5124 5118 5398
f 5124 5122 5118
f 5404 5124 5399
f 5120 5119 5400
f 5119 5405 5400
f 5119 5125 5405
f 5400 5401 5120
f 5123 5121 5122
f 5127 5126 5123
f 5122 5127 5123
f 5124 5127 5122
f 5407 5127 5404
f 5404 5127 5124
f 5125 5408 5405
f 5125 5128 5408
f 5126 5127 5130
f 5126 5130 5129
f 5409 5130 5407
f 5407 5130 5127
f 5128 5411 5408
f 5128 5131 5411
f 5129 5130 5133
f 5129 5133 5132
f 5412 5133 5409
f 5409 5133 5130
f 5131 5414 5411
f 5131 5134 5414
f 5132 5133 5136
f 5132 5136 5135
f 5415 5136 5412
f 5412 5136 5133
f 5134 5417 5414
f 5134 5139 5417
f 5135 5136 5142
f 5135 5142 5141
f 5421 5142 5415
f 5415 5142 5136
f 5144 5145 5137
f 5137 5145 5138
f 5138 5145 5146
f 5146 5147 5138
f 5419 5417 5149
f 5417 5148 5149
f 5417 5139 5148
f 5149 5424 5419
f 5152 5151 5140
f 5420 5428 5152
f 5420 5152 5140
f 5142 5420 5140
f 5141 5142 5140
f 5421 5420 5142
f 5431 5423 5154
f 5154 5423 5143
f 5143 5423 5144
f 5423 5155 5144
f 5155 5145 5144
f 5423 5433 5155
f 5155 5146 5145
f 5155 5156 5146
f 5156 5157 5146
f 5146 5157 5147
f 5148 5150 5149
f 5158 5159 5150
f 5150 5159 5149
f 5159 5426 5149
f 5426 5424 5149
f 5161 5427 5426
f 5161 5426 5159
f 5161 5436 5427
f 5151 5152 5163
f 5151 5163 5162
f 5442 5163 5428
f 5428 5163 5152
f 5443 5430 5165
f 5165 5430 5153
f 5154 5153 5430
f 5154 5430 5431
f 5434 5155 5433
f 5155 5434 5447
f 5166 5155 5447
f 5156 5155 5166
f 5166 5168 5156
f 5156 5168 5157
f 5158 5160 5159
f 5169 5170 5160
f 5170 5159 5160
f 5170 5161 5159
f 5171 5437 5436
f 5161 5171 5436
f 5170 5171 5161
f 5172 5438 5437
f 5172 5437 5171
f 5173 5439 5438
f 5173 5438 5172
f 5174 5440 5439
f 5174 5439 5173
f 5174 5450 5440
f 5162 5163 5441
f 5453 5162 5441
f 5176 5162 5453
f 5442 5441 5163
f 5178 5164 5177
f 5165 5164 5178
f 5455 5165 5178
f 5443 5165 5455
f 5447 5448 5180
f 5179 5447 5180
f 5447 5167 5166
f 5447 5179 5167
f 5167 5168 5166
f 5459 5180 5448
f 5170 5169 5183
f 5183 5169 5182
f 5183 5171 5170
f 5183 5185 5171
f 5185 5172 5171
f 5185 5186 5172
f 5186 5173 5172
f 5186 5187 5173
f 5187 5174 5173
f 5187 5188 5174
f 5189 5451 5450
f 5174 5189 5450
f 5188 5189 5174
f 5189 5460 5451
f 5452 5463 5193
f 5452 5193 5175
f 5175 5176 5452
f 5452 5176 5453
f 5178 5177 5195
f 5195 5177 5194
f 5195 5465 5455
f 5195 5455 5178
f 5181 5179 5180
f 5180 5459 5181
f 5459 5196 5181
f 5459 5467 5196
f 5182 5184 5183
f 5197 5198 5184
f 5198 5183 5184
f 5198 5185 5183
f 5198 5186 5185
f 5198 5200 5186
f 5200 5187 5186
f 5200 5202 5187
f 5202 5188 5187
f 5202 5204 5188
f 5190 5189 5206
f 5189 5204 5206
f 5189 5188 5204
f 5189 5190 5460
f 5190 5462 5460
f 5190 5191 5462
f 5192 5207 5469
f 5462 5192 5469
f 5191 5192 5462
f 5208 5207 5192
f 5474 5193 5463
f 5212 5193 5474
f 5195 5194 5214
f 5214 5194 5213
f 5214 5475 5465
f 5214 5465 5195
f 5467 5468 5216
f 5215 5467 5216
f 5196 5467 5215
f 5479 5216 5468
f 5197 5199 5198
f 5198 5199 5200
f 5200 5199 5201
f 5200 5201 5202
f 5202 5201 5203
f 5202 5203 5204
f 5204 5203 5205
f 5205 5206 5204
f 5207 5470 5469
f 5208 5209 5207
f 5209 5470 5207
f 5209 5471 5470
f 5209 5472 5471
f 5210 5472 5209
f 5210 5473 5472
f 5211 5473 5210
f 5211 5212 5473
f 5473 5212 5474
f 5214 5213 5219
f 5219 5213 5218
f 5219 5482 5475
f 5219 5475 5214
f 5485 5220 5217
f 5215 5485 5217
f 5485 5216 5478
f 5485 5215 5216
f 5216 5479 5478
f 5222 5217 5220
f 5219 5218 5224
f 5224 5218 5223
f 5224 5486 5482
f 5224 5482 5219
f 5225 5221 5220
f 5485 5225 5220
f 5490 5225 5485
f 5221 5222 5220
f 5224 5223 5228
f 5228 5223 5227
f 5228 5491 5486
f 5228 5486 5224
f 5497 5225 5490
f 5229 5225 5497
f 5230 5231 5226
f 5226 5231 5227
f 5231 5228 5227
f 5231 5232 5228
f 5232 5498 5491
f 5232 5491 5228
f 5233 5496 5504
f 5233 5235 5496
f 5235 5497 5496
f 5235 5229 5497
f 5231 5230 5237
f 5237 5230 5236
f 5237 5232 5231
f 5237 5238 5232
f 5238 5505 5498
f 5238 5498 5232
f 5239 5501 5508
f 5240 5503 5501
f 5240 5501 5239
f 5242 5234 5233
f 5242 5233 5504
f 5240 5242 5504
f 5503 5240 5504
f 5234 5235 5233
f 5237 5236 5244
f 5244 5236 5243
f 5244 5238 5237
f 5244 5246 5238
f 5247 5507 5505
f 5238 5247 5505
f 5246 5247 5238
f 5239 5508 5507
f 5247 5239 5507
f 5249 5239 5247
f 5241 5240 5251
f 5240 5249 5251
f 5240 5239 5249
f 5241 5242 5240
f 5243 5245 5244
f 5252 5253 5245
f 5253 5244 5245
f 5253 5246 5244
f 5248 5247 5255
f 5247 5253 5255
f 5247 5246 5253
f 5247 5248 5249
f 5249 5248 5250
f 5250 5251 5249
f 5252 5254 5253
f 5254 5255 5253
f 5259 5260 5256
f 5256 5260 5257
f 5257 5260 5262
f 5257 5262 5258
f 5258 5262 5263
f 5263 5265 5258
f 5259 5261 5260
f 5266 5267 5261
f 5267 5260 5261
f 5267 5262 5260
f 5264 5263 5268
f 5263 5267 5268
f 5263 5262 5267
f 5264 5265 5263
f 5267 5266 5270
f 5270 5266 5269
f 5270 5272 5267
f 5267 5272 5268
f 5269 5271 5270
f 5271 5272 5270
f 5275 5276 5273
f 5277 5273 5276
f 5509 5278 5512
f 5515 5278 5509
f 5516 5510 5280
f 5280 5510 5274
f 5511 5276 5275
f 5274 5511 5275
f 5510 5511 5274
f 5514 5512 5278
f 5511 5277 5276
f 5511 5518 5277
f 5518 5282 5277
f 5515 5514 5278
f 5284 5285 5279
f 5280 5279 5285
f 5521 5280 5285
f 5516 5280 5521
f 5287 5286 5281
f 5281 5282 5287
f 5282 5523 5287
f 5282 5518 5523
f 5288 5289 5283
f 5525 5520 5289
f 5289 5520 5283
f 5520 5285 5283
f 5285 5284 5283
f 5520 5521 5285
f 5286 5287 5522
f 5526 5286 5522
f 5290 5286 5526
f 5523 5522 5287
f 5289 5288 5524
f 5288 5528 5524
f 5288 5292 5528
f 5524 5525 5289
f 5530 5290 5526
f 5294 5290 5530
f 5295 5296 5291
f 5292 5291 5296
f 5531 5292 5296
f 5528 5292 5531
f 5298 5297 5293
f 5293 5294 5298
f 5294 5533 5298
f 5294 5530 5533
f 5296 5295 5300
f 5300 5295 5299
f 5300 5534 5531
f 5300 5531 5296
f 5297 5298 5532
f 5535 5297 5532
f 5301 5297 5535
f 5533 5532 5298
f 5300 5299 5304
f 5304 5299 5303
f 5304 5538 5534
f 5304 5534 5300
f 5539 5306 5302
f 5301 5539 5302
f 5535 5539 5301
f 5306 5307 5302
f 5310 5541 5537
f 5303 5305 5304
f 5538 5304 5305
f 5311 5538 5305
f 5538 5310 5537
f 5538 5311 5310
f 5540 5306 5539
f 5313 5308 5544
f 5544 5308 5540
f 5308 5307 5540
f 5307 5306 5540
f 5308 5313 5309
f 5309 5313 5314
f 5314 5315 5309
f 5541 5310 5546
f 5546 5310 5317
f 5310 5311 5312
f 5318 5310 5312
f 5317 5310 5318
f 5319 5318 5312
f 5545 5313 5544
f 5313 5545 5551
f 5323 5313 5551
f 5314 5313 5323
f 5315 5314 5316
f 5314 5325 5316
f 5314 5323 5325
f 5325 5327 5316
f 5317 5548 5546
f 5318 5549 5317
f 5317 5549 5548
f 5320 5328 5554
f 5320 5554 5549
f 5319 5320 5549
f 5318 5319 5549
f 5328 5320 5321
f 5328 5321 5329
f 5329 5321 5322
f 5329 5322 5330
f 5551 5322 5324
f 5323 5551 5324
f 5551 5330 5322
f 5331 5551 5552
f 5551 5331 5330
f 5326 5325 5324
f 5325 5323 5324
f 5560 5331 5552
f 5326 5327 5325
f 5328 5555 5554
f 5329 5556 5328
f 5328 5556 5555
f 5330 5557 5329
f 5329 5557 5556
f 5331 5559 5330
f 5330 5559 5557
f 5560 5559 5331
f 5349 5350 5332
f 5581 5565 5350
f 5565 5332 5350
f 5565 5333 5332
f 5566 5333 5565
f 5566 5334 5333
f 5567 5334 5566
f 5567 5335 5334
f 5568 5335 5567
f 5568 5336 5335
f 5569 5336 5568
f 5569 5337 5336
f 5570 5337 5569
f 5570 5338 5337
f 5571 5338 5570
f 5571 5339 5338
f 5572 5339 5571
f 5572 5340 5339
f 5573 5340 5572
f 5573 5341 5340
f 5574 5341 5573
f 5574 5342 5341
f 5575 5342 5574
f 5575 5343 5342
f 5576 5343 5575
f 5576 5344 5343
f 5577 5344 5576
f 5577 5345 5344
f 5578 5345 5577
f 5578 5346 5345
f 5579 5346 5578
f 5579 5347 5346
f 5579 5585 5347
f 5347 5585 5354
f 5356 5357 5348
f 5586 5580 5357
f 5357 5580 5348
f 5580 5350 5348
f 5350 5349 5348
f 5580 5581 5350
f 5360 5359 5351
f 5360 5351 5352
f 5360 5352 5362
f 5363 5362 5352
f 5584 5597 5365
f 5584 5365 5353
f 5353 5354 5584
f 5584 5354 5585
f 5366 5367 5355
f 5355 5367 5356
f 5367 5357 5356
f 5367 5368 5357
f 5368 5599 5586
f 5368 5586 5357
f 5369 5589 5603
f 5370 5590 5589
f 5370 5589 5369
f 5590 5370 5371
f 5358 5590 5371
f 5591 5590 5358
f 5358 5372 5373
f 5592 5358 5373
f 5591 5358 5592
f 5375 5593 5592
f 5375 5592 5373
f 5359 5375 5377
f 5361 5359 5377
f 5359 5593 5375
f 5594 5359 5360
f 5359 5594 5593
f 5362 5595 5360
f 5595 5594 5360
f 5379 5361 5377
f 5363 5364 5362
f 5364 5595 5362
f 5364 5596 5595
f 5364 5365 5596
f 5596 5365 5597
f 5367 5366 5382
f 5382 5366 5381
f 5382 5604 5598
f 5368 5382 5598
f 5367 5382 5368
f 5598 5599 5368
f 5369 5603 5608
f 5369 5608 5383
f 5383 5370 5369
f 5383 5384 5370
f 5384 5385 5370
f 5370 5385 5371
f 5372 5374 5373
f 5373 5374 5375
f 5375 5374 5376
f 5375 5376 5377
f 5377 5376 5378
f 5378 5379 5377
f 5387 5388 5380
f 5380 5388 5381
f 5388 5382 5381
f 5388 5389 5382
f 5389 5611 5604
f 5389 5604 5382
f 5609 5383 5608
f 5383 5609 5615
f 5390 5383 5615
f 5384 5383 5390
f 5390 5391 5384
f 5384 5391 5385
f 5393 5394 5386
f 5386 5394 5387
f 5394 5388 5387
f 5394 5395 5388
f 5395 5617 5610
f 5389 5395 5610
f 5388 5395 5389
f 5610 5611 5389
f 5390 5615 5620
f 5390 5620 5396
f 5391 5390 5392
f 5390 5397 5392
f 5390 5396 5397
f 5397 5398 5392
f 5394 5393 5402
f 5402 5393 5401
f 5402 5624 5616
f 5395 5402 5616
f 5394 5402 5395
f 5616 5617 5395
f 5621 5396 5620
f 5622 5397 5396
f 5622 5396 5621
f 5403 5399 5628
f 5628 5399 5622
f 5399 5398 5622
f 5398 5397 5622
f 5403 5404 5399
f 5405 5406 5400
f 5631 5623 5406
f 5406 5623 5400
f 5623 5402 5400
f 5402 5401 5400
f 5623 5624 5402
f 5629 5403 5628
f 5629 5636 5403
f 5636 5404 5403
f 5636 5407 5404
f 5406 5405 5630
f 5405 5638 5630
f 5405 5408 5638
f 5630 5631 5406
f 5636 5637 5410
f 5409 5636 5410
f 5407 5636 5409
f 5643 5410 5637
f 5408 5644 5638
f 5408 5411 5644
f 5409 5410 5413
f 5409 5413 5412
f 5647 5413 5643
f 5643 5413 5410
f 5411 5648 5644
f 5411 5414 5648
f 5412 5413 5416
f 5412 5416 5415
f 5652 5416 5647
f 5647 5416 5413
f 5650 5648 5418
f 5648 5417 5418
f 5648 5414 5417
f 5418 5654 5650
f 5415 5416 5422
f 5415 5422 5421
f 5659 5422 5652
f 5652 5422 5416
f 5417 5419 5418
f 5424 5425 5419
f 5419 5425 5418
f 5425 5656 5418
f 5656 5654 5418
f 5425 5660 5656
f 5429 5428 5420
f 5658 5664 5429
f 5658 5429 5420
f 5422 5658 5420
f 5421 5422 5420
f 5659 5658 5422
f 5432 5423 5431
f 5432 5433 5423
f 5424 5426 5425
f 5426 5427 5425
f 5427 5666 5425
f 5666 5660 5425
f 5666 5427 5435
f 5436 5435 5427
f 5428 5429 5663
f 5673 5428 5663
f 5442 5428 5673
f 5664 5663 5429
f 5444 5430 5443
f 5430 5444 5431
f 5444 5432 5431
f 5444 5445 5432
f 5433 5432 5434
f 5432 5446 5434
f 5432 5445 5446
f 5446 5447 5434
f 5435 5668 5666
f 5436 5437 5435
f 5437 5668 5435
f 5437 5670 5668
f 5437 5671 5670
f 5438 5671 5437
f 5439 5449 5676
f 5671 5439 5676
f 5438 5439 5671
f 5672 5678 5449
f 5439 5672 5449
f 5440 5672 5439
f 5680 5672 5440
f 5680 5440 5450
f 5454 5453 5441
f 5441 5442 5454
f 5442 5685 5454
f 5442 5673 5685
f 5444 5443 5456
f 5456 5443 5455
f 5456 5686 5675
f 5445 5456 5675
f 5444 5456 5445
f 5445 5675 5688
f 5457 5445 5688
f 5446 5445 5457
f 5447 5446 5448
f 5446 5458 5448
f 5446 5457 5458
f 5458 5459 5448
f 5449 5677 5676
f 5678 5677 5449
f 5450 5451 5680
f 5680 5451 5682
f 5451 5460 5461
f 5683 5451 5461
f 5682 5451 5683
f 5461 5691 5683
f 5464 5463 5452
f 5684 5693 5464
f 5684 5464 5452
f 5454 5684 5452
f 5453 5454 5452
f 5685 5684 5454
f 5456 5455 5466
f 5466 5455 5465
f 5466 5694 5686
f 5466 5686 5456
f 5689 5457 5688
f 5690 5458 5457
f 5690 5457 5689
f 5690 5698 5458
f 5698 5459 5458
f 5698 5467 5459
f 5460 5462 5461
f 5691 5461 5462
f 5469 5691 5462
f 5699 5691 5469
f 5463 5464 5692
f 5703 5463 5692
f 5474 5463 5703
f 5693 5692 5464
f 5466 5465 5476
f 5476 5465 5475
f 5476 5705 5694
f 5476 5694 5466
f 5710 5477 5468
f 5467 5710 5468
f 5698 5710 5467
f 5477 5479 5468
f 5469 5470 5699
f 5699 5470 5701
f 5470 5702 5701
f 5471 5702 5470
f 5472 5480 5711
f 5702 5472 5711
f 5471 5472 5702
f 5480 5472 5473
f 5480 5473 5481
f 5473 5474 5481
f 5474 5714 5481
f 5474 5703 5714
f 5476 5475 5483
f 5483 5475 5482
f 5483 5715 5705
f 5483 5705 5476
f 5484 5709 5719
f 5485 5478 5477
f 5485 5477 5710
f 5484 5485 5710
f 5709 5484 5710
f 5478 5479 5477
f 5480 5712 5711
f 5481 5713 5480
f 5480 5713 5712
f 5714 5713 5481
f 5483 5482 5487
f 5487 5482 5486
f 5487 5720 5715
f 5487 5715 5483
f 5488 5718 5723
f 5484 5719 5718
f 5488 5484 5718
f 5489 5484 5488
f 5489 5490 5484
f 5484 5490 5485
f 5487 5486 5492
f 5492 5486 5491
f 5493 5722 5720
f 5487 5493 5720
f 5492 5493 5487
f 5488 5723 5722
f 5493 5488 5722
f 5494 5488 5493
f 5494 5489 5488
f 5494 5495 5489
f 5495 5497 5489
f 5489 5497 5490
f 5492 5491 5499
f 5499 5491 5498
f 5499 5493 5492
f 5499 5500 5493
f 5500 5494 5493
f 5500 5502 5494
f 5496 5495 5504
f 5495 5502 5504
f 5495 5494 5502
f 5496 5497 5495
f 5499 5498 5506
f 5506 5498 5505
f 5501 5500 5508
f 5500 5506 5508
f 5500 5499 5506
f 5500 5501 5502
f 5502 5501 5503
f 5503 5504 5502
f 5505 5507 5506
f 5507 5508 5506
f 5512 5513 5509
f 5513 5515 5509
f 5516 5517 5510
f 5727 5724 5517
f 5724 5510 5517
f 5724 5511 5510
f 5514 5513 5512
f 5725 5518 5511
f 5724 5725 5511
f 5519 5518 5725
f 5514 5515 5513
f 5731 5519 5725
f 5517 5516 5726
f 5516 5733 5726
f 5516 5521 5733
f 5726 5727 5517
f 5518 5519 5730
f 5734 5518 5730
f 5523 5518 5734
f 5731 5730 5519
f 5735 5732 5525
f 5525 5732 5520
f 5521 5520 5732
f 5521 5732 5733
f 5527 5526 5522
f 5522 5523 5527
f 5523 5738 5527
f 5523 5734 5738
f 5528 5529 5524
f 5525 5524 5529
f 5740 5525 5529
f 5735 5525 5740
f 5526 5527 5737
f 5741 5526 5737
f 5530 5526 5741
f 5738 5737 5527
f 5529 5528 5739
f 5528 5742 5739
f 5528 5531 5742
f 5739 5740 5529
f 5744 5530 5741
f 5533 5530 5744
f 5531 5745 5742
f 5531 5534 5745
f 5536 5535 5532
f 5532 5533 5536
f 5533 5748 5536
f 5533 5744 5748
f 5534 5749 5745
f 5534 5538 5749
f 5535 5536 5747
f 5751 5535 5747
f 5539 5535 5751
f 5748 5747 5536
f 5541 5542 5537
f 5538 5537 5542
f 5753 5538 5542
f 5749 5538 5753
f 5754 5543 5540
f 5539 5754 5540
f 5751 5754 5539
f 5543 5544 5540
f 5542 5541 5547
f 5547 5541 5546
f 5547 5757 5753
f 5547 5753 5542
f 5756 5543 5754
f 5550 5545 5759
f 5759 5545 5756
f 5545 5544 5756
f 5544 5543 5756
f 5550 5551 5545
f 5546 5548 5547
f 5548 5549 5547
f 5549 5761 5547
f 5761 5757 5547
f 5761 5549 5553
f 5554 5553 5549
f 5760 5550 5759
f 5558 5552 5764
f 5764 5552 5760
f 5552 5551 5760
f 5551 5550 5760
f 5558 5560 5552
f 5553 5762 5761
f 5555 5561 5767
f 5555 5767 5762
f 5554 5555 5762
f 5553 5554 5762
f 5561 5555 5556
f 5561 5556 5562
f 5562 5556 5557
f 5562 5557 5563
f 5764 5557 5559
f 5558 5764 5559
f 5764 5563 5557
f 5564 5764 5765
f 5764 5564 5563
f 5559 5560 5558
f 5773 5564 5765
f 5561 5768 5767
f 5562 5769 5561
f 5561 5769 5768
f 5563 5770 5562
f 5562 5770 5769
f 5564 5772 5563
f 5563 5772 5770
f 5773 5772 5564
f 5581 5582 5565
f 5565 5582 5566
f 5566 5582 5583
f 5792 5778 5583
f 5778 5566 5583
f 5778 5567 5566
f 5779 5567 5778
f 5779 5568 5567
f 5780 5568 5779
f 5780 5569 5568
f 5781 5569 5780
f 5781 5570 5569
f 5782 5570 5781
f 5782 5571 5570
f 5783 5571 5782
f 5783 5572 5571
f 5784 5572 5783
f 5784 5573 5572
f 5785 5573 5784
f 5785 5574 5573
f 5786 5574 5785
f 5786 5575 5574
f 5787 5575 5786
f 5787 5576 5575
f 5788 5576 5787
f 5788 5577 5576
f 5789 5577 5788
f 5789 5578 5577
f 5790 5578 5789
f 5790 5579 5578
f 5790 5796 5579
f 5579 5796 5585
f 5586 5587 5580
f 5580 5587 5581
f 5587 5582 5581
f 5587 5588 5582
f 5588 5797 5791
f 5583 5588 5791
f 5582 5588 5583
f 5791 5792 5583
f 5795 5820 5597
f 5795 5597 5584
f 5584 5585 5795
f 5795 5585 5796
f 5587 5586 5600
f 5600 5586 5599
f 5600 5588 5587
f 5600 5601 5588
f 5601 5822 5797
f 5601 5797 5588
f 5602 5803 5826
f 5803 5602 5603
f 5589 5803 5603
f 5805 5803 5589
f 5589 5807 5805
f 5590 5807 5589
f 5590 5809 5807
f 5591 5809 5590
f 5591 5811 5809
f 5592 5811 5591
f 5592 5813 5811
f 5593 5813 5592
f 5593 5815 5813
f 5594 5815 5593
f 5594 5817 5815
f 5595 5817 5594
f 5595 5819 5817
f 5596 5819 5595
f 5596 5597 5819
f 5819 5597 5820
f 5604 5605 5598
f 5598 5605 5599
f 5605 5600 5599
f 5605 5606 5600
f 5606 5827 5821
f 5601 5606 5821
f 5600 5606 5601
f 5821 5822 5601
f 5602 5826 5830
f 5602 5830 5607
f 5607 5608 5602
f 5602 5608 5603
f 5605 5604 5612
f 5612 5604 5611
f 5612 5606 5605
f 5612 5613 5606
f 5613 5833 5827
f 5613 5827 5606
f 5831 5607 5830
f 5614 5609 5836
f 5836 5609 5831
f 5609 5608 5831
f 5608 5607 5831
f 5614 5615 5609
f 5617 5618 5610
f 5610 5618 5611
f 5618 5612 5611
f 5618 5619 5612
f 5619 5839 5832
f 5613 5619 5832
f 5612 5619 5613
f 5832 5833 5613
f 5837 5614 5836
f 5837 5843 5614
f 5843 5615 5614
f 5843 5620 5615
f 5624 5625 5616
f 5616 5625 5617
f 5625 5618 5617
f 5625 5626 5618
f 5626 5845 5838
f 5619 5626 5838
f 5618 5626 5619
f 5838 5839 5619
f 5621 5620 5843
f 5621 5843 5844
f 5627 5622 5849
f 5622 5844 5849
f 5622 5621 5844
f 5627 5628 5622
f 5631 5632 5623
f 5623 5632 5624
f 5632 5625 5624
f 5632 5633 5625
f 5633 5626 5625
f 5633 5634 5626
f 5634 5852 5845
f 5634 5845 5626
f 5850 5627 5849
f 5635 5629 5855
f 5855 5629 5850
f 5629 5628 5850
f 5628 5627 5850
f 5635 5636 5629
f 5638 5639 5630
f 5630 5639 5631
f 5639 5632 5631
f 5639 5640 5632
f 5640 5633 5632
f 5640 5641 5633
f 5641 5858 5851
f 5634 5641 5851
f 5633 5641 5634
f 5851 5852 5634
f 5856 5635 5855
f 5642 5637 5862
f 5862 5637 5856
f 5637 5636 5856
f 5636 5635 5856
f 5642 5643 5637
f 5639 5638 5645
f 5645 5638 5644
f 5645 5640 5639
f 5645 5646 5640
f 5646 5864 5857
f 5641 5646 5857
f 5640 5646 5641
f 5857 5858 5641
f 5863 5642 5862
f 5863 5869 5642
f 5869 5643 5642
f 5869 5647 5643
f 5645 5644 5649
f 5649 5644 5648
f 5649 5646 5645
f 5649 5651 5646
f 5651 5871 5864
f 5651 5864 5646
f 5869 5870 5653
f 5652 5869 5653
f 5647 5869 5652
f 5877 5653 5870
f 5648 5650 5649
f 5654 5655 5650
f 5655 5649 5650
f 5655 5651 5649
f 5657 5873 5871
f 5651 5657 5871
f 5655 5657 5651
f 5657 5878 5873
f 5652 5653 5876
f 5883 5652 5876
f 5659 5652 5883
f 5877 5876 5653
f 5654 5656 5655
f 5660 5661 5656
f 5661 5655 5656
f 5661 5657 5655
f 5662 5880 5878
f 5657 5662 5878
f 5661 5662 5657
f 5662 5885 5880
f 5665 5664 5658
f 5658 5659 5665
f 5659 5890 5665
f 5659 5883 5890
f 5661 5660 5667
f 5667 5660 5666
f 5667 5662 5661
f 5667 5669 5662
f 5669 5891 5885
f 5669 5885 5662
f 5674 5673 5663
f 5889 5900 5674
f 5889 5674 5663
f 5665 5889 5663
f 5664 5665 5663
f 5890 5889 5665
f 5666 5668 5667
f 5667 5668 5669
f 5669 5668 5670
f 5669 5670 5891
f 5670 5893 5891
f 5670 5671 5893
f 5902 5893 5671
f 5902 5671 5676
f 5679 5678 5672
f 5672 5680 5681
f 5897 5672 5681
f 5672 5907 5679
f 5672 5897 5907
f 5681 5908 5897
f 5673 5674 5899
f 5913 5673 5899
f 5685 5673 5913
f 5900 5899 5674
f 5686 5687 5675
f 5687 5688 5675
f 5676 5677 5902
f 5902 5677 5904
f 5679 5906 5678
f 5906 5677 5678
f 5906 5904 5677
f 5907 5906 5679
f 5682 5681 5680
f 5681 5682 5908
f 5682 5910 5908
f 5682 5683 5910
f 5915 5910 5683
f 5915 5683 5691
f 5912 5919 5693
f 5912 5693 5684
f 5684 5685 5912
f 5912 5685 5913
f 5687 5686 5695
f 5695 5686 5694
f 5688 5687 5689
f 5687 5696 5689
f 5687 5695 5696
f 5689 5696 5690
f 5690 5696 5697
f 5697 5698 5690
f 5917 5915 5700
f 5915 5699 5700
f 5915 5691 5699
f 5700 5921 5917
f 5704 5703 5692
f 5692 5693 5704
f 5693 5926 5704
f 5693 5919 5926
f 5695 5694 5706
f 5706 5694 5705
f 5706 5696 5695
f 5706 5707 5696
f 5707 5697 5696
f 5707 5708 5697
f 5708 5710 5697
f 5697 5710 5698
f 5699 5701 5700
f 5700 5701 5921
f 5701 5923 5921
f 5701 5702 5923
f 5927 5923 5702
f 5927 5702 5711
f 5703 5704 5925
f 5932 5703 5925
f 5714 5703 5932
f 5926 5925 5704
f 5706 5705 5716
f 5716 5705 5715
f 5716 5707 5706
f 5716 5717 5707
f 5709 5708 5719
f 5708 5717 5719
f 5708 5707 5717
f 5709 5710 5708
f 5711 5712 5927
f 5927 5712 5929
f 5712 5931 5929
f 5713 5931 5712
f 5713 5714 5931
f 5931 5714 5932
f 5716 5715 5721
f 5721 5715 5720
f 5718 5717 5723
f 5717 5721 5723
f 5717 5716 5721
f 5718 5719 5717
f 5720 5722 5721
f 5722 5723 5721
f 5727 5728 5724
f 5724 5728 5725
f 5725 5728 5729
f 5729 5731 5725
f 5935 5933 5733
f 5733 5933 5726
f 5934 5728 5727
f 5726 5934 5727
f 5933 5934 5726
f 5938 5734 5934
f 5734 5729 5934
f 5729 5728 5934
f 5729 5734 5730
f 5730 5731 5729
f 5735 5736 5732
f 5733 5732 5736
f 5941 5733 5736
f 5935 5733 5941
f 5943 5734 5938
f 5738 5734 5943
f 5736 5735 5940
f 5735 5944 5940
f 5735 5740 5944
f 5940 5941 5736
f 5942 5946 5741
f 5942 5741 5737
f 5737 5738 5942
f 5942 5738 5943
f 5742 5743 5739
f 5740 5739 5743
f 5948 5740 5743
f 5944 5740 5948
f 5949 5741 5946
f 5744 5741 5949
f 5743 5742 5746
f 5746 5742 5745
f 5746 5950 5948
f 5746 5948 5743
f 5951 5744 5949
f 5748 5744 5951
f 5746 5745 5750
f 5750 5745 5749
f 5750 5953 5950
f 5750 5950 5746
f 5752 5751 5747
f 5747 5748 5752
f 5748 5954 5752
f 5748 5951 5954
f 5750 5749 5952
f 5749 5955 5952
f 5749 5753 5955
f 5952 5953 5750
f 5751 5752 5755
f 5751 5755 5754
f 5958 5755 5954
f 5954 5755 5752
f 5753 5959 5955
f 5753 5757 5959
f 5961 5758 5756
f 5754 5961 5756
f 5961 5755 5957
f 5961 5754 5755
f 5755 5958 5957
f 5759 5756 5758
f 5757 5964 5959
f 5757 5761 5964
f 5963 5758 5961
f 5763 5760 5966
f 5966 5760 5963
f 5760 5759 5963
f 5759 5758 5963
f 5763 5764 5760
f 5766 5968 5762
f 5968 5761 5762
f 5968 5964 5761
f 5767 5766 5762
f 5967 5763 5966
f 5771 5765 5972
f 5972 5765 5967
f 5765 5764 5967
f 5764 5763 5967
f 5771 5773 5765
f 5766 5970 5968
f 5768 5774 5975
f 5768 5975 5970
f 5767 5768 5970
f 5766 5767 5970
f 5774 5768 5769
f 5774 5769 5775
f 5775 5769 5770
f 5775 5770 5776
f 5972 5770 5772
f 5771 5972 5772
f 5972 5776 5770
f 5777 5972 5973
f 5972 5777 5776
f 5772 5773 5771
f 5981 5777 5973
f 5774 5976 5975
f 5775 5977 5774
f 5774 5977 5976
f 5776 5978 5775
f 5775 5978 5977
f 5777 5980 5776
f 5776 5980 5978
f 5981 5980 5777
f 5792 5793 5778
f 5778 5793 5779
f 5779 5793 5794
f 5993 5982 5794
f 5982 5779 5794
f 5982 5780 5779
f 5983 5780 5982
f 5983 5781 5780
f 5984 5781 5983
f 5984 5782 5781
f 5985 5782 5984
f 5985 5783 5782
f 5986 5783 5985
f 5986 5784 5783
f 5987 5784 5986
f 5987 5785 5784
f 5988 5785 5987
f 5988 5786 5785
f 5989 5786 5988
f 5989 5787 5786
f 5990 5787 5989
f 5990 5788 5787
f 5991 5788 5990
f 5991 5789 5788
f 5992 5789 5991
f 5992 5790 5789
f 5992 6016 5790
f 5790 6016 5796
f 5797 5798 5791
f 5791 5798 5792
f 5798 5793 5792
f 5798 5799 5793
f 5799 5794 5793
f 5799 5800 5794
f 5801 5995 5993
f 5794 5801 5993
f 5800 5801 5794
f 5802 5997 5995
f 5802 5995 5801
f 5804 5999 5997
f 5804 5997 5802
f 5806 6001 5999
f 5806 5999 5804
f 5808 6003 6001
f 5808 6001 5806
f 5810 6005 6003
f 5810 6003 5808
f 5812 6007 6005
f 5812 6005 5810
f 5814 6009 6007
f 5814 6007 5812
f 5816 6011 6009
f 5816 6009 5814
f 5818 6013 6011
f 5818 6011 5816
f 6013 5818 5820
f 5795 6013 5820
f 6015 6013 5795
f 5795 5796 6015
f 6015 5796 6016
f 5798 5797 5823
f 5823 5797 5822
f 5823 5799 5798
f 5823 5824 5799
f 5824 6019 6017
f 5800 5824 6017
f 5799 5824 5800
f 5800 6017 6021
f 5825 5800 6021
f 5801 5800 5825
f 5803 5802 5826
f 5802 5825 5826
f 5802 5801 5825
f 5802 5803 5804
f 5804 5803 5805
f 5804 5805 5806
f 5806 5805 5807
f 5806 5807 5808
f 5808 5807 5809
f 5808 5809 5810
f 5810 5809 5811
f 5810 5811 5812
f 5812 5811 5813
f 5812 5813 5814
f 5814 5813 5815
f 5814 5815 5816
f 5816 5815 5817
f 5816 5817 5818
f 5818 5817 5819
f 5819 5820 5818
f 5827 5828 5821
f 5821 5828 5822
f 5828 5823 5822
f 5828 5829 5823
f 5829 6023 6018
f 5824 5829 6018
f 5823 5829 5824
f 6018 6019 5824
f 6022 5825 6021
f 6022 6027 5825
f 6027 5826 5825
f 6027 5830 5826
f 5828 5827 5834
f 5834 5827 5833
f 5834 5829 5828
f 5834 5835 5829
f 5835 6029 6023
f 5835 6023 5829
f 5831 5830 6027
f 5831 6027 6028
f 6028 6034 5831
f 5831 6034 5836
f 5839 5840 5832
f 5832 5840 5833
f 5840 5834 5833
f 5840 5841 5834
f 5841 5835 5834
f 5841 5842 5835
f 5842 6037 6029
f 5842 6029 5835
f 5837 5836 6034
f 5837 6034 6035
f 6035 6043 5837
f 5837 6043 5843
f 5845 5846 5838
f 5838 5846 5839
f 5846 5840 5839
f 5846 5847 5840
f 5847 5841 5840
f 5847 5848 5841
f 5848 6046 6036
f 5842 5848 6036
f 5841 5848 5842
f 6036 6037 5842
f 5844 5843 6043
f 5844 6043 6044
f 6044 6054 5844
f 5844 6054 5849
f 5846 5845 5853
f 5853 5845 5852
f 5853 5847 5846
f 5853 5854 5847
f 5854 6057 6045
f 5848 5854 6045
f 5847 5854 5848
f 6045 6046 5848
f 5850 5849 6054
f 5850 6054 6055
f 6055 6061 5850
f 5850 6061 5855
f 5858 5859 5851
f 5851 5859 5852
f 5859 5853 5852
f 5859 5860 5853
f 5860 6062 6056
f 5854 5860 6056
f 5853 5860 5854
f 6056 6057 5854
f 6066 5861 5856
f 5855 6066 5856
f 6061 6066 5855
f 5861 5862 5856
f 5864 5865 5857
f 5857 5865 5858
f 5865 5859 5858
f 5865 5866 5859
f 5866 5860 5859
f 5866 5867 5860
f 5867 6069 6062
f 5867 6062 5860
f 6067 5861 6066
f 5868 5863 6072
f 6072 5863 6067
f 5863 5862 6067
f 5862 5861 6067
f 5868 5869 5863
f 5865 5864 5872
f 5872 5864 5871
f 5872 5866 5865
f 5872 5874 5866
f 5874 6074 6068
f 5867 5874 6068
f 5866 5874 5867
f 6068 6069 5867
f 6073 5868 6072
f 5875 5870 6079
f 6079 5870 6073
f 5870 5869 6073
f 5869 5868 6073
f 5875 5877 5870
f 5871 5873 5872
f 5878 5879 5873
f 5879 5872 5873
f 5879 5874 5872
f 5881 6076 6074
f 5874 5881 6074
f 5879 5881 5874
f 5882 6078 6076
f 5882 6076 5881
f 5882 6081 6078
f 6079 6080 5884
f 5883 6079 5884
f 6079 5876 5875
f 6079 5883 5876
f 5876 5877 5875
f 6087 5884 6080
f 5878 5880 5879
f 5885 5886 5880
f 5886 5879 5880
f 5886 5881 5879
f 5886 5882 5881
f 5886 5887 5882
f 5888 6083 6081
f 5882 5888 6081
f 5887 5888 5882
f 5888 6088 6083
f 5883 5884 6086
f 6097 5883 6086
f 5890 5883 6097
f 6087 6086 5884
f 5886 5885 5892
f 5892 5885 5891
f 5892 5887 5886
f 5892 5894 5887
f 5894 5888 5887
f 5894 5895 5888
f 5896 6090 6088
f 5888 5896 6088
f 5895 5896 5888
f 5898 6092 6090
f 5898 6090 5896
f 5898 6098 6092
f 5901 5900 5889
f 5889 5890 5901
f 5890 6106 5901
f 5890 6097 6106
f 5891 5893 5892
f 5902 5903 5893
f 5903 5892 5893
f 5903 5894 5892
f 5903 5895 5894
f 5903 5905 5895
f 5897 5896 5907
f 5896 5905 5907
f 5896 5895 5905
f 5908 5909 5897
f 5909 5896 5897
f 5909 5898 5896
f 5911 6100 6098
f 5898 5911 6098
f 5909 5911 5898
f 5911 6107 6100
f 5914 5913 5899
f 6105 6114 5914
f 6105 5914 5899
f 5901 6105 5899
f 5900 5901 5899
f 6106 6105 5901
f 5902 5904 5903
f 5903 5904 5905
f 5905 5904 5906
f 5906 5907 5905
f 5908 5910 5909
f 5915 5916 5910
f 5916 5909 5910
f 5916 5911 5909
f 5918 6109 6107
f 5911 5918 6107
f 5916 5918 5911
f 5918 6115 6109
f 5920 5919 5912
f 6113 6122 5920
f 6113 5920 5912
f 5914 6113 5912
f 5913 5914 5912
f 6114 6113 5914
f 5915 5917 5916
f 5921 5922 5917
f 5922 5916 5917
f 5922 5918 5916
f 5924 6117 6115
f 5918 5924 6115
f 5922 5924 5918
f 5924 6123 6117
f 5919 5920 6121
f 6128 5919 6121
f 5926 5919 6128
f 6122 6121 5920
f 5921 5923 5922
f 5927 5928 5923
f 5928 5922 5923
f 5928 5924 5922
f 5930 6125 6123
f 5924 5930 6123
f 5928 5930 5924
f 6125 5930 5932
f 5925 6125 5932
f 6127 6125 5925
f 5925 5926 6127
f 6127 5926 6128
f 5927 5929 5928
f 5928 5929 5930
f 5930 5929 5931
f 5931 5932 5930
f 5935 5936 5933
f 5933 5936 5934
f 5934 5936 5937
f 5938 5934 5937
f 6129 5939 6132
f 6135 5939 6129
f 5936 5935 6130
f 5935 6136 6130
f 5935 5941 6136
f 6131 5937 5936
f 6131 5936 6130
f 6134 6132 5939
f 6131 5938 5937
f 6131 6139 5938
f 6139 5943 5938
f 6135 6134 5939
f 5944 5945 5940
f 5941 5940 5945
f 6142 5941 5945
f 6136 5941 6142
f 5947 5946 5942
f 5942 5943 5947
f 5943 6144 5947
f 5943 6139 6144
f 5945 5944 6141
f 5944 6145 6141
f 5944 5948 6145
f 6141 6142 5945
f 5946 5947 6143
f 6147 5946 6143
f 5949 5946 6147
f 6144 6143 5947
f 5948 6149 6145
f 5948 5950 6149
f 6151 5949 6147
f 5951 5949 6151
f 5950 6153 6149
f 5950 5953 6153
f 6155 5951 6151
f 5954 5951 6155
f 5955 5956 5952
f 5953 5952 5956
f 6156 5953 5956
f 6153 5953 6156
f 6158 5954 6155
f 5958 5954 6158
f 5956 5955 5960
f 5960 5955 5959
f 5960 6159 6156
f 5960 6156 5956
f 5962 5961 5957
f 5957 5958 5962
f 5958 6160 5962
f 5958 6158 6160
f 5960 5959 5965
f 5965 5959 5964
f 5965 6161 6159
f 5965 6159 5960
f 5963 5961 5962
f 5962 6160 5963
f 6160 5966 5963
f 6160 6162 5966
f 5965 5964 5969
f 5969 5964 5968
f 5969 6164 6161
f 5969 6161 5965
f 6165 5971 5967
f 5966 6165 5967
f 6162 6165 5966
f 5971 5972 5967
f 5974 6167 6163
f 5968 5970 5969
f 6164 5969 5970
f 5975 6164 5970
f 6164 5974 6163
f 6164 5975 5974
f 6166 5971 6165
f 5979 5973 6174
f 6174 5973 6166
f 5973 5972 6166
f 5972 5971 6166
f 5979 5981 5973
f 5974 6169 6167
f 5975 5976 5974
f 5976 6169 5974
f 5976 6170 6169
f 5976 6171 6170
f 5977 6171 5976
f 5977 6173 6171
f 5978 6173 5977
f 6174 6173 5979
f 6173 5980 5979
f 6173 5978 5980
f 5980 5981 5979
f 5993 5994 5982
f 5982 5994 5983
f 5983 5994 5996
f 5983 5996 5984
f 5984 5996 5998
f 5984 5998 5985
f 5985 5998 6000
f 5985 6000 5986
f 5986 6000 6002
f 5986 6002 5987
f 5987 6002 6004
f 5987 6004 5988
f 5988 6004 6006
f 5988 6006 5989
f 5989 6006 6008
f 5989 6008 5990
f 5990 6008 6010
f 5990 6010 5991
f 5991 6010 6012
f 5991 6012 5992
f 5992 6012 6014
f 6014 6016 5992
f 5993 5995 5994
f 5994 5995 5996
f 5996 5995 5997
f 5996 5997 5998
f 5998 5997 5999
f 5998 5999 6000
f 6000 5999 6001
f 6000 6001 6002
f 6002 6001 6003
f 6002 6003 6004
f 6004 6003 6005
f 6004 6005 6006
f 6006 6005 6007
f 6006 6007 6008
f 6008 6007 6009
f 6008 6009 6010
f 6010 6009 6011
f 6010 6011 6012
f 6012 6011 6013
f 6012 6013 6014
f 6014 6013 6015
f 6015 6016 6014
f 6019 6020 6017
f 6020 6021 6017
f 6023 6024 6018
f 6018 6024 6019
f 6024 6020 6019
f 6024 6025 6020
f 6021 6020 6022
f 6020 6026 6022
f 6020 6025 6026
f 6026 6027 6022
f 6024 6023 6030
f 6030 6023 6029
f 6030 6025 6024
f 6030 6031 6025
f 6031 6026 6025
f 6031 6032 6026
f 6027 6026 6028
f 6026 6033 6028
f 6026 6032 6033
f 6033 6034 6028
f 6030 6029 6038
f 6038 6029 6037
f 6038 6031 6030
f 6038 6039 6031
f 6039 6032 6031
f 6039 6040 6032
f 6040 6033 6032
f 6040 6041 6033
f 6034 6033 6035
f 6033 6042 6035
f 6033 6041 6042
f 6042 6043 6035
f 6046 6047 6036
f 6036 6047 6037
f 6047 6038 6037
f 6047 6048 6038
f 6048 6039 6038
f 6048 6049 6039
f 6049 6040 6039
f 6049 6050 6040
f 6050 6041 6040
f 6050 6051 6041
f 6051 6042 6041
f 6051 6052 6042
f 6043 6042 6044
f 6042 6053 6044
f 6042 6052 6053
f 6053 6054 6044
f 6057 6058 6045
f 6045 6058 6046
f 6058 6047 6046
f 6058 6059 6047
f 6059 6048 6047
f 6059 6060 6048
f 6060 6186 6179
f 6049 6060 6179
f 6048 6060 6049
f 6180 6050 6049
f 6180 6049 6179
f 6181 6051 6050
f 6181 6050 6180
f 6182 6052 6051
f 6182 6051 6181
f 6183 6053 6052
f 6183 6052 6182
f 6055 6054 6053
f 6183 6055 6053
f 6184 6055 6183
f 6184 6193 6055
f 6055 6193 6061
f 6062 6063 6056
f 6056 6063 6057
f 6063 6058 6057
f 6063 6064 6058
f 6064 6059 6058
f 6064 6065 6059
f 6065 6195 6185
f 6060 6065 6185
f 6059 6065 6060
f 6185 6186 6060
f 6203 6061 6193
f 6066 6061 6203
f 6063 6062 6070
f 6070 6062 6069
f 6070 6064 6063
f 6070 6071 6064
f 6071 6206 6194
f 6065 6071 6194
f 6064 6071 6065
f 6194 6195 6065
f 6067 6066 6203
f 6067 6203 6204
f 6204 6216 6067
f 6067 6216 6072
f 6074 6075 6068
f 6068 6075 6069
f 6075 6070 6069
f 6075 6077 6070
f 6077 6218 6205
f 6071 6077 6205
f 6070 6077 6071
f 6205 6206 6071
f 6073 6072 6216
f 6073 6216 6217
f 6217 6227 6073
f 6073 6227 6079
f 6074 6076 6075
f 6075 6076 6077
f 6077 6076 6078
f 6081 6082 6078
f 6078 6082 6077
f 6082 6220 6077
f 6220 6218 6077
f 6084 6222 6220
f 6084 6220 6082
f 6084 6228 6222
f 6240 6085 6080
f 6079 6240 6080
f 6227 6240 6079
f 6085 6087 6080
f 6081 6083 6082
f 6088 6089 6083
f 6089 6082 6083
f 6089 6084 6082
f 6091 6230 6228
f 6084 6091 6228
f 6089 6091 6084
f 6093 6232 6230
f 6093 6230 6091
f 6094 6234 6232
f 6094 6232 6093
f 6094 6241 6234
f 6095 6237 6246
f 6096 6239 6237
f 6096 6237 6095
f 6097 6086 6085
f 6097 6085 6240
f 6096 6097 6240
f 6239 6096 6240
f 6086 6087 6085
f 6088 6090 6089
f 6089 6090 6091
f 6091 6090 6092
f 6098 6099 6092
f 6099 6091 6092
f 6099 6093 6091
f 6099 6094 6093
f 6099 6101 6094
f 6102 6243 6241
f 6094 6102 6241
f 6101 6102 6094
f 6102 6247 6243
f 6095 6246 6252
f 6095 6252 6103
f 6103 6096 6095
f 6103 6104 6096
f 6104 6106 6096
f 6096 6106 6097
f 6098 6100 6099
f 6107 6108 6100
f 6108 6099 6100
f 6108 6101 6099
f 6108 6102 6101
f 6108 6110 6102
f 6110 6253 6247
f 6110 6247 6102
f 6111 6251 6258
f 6103 6252 6251
f 6111 6103 6251
f 6112 6103 6111
f 6105 6104 6114
f 6104 6112 6114
f 6104 6103 6112
f 6105 6106 6104
f 6107 6109 6108
f 6115 6116 6109
f 6116 6108 6109
f 6116 6110 6108
f 6118 6255 6253
f 6110 6118 6253
f 6116 6118 6110
f 6119 6257 6255
f 6119 6255 6118
f 6111 6258 6257
f 6119 6111 6257
f 6120 6111 6119
f 6113 6112 6122
f 6112 6120 6122
f 6112 6111 6120
f 6113 6114 6112
f 6115 6117 6116
f 6123 6124 6117
f 6124 6116 6117
f 6124 6118 6116
f 6124 6119 6118
f 6124 6126 6119
f 6121 6120 6128
f 6120 6126 6128
f 6120 6119 6126
f 6121 6122 6120
f 6123 6125 6124
f 6124 6125 6126
f 6126 6125 6127
f 6127 6128 6126
f 6132 6133 6129
f 6133 6135 6129
f 6136 6137 6130
f 6130 6137 6131
f 6131 6137 6138
f 6138 6139 6131
f 6133 6132 6134
f 6259 6140 6262
f 6134 6135 6133
f 6265 6140 6259
f 6137 6136 6260
f 6136 6266 6260
f 6136 6142 6266
f 6261 6138 6137
f 6261 6137 6260
f 6264 6262 6140
f 6261 6139 6138
f 6261 6269 6139
f 6269 6144 6139
f 6265 6264 6140
f 6145 6146 6141
f 6142 6141 6146
f 6270 6142 6146
f 6266 6142 6270
f 6148 6147 6143
f 6143 6144 6148
f 6144 6272 6148
f 6144 6269 6272
f 6146 6145 6150
f 6150 6145 6149
f 6150 6273 6270
f 6150 6270 6146
f 6147 6148 6152
f 6147 6152 6151
f 6276 6152 6272
f 6272 6152 6148
f 6150 6149 6154
f 6154 6149 6153
f 6154 6277 6273
f 6154 6273 6150
f 6151 6152 6275
f 6279 6151 6275
f 6155 6151 6279
f 6276 6275 6152
f 6154 6153 6157
f 6157 6153 6156
f 6157 6282 6277
f 6157 6277 6154
f 6283 6155 6279
f 6158 6155 6283
f 6157 6156 6281
f 6156 6285 6281
f 6156 6159 6285
f 6281 6282 6157
f 6287 6158 6283
f 6160 6158 6287
f 6159 6288 6285
f 6159 6161 6288
f 6290 6160 6287
f 6162 6160 6290
f 6161 6291 6288
f 6161 6164 6291
f 6293 6162 6290
f 6165 6162 6293
f 6167 6168 6163
f 6164 6163 6168
f 6294 6164 6168
f 6291 6164 6294
f 6296 6172 6166
f 6165 6296 6166
f 6293 6296 6165
f 6172 6174 6166
f 6167 6169 6168
f 6169 6170 6168
f 6170 6299 6168
f 6299 6294 6168
f 6299 6170 6175
f 6175 6170 6171
f 6175 6171 6176
f 6296 6171 6173
f 6172 6296 6173
f 6296 6176 6171
f 6177 6296 6297
f 6296 6177 6176
f 6298 6178 6297
f 6178 6177 6297
f 6174 6172 6173
f 6307 6178 6298
f 6175 6301 6299
f 6176 6302 6175
f 6175 6302 6301
f 6177 6304 6176
f 6176 6304 6302
f 6178 6306 6177
f 6177 6306 6304
f 6307 6306 6178
f 6186 6187 6179
f 6179 6187 6180
f 6180 6187 6188
f 6180 6188 6181
f 6181 6188 6189
f 6181 6189 6182
f 6182 6189 6190
f 6182 6190 6183
f 6183 6190 6191
f 6183 6191 6184
f 6184 6191 6192
f 6192 6193 6184
f 6195 6196 6185
f 6185 6196 6186
f 6196 6187 6186
f 6196 6197 6187
f 6197 6188 6187
f 6197 6198 6188
f 6198 6189 6188
f 6198 6199 6189
f 6199 6190 6189
f 6199 6200 6190
f 6200 6191 6190
f 6200 6201 6191
f 6201 6192 6191
f 6201 6202 6192
f 6202 6203 6192
f 6192 6203 6193
f 6206 6207 6194
f 6194 6207 6195
f 6207 6196 6195
f 6207 6208 6196
f 6208 6197 6196
f 6208 6209 6197
f 6209 6198 6197
f 6209 6210 6198
f 6210 6199 6198
f 6210 6211 6199
f 6211 6200 6199
f 6211 6212 6200
f 6212 6201 6200
f 6212 6213 6201
f 6213 6202 6201
f 6213 6214 6202
f 6203 6202 6204
f 6202 6215 6204
f 6202 6214 6215
f 6215 6216 6204
f 6218 6219 6205
f 6205 6219 6206
f 6219 6207 6206
f 6219 6221 6207
f 6221 6208 6207
f 6221 6223 6208
f 6223 6209 6208
f 6223 6224 6209
f 6224 6210 6209
f 6224 6225 6210
f 6225 6316 6311
f 6211 6225 6311
f 6210 6225 6211
f 6312 6212 6211
f 6312 6211 6311
f 6313 6213 6212
f 6313 6212 6312
f 6314 6214 6213
f 6314 6213 6313
f 6315 6215 6214
f 6315 6214 6314
f 6226 6217 6324
f 6324 6217 6315
f 6217 6216 6315
f 6216 6215 6315
f 6226 6227 6217
f 6218 6220 6219
f 6219 6220 6221
f 6221 6220 6222
f 6228 6229 6222
f 6229 6221 6222
f 6229 6223 6221
f 6229 6224 6223
f 6229 6231 6224
f 6231 6225 6224
f 6231 6233 6225
f 6235 6318 6316
f 6225 6235 6316
f 6233 6235 6225
f 6235 6325 6318
f 6236 6323 6331
f 6226 6324 6323
f 6236 6226 6323
f 6238 6226 6236
f 6238 6240 6226
f 6226 6240 6227
f 6228 6230 6229
f 6229 6230 6231
f 6231 6230 6232
f 6231 6232 6233
f 6233 6232 6234
f 6241 6242 6234
f 6242 6233 6234
f 6242 6235 6233
f 6244 6327 6325
f 6235 6244 6325
f 6242 6244 6235
f 6244 6332 6327
f 6245 6330 6335
f 6246 6237 6236
f 6246 6236 6331
f 6245 6246 6331
f 6330 6245 6331
f 6236 6237 6238
f 6238 6237 6239
f 6239 6240 6238
f 6241 6243 6242
f 6247 6248 6243
f 6248 6242 6243
f 6248 6244 6242
f 6249 6334 6332
f 6244 6249 6332
f 6248 6249 6244
f 6245 6335 6334
f 6249 6245 6334
f 6250 6245 6249
f 6250 6252 6245
f 6245 6252 6246
f 6248 6247 6254
f 6254 6247 6253
f 6254 6249 6248
f 6254 6256 6249
f 6251 6250 6258
f 6250 6256 6258
f 6250 6249 6256
f 6251 6252 6250
f 6253 6255 6254
f 6254 6255 6256
f 6256 6255 6257
f 6257 6258 6256
f 6262 6263 6259
f 6263 6265 6259
f 6266 6267 6260
f 6260 6267 6261
f 6261 6267 6268
f 6264 6263 6262
f 6268 6269 6261
f 6264 6265 6263
f 6267 6266 6271
f 6271 6266 6270
f 6271 6337 6336
f 6268 6271 6336
f 6267 6271 6268
f 6336 6339 6268
f 6339 6269 6268
f 6339 6272 6269
f 6271 6270 6274
f 6274 6270 6273
f 6274 6340 6337
f 6274 6337 6271
f 6342 6272 6339
f 6276 6272 6342
f 6274 6273 6278
f 6278 6273 6277
f 6275 6274 6278
f 6279 6275 6278
f 6275 6340 6274
f 6344 6275 6280
f 6275 6344 6340
f 6275 6276 6280
f 6276 6346 6280
f 6276 6342 6346
f 6278 6277 6343
f 6277 6347 6343
f 6277 6282 6347
f 6343 6283 6279
f 6278 6343 6279
f 6343 6284 6283
f 6280 6343 6344
f 6343 6280 6284
f 6350 6284 6346
f 6346 6284 6280
f 6285 6286 6281
f 6282 6281 6286
f 6351 6282 6286
f 6347 6282 6351
f 6283 6284 6349
f 6353 6283 6349
f 6287 6283 6353
f 6350 6349 6284
f 6286 6285 6289
f 6289 6285 6288
f 6289 6355 6351
f 6289 6351 6286
f 6357 6287 6353
f 6290 6287 6357
f 6289 6288 6292
f 6292 6288 6291
f 6292 6359 6355
f 6292 6355 6289
f 6361 6290 6357
f 6293 6290 6361
f 6292 6291 6295
f 6295 6291 6294
f 6295 6362 6359
f 6295 6359 6292
f 6363 6293 6361
f 6296 6293 6363
f 6295 6294 6300
f 6300 6294 6299
f 6300 6365 6362
f 6300 6362 6295
f 6366 6303 6297
f 6296 6366 6297
f 6363 6366 6296
f 6297 6303 6298
f 6298 6303 6305
f 6305 6307 6298
f 6308 6368 6364
f 6299 6301 6300
f 6365 6309 6308
f 6364 6365 6308
f 6365 6302 6309
f 6301 6365 6300
f 6365 6301 6302
f 6366 6302 6304
f 6303 6366 6304
f 6366 6309 6302
f 6310 6366 6367
f 6366 6310 6309
f 6306 6305 6304
f 6305 6303 6304
f 6373 6310 6367
f 6306 6307 6305
f 6308 6370 6368
f 6309 6371 6308
f 6308 6371 6370
f 6310 6372 6309
f 6309 6372 6371
f 6373 6372 6310
f 6316 6317 6311
f 6311 6317 6312
f 6312 6317 6319
f 6312 6319 6313
f 6313 6319 6320
f 6313 6320 6314
f 6314 6320 6321
f 6314 6321 6315
f 6315 6321 6322
f 6322 6324 6315
f 6316 6318 6317
f 6325 6326 6318
f 6326 6317 6318
f 6326 6319 6317
f 6326 6320 6319
f 6326 6328 6320
f 6328 6321 6320
f 6328 6329 6321
f 6323 6322 6331
f 6322 6329 6331
f 6322 6321 6329
f 6323 6324 6322
f 6325 6327 6326
f 6332 6333 6327
f 6333 6326 6327
f 6333 6328 6326
f 6330 6329 6335
f 6329 6333 6335
f 6329 6328 6333
f 6330 6331 6329
f 6332 6334 6333
f 6334 6335 6333
f 6337 6338 6336
f 6338 6339 6336
f 6338 6337 6341
f 6341 6337 6340
f 6341 6342 6338
f 6338 6342 6339
f 6341 6340 6345
f 6345 6340 6344
f 6345 6346 6341
f 6341 6346 6342
f 6347 6348 6343
f 6376 6375 6348
f 6348 6375 6343
f 6375 6345 6343
f 6345 6344 6343
f 6375 6378 6345
f 6378 6346 6345
f 6378 6350 6346
f 6348 6347 6352
f 6352 6347 6351
f 6349 6348 6352
f 6353 6349 6352
f 6349 6376 6348
f 6379 6349 6354
f 6349 6379 6376
f 6349 6350 6354
f 6350 6381 6354
f 6350 6378 6381
f 6352 6351 6356
f 6356 6351 6355
f 6356 6353 6352
f 6357 6353 6356
f 6382 6379 6354
f 6358 6382 6354
f 6385 6358 6381
f 6381 6358 6354
f 6356 6355 6360
f 6360 6355 6359
f 6360 6361 6356
f 6361 6357 6356
f 6384 6382 6358
f 6385 6384 6358
f 6360 6359 6386
f 6359 6387 6386
f 6359 6362 6387
f 6386 6389 6360
f 6389 6361 6360
f 6389 6363 6361
f 6362 6390 6387
f 6362 6365 6390
f 6392 6363 6389
f 6366 6363 6392
f 6368 6369 6364
f 6365 6364 6369
f 6394 6365 6369
f 6390 6365 6394
f 6367 6366 6392
f 6367 6392 6393
f 6393 6398 6367
f 6367 6398 6373
f 6368 6370 6369
f 6370 6371 6369
f 6371 6399 6369
f 6399 6394 6369
f 6399 6371 6374
f 6397 6402 6374
f 6371 6397 6374
f 6372 6397 6371
f 6372 6373 6397
f 6397 6373 6398
f 6374 6401 6399
f 6402 6401 6374
f 6376 6377 6375
f 6377 6378 6375
f 6377 6376 6380
f 6380 6376 6379
f 6380 6381 6377
f 6377 6381 6378
f 6380 6379 6383
f 6383 6379 6382
f 6383 6385 6380
f 6380 6385 6381
f 6382 6384 6383
f 6384 6385 6383
f 6387 6388 6386
f 6388 6389 6386
f 6388 6387 6391
f 6391 6387 6390
f 6391 6392 6388
f 6388 6392 6389
f 6391 6390 6395
f 6395 6390 6394
f 6392 6391 6393
f 6391 6396 6393
f 6391 6395 6396
f 6396 6398 6393
f 6395 6394 6400
f 6400 6394 6399
f 6397 6396 6402
f 6396 6400 6402
f 6396 6395 6400
f 6397 6398 6396
f 6399 6401 6400
f 6401 6402 6400

