####
#
# OBJ File Generated by Meshlab
#
####
# Object optimized.obj
#
# Vertices: 946
# Faces: 1880
#
####
vn -0.9104353025470442 0.2096429584168019 -0.3565913485522652
v -0.1885978700000000 -0.4361538600000000 -0.0484615400000000
vn -0.9992379822155347 0.0207756177275315 0.0330428298707313
v -0.1903779400000000 -0.4361538600000000 -0.0161538500000000
vn -0.9188878033536267 -0.1276358709349066 0.3733018742233079
v -0.1869231000000000 -0.4361538600000000 0.0161538500000000
vn -0.9127792145417303 0.1114404840138125 -0.3929568984295214
v -0.1638263600000000 -0.4684615400000000 -0.0484615400000000
vn -0.1748281709532912 -0.9150082833461309 -0.3635862374308100
v -0.1776923100000000 -0.4505128300000000 -0.0484615400000000
vn -0.9978909904479900 -0.0597102184404736 0.0254609700624394
v -0.1640146200000000 -0.4684615400000000 -0.0161538500000000
vn -0.1844664171182312 -0.9805785075962947 0.0666178008927524
v -0.1776923100000000 -0.4512307900000000 -0.0161538500000000
vn -0.8992873019441010 -0.1975019947020117 0.3902246925180747
v -0.1629025300000000 -0.4684615400000000 0.0161538500000000
vn -0.1748519697189579 -0.8413245184672721 0.5114683209263438
v -0.1776923100000000 -0.4485352600000000 0.0161538500000000
vn -0.1721707282832661 0.0552595317028507 -0.9835159502918046
v -0.1776923100000000 -0.4361538600000000 -0.0592307900000000
vn 0.7316760315467322 0.0502556701553285 -0.6797974348857638
v -0.1570566300000000 -0.4361538600000000 -0.0484615400000000
vn -0.0033255034914960 0.9199000160552548 -0.3921388803575465
v -0.1776923100000000 -0.4243519300000000 -0.0484615400000000
vn 0.9994625845642932 0.0208024215483512 -0.0253337978555857
v -0.1494686800000000 -0.4361538600000000 -0.0161538500000000
vn -0.1816064364944291 0.9827109727604370 0.0360311842718297
v -0.1776923100000000 -0.4216117900000000 -0.0161538500000000
vn 0.8120913471021606 0.0391385545525800 0.5822162978733360
v -0.1589377100000000 -0.4361538600000000 0.0161538500000000
vn -0.3219106238644210 0.8580161573071557 0.4002272155202361
v -0.1776923100000000 -0.4260675600000000 0.0161538500000000
vn -0.1883925033875313 0.0573713597716479 0.9804166419157374
v -0.1776922500000000 -0.4361538600000000 0.0253845800000000
vn -0.9630429129495089 -0.1348503227616342 -0.2331603273904196
v -0.1589719700000000 -0.4038461400000000 -0.0161538500000000
vn -0.8782532289376410 0.4188415637811020 0.2307444697278976
v -0.1563915500000000 -0.3715384600000000 -0.0161538500000000
vn -0.8616048043905428 0.1619909378322741 -0.4810364821002195
v -0.1348111300000000 -0.5007692600000000 -0.0484615400000000
vn -0.0959485120966980 -0.8808263989473689 -0.4636148594942144
v -0.1453846100000000 -0.4894221400000000 -0.0484616000000000
vn -0.9589018307968487 -0.2837326342873005 0.0017524653607989
v -0.1353101600000000 -0.5007692600000000 -0.0161538500000000
vn -0.3935289370262235 -0.9192091872593490 0.0137639304349376
v -0.1453845500000000 -0.4906073200000000 -0.0161538500000000
vn -0.8988160166002721 0.0012220827260327 0.4383243945032378
v -0.1340499200000000 -0.5007692600000000 0.0161538500000000
vn 0.0884353166458645 -0.8324651805709875 0.5469743302081542
v -0.1453846100000000 -0.4886228400000000 0.0161538500000000
vn -0.0362139483999237 -0.0357523706165645 -0.9987043195744092
v -0.1453846100000000 -0.4684615400000000 -0.0631268400000000
vn 0.6169445891372145 0.1391935452433450 -0.7745995939173363
v -0.1242695200000000 -0.4684615400000000 -0.0484615400000000
vn -0.0348220302970963 0.7902184789018177 -0.6118350936388707
v -0.1453846100000000 -0.4443553700000000 -0.0484615400000000
vn -0.5842891540684558 0.7615357975451601 -0.2804806829270519
v -0.1453846100000000 -0.4389016900000000 -0.0161538500000000
vn 0.6583132174322427 -0.0334244208876510 0.7520016727656488
v -0.1248557900000000 -0.4684615400000000 0.0161538500000000
vn -0.2202580565633640 0.8253933899323531 0.5198193343604184
v -0.1453846100000000 -0.4450348600000000 0.0161538500000000
vn -0.0421607384868361 -0.0380122505500999 0.9983874703432336
v -0.1453846100000000 -0.4684615400000000 0.0301309600000000
vn -0.8867895563173410 0.4460327580995805 -0.1210746113294388
v -0.1421050300000000 -0.4361538600000000 -0.0161538500000000
vn -0.8139006025374929 -0.5102943125191011 0.2777868315809159
v -0.1453846100000000 -0.4316211000000000 -0.0161538500000000
vn -0.4530107433694762 -0.1724930926945427 -0.8746584472607043
v -0.1453846100000000 -0.4038461400000000 -0.0277846300000000
vn -0.4704614201933431 -0.0978818557767409 0.8769750249689918
v -0.1453846100000000 -0.4038461400000000 -0.0045230600000000
vn -0.2787986629015307 0.3923391858966838 -0.8765507793472357
v -0.1453846100000000 -0.3715384600000000 -0.0252738400000000
vn 0.3974739924650770 0.8862021560376941 -0.2380339554517682
v -0.1222876300000000 -0.3715384600000000 -0.0161538500000000
vn -0.1784104022731179 0.9839485721987867 0.0038646641138908
v -0.1453846100000000 -0.3625418200000000 -0.0161538500000000
vn -0.0905913940269491 0.4862280975719953 0.8691233724045005
v -0.1453846100000000 -0.3715384600000000 -0.0071571500000000
vn -0.9800752753177638 -0.0320622933391767 -0.1960215907920397
v -0.1138829400000000 -0.0484615400000000 -0.0161538500000000
vn -0.9997565298097574 -0.0220653625707938 -0.0000296204516051
v -0.1148876800000000 -0.0161538500000000 -0.0161538500000000
vn -0.9999544197226126 -0.0095476948003745 0.0000011009680035
v -0.1153091200000000 0.0161538500000000 -0.0161538500000000
vn -0.9999982813590510 -0.0018539839741366 0.0000047294583884
v -0.1155046400000000 0.0484615400000000 -0.0161538500000000
vn -0.9999986131655126 -0.0016654311368585 0.0000024859109980
v -0.1154289100000000 0.0807692300000000 -0.0161538500000000
vn -0.9999801931767220 -0.0062939050996500 0.0000035836532616
v -0.1156122400000000 0.1130769300000000 -0.0161538500000000
vn -0.9999816621143933 -0.0060560246784276 0.0000001719942775
v -0.1158356200000000 0.1453846100000000 -0.0161538500000000
vn -0.9999760654136011 -0.0069187135437771 0.0000016830276111
v -0.1160035400000000 0.1776923100000000 -0.0161538500000000
vn -0.9999844039910060 -0.0055849559264938 -0.0000064847196546
v -0.1162826900000000 0.2099999900000000 -0.0161538500000000
vn -0.9999992012187437 -0.0012639468629319 0.0000004495115312
v -0.1163644000000000 0.2423076900000000 -0.0161538500000000
vn -0.9999949604344422 0.0031747560006637 0.0000054822142954
v -0.1163644000000000 0.2746153800000000 -0.0161538500000000
vn -0.9999998017221144 -0.0006297250199521 0.0000014598361346
v -0.1161592600000000 0.3069230900000000 -0.0161538500000000
vn -0.9999760273680028 -0.0069242102233612 0.0000014455895871
v -0.1164050700000000 0.3392307800000000 -0.0161538500000000
vn -0.9999941144016707 -0.0034309109974187 -0.0000034271986163
v -0.1166067000000000 0.3715384600000000 -0.0161538500000000
vn -0.9999968918821249 0.0024932360419518 -0.0000003591619858
v -0.1166267200000000 0.4038461400000000 -0.0161538500000000
vn -0.9999714667671360 0.0075541790946662 0.0000054578549718
v -0.1164456200000000 0.4361538600000000 -0.0161538500000000
vn -0.9999959698762957 0.0028390541760255 0.0000015975863651
v -0.1161386100000000 0.4684615400000000 -0.0161538500000000
vn -0.9999991842667144 -0.0012772883748467 0.0000005599198854
v -0.1162621700000000 0.5007692600000000 -0.0161538500000000
vn -0.9999967416462263 0.0025527808492859 -0.0000026202839230
v -0.1162211200000000 0.5330769400000001 -0.0161538500000000
vn -0.9999630633692753 0.0085948761436164 0.0000011002920719
v -0.1160972000000000 0.5653846300000001 -0.0161538500000000
vn -0.9999584247330772 -0.0091185288574304 0.0000351684403347
v -0.1156657300000000 0.5976923100000000 -0.0161538500000000
vn -0.9771594112451573 0.0804936823195406 0.1966729572708419
v -0.1166866200000000 0.6300000000000000 -0.0161538500000000
vn -0.8060652165627346 -0.3240730863596035 -0.4952125819736742
v -0.0915858700000000 -0.6946153600000000 -0.0484615400000000
vn -0.9040300473526982 -0.4272479362358693 -0.0137431606870093
v -0.0944589400000000 -0.6946153600000000 -0.0161538500000000
vn -0.8523367234591052 -0.4077695576031122 0.3274844999922270
v -0.0898510900000000 -0.6946153600000000 0.0161538500000000
vn -0.8695438297109377 0.3691173086278108 -0.3280944081861153
v -0.0939177100000000 -0.6623076800000000 -0.0484615400000000
vn -0.9261083735336297 0.3724147330262610 0.0602540214083152
v -0.0972349500000000 -0.6623076800000000 -0.0161538500000000
vn -0.8068300243809498 0.2693087509934450 0.5258308743272752
v -0.0923131900000000 -0.6623076800000000 0.0161538500000000
vn -0.7855222945483470 -0.4958663496350671 -0.3702313980027808
v -0.0839544800000000 -0.5653846300000001 -0.0484615400000000
vn -0.7705572078064272 -0.6362334336761477 -0.0380605750117027
v -0.0848297600000000 -0.5653846300000001 -0.0161538500000000
vn -0.7730558453457383 -0.6020997381055865 0.1996511090627095
v -0.0844186700000000 -0.5653846300000001 0.0161538500000000
vn -0.8260304800246121 -0.0250214402008554 -0.5630697768488238
v -0.1014949400000000 -0.5330769400000001 -0.0484616000000000
vn -0.1231894936044080 -0.8563201157858973 -0.5015378430048093
v -0.1130769300000000 -0.5275004500000000 -0.0484615400000000
vn -0.9640346634623896 -0.2652390707690008 0.0168938740540473
v -0.1090357500000000 -0.5330769400000001 -0.0161538500000000
vn -0.4076986698751904 -0.9129763934260084 0.0159968630937034
v -0.1130769800000000 -0.5290356899999999 -0.0161538500000000
vn -0.7518621681032245 0.0736931820989831 0.6551889766221992
v -0.1010769500000000 -0.5330769400000001 0.0161538500000000
vn 0.0917953611500168 -0.7872262215102601 0.6097938076415804
v -0.1130769800000000 -0.5273583500000000 0.0161538500000000
vn -0.0898562318119198 0.0532612154903042 -0.9945295875583883
v -0.1130769300000000 -0.5007692600000000 -0.0660730500000000
vn 0.5870363255549295 0.0474392310887952 -0.8081694573743002
v -0.0823706600000000 -0.5007692600000000 -0.0484615400000000
vn 0.0550455626116687 0.7279050614706400 -0.6834648546356928
v -0.1130769300000000 -0.4788857700000000 -0.0484615400000000
vn 0.6013481431557494 0.2014241444502108 0.7731809133415238
v -0.0871162400000000 -0.5007692600000000 0.0161538500000000
vn -0.0478089551621906 0.6879096699287621 0.7242199871757207
v -0.1130769300000000 -0.4794398800000000 0.0161538500000000
vn -0.0550440681757570 0.0564372258714212 0.9968876516913031
v -0.1130769300000000 -0.5007692600000000 0.0321314500000000
vn -0.0887653175978035 0.0519246335566163 -0.9946982209805002
v -0.1130769300000000 -0.4684616000000000 -0.0349840600000000
vn 0.0445127894177766 0.2731249926429595 0.9609481515524300
v -0.1130769300000000 -0.4684615400000000 0.0027322000000000
vn -0.2632749207651267 0.0994699880948926 -0.9595790939596996
v -0.1130769300000000 -0.4361538600000000 -0.0306867200000000
vn -0.3857072389108716 -0.1047597155363246 0.9166544211710868
v -0.1130769300000000 -0.4361538600000000 -0.0016710700000000
vn -0.4790651928191614 0.1927883065902891 -0.8563464309910962
v -0.0841172800000000 -0.4038461400000000 -0.0484615400000000
vn -0.2346230860902238 0.2021429948411816 -0.9508365880161205
v -0.1130769300000000 -0.4038461400000000 -0.0355506100000000
vn -0.2182153795558645 0.9589650875489163 0.1810193608086968
v -0.1130769300000000 -0.3758476400000000 -0.0161538500000000
vn -0.2221266926931654 0.1408250564443448 0.9647942971797892
v -0.1130769300000000 -0.4038461400000000 0.0017949300000000
vn -0.5150258085558906 0.1910130034449217 0.8356209960480298
v -0.0808797800000000 -0.4038461400000000 0.0161538500000000
vn -0.7150211051940359 0.6989517197505485 0.0145365946786140
v -0.1020844800000000 -0.3715384600000000 -0.0161538500000000
vn -0.9954209304159566 0.0936115337712634 0.0193404248873518
v -0.0955037400000000 -0.3392307800000000 -0.0161538500000000
vn -0.9999936306317043 0.0030114676669923 -0.0019156613774322
v -0.0939800700000000 -0.3069230900000000 -0.0161538500000000
vn -0.9993090371338680 -0.0355638808004213 -0.0108008650114440
v -0.0954481500000000 -0.2746153800000000 -0.0161538500000000
vn -0.9992780462882784 -0.0369770527903535 -0.0087226012875096
v -0.0970354800000000 -0.2423076900000000 -0.0161538500000000
vn -0.9994200085909237 -0.0327903046001518 -0.0091892520015167
v -0.0985267300000000 -0.2099999900000000 -0.0161538500000000
vn -0.9988454932495525 -0.0458542853896991 -0.0143200951972431
v -0.1000163200000000 -0.1776923100000000 -0.0161538500000000
vn -0.9972071492058880 -0.0722861640178074 -0.0187779675219749
v -0.1031745700000000 -0.1453846100000000 -0.0161538500000000
vn -0.9963145655165526 -0.0837060838736821 -0.0187237299194097
v -0.1074008600000000 -0.1130769300000000 -0.0161538500000000
vn -0.9948309045325615 -0.1014786040960111 0.0036829740225140
v -0.1120705200000000 -0.0807692300000000 -0.0161538500000000
vn -0.9119072062044782 -0.0589920822692260 0.4061344377196844
v -0.1130769300000000 -0.0714008400000000 -0.0161538500000000
vn -0.3797058154472706 -0.0202563973185489 -0.9248854913356552
v -0.1130769300000000 -0.0484615400000000 -0.0169598600000000
vn -0.4422688658990400 -0.0190658841679247 0.8966798438223490
v -0.1130769300000000 -0.0484615400000000 -0.0153478300000000
vn -0.4627946989162469 -0.0165693738083952 -0.8863106241643604
v -0.1130769300000000 -0.0161538500000000 -0.0179646100000000
vn -0.4628148964542935 -0.0143392998175987 0.8863389623054730
v -0.1130769300000000 -0.0161538500000000 -0.0143431400000000
vn -0.4577079982815683 -0.0072733985255687 -0.8890728237793394
v -0.1130769300000000 0.0161538500000000 -0.0183860400000000
vn -0.4577069190737582 -0.0064081169902072 0.8890800370431494
v -0.1130768600000000 0.0161538500000000 -0.0139216500000000
vn -0.4561798982320129 -0.0016924218626151 -0.8898859680640375
v -0.1130769300000000 0.0484615400000000 -0.0185815700000000
vn -0.4561785780668645 -0.0006531692512090 0.8898880144618326
v -0.1130769300000000 0.0484615400000000 -0.0137261800000000
vn -0.4559073471602848 -0.0008552261486267 -0.8900268307155162
v -0.1130769300000000 0.0807692300000000 -0.0185058400000000
vn -0.4559049604215391 -0.0018481127096296 0.8900265454144879
v -0.1130769300000000 0.0807692300000000 -0.0138018600000000
vn -0.4537840094867330 -0.0047559243355783 -0.8910990146542969
v -0.1130769300000000 0.1130769300000000 -0.0186891600000000
vn -0.4537812255065566 -0.0049100012991880 0.8910995967146488
v -0.1130769300000000 0.1130769300000000 -0.0136185900000000
vn -0.4516792075675317 -0.0046158799773826 -0.8921684746185561
v -0.1130769300000000 0.1453846100000000 -0.0189125400000000
vn -0.4516807504081784 -0.0044034465442825 0.8921687673132458
v -0.1130769300000000 0.1453846100000000 -0.0133951500000000
vn -0.4498229431421039 -0.0055419533700989 -0.8931005579305272
v -0.1130769300000000 0.1776923100000000 -0.0190804600000000
vn -0.4498224289265151 -0.0059700772109322 0.8930980576693389
v -0.1130768600000000 0.1776923100000000 -0.0132271700000000
vn -0.4487572610399291 -0.0050152400779216 -0.8936396186555863
v -0.1130769300000000 0.2099999900000000 -0.0193596100000000
vn -0.4487626144271772 -0.0042560592332096 0.8936408684993586
v -0.1130769300000000 0.2099999900000000 -0.0129480200000000
vn -0.4490576040784801 -0.0010672231996716 -0.8935021708165778
v -0.1130769300000000 0.2423076900000000 -0.0194413200000000
vn -0.4490568503324674 -0.0007521507094824 0.8935028704144122
v -0.1130769300000000 0.2423076900000000 -0.0128664300000000
vn -0.4501110416899274 0.0017361886484882 -0.8929709042280075
v -0.1130769300000000 0.2746153800000000 -0.0194413200000000
vn -0.4501093909126370 0.0025242016959744 0.8929698565002364
v -0.1130769300000000 0.2746153800000000 -0.0128664300000000
vn -0.4511089190887396 0.0004117787582521 -0.8924688081702594
v -0.1130769300000000 0.3069230900000000 -0.0192361800000000
vn -0.4511079844701258 -0.0013196816566182 0.8924683998818256
v -0.1130769300000000 0.3069230900000000 -0.0130715100000000
vn -0.4473335423106633 -0.0043054745110808 -0.8943568442255186
v -0.1130769300000000 0.3392307800000000 -0.0194819900000000
vn -0.4473338776219865 -0.0041364786470095 0.8943574740986292
v -0.1130769300000000 0.3392307800000000 -0.0128257600000000
vn -0.4443826941005343 -0.0031343171974553 -0.8958315674498508
v -0.1130769300000000 0.3715384600000000 -0.0196836200000000
vn -0.4443872608698406 -0.0024354115950171 0.8958314747467647
v -0.1130769300000000 0.3715384600000000 -0.0126240100000000
vn -0.4454149901030286 0.0015649841716000 -0.8953228676941418
v -0.1130769300000000 0.4038461400000000 -0.0197036500000000
vn -0.4454132788895094 0.0023397090118712 0.8953220296355026
v -0.1130769300000000 0.4038461400000000 -0.0126040500000000
vn -0.4476561014204828 0.0058193049944528 -0.8941868655658033
v -0.1130769300000000 0.4361538600000000 -0.0195225400000000
vn -0.4476514661610750 0.0063042059630578 0.8941858989220393
v -0.1130769300000000 0.4361538600000000 -0.0127852200000000
vn -0.4488344589058141 0.0028705279070538 -0.8936103113596329
v -0.1130769300000000 0.4684615400000000 -0.0192155400000000
vn -0.4488348572428223 0.0012153153774003 0.8936138953330732
v -0.1130769300000000 0.4684615400000000 -0.0130922200000000
vn -0.4480358891218766 -0.0013919519166159 -0.8940144878740116
v -0.1130769300000000 0.5007692600000000 -0.0193390900000000
vn -0.4480382051382160 -0.0007600855302301 0.8940140877002513
v -0.1130769300000000 0.5007692600000000 -0.0129686000000000
vn -0.4489659302340618 0.0019898556353055 -0.8935466602050585
v -0.1130769300000000 0.5330769400000001 -0.0192980500000000
vn -0.4489698941980889 0.0023077926759043 0.8935439038999270
v -0.1130769800000000 0.5330769400000001 -0.0130096400000000
vn -0.4490928928205355 0.0084659571371875 -0.8934449625958133
v -0.1130769300000000 0.5653846300000001 -0.0191741300000000
vn -0.4490874827361519 0.0096483649785992 0.8934356954492844
v -0.1130769300000000 0.5653846300000001 -0.0131335000000000
vn -0.4373771582655520 0.0035877093336897 -0.8992710101906362
v -0.1130769300000000 0.5976923100000000 -0.0187426500000000
vn -0.4373663431357893 -0.0020199484729872 0.8992811583149030
v -0.1130769300000000 0.5976923100000000 -0.0135651000000000
vn -0.4422022453519811 0.0728318682096834 -0.8939534066039200
v -0.1130769300000000 0.6300000000000000 -0.0197635400000000
vn -0.8290753118276254 0.4213560733887325 -0.3675502506275228
v -0.1130769300000000 0.6440963100000000 -0.0161538500000000
vn -0.3566392178116164 0.1183109555074099 0.9267205544961448
v -0.1130769300000000 0.6300000000000000 -0.0125441500000000
vn -0.8660808633174231 0.4888308014975800 0.1046345339865404
v -0.0950608600000000 0.6623076800000000 -0.0161538500000000
vn -0.9954805349586794 0.0578602909308894 0.0753039922698283
v -0.0837285100000000 0.6946153600000000 -0.0161538500000000
vn -0.9742570919249804 0.0961642853633676 0.2039008314216327
v -0.0856175300000000 0.7269230500000000 -0.0161538500000000
vn -0.9488001889334527 -0.3104188275834731 -0.0584666824913692
v -0.0612994400000000 -0.9207692100000000 -0.0161538500000000
vn -0.8224818870956506 0.2336952756127138 -0.5185653898553925
v -0.0519707900000000 -0.8884615300000001 -0.0484615400000000
vn -0.9840670248118926 0.1770116518305848 0.0167022691296122
v -0.0641479200000000 -0.8884615300000001 -0.0161538500000000
vn -0.8266436522779450 0.1247363221324605 0.5487268191818648
v -0.0507177700000000 -0.8884615300000001 0.0161538500000000
vn -0.9050584980400735 0.4146627999879833 0.0944662766894718
v -0.0489126100000000 -0.8561538500000000 -0.0161538500000000
vn -0.4115191961995552 -0.8602868806440382 -0.3009292843028447
v -0.0807692300000000 -0.7050195299999999 -0.0484615400000000
vn -0.4410996905635980 -0.8958076929090732 0.0544025763141911
v -0.0807692300000000 -0.7079533900000000 -0.0161538500000000
vn -0.3512042571979482 -0.8025376275173470 0.4822747413506799
v -0.0807692300000000 -0.7035328700000000 0.0161538500000000
vn -0.3069992936543458 -0.3945699699972661 -0.8660634921713820
v -0.0807692300000000 -0.6946153600000000 -0.0588656800000000
vn -0.4297135782411710 -0.2688254408460192 0.8620203727459766
v -0.0807692300000000 -0.6946153600000000 0.0250712900000000
vn -0.4726089513512347 0.2690440765833604 -0.8391996567909767
v -0.0807692300000000 -0.6623076800000000 -0.0598834300000000
vn -0.4032379374336486 0.7690697209328998 -0.4959142366966777
v -0.0807691700000000 -0.6509317200000000 -0.0484615400000000
vn -0.5953591015271238 0.8017901948304873 -0.0517689453485895
v -0.0807692300000000 -0.6477028100000000 -0.0161538500000000
vn -0.5241039045607380 0.7810493678832013 0.3395246414524880
v -0.0807692300000000 -0.6520436400000000 0.0161538500000000
vn -0.3860528358275072 0.3870835806061635 0.8373347655356557
v -0.0807692300000000 -0.6623076800000000 0.0264178600000000
vn -0.9218807923764930 0.3873068735147705 0.0113661944160240
v -0.0602564300000000 -0.6300000000000000 -0.0161538500000000
vn -0.6012417677531817 -0.7578820279646794 -0.2532255287232592
v -0.0807692300000000 -0.5685699000000000 -0.0484615400000000
vn -0.9505719421146588 -0.3092642672584203 0.0277235614861822
v -0.0607722000000000 -0.5976923100000000 -0.0161538500000000
vn -0.7078232865585213 -0.7039071889057408 0.0591681029974012
v -0.0807692300000000 -0.5694451300000000 -0.0161538500000000
vn -0.5598138395308493 -0.7716499030129992 0.3019352451267616
v -0.0807692300000000 -0.5690340400000000 0.0161538500000000
vn -0.5601280955147089 -0.0470273083745230 -0.8270700991343556
v -0.0485460200000000 -0.5653846300000001 -0.0807692300000000
vn -0.5981147996407378 -0.4088365345115315 -0.6892832324228708
v -0.0807692300000000 -0.5653846300000001 -0.0536965800000000
vn -0.5826252262638105 -0.3582253070075545 0.7295357942831776
v -0.0807692300000000 -0.5653846300000001 0.0217620700000000
vn -0.5402504861073411 -0.0504699754866000 -0.8399894010254912
v -0.0807692300000000 -0.5330769400000001 -0.0637505800000000
vn -0.6043282387348180 0.3190845077851944 -0.7300496262304043
v -0.0807692300000000 -0.5047295700000000 -0.0484615400000000
vn -0.5906896442073775 0.3848978762811612 0.7091821832649307
v -0.0807692300000000 -0.5137509099999999 0.0161538500000000
vn -0.5235200038302653 0.0975059388608238 0.8464156174577759
v -0.0807692300000000 -0.5330769400000001 0.0294255100000000
vn -0.6565888760137084 0.1328502449937684 -0.7424566386666300
v -0.0792823500000000 -0.5007692600000000 -0.0484615400000000
vn -0.2097136843550780 0.1104999203368090 -0.9714988101895842
v -0.0807692300000000 -0.5007692600000000 -0.0469746600000000
vn -0.3199599555628063 0.0237357365636585 0.9471336978727067
v -0.0807692300000000 -0.5007692600000000 0.0105950500000000
vn -0.7288795167951019 0.2102183247219459 0.6515695710725274
v -0.0752104300000000 -0.5007692600000000 0.0161538500000000
vn -0.5680730134848215 0.0025836195305575 -0.8229741042465402
v -0.0797530200000000 -0.4684615400000000 -0.0484615400000000
vn -0.5735037793106372 -0.0064448441642734 -0.8191775626200429
v -0.0807692900000000 -0.4684615400000000 -0.0474884700000000
vn -0.4945642362268586 -0.0216219045994000 0.8688720904061993
v -0.0807692300000000 -0.4684615400000000 0.0109634200000000
vn -0.6215621234848147 0.0554027170106957 0.7814032669479190
v -0.0746475800000000 -0.4684615400000000 0.0161538500000000
vn -0.5673918659117529 -0.0470709992347936 -0.8221014484406517
v -0.0795444900000000 -0.4361538600000000 -0.0484615400000000
vn -0.5419535694442987 -0.0809066305381031 -0.8365048987911275
v -0.0807692300000000 -0.4262568100000000 -0.0484616000000000
vn -0.5358188754164729 -0.0266185373263688 -0.8439132575200077
v -0.0807692300000000 -0.4361538000000000 -0.0473996700000000
vn -0.4720164746170052 -0.0511677804061587 0.8801035768240243
v -0.0807692300000000 -0.4361538600000000 0.0121319000000000
vn -0.5534301130162329 -0.0380709482296397 0.8320250674755754
v -0.0757777200000000 -0.4361538600000000 0.0161538500000000
vn -0.5564903064827773 -0.1023369361594162 0.8245275558089056
v -0.0807692300000000 -0.4044584300000000 0.0161538500000000
vn -0.4910821756130779 0.1405521772607213 -0.8596995883809628
v -0.0807692300000000 -0.4038461400000000 -0.0507700900000000
vn -0.3272366123970588 0.5647143104328491 -0.7576370813913802
v -0.0807692300000000 -0.4005670500000000 -0.0484615400000000
vn -0.3584353228712576 0.5365851885189646 0.7639374678468419
v -0.0807692300000000 -0.4037267300000000 0.0161537200000000
vn -0.4738834749766868 0.2581974875498173 0.8418839050409396
v -0.0807692300000000 -0.4038461400000000 0.0162423300000000
vn -0.2721672583994424 0.3688082129214573 -0.8887662716018269
v -0.0807692300000000 -0.3715384600000000 -0.0259956200000000
vn -0.3074034046246713 0.3054630700168258 0.9012188744589499
v -0.0807692300000000 -0.3715384600000000 -0.0068745500000000
vn -0.3255329097979512 0.0368711017522534 -0.9448115401994485
v -0.0807692300000000 -0.3392307800000000 -0.0243625800000000
vn -0.3412573554546918 0.0183667604899711 0.9397904444381067
v -0.0807692300000000 -0.3392307800000000 -0.0079450500000000
vn -0.3484330919134033 0.0068565829966819 -0.9373085765793864
v -0.0807692300000000 -0.3069230900000000 -0.0239046000000000
vn -0.3466007332906315 -0.0011063367780441 0.9380121042403078
v -0.0807692300000000 -0.3069230900000000 -0.0084030300000000
vn -0.3379941242914022 -0.0081585523808781 -0.9411128571895808
v -0.0807692300000000 -0.2746153800000000 -0.0241070900000000
vn -0.3278430822686452 -0.0084746192915007 0.9446941802702389
v -0.0807692300000000 -0.2746153800000000 -0.0082005400000000
vn -0.3206316348888010 -0.0091535300689201 -0.9471597371065833
v -0.0807692300000000 -0.2423076900000000 -0.0243344200000000
vn -0.3124186851573006 -0.0089465614146623 0.9499023761436947
v -0.0807692300000000 -0.2423076900000000 -0.0079732800000000
vn -0.3076988679991900 -0.0052487416570900 -0.9514693149771223
v -0.0807692300000000 -0.2099999900000000 -0.0246127000000000
vn -0.2988783144722001 -0.0052474945004618 0.9542768031026031
v -0.0807691700000000 -0.2099999300000000 -0.0076949900000000
vn -0.2936318167197917 -0.0016165576419324 -0.9559172259935611
v -0.0807692300000000 -0.1776923100000000 -0.0245298800000000
vn -0.2797507477734347 -0.0050614571281945 0.9600593214858880
v -0.0807692300000000 -0.1776923100000000 -0.0077776900000000
vn -0.2702226243480905 -0.0029465321808234 -0.9627933585347056
v -0.0807692300000000 -0.1453846100000000 -0.0245298800000000
vn -0.2521239566696959 -0.0048528824686749 0.9676827786030722
v -0.0807692300000000 -0.1453846100000000 -0.0077776900000000
vn -0.2427374673243310 -0.0005326970344252 -0.9700918710054419
v -0.0807692300000000 -0.1130769300000000 -0.0243344200000000
vn -0.2249501153135053 -0.0011656463247740 0.9743695843411196
v -0.0807692300000000 -0.1130769300000000 -0.0079732800000000
vn -0.2160502370811741 -0.0059684581637609 -0.9763640061802340
v -0.0807692300000000 -0.0807692300000000 -0.0240783800000000
vn -0.2093719882854593 -0.0049663121784205 0.9778234535256044
v -0.0807692300000000 -0.0807692300000000 -0.0082292500000000
vn -0.1879686786141062 0.0023220243812054 -0.9821722781991151
v -0.0807692300000000 -0.0484615400000000 -0.0239628400000000
vn -0.1879683305391640 0.0023220256828515 0.9821723448107506
v -0.0807692300000000 -0.0484614800000000 -0.0083448600000000
vn -0.1826242596757215 -0.0044372041509240 -0.9831727676238891
v -0.0807692300000000 -0.0161538500000000 -0.0239046000000000
vn -0.1826247948924380 -0.0044368405489215 0.9831726698482004
v -0.0807692300000000 -0.0161538500000000 -0.0084030300000000
vn -0.1743052417527349 -0.0015499999852705 -0.9846904489216731
v -0.0807692300000000 0.0161538500000000 -0.0238461300000000
vn -0.1743058377289083 -0.0015495345714237 0.9846903441571038
v -0.0807692300000000 0.0161538500000000 -0.0084615700000000
vn -0.1704857697614805 -0.0010430537926216 -0.9853595863174119
v -0.0807692300000000 0.0484615400000000 -0.0238461300000000
vn -0.1704859218304394 -0.0010426072251769 0.9853595604792187
v -0.0807692300000000 0.0484615400000000 -0.0084615700000000
vn -0.1707925195899414 0.0003855226232018 -0.9853069403106965
v -0.0807692300000000 0.0807692300000000 -0.0238167900000000
vn -0.1707918824518351 0.0003852680451860 0.9853070508512013
v -0.0807692300000000 0.0807692300000000 -0.0084909000000000
vn -0.1689199391986182 -0.0018269143588908 -0.9856280822526621
v -0.0807692300000000 0.1130769300000000 -0.0238461300000000
vn -0.1689192536773392 -0.0018272699098562 0.9856281990800422
v -0.0807692300000000 0.1130769300000000 -0.0084615700000000
vn -0.1654646281602175 -0.0016845818246482 -0.9862142865583915
v -0.0807692300000000 0.1453846100000000 -0.0239046000000000
vn -0.1654641387436242 -0.0016852889828219 0.9862143674632180
v -0.0807692300000000 0.1453846100000000 -0.0084030300000000
vn -0.1615914624631224 -0.0026265172007829 -0.9868542448945655
v -0.0807692300000000 0.1776923100000000 -0.0239337500000000
vn -0.1615908150757396 -0.0026267706658953 0.9868543502255168
v -0.0807692300000000 0.1776923100000000 -0.0083739400000000
vn -0.1572241338742309 -0.0037155952112820 -0.9875559559233713
v -0.0807692300000000 0.2099999900000000 -0.0240783800000000
vn -0.1572225978740391 -0.0037169240619775 0.9875561954609244
v -0.0807692300000000 0.2099999900000000 -0.0082292500000000
vn -0.1548963978444161 -0.0014078503578305 -0.9879297160690097
v -0.0807692300000000 0.2423076900000000 -0.0241928100000000
vn -0.1548964105070017 -0.0014078497940206 0.9879297140844605
v -0.0807692300000000 0.2423076900000000 -0.0081147600000000
vn -0.1544047790361005 -0.0001143134533632 -0.9880076675528623
v -0.0807692300000000 0.2746153800000000 -0.0241928100000000
vn -0.1544059353032167 -0.0001127336628644 0.9880074870335043
v -0.0807692300000000 0.2746153800000000 -0.0081147600000000
vn -0.1557621026220549 0.0011098031972110 -0.9877939743304875
v -0.0807692300000000 0.3069230900000000 -0.0242212800000000
vn -0.1557617082959598 0.0011109761035777 0.9877940351919633
v -0.0807692300000000 0.3069230900000000 -0.0080864100000000
vn -0.1541468574389183 0.0005593273118642 -0.9880477890743260
v -0.0807692300000000 0.3392307800000000 -0.0242212800000000
vn -0.1541459637107723 0.0005584099183944 0.9880479290247212
v -0.0807692300000000 0.3392307800000000 -0.0080864100000000
vn -0.1497392890210988 0.0000204658728636 -0.9887255154513834
v -0.0807692300000000 0.3715384600000000 -0.0240783800000000
vn -0.1497387435655485 0.0000201089463485 0.9887255980660363
v -0.0807692300000000 0.3715384600000000 -0.0082292500000000
vn -0.1479613599454476 -0.0007542288460665 -0.9889928549296710
v -0.0807692300000000 0.4038461400000000 -0.0241357500000000
vn -0.1479606147255834 -0.0007540737295264 0.9889929665386089
v -0.0807692300000000 0.4038461400000000 -0.0081719400000000
vn -0.1515766718267133 0.0020373632152853 -0.9884434033919524
v -0.0807692300000000 0.4361538600000000 -0.0241070900000000
vn -0.1515770788093738 0.0020378713278227 0.9884433399340947
v -0.0807692300000000 0.4361538600000000 -0.0082005400000000
vn -0.1562607346708150 0.0025652258015344 -0.9877125100031509
v -0.0807692300000000 0.4684615400000000 -0.0239918000000000
vn -0.1562612422035914 0.0025659394490868 0.9877124278552610
v -0.0807692300000000 0.4684615400000000 -0.0083158900000000
vn -0.1563569770664478 -0.0011018338601544 -0.9876999957906180
v -0.0807692300000000 0.5007692600000000 -0.0239918000000000
vn -0.1563566335392599 -0.0011025479650799 0.9877000493754439
v -0.0807692300000000 0.5007692600000000 -0.0083158900000000
vn -0.1567813893638670 0.0005044692530433 -0.9876332018821098
v -0.0807692300000000 0.5330769400000001 -0.0240207600000000
vn -0.1567813653697810 0.0005045338267238 0.9876332056580546
v -0.0807692300000000 0.5330769400000001 -0.0082869300000000
vn -0.1585402537154596 0.0091834605246975 -0.9873098054838860
v -0.0807692300000000 0.5653846300000001 -0.0239628400000000
vn -0.1585396086452522 0.0091831838712424 0.9873099116410191
v -0.0807692300000000 0.5653846300000001 -0.0083448600000000
vn -0.1594408976168943 0.0272963849353287 -0.9868300297095652
v -0.0807692300000000 0.5976923100000000 -0.0234289400000000
vn -0.1594408269816722 0.0272963075522628 0.9868300432624721
v -0.0807692300000000 0.5976923100000000 -0.0088787500000000
vn -0.1437841519173224 0.0357934807685773 -0.9889615484900743
v -0.0807692300000000 0.6300000000000000 -0.0220542200000000
vn -0.1437847557403870 0.0357938406120375 0.9889614476767622
v -0.0807692300000000 0.6300000000000000 -0.0102534100000000
vn -0.2077053362956445 0.1021451588279680 -0.9728436975189398
v -0.0807692300000000 0.6623076800000000 -0.0198429700000000
vn -0.2758270948145728 0.0805386287909428 0.9578271989448970
v -0.0807692300000000 0.6623075600000000 -0.0124647800000000
vn -0.3635211127787891 0.0419640644605615 -0.9306403267954924
v -0.0807692300000000 0.6946153600000000 -0.0189441500000000
vn -0.4487110243149750 -0.0066587091575701 0.8936521013518409
v -0.0807692300000000 0.6946153600000000 -0.0133636000000000
vn -0.4437544269696462 0.0945743538347685 -0.8911440400639937
v -0.0807692300000000 0.7269230500000000 -0.0210021400000000
vn -0.7877278619526120 0.5200570078671090 -0.3301901332139958
v -0.0807692300000000 0.7411284400000000 -0.0161538500000000
vn -0.3662990360290627 0.1582226882727338 0.9169463436428158
v -0.0807692300000000 0.7269230500000000 -0.0113055500000000
vn -0.8432625904797444 0.5306299428675380 0.0856741923205857
v -0.0585093800000000 0.7592307900000000 -0.0161538500000000
vn -0.9969222559201276 0.0356219609823559 0.0698361764910932
v -0.0496501000000000 0.7915384800000000 -0.0161538500000000
vn -0.9722570193307813 0.1164107010237158 0.2028911951002104
v -0.0522493200000000 0.8238461600000000 -0.0161538500000000
vn -0.5302358383117831 -0.8437686060359540 0.0830932923763616
v -0.0484615400000000 -0.9344853800000000 -0.0161538500000000
vn -0.4615877971853924 -0.4240513793625713 -0.7791772154973716
v -0.0425625200000000 -0.9207692100000000 -0.0484615400000000
vn -0.7374927961873972 -0.1807658062620431 -0.6507135305632793
v -0.0484615400000000 -0.9048265200000000 -0.0484615400000000
vn -0.6445506902062605 -0.5680592297779771 -0.5117256288468311
v -0.0484615400000000 -0.9207692100000000 -0.0435585800000000
vn -0.7078569599944844 -0.4350647779882761 0.5564684745260767
v -0.0484615400000000 -0.9207692100000000 0.0092350500000000
vn -0.4444416034910800 -0.5679225106151149 0.6927739046925068
v -0.0398809200000000 -0.9207692100000000 0.0161538500000000
vn -0.5945603134857524 -0.1910387268870788 0.7810264006146577
v -0.0484615400000000 -0.8979404600000001 0.0161538500000000
vn -0.5030071190628715 0.1160883968289982 -0.8564504202192578
v -0.0484615400000000 -0.8884615300000001 -0.0519511900000000
vn -0.5756974712788017 0.5439172716019657 -0.6105132457336753
v -0.0484615400000000 -0.8837506200000000 -0.0484615400000000
vn -0.6141496498643555 0.5390084251774059 0.5764461164404374
v -0.0484615400000000 -0.8855272500000000 0.0161538500000000
vn -0.5264704317084519 0.2174970826679831 0.8219026119727525
v -0.0484615400000000 -0.8884615300000001 0.0183970100000000
vn -0.6665641585446620 0.1389244830978320 -0.7323880191125787
v -0.0174925200000000 -0.8561538500000000 -0.0484615400000000
vn -0.7284841671283475 0.3636963042485892 -0.5805478589394982
v -0.0484615400000000 -0.8561538500000000 -0.0167861500000000
vn -0.9802172787457032 0.0182589271395899 -0.1970804354269586
v -0.0484615400000000 -0.8301643100000000 -0.0161538500000000
vn -0.7439244301572909 0.2487940301999459 0.6202241310623268
v -0.0484615400000000 -0.8561538500000000 -0.0155526600000000
vn -0.6396393685200079 0.2793388100849061 0.7161224109184646
v -0.0175290000000000 -0.8561538500000000 0.0161538500000000
vn -0.6516267513538619 0.2259920798738415 -0.7240926437648069
v -0.0221192300000000 -0.8238461600000000 -0.0484615400000000
vn -0.9871659473243197 0.0944349312208760 0.1287844563935681
v -0.0483506800000000 -0.8238461600000000 -0.0161538500000000
vn -0.6490772382471395 0.1838063534650128 0.7381828792483341
v -0.0195983900000000 -0.8238461600000000 0.0161538500000000
vn -0.9619938769566038 0.2724394978513123 0.0185607302800121
v -0.0346816200000000 -0.7915384800000000 -0.0161538500000000
vn -0.9990805341658285 -0.0408556915799040 0.0129961038950254
v -0.0359973700000000 -0.7592307900000000 -0.0161538500000000
vn -0.1534212535584558 -0.8571393401650790 -0.4917052679176063
v -0.0484615400000000 -0.7080227700000000 -0.0484615400000000
vn -0.9373150566554368 -0.3474268600394962 0.0271120174482019
v -0.0368722200000000 -0.7269230500000000 -0.0161538500000000
vn -0.4041784224126265 -0.9118999820868668 0.0712616694023689
v -0.0484615400000000 -0.7125014100000000 -0.0161538500000000
vn -0.1694287495355563 -0.8837181202640867 0.4362753519828123
v -0.0484615400000000 -0.7081258900000000 0.0161538500000000
vn -0.1885408205921674 -0.4182923829991074 -0.8885290323311670
v -0.0484615400000000 -0.6946153600000000 -0.0625379800000000
vn -0.1836811712364844 -0.4152496084324550 0.8909708132312114
v -0.0484615400000000 -0.6946153600000000 0.0298637600000000
vn -0.2337971418336861 0.2968316322580854 -0.9258670955171697
v -0.0484615400000000 -0.6623076800000000 -0.0646724500000000
vn -0.4574513005387816 0.6683625954516706 -0.5865404918984567
v -0.0484615400000000 -0.6383197300000000 -0.0484615400000000
vn -0.4428084913273501 0.6974264117648283 0.5634865039920939
v -0.0484615400000000 -0.6394833300000000 0.0161538500000000
vn -0.2693597355834550 0.2753696989368586 0.9228308955349486
v -0.0484615400000000 -0.6623076800000000 0.0318651200000000
vn -0.6617083018829117 0.1312378802466597 -0.7381861161032471
v -0.0380787800000000 -0.6300000000000000 -0.0484615400000000
vn -0.7355817442888878 0.4171643487090689 -0.5337540666215629
v -0.0484615400000000 -0.6300000000000000 -0.0371967200000000
vn -0.7759460482016497 0.1983219551507412 0.5988122680652346
v -0.0484615400000000 -0.6300000000000000 0.0035303300000000
vn -0.5369059570620476 0.3501212366298129 0.7675591918100499
v -0.0353608200000000 -0.6300000000000000 0.0161538500000000
vn -0.4382360237354217 -0.6336243483874939 -0.6375495060237210
v -0.0484615400000000 -0.5654630700000000 -0.0807692300000000
vn -0.6815566597852706 -0.3400999707342633 -0.6479294169960940
v -0.0406631500000000 -0.5976923100000000 -0.0484616000000000
vn -0.6103092731039791 -0.6507671886008030 -0.4516908870055933
v -0.0484615400000000 -0.5898693800000000 -0.0484615400000000
vn -0.8022535509084004 -0.2139264860276193 -0.5573371498749544
v -0.0484615400000000 -0.5976923100000000 -0.0393823900000000
vn -0.7614066001781165 -0.3537068963616709 0.5432784007039081
v -0.0484615400000000 -0.5976923100000000 0.0053846600000000
vn -0.6500083872694883 -0.3605247639629727 0.6689626230580911
v -0.0382781300000000 -0.5976923100000000 0.0161538500000000
vn -0.5430218135922811 -0.7157999676247428 0.4390418161307271
v -0.0484614800000000 -0.5879455800000000 0.0161538500000000
vn -0.5078501448811784 -0.2074386948422928 -0.8360965364276378
v -0.0484615400000000 -0.5653846300000001 -0.0808170500000000
vn -0.6564359243979641 0.2422669143195898 -0.7144218777346163
v -0.0484614800000000 -0.5652363900000000 -0.0807691700000000
vn -0.5845685608996531 -0.3289718283761752 0.7416583672706355
v -0.0484615400000000 -0.5653846300000001 0.0482984900000000
vn -0.4797342611601680 -0.4440453530917831 0.7567554182605509
v -0.0481254500000000 -0.5653846300000001 0.0484615400000000
vn -0.7241326982588269 -0.3042116308579981 -0.6189403193871829
v -0.0193800700000000 -0.5330769400000001 -0.1130769300000000
vn -0.8011207323799465 -0.0743633086347903 -0.5938650271567648
v -0.0405946200000000 -0.5330769400000001 -0.0807692300000000
vn -0.5592486726702608 0.0049583083804856 -0.8289851248934179
v -0.0484615400000000 -0.5330769400000001 -0.0693338400000000
vn -0.5929488685438707 -0.0544493386066223 0.8033971053083556
v -0.0484615400000000 -0.5330769400000001 0.0354193600000000
vn -0.7592768818423514 0.0611505934532675 0.6478882786561809
v -0.0395832800000000 -0.5330769400000001 0.0484615400000000
vn -0.6778486925816930 -0.2867225899329778 0.6769869322131815
v -0.0168877000000000 -0.5330769400000001 0.0807692300000000
vn -0.7266310320091625 0.3172854069502192 -0.6093745267548796
v -0.0227759400000000 -0.5007692600000000 -0.1130769300000000
vn -0.6962020791835587 0.2083038518362342 -0.6869586379474953
v -0.0462184400000000 -0.5007692600000000 -0.0807692300000000
vn -0.6593494012490613 0.0997459630361029 -0.7451906534105919
v -0.0484615400000000 -0.5007692600000000 -0.0785261200000000
vn -0.5792186675248374 0.1756637846522004 0.7960200813750977
v -0.0484615400000000 -0.5007692600000000 0.0445172300000000
vn -0.7870498439149340 0.0902967783438129 0.6102450614418818
v -0.0445172300000000 -0.5007692600000000 0.0484615400000000
vn -0.7379124560755247 0.2464388505500058 0.6282938007876401
v -0.0228077900000000 -0.5007692600000000 0.0807692300000000
vn -0.5670284819121473 0.4381085992790384 -0.6975238748158837
v -0.0187319900000000 -0.4684615400000000 -0.0807692300000000
vn -0.4914678847313638 0.1981482101760317 -0.8480546002951191
v -0.0484615400000000 -0.4684615400000000 -0.0642541000000000
vn -0.4341191268954359 0.1886253248856698 0.8808865253114728
v -0.0484615400000000 -0.4684615400000000 0.0306978800000000
vn -0.5850982611449957 0.4947405218934775 0.6425666041755298
v -0.0166600700000000 -0.4684615400000000 0.0484615400000000
vn -0.3190525527172433 -0.0006324546773755 -0.9477368139972677
v -0.0484615400000000 -0.4361538600000000 -0.0634228100000000
vn -0.3401734343176142 -0.0181645513855483 0.9401872598889658
v -0.0484615400000000 -0.4361538600000000 0.0302920400000000
vn -0.2594921806158181 0.3819759227616993 -0.8869939135245495
v -0.0484615400000000 -0.4038461400000000 -0.0635384800000000
vn -0.1257618909467259 0.7002970436535878 -0.7026862724114858
v -0.0484615400000000 -0.3860387500000000 -0.0484615400000000
vn -0.1785573449597681 0.6408555910231222 0.7466065804795208
v -0.0484615400000000 -0.3871447400000000 0.0161538500000000
vn -0.2120008845215834 0.4320271231426031 0.8765889514653903
v -0.0484615400000000 -0.4038461400000000 0.0301309600000000
vn -0.1593359337723632 0.3908430423957435 -0.9065615127611188
v -0.0484615400000000 -0.3715384600000000 -0.0324481900000000
vn -0.0883016766625638 0.4118727337790668 0.9069529563698097
v -0.0484615400000000 -0.3715384600000000 0.0001405000000000
vn -0.1576449852544808 0.0321482288146666 -0.9869724160320765
v -0.0484615400000000 -0.3392307800000000 -0.0300984200000000
vn -0.1315281374928451 0.0270870059359623 0.9909423006195107
v -0.0484615400000000 -0.3392307800000000 -0.0022092700000000
vn -0.1579006400221362 0.0021542315068105 -0.9874526556585964
v -0.0484615400000000 -0.3069230900000000 -0.0301633700000000
vn -0.1336058058227417 0.0020453193147915 0.9910324441305424
v -0.0484615400000000 -0.3069230900000000 -0.0021443200000000
vn -0.1578523871182635 -0.0003726060141020 -0.9874626499497712
v -0.0484615400000000 -0.2746153800000000 -0.0300984200000000
vn -0.1338837030324025 -0.0004790486831848 0.9909969346949014
v -0.0484615400000000 -0.2746153800000000 -0.0022092700000000
vn -0.1518802291146456 -0.0021553135805969 -0.9883965553498515
v -0.0484615400000000 -0.2423076900000000 -0.0301633700000000
vn -0.1284503814885371 -0.0025356643504389 0.9917126952407896
v -0.0484615400000000 -0.2423076900000000 -0.0021443200000000
vn -0.1467268069912847 -0.0020796322940167 -0.9891748678770929
v -0.0484615400000000 -0.2099999900000000 -0.0302599900000000
vn -0.1240548298899229 -0.0021343728078106 0.9922730690861763
v -0.0484616000000000 -0.2099999900000000 -0.0020477000000000
vn -0.1468247531626298 0.0015769083857257 -0.9891612635049333
v -0.0484615400000000 -0.1776923100000000 -0.0302599900000000
vn -0.1238312202106977 0.0020107932260371 0.9923012574877308
v -0.0484616000000000 -0.1776923100000000 -0.0020477000000000
vn -0.1483925402790590 0.0029893016344908 -0.9889240203702537
v -0.0484615400000000 -0.1453846100000000 -0.0301309600000000
vn -0.1245761115386277 0.0029999936464339 0.9922055192711018
v -0.0484615400000000 -0.1453846100000000 -0.0021767400000000
vn -0.1515283763427866 0.0049205253774499 -0.9884406606331655
v -0.0484615400000000 -0.1130769300000000 -0.0299669800000000
vn -0.1267535535148634 0.0059540657440812 0.9919163703520926
v -0.0484615400000000 -0.1130769300000000 -0.0023407700000000
vn -0.1547683168746308 0.0060444147420390 -0.9879323019024229
v -0.0484615400000000 -0.0807692300000000 -0.0296984900000000
vn -0.1289835311949057 0.0050999885577993 0.9916336212519234
v -0.0484615400000000 -0.0807691700000000 -0.0026092000000000
vn -0.1538508096565592 0.0023021739746482 -0.9880914068865347
v -0.0484615400000000 -0.0484615400000000 -0.0295957100000000
vn -0.1300091059349571 0.0022562200067421 0.9915102328495023
v -0.0484616000000000 -0.0484616000000000 -0.0027119900000000
vn -0.1536696541405478 -0.0007191267250842 -0.9881220168850998
v -0.0484615400000000 -0.0161538500000000 -0.0295612000000000
vn -0.1298745057620801 -0.0006700014079862 0.9915302132820607
v -0.0484615400000000 -0.0161538500000000 -0.0027464900000000
vn -0.1555925488329338 -0.0013921541266038 -0.9878203382470715
v -0.0484615400000000 0.0161538500000000 -0.0296643500000000
vn -0.1310685239957780 -0.0007577683362944 0.9913730215235417
v -0.0484614800000000 0.0161538500000000 -0.0026433400000000
vn -0.1571407803950292 -0.0005340281475338 -0.9875760679313663
v -0.0484615400000000 0.0484615400000000 -0.0296643500000000
vn -0.1312644353944746 -0.0004321869868808 0.9913472959639211
v -0.0484614800000000 0.0484615400000000 -0.0026433400000000
vn -0.1566408339833527 -0.0000677673645367 -0.9876556305396047
v -0.0484615400000000 0.0807692300000000 -0.0297324500000000
vn -0.1307583554108650 -0.0002850501306400 0.9914142278768592
v -0.0484615400000000 0.0807692300000000 -0.0025753100000000
vn -0.1552819177112011 0.0004798351355471 -0.9878700804205858
v -0.0484615400000000 0.1130769300000000 -0.0297324500000000
vn -0.1304329600383747 -0.0001490391167696 0.9914571199618112
v -0.0484615400000000 0.1130769300000000 -0.0025753100000000
vn -0.1539764122024198 0.0000837782869076 -0.9880745201989924
v -0.0484615400000000 0.1453846100000000 -0.0297324500000000
vn -0.1300536307116568 0.0003984642855722 0.9915068806442692
v -0.0484615400000000 0.1453846100000000 -0.0025753100000000
vn -0.1540233618315401 0.0005460119742901 -0.9880670553565858
v -0.0484615400000000 0.1776923100000000 -0.0296643500000000
vn -0.1294921637614220 0.0005480244150908 0.9915802938711649
v -0.0484614800000000 0.1776923100000000 -0.0026433400000000
vn -0.1524559451418683 -0.0000354014924846 -0.9883102668381191
v -0.0484615400000000 0.2099999900000000 -0.0296643500000000
vn -0.1279229166198614 -0.0000338597521269 0.9917841127266482
v -0.0484614800000000 0.2099999900000000 -0.0026433400000000
vn -0.1507862128671478 0.0004696119712712 -0.9885662838038628
v -0.0484615400000000 0.2423076900000000 -0.0295957100000000
vn -0.1262559776664215 0.0004724663419385 0.9919975831014166
v -0.0484616000000000 0.2423075700000000 -0.0027119900000000
vn -0.1497482770465854 0.0010177818695369 -0.9887236305670282
v -0.0484615400000000 0.2746153800000000 -0.0295612000000000
vn -0.1255281048416226 0.0007077670443101 0.9920898114388039
v -0.0484615400000000 0.2746153800000000 -0.0027464900000000
vn -0.1490320996546101 0.0009174666241735 -0.9888319329024179
v -0.0484615400000000 0.3069230900000000 -0.0295266300000000
vn -0.1254340567620509 0.0009227723795692 0.9921015300337713
v -0.0484615400000000 0.3069230900000000 -0.0027811300000000
vn -0.1487708289058943 0.0017360901946705 -0.9888701767459108
v -0.0484615400000000 0.3392307800000000 -0.0294570600000000
vn -0.1257468097553788 0.0011674195352337 0.9920616800219497
v -0.0484616000000000 0.3392307800000000 -0.0028507600000000
vn -0.1494181699193731 0.0018031999228667 -0.9887724505506733
v -0.0484615400000000 0.3715384600000000 -0.0293869300000000
vn -0.1277921035297462 0.0015423476596327 0.9917997778983112
v -0.0484615400000000 0.3715384600000000 -0.0029207600000000
vn -0.1488597299524003 -0.0006508029942516 -0.9888581077454749
v -0.0484615400000000 0.4038461400000000 -0.0293516200000000
vn -0.1277526635111489 -0.0006515705382045 0.9918058441154907
v -0.0484616000000000 0.4038460300000000 -0.0029561300000000
vn -0.1477253309744568 -0.0006695876045926 -0.9890281989108940
v -0.0484615400000000 0.4361538600000000 -0.0294220600000000
vn -0.1272096411211995 -0.0012896760128984 0.9918750142742770
v -0.0484615400000000 0.4361539800000000 -0.0028856400000000
vn -0.1479734127426783 -0.0004807747584789 -0.9889912223962943
v -0.0484615400000000 0.4684615400000000 -0.0294918700000000
vn -0.1284018818560150 -0.0002189077730624 0.9917221933662779
v -0.0484616000000000 0.4684615400000000 -0.0028158800000000
vn -0.1487144955436329 -0.0007073735090601 -0.9888799211420572
v -0.0484615400000000 0.5007692600000000 -0.0295266300000000
vn -0.1288800109555842 -0.0009735400785875 0.9916597173404816
v -0.0484615400000000 0.5007692600000000 -0.0027811300000000
vn -0.1485955458839713 -0.0004999968926578 -0.9888979288817182
v -0.0484615400000000 0.5330769400000001 -0.0295612000000000
vn -0.1292779717237041 -0.0005017684825817 0.9916082665324019
v -0.0484615400000000 0.5330768200000000 -0.0027464900000000
vn -0.1510860299158849 0.0059621551872740 -0.9885026374622271
v -0.0484615400000000 0.5653846300000001 -0.0295612000000000
vn -0.1318776401172167 0.0058944980512128 0.9912484768865161
v -0.0484615400000000 0.5653845100000000 -0.0027464900000000
vn -0.1555348887439629 0.0247850297532428 -0.9875194178766987
v -0.0484615400000000 0.5976923100000000 -0.0290647700000000
vn -0.1418726917929297 0.0194258124779354 0.9896942846823965
v -0.0484615400000000 0.5976923100000000 -0.0032429200000000
vn -0.1589277268803153 0.0313800950332474 -0.9867914000762068
v -0.0484615400000000 0.6300000000000000 -0.0279486700000000
vn -0.1571404375216121 0.0300869465363619 0.9871178544346336
v -0.0484615400000000 0.6299998800000000 -0.0043590200000000
vn -0.1758110408969339 0.0393494385721136 -0.9836371788331285
v -0.0484615400000000 0.6623076800000000 -0.0270568800000000
vn -0.1763096911455918 0.0396035103824115 0.9835377241232469
v -0.0484615400000000 0.6623076800000000 -0.0052508100000000
vn -0.1847143660208424 0.0461018524092588 -0.9817103555478841
v -0.0484615400000000 0.6946153600000000 -0.0256896100000000
vn -0.1847154194633112 0.0461020070510036 0.9817101500740237
v -0.0484615400000000 0.6946153600000000 -0.0066180800000000
vn -0.1632646420518893 0.0631394923847339 -0.9845598311718118
v -0.0484615400000000 0.7269230500000000 -0.0236095000000000
vn -0.1632651598899240 0.0631403029360278 0.9845596933204529
v -0.0484614800000000 0.7269230500000000 -0.0086982000000000
vn -0.2411314828056902 0.1551441454167371 -0.9580114311128231
v -0.0484615400000000 0.7592307900000000 -0.0191325900000000
vn -0.3078167704296461 0.1199565070627818 0.9438534167208166
v -0.0484615400000000 0.7592306700000000 -0.0131751600000000
vn -0.3939997086908853 0.0412646803884587 -0.9181837810067960
v -0.0484615400000000 0.7915384800000000 -0.0172922500000000
vn -0.4717330961197929 -0.0027327057050978 0.8817371594442209
v -0.0484615400000000 0.7915384800000000 -0.0150154400000000
vn -0.4587165703722487 0.1169412972205953 -0.8808540407299533
v -0.0484615400000000 0.8238461600000000 -0.0199416300000000
vn -0.7606270007953940 0.5829969344041134 -0.2855891106754762
v -0.0484615400000000 0.8326199100000000 -0.0161538500000000
vn -0.3902744762657596 0.1967057128807370 0.8994402124074551
v -0.0484615400000000 0.8238461600000000 -0.0123660600000000
vn -0.8817826769778094 0.4673228553985508 0.0637860439594242
v -0.0188190600000000 0.8561538500000000 -0.0161538500000000
vn -0.9978431975800478 0.0287711809490090 0.0590014592194558
v -0.0169587500000000 0.8884615300000001 -0.0161538500000000
vn -0.9199845132833037 0.3375181264952881 0.1992737052548422
v -0.0162482500000000 0.9207692100000000 -0.0161538500000000
vn -0.0708806275233333 -0.8221708382674021 -0.5648106314018670
v -0.0161538500000000 -0.9334965300000000 -0.0484615400000000
vn -0.0231256243485151 -0.9996185006490509 0.0151016111271192
v -0.0161538500000000 -0.9514813400000000 -0.0161538500000000
vn 0.0451655750950427 -0.8134372673019283 0.5798964416089353
v -0.0161538500000000 -0.9322612300000001 0.0161538500000000
vn 0.0494175117073343 -0.3071591664970378 -0.9503742189124769
v -0.0161538500000000 -0.9207692100000000 -0.0596272100000000
vn 0.4097886144010314 -0.5692424443676052 -0.7127666736300714
v 0.0120450100000000 -0.9207692100000000 -0.0484615400000000
vn 0.4450953096232877 -0.4276627291792440 0.7867621975046274
v 0.0084247200000000 -0.9207692100000000 0.0161538500000000
vn -0.0767589925256197 -0.3252619118531465 0.9425034460223941
v -0.0161538500000000 -0.9207692100000000 0.0268780500000000
vn -0.0119017963373243 0.1469198846270517 -0.9890767891044248
v -0.0161538500000000 -0.8884615300000001 -0.0631770600000000
vn -0.0123265212419347 0.1400616069070252 0.9900660599902887
v -0.0161538500000000 -0.8884615300000001 0.0305003200000000
vn 0.0092326400572467 0.3190814802345568 -0.9476823135043184
v -0.0161538500000000 -0.8561538500000000 -0.0494227200000000
vn 0.5839290524749930 0.3244014219211247 -0.7441710684588654
v -0.0147804100000000 -0.8561538500000000 -0.0484615400000000
vn 0.6431352520628814 0.1784544213447313 0.7446684275948131
v -0.0147390000000000 -0.8561538500000000 0.0161538500000000
vn -0.0272490197857113 0.3356477004440682 0.9415933900083022
v -0.0161538500000000 -0.8561538500000000 0.0171920500000000
vn -0.1562889786150683 0.1650514193738443 -0.9738232817745416
v -0.0161538500000000 -0.8238461600000000 -0.0528651700000000
vn 0.6512381199323825 0.2082727621838882 -0.7297337649302171
v -0.0098665500000000 -0.8238461600000000 -0.0484615400000000
vn 0.1862252980067725 0.4922301371610692 -0.8503114902508868
v -0.0161538500000000 -0.8168886300000000 -0.0484616000000000
vn 0.6148297525284363 0.2146404054292983 0.7588898943608146
v -0.0126447200000000 -0.8238461600000000 0.0161538500000000
vn -0.1988835915582258 0.4728255484652600 0.8584179155443035
v -0.0161538500000000 -0.8196066600000000 0.0161538500000000
vn 0.1470408930034573 0.1976794120199552 0.9691758487747157
v -0.0161538500000000 -0.8238461600000000 0.0188384700000000
vn 0.0742902760513027 0.2137216060454840 -0.9740657215986815
v -0.0161538500000000 -0.7915384800000000 -0.0366667100000000
vn 0.9569892572246140 0.2876845536413732 -0.0375387686644805
v 0.0023407700000000 -0.7915384800000000 -0.0161538500000000
vn 0.0724576124111307 0.2424824652681849 0.9674461992488999
v -0.0161538500000000 -0.7915384800000000 0.0040384600000000
vn -0.0066505288186377 -0.0627661838895489 -0.9980061004955710
v -0.0161538500000000 -0.7592307900000000 -0.0387269800000000
vn 0.9982077547342767 -0.0590884266596947 0.0094781972566474
v 0.0044817700000000 -0.7592307900000000 -0.0161538500000000
vn -0.0102896658588776 -0.0521703750715194 0.9985851865221163
v -0.0161538500000000 -0.7592307900000000 0.0057497100000000
vn -0.1254584374376810 -0.7849799442563997 -0.6066849821702487
v -0.0161538500000000 -0.7176370600000000 -0.0484615400000000
vn -0.0443375611711464 -0.3867780532127347 -0.9211063555433551
v -0.0161538500000000 -0.7269230500000000 -0.0410058900000000
vn 0.9295702054662791 -0.3685744795953958 -0.0072170700677476
v 0.0063210600000000 -0.7269230500000000 -0.0161538500000000
vn 0.0100390809618859 -0.3888286477937359 0.9212553932044769
v -0.0161538500000000 -0.7269230500000000 0.0074769700000000
vn 0.1123215929038977 -0.7887994120278820 0.6043007093757202
v -0.0161538500000000 -0.7162447000000000 0.0161538500000000
vn 0.0824747823527437 -0.4263188825276409 -0.9008052623493333
v -0.0161538500000000 -0.6946153600000000 -0.0698502400000000
vn 0.0155107015173254 -0.4287916503009910 0.9032702468091115
v -0.0161538500000000 -0.6946153600000000 0.0377831800000000
vn -0.0495334341712089 0.0855118830315421 -0.9951050983487152
v -0.0161538500000000 -0.6623076800000000 -0.0740201400000000
vn -0.0555579338945212 0.1051478721178798 0.9929034399026192
v -0.0161538500000000 -0.6623076800000000 0.0410958600000000
vn 0.0369990682543687 0.2456307289611766 -0.9686571188704027
v -0.0161538500000000 -0.6300000000000000 -0.0611888300000000
vn 0.5380891270643124 0.3341219007196010 -0.7738363178312886
v 0.0067812600000000 -0.6300000000000000 -0.0484615400000000
vn 0.6224431814554963 0.1363693050061852 0.7706931286262322
v 0.0037366400000000 -0.6300000000000000 0.0161538500000000
vn -0.0599144984268502 0.2648909569253679 0.9624152086378426
v -0.0161538500000000 -0.6300000500000000 0.0274910700000000
vn -0.1347225598134320 -0.5711620935016142 -0.8097059310787896
v -0.0161538500000000 -0.5855994800000000 -0.0807692300000000
vn -0.0001221423507315 -0.4362198468559639 -0.8998401137369936
v -0.0161538500000000 -0.5976923100000000 -0.0737639700000000
vn 0.6454199290223596 -0.2765452611969655 -0.7120083101553483
v 0.0096496400000000 -0.5976923100000000 -0.0484615400000000
vn 0.6555099205988000 -0.3520181526968060 0.6681242131284294
v 0.0068539700000000 -0.5976923100000000 0.0161538500000000
vn 0.1245520634067418 -0.3904902499780199 0.9121426139443473
v -0.0161538500000000 -0.5976923100000000 0.0406276500000000
vn 0.1206087389262188 -0.5852834593846343 0.8018084585893207
v -0.0161538500000000 -0.5852941300000000 0.0484615400000000
vn -0.2306452733120652 -0.5939845024111758 -0.7707043329281020
v -0.0161538500000000 -0.5363031600000000 -0.1130769300000000
vn 0.1538223918451757 -0.4222999507106727 -0.8933092540642310
v -0.0161538500000000 -0.5653846300000001 -0.0891452700000000
vn 0.0368618871379987 -0.4229174411763398 0.9054181571105600
v -0.0161538500000000 -0.5653846300000001 0.0567262800000000
vn 0.0000156034368292 -0.6567968582763095 0.7540675611076915
v -0.0161538500000000 -0.5338107900000000 0.0807692300000000
vn 0.1943924239068698 -0.3802168726248643 -0.9042381961070765
v -0.0161538500000000 -0.5330769400000001 -0.1163031500000000
vn 0.6667474359060819 -0.2989719910889108 -0.6826885126153781
v -0.0129276900000000 -0.5330769400000001 -0.1130769300000000
vn 0.8211191950097857 0.0038546437923255 -0.5707437334808989
v 0.0083158900000000 -0.5330769400000001 -0.0807692300000000
vn 0.7967749408034022 -0.0062160088008839 0.6042442014139006
v 0.0078224200000000 -0.5330769400000001 0.0484615400000000
vn 0.6768673011991403 -0.2687468123696350 0.6852924977033911
v -0.0154200500000000 -0.5330769400000001 0.0807692300000000
vn -0.1909811827255255 -0.4194998172076834 0.8874379365383699
v -0.0161538500000000 -0.5330769400000001 0.0815031500000000
vn -0.2026585878203516 0.2677976364137090 -0.9419203377748522
v -0.0161538500000000 -0.5007692600000000 -0.1196662300000000
vn 0.7446770719040137 0.2082868385819658 -0.6340919897412320
v -0.0095317000000000 -0.5007692600000000 -0.1130769300000000
vn 0.1323110537446744 0.7292506388998762 -0.6713324740552152
v -0.0161538500000000 -0.4941471500000000 -0.1130769300000000
vn 0.7634003692288495 0.1258430016560794 -0.6335482737688142
v 0.0145468700000000 -0.5007692600000000 -0.0807692300000000
vn 0.7209199823982011 0.1551533275830909 0.6754271418286886
v 0.0138562100000000 -0.5007692600000000 0.0484615400000000
vn 0.6972302713296504 0.3865550690927043 0.6036929081083501
v -0.0094999000000000 -0.5007692600000000 0.0807692300000000
vn -0.1299536584583368 0.7440949039394893 0.6553127654674339
v -0.0161538500000000 -0.4941152900000000 0.0807692300000000
vn 0.2050225953371063 0.2248779805064864 0.9525731621689545
v -0.0161538500000000 -0.5007692600000000 0.0874231800000000
vn -0.1545070580110609 0.6554261164185172 -0.7392862604846021
v -0.0161538500000000 -0.4684615400000000 -0.0833473700000000
vn 0.5788684244229091 0.4866763829509124 -0.6542609918709472
v -0.0135607900000000 -0.4684615400000000 -0.0807692300000000
vn 0.0900378390914431 0.4003524407253469 -0.9119271411340935
v -0.0161538500000000 -0.4639047700000000 -0.0807692300000000
vn 0.5538121245093962 0.4497824329449014 0.7007052830973621
v -0.0156476800000000 -0.4684615400000000 0.0484615400000000
vn -0.1007367649886983 0.4002405065495452 0.9108565425447498
v -0.0161538500000000 -0.4676003800000000 0.0484615400000000
vn 0.1565829203297321 0.6742514089775548 0.7217110408971135
v -0.0161538500000000 -0.4684615400000000 0.0489678200000000
vn -0.0590698432946605 0.1427194609776011 -0.9879989418371901
v -0.0161538500000000 -0.4361538600000000 -0.0696035600000000
vn 0.0791887547452595 0.1356116455093310 0.9875923363028627
v -0.0161538500000000 -0.4361538600000000 0.0365856200000000
vn -0.0438662217885586 0.3989925667057421 -0.9159042997494666
v -0.0161538500000000 -0.4038461400000000 -0.0685498900000000
vn 0.0169726501924952 0.7181200175750234 -0.6957122749409351
v -0.0161538500000000 -0.3860485300000000 -0.0484615400000000
vn -0.0273027584351988 0.7104591233168933 0.7032086414981122
v -0.0161538500000000 -0.3867165700000000 0.0161538500000000
vn -0.0460293158724323 0.4030105698345903 0.9140370794896204
v -0.0161538500000000 -0.4038461400000000 0.0353441800000000
vn 0.0195525177474082 0.3955474042783268 -0.9182374148434680
v -0.0161538500000000 -0.3715384600000000 -0.0341025000000000
vn 0.0063737563097969 0.4055457197982399 0.9140525391813268
v -0.0161538500000000 -0.3715384600000000 0.0010769100000000
vn 0.0060029383244958 0.0087953147270697 -0.9999433019778291
v -0.0161538500000000 -0.3392307800000000 -0.0345169600000000
vn 0.0013282777001473 0.0180636886949889 0.9998359559593172
v -0.0161538500000000 -0.3392307800000000 0.0001528200000000
vn -0.0080354947199402 0.0006686906760900 -0.9999674913102853
v -0.0161538500000000 -0.3069230900000000 -0.0343874400000000
vn -0.0057284622693234 -0.0041347963911199 0.9999750437780099
v -0.0161538500000000 -0.3069230900000000 0.0004674600000000
vn -0.0089825176189919 0.0006946326916496 -0.9999594151077573
v -0.0161538500000000 -0.2746153800000000 -0.0344196600000000
vn -0.0088494886945747 0.0002544090871577 0.9999608101450081
v -0.0161538500000000 -0.2746153800000000 0.0005210800000000
vn -0.0110177913233696 0.0019793433117177 -0.9999373432742719
v -0.0161538500000000 -0.2423076900000000 -0.0342914900000000
vn -0.0106310048901613 0.0010018426779045 0.9999429873979186
v -0.0161538500000000 -0.2423076900000000 0.0004142200000000
vn -0.0099978360427123 0.0014515297171069 -0.9999489668657813
v -0.0161538500000000 -0.2099999900000000 -0.0341651000000000
vn -0.0096529576372815 0.0005901405607512 0.9999532349780020
v -0.0161538500000000 -0.2099999900000000 0.0003612300000000
vn -0.0083994767888899 0.0006350785579738 -0.9999645221031084
v -0.0161538500000000 -0.1776922500000000 -0.0341025000000000
vn -0.0088446117361919 0.0013931240896156 0.9999599152208586
v -0.0161538500000000 -0.1776923100000000 0.0003087300000000
vn -0.0078375838712517 0.0012908223415446 -0.9999684525307505
v -0.0161538500000000 -0.1453846100000000 -0.0341338000000000
vn -0.0083337523686680 0.0021530561578423 0.9999629557741820
v -0.0161538500000000 -0.1453846100000000 0.0002564700000000
vn -0.0066863015458714 0.0011694389428324 -0.9999769626267382
v -0.0161538500000000 -0.1130768600000000 -0.0341338000000000
vn -0.0077631411660706 0.0032106383494452 0.9999647120976944
v -0.0161538500000000 -0.1130769300000000 0.0002564700000000
vn -0.0083061536189256 0.0026753443416737 -0.9999619244474823
v -0.0161538500000000 -0.0807692300000000 -0.0342280800000000
vn -0.0084495517060449 0.0027826725772636 0.9999604301217596
v -0.0161538500000000 -0.0807692300000000 0.0001528200000000
vn -0.0111848550796283 0.0027713701407278 -0.9999336070581841
v -0.0161538500000000 -0.0484615400000000 -0.0340404400000000
vn -0.0102822276534045 0.0007291554752594 0.9999468706520245
v -0.0161538500000000 -0.0484615400000000 0.0001528200000000
vn -0.0117677995729402 -0.0001498502502315 -0.9999307458209862
v -0.0161538500000000 -0.0161538500000000 -0.0339787600000000
vn -0.0118819126856804 -0.0001498820056397 0.9999293963507195
v -0.0161538500000000 -0.0161538500000000 0.0001015500000000
vn -0.0104320068488486 -0.0022900810979365 -0.9999429627542115
v -0.0161538500000000 0.0161538500000000 -0.0340404400000000
vn -0.0112275503807626 -0.0008970466323478 0.9999365666980015
v -0.0161538500000000 0.0161538500000000 0.0001528200000000
vn -0.0105337898559673 -0.0014521123322856 -0.9999434637223470
v -0.0161538500000000 0.0484615400000000 -0.0341651000000000
vn -0.0113865665276834 0.0000403803256457 0.9999351701346143
v -0.0161538500000000 0.0484615400000000 0.0001528200000000
vn -0.0119161114162947 0.0009353796642532 -0.9999285631251855
v -0.0161538500000000 0.0807692300000000 -0.0341338000000000
vn -0.0119253928946079 0.0007033571376990 0.9999286426005839
v -0.0161538500000000 0.0807692300000000 0.0001015500000000
vn -0.0122044654958565 0.0020698122063202 -0.9999233805144228
v -0.0161538500000000 0.1130769300000000 -0.0340404400000000
vn -0.0114769722817683 0.0003635113284779 0.9999340713100827
v -0.0161538500000000 0.1130769300000000 0.0000506500000000
vn -0.0117448264432983 0.0006361572791637 -0.9999308247852613
v -0.0161538500000000 0.1453846100000000 -0.0339175100000000
vn -0.0115379790811804 0.0000000000000000 0.9999334353039318
v -0.0161538500000000 0.1453846100000000 0.0000506500000000
vn -0.0116489137302754 -0.0001195994516049 -0.9999321419500804
v -0.0161538500000000 0.1776923100000000 -0.0339787600000000
vn -0.0120742119240526 0.0005122258922355 0.9999269728490416
v -0.0161538500000000 0.1776923100000000 0.0000506500000000
vn -0.0116648756175917 0.0003253582371033 -0.9999319100913040
v -0.0161538500000000 0.2099999900000000 -0.0339787600000000
vn -0.0117773543975113 0.0003251599851858 0.9999305916884328
v -0.0161538500000000 0.2099999900000000 0.0000506500000000
vn -0.0112332336186760 0.0008456714136691 -0.9999365476380631
v -0.0161538500000000 0.2423076900000000 -0.0339787600000000
vn -0.0113435396702526 0.0008456340866357 0.9999353024124815
v -0.0161538500000000 0.2423076900000000 0.0000506500000000
vn -0.0109455746486564 0.0011407096574835 -0.9999394447550752
v -0.0161538500000000 0.2746153800000000 -0.0339787600000000
vn -0.0107402374362788 0.0005086759386631 0.9999421926034534
v -0.0161538500000000 0.2746153800000000 0.0000506500000000
vn -0.0106570790650499 0.0009764760776511 -0.9999427349404919
v -0.0161538500000000 0.3069230900000000 -0.0339175100000000
vn -0.0104474150565956 0.0003452431687188 0.9999453646703852
v -0.0161538500000000 0.3069230900000000 0.0000506500000000
vn -0.0107126170242184 0.0014883805819318 -0.9999415105693611
v -0.0161538500000000 0.3392307800000000 -0.0339175100000000
vn -0.0102453638877422 0.0003358481764281 0.9999474584820995
v -0.0161538500000000 0.3392307800000000 0.0000506500000000
vn -0.0109533327171236 0.0008206348550263 -0.9999396737107807
v -0.0161538500000000 0.3715384600000000 -0.0338566900000000
vn -0.0102212704585077 -0.0008612767908310 0.9999473905323738
v -0.0161538500000000 0.3715384600000000 0.0001015500000000
vn -0.0123465458852309 -0.0004846674577195 -0.9999236610372610
v -0.0161538500000000 0.4038461400000000 -0.0338566900000000
vn -0.0121958304140303 -0.0010129751723880 0.9999251149970243
v -0.0161538500000000 0.4038461400000000 0.0001528200000000
vn -0.0137403198785812 0.0008803905935351 -0.9999052097684245
v -0.0161538500000000 0.4361538600000000 -0.0338566900000000
vn -0.0132426455182144 -0.0003632069732470 0.9999122463598361
v -0.0161538500000000 0.4361538600000000 0.0001528200000000
vn -0.0128468539476669 0.0007173856244080 -0.9999172184243620
v -0.0161538500000000 0.4684615400000000 -0.0337362100000000
vn -0.0125966180930641 0.0000040171111216 0.9999206594507787
v -0.0161538500000000 0.4684615400000000 0.0001528200000000
vn -0.0116938054723201 -0.0000135027093554 -0.9999316250280578
v -0.0161538500000000 0.5007692600000000 -0.0337362100000000
vn -0.0117875037456578 -0.0000136568367356 0.9999305248710716
v -0.0161538500000000 0.5007692600000000 0.0001015500000000
vn -0.0114895691147816 -0.0008356015964371 -0.9999336435841774
v -0.0161538500000000 0.5330769400000001 -0.0337362100000000
vn -0.0113159580450608 -0.0013646895633882 0.9999350412481393
v -0.0161538500000000 0.5330769400000001 0.0001528200000000
vn -0.0132194875360906 0.0012257574545052 -0.9999118674502998
v -0.0161538500000000 0.5653847500000000 -0.0337362100000000
vn -0.0132336100278990 0.0010541082784475 0.9999118763277927
v -0.0161538500000000 0.5653846300000001 0.0001528200000000
vn -0.0175267691357765 0.0216296687795383 -0.9996124097829862
v -0.0161538500000000 0.5976923100000000 -0.0336174100000000
vn -0.0121793254514914 0.0105908690214858 0.9998697402786608
v -0.0161538500000000 0.5976923100000000 0.0000506500000000
vn -0.0157495037567842 0.0314904004506043 -0.9993799616816796
v -0.0161538500000000 0.6300000000000000 -0.0325121500000000
vn -0.0091112296526069 0.0179822696343857 0.9997967910895762
v -0.0161538500000000 0.6300000000000000 0.0000000000000000
vn -0.0098403496442887 0.0312347119522163 -0.9994636363010614
v -0.0161538500000000 0.6623076800000000 -0.0317363300000000
vn -0.0088010016098983 0.0291230194480072 0.9995370889111086
v -0.0161538500000000 0.6623075600000000 -0.0005210800000000
vn -0.0064142168711430 0.0403275594049493 -0.9991659250466712
v -0.0161538500000000 0.6946153600000000 -0.0306978800000000
vn -0.0066680732856598 0.0408457829543303 0.9991432123642259
v -0.0161538500000000 0.6946153600000000 -0.0016098100000000
vn 0.0022828590261618 0.0612649544541292 -0.9981189277387742
v -0.0161538500000000 0.7269230500000000 -0.0293869300000000
vn 0.0022823944056966 0.0612656008609580 0.9981188891243981
v -0.0161538500000000 0.7269232300000000 -0.0029207600000000
vn 0.0012748971365628 0.0713883417128586 -0.9974477827459337
v -0.0161538500000000 0.7592307900000000 -0.0279079400000000
vn 0.0012742698473189 0.0713881271434088 0.9974477989044404
v -0.0161538500000000 0.7592307900000000 -0.0043998100000000
vn -0.0268519985178139 0.0495681994651677 -0.9984097173892994
v -0.0161538500000000 0.7915384800000000 -0.0260353700000000
vn -0.0268516705566054 0.0495675276806214 0.9984097595616493
v -0.0161538500000000 0.7915384800000000 -0.0062722600000000
vn -0.0437863381651111 0.0925058272242684 -0.9947489273779813
v -0.0161538500000000 0.8238461600000000 -0.0232458000000000
vn -0.0437857524866583 0.0925065550398012 0.9947488854750455
v -0.0161538500000000 0.8238461600000000 -0.0090618900000000
vn 0.0352445658266887 0.2035923399793500 -0.9784211668200055
v -0.0161538500000000 0.8561538500000000 -0.0171565600000000
vn 0.8851486392508687 0.4581747506998916 -0.0811651665028018
v -0.0126771300000000 0.8561539600000000 -0.0161538500000000
vn -0.0768602468110997 0.1929142620408338 0.9782006900229510
v -0.0161538500000000 0.8561538500000000 -0.0151511300000000
vn 0.0649529453950482 0.0216147043854571 -0.9976542083501865
v -0.0161538500000000 0.8884615300000001 -0.0169538200000000
vn 0.9969921157931385 0.0353872128082665 -0.0689526374838809
v -0.0152791800000000 0.8884615300000001 -0.0161538500000000
vn -0.1070074506095848 0.0243669448039032 0.9939595854535338
v -0.0161538500000000 0.8884615300000001 -0.0153538700000000
vn -0.1979219327797251 0.3372157086096319 -0.9203871328911774
v -0.0161538500000000 0.9207692100000000 -0.0162482500000000
vn 0.9169239486141032 0.3401981128275550 -0.2086042101360651
v -0.0160594400000000 0.9207692100000000 -0.0161538500000000
vn -0.0000353126044109 0.9999999987530199 -0.0000353126044109
v -0.0161538500000000 0.9208636300000000 -0.0161538500000000
vn 0.1883229511869662 0.3358388319555850 0.9229012650370243
v -0.0161538500000000 0.9207692100000000 -0.0160594400000000
vn 0.5141042384411290 -0.8557197819373714 -0.0586556631360032
v 0.0161538500000000 -0.9362592100000000 -0.0161538500000000
vn 0.5722774118114815 -0.1730999220776401 -0.8015827972873838
v 0.0161538500000000 -0.9100723900000000 -0.0484615400000000
vn 0.7067339744512305 -0.4349620684074206 -0.5579740929497583
v 0.0161538500000000 -0.9207692100000000 -0.0455108300000000
vn 0.9481243589167204 -0.3037362899556122 0.0938321170642445
v 0.0301633700000000 -0.9207692100000000 -0.0161538500000000
vn 0.6171510737756354 -0.5536998059516693 0.5590537335772509
v 0.0161538500000000 -0.9207692100000000 0.0106779900000000
vn 0.7136290314707223 -0.1910417004571023 0.6739708258735072
v 0.0161538500000000 -0.9016522800000000 0.0161538500000000
vn 0.4916390638353096 0.2281133455954577 -0.8403899883223190
v 0.0161538500000000 -0.8884615300000001 -0.0528085400000000
vn 0.8388960617879625 0.1304432079423231 -0.5284297181445825
v 0.0205725200000000 -0.8884615300000001 -0.0484615400000000
vn 0.6074512360522689 0.5466685405202023 -0.5763302027692828
v 0.0161538500000000 -0.8825250300000000 -0.0484615400000000
vn 0.9834680442577752 0.1803180449995736 0.0166135056901961
v 0.0323585900000000 -0.8884615300000001 -0.0161538500000000
vn 0.8114598619604395 0.2276346668001595 0.5382521257718589
v 0.0193339100000000 -0.8884615300000001 0.0161538500000000
vn 0.5733327009711952 0.5399325181284870 0.6162487240266751
v 0.0161538500000000 -0.8842791300000000 0.0161538500000000
vn 0.5069576863902886 0.1078587848500908 0.8551961101060198
v 0.0161538500000000 -0.8884615300000001 0.0192980500000000
vn 0.7598806063526281 0.1840804410183524 -0.6234547740804066
v 0.0161538500000000 -0.8561538500000000 -0.0182473300000000
vn 0.9336325041027708 0.3568769957658077 0.0311312893398483
v 0.0176292000000000 -0.8561538500000000 -0.0161538500000000
vn 0.7200817862413700 0.3474561553261072 0.6006300369190987
v 0.0161538500000000 -0.8561538500000000 -0.0141534700000000
vn 0.7579285699850433 0.2913685952657371 -0.5836511153876933
v 0.0161538500000000 -0.8238461600000000 -0.0188947900000000
vn 0.9588919298916004 0.2563747375300440 -0.1216481021025930
v 0.0179983200000000 -0.8238461600000000 -0.0161538500000000
vn 0.8198383985790931 0.5488479118145154 -0.1631899810408534
v 0.0161538500000000 -0.8214234700000000 -0.0161538500000000
vn 0.7619548525148342 0.1928623957202672 0.6182466328627568
v 0.0161538500000000 -0.8238461600000000 -0.0137217500000000
vn 0.1655685273316780 -0.8791097085575139 -0.4469375606023086
v 0.0161538500000000 -0.7079881400000000 -0.0484615400000000
vn 0.4208840103685089 -0.9046380783378122 -0.0669820650427515
v 0.0161538500000000 -0.7145649200000000 -0.0161538500000000
vn 0.1450784568853458 -0.8438308493767289 0.5166253371524816
v 0.0161538500000000 -0.7081258900000000 0.0161538500000000
vn 0.1279222364203990 -0.4144933988569909 -0.9010167166779887
v 0.0161538500000000 -0.6946153600000000 -0.0625572100000000
vn 0.1694642359348379 -0.4082450665905746 0.8970049265993354
v 0.0161538500000000 -0.6946153600000000 0.0299145400000000
vn 0.2732868817467352 0.2486405622011577 -0.9292427837187859
v 0.0161538500000000 -0.6623076800000000 -0.0649027900000000
vn 0.4610655042043043 0.6864058903689330 -0.5623749234271236
v 0.0161538500000000 -0.6374020600000000 -0.0484615400000000
vn 0.4379712721356278 0.6740805821556497 0.5948079803975400
v 0.0161538500000000 -0.6386367100000000 0.0161538500000000
vn 0.2488846903208622 0.2894726969100969 0.9242629326482176
v 0.0161538500000000 -0.6623076800000000 0.0323076900000000
vn 0.7888841130371592 0.1794493494421790 -0.5877582727468440
v 0.0161538500000000 -0.6300000000000000 -0.0392152100000000
vn 0.9289427645583277 0.3698300048104759 0.0170618790470072
v 0.0290282900000000 -0.6300000000000000 -0.0161538500000000
vn 0.7056198383708263 0.4114451765551231 0.5768999136653189
v 0.0161538500000000 -0.6300000000000000 0.0052499500000000
vn 0.4020444231619584 -0.5763391508143556 -0.7114727437105062
v 0.0161538500000000 -0.5663300800000000 -0.0807692300000000
vn 0.6000753769257915 -0.6269850489241996 -0.4967889797820481
v 0.0161538500000000 -0.5912936900000000 -0.0484615400000000
vn 0.7738572681413493 -0.3380208560510393 -0.5356181750270711
v 0.0161538500000000 -0.5976923100000000 -0.0417582300000000
vn 0.9572816973843087 -0.2891086940093850 0.0052834554227949
v 0.0297662800000000 -0.5976923100000000 -0.0161538500000000
vn 0.7621985329076406 -0.2102312114030321 0.6122550401470405
v 0.0161538500000000 -0.5976923100000000 0.0074069700000000
vn 0.6053395378458576 -0.6465517115433642 0.4642573943632023
v 0.0161538500000000 -0.5889998700000000 0.0161538500000000
vn 0.4513143070440880 -0.6376415368622673 0.6242825215599429
v 0.0161538500000000 -0.5656989200000000 0.0484615400000000
vn 0.3717068697627588 -0.1132281773268414 -0.9214192220864578
v 0.0161538500000000 -0.5653846300000001 -0.0813608000000000
vn 0.5820214279086038 -0.2777574442938343 -0.7642655687616624
v 0.0171690100000000 -0.5653846300000001 -0.0807692300000000
vn 0.5974103578448163 0.1596887584975281 -0.7858755402411037
v 0.0161538500000000 -0.5636068000000000 -0.0807692300000000
vn 0.5852511338379639 -0.0413899384240574 0.8097950255086965
v 0.0164826600000000 -0.5653846300000001 0.0484615400000000
vn 0.5614446212986038 0.1363452978252341 0.8162045680929602
v 0.0161538500000000 -0.5648146900000000 0.0484614100000000
vn 0.3732324464921232 -0.1635866192761112 0.9132014886536909
v 0.0161538500000000 -0.5653846300000001 0.0486605800000000
vn 0.6138191836611677 -0.0022968233150659 -0.7894433066232162
v 0.0161538500000000 -0.5330769400000001 -0.0697123300000000
vn 0.5726670551625774 0.0052302202282802 0.8197713636909898
v 0.0161538500000000 -0.5330769400000001 0.0364210900000000
vn 0.6170474622448613 0.1514388938253280 -0.7722167382115837
v 0.0161538500000000 -0.5007692600000000 -0.0791622500000000
vn 0.6615070348759489 0.1666993179816814 0.7311769828120086
v 0.0448320000000000 -0.5007692600000000 0.0161538500000000
vn 0.6716037271773165 0.1078122125487897 0.7330245292395549
v 0.0161538500000000 -0.5007692600000000 0.0461639000000000
vn 0.4079252085893502 0.1997661708000389 -0.8908930919034139
v 0.0161538500000000 -0.4684615400000000 -0.0645131500000000
vn 0.5704100134459160 -0.0020694661676027 0.8213574945603230
v 0.0437204600000000 -0.4684615400000000 0.0161538500000000
vn 0.4995619340256081 0.2018796897823560 0.8424265338449244
v 0.0161538500000000 -0.4684615400000000 0.0312879700000000
vn 0.3026077259452836 -0.0179394771534604 -0.9529463465262275
v 0.0161538500000000 -0.4361538600000000 -0.0637651800000000
vn 0.5776082322521807 -0.0643050638937769 0.8137773582449490
v 0.0448238700000000 -0.4361538600000000 0.0161538500000000
vn 0.3605983250285038 -0.0177329272492134 0.9325526211843553
v 0.0161538500000000 -0.4361538600000000 0.0308191500000000
vn 0.1763278870150922 0.3678349525186478 -0.9130202210063023
v 0.0161538500000000 -0.4038461400000000 -0.0643067200000000
vn 0.1377066054434223 0.6680508571789253 -0.7312625677824298
v 0.0161538500000000 -0.3856878000000000 -0.0484615400000000
vn 0.1239630792355836 0.6993289221591303 0.7039689010305650
v 0.0161538500000000 -0.3863129600000000 0.0161538500000000
vn 0.2541515340216466 0.3251721111681901 0.9108622815073999
v 0.0161538500000000 -0.4038461400000000 0.0314013500000000
vn 0.1019336212930993 0.4233216448990458 -0.9002268168689717
v 0.0161537200000000 -0.3715384600000000 -0.0327336900000000
vn 0.1646773558625471 0.3854247525564372 0.9079257285609484
v 0.0161538500000000 -0.3715384600000000 0.0003924100000000
vn 0.1328844192419656 0.0191960866085558 -0.9909456298817017
v 0.0161538500000000 -0.3392307800000000 -0.0305749400000000
vn 0.1084689879562978 0.0257721186920559 0.9937657050582190
v 0.0161538500000000 -0.3392307800000000 -0.0017328100000000
vn 0.1431704373390448 -0.0011696940713569 -0.9896973566135893
v 0.0161538500000000 -0.3069230900000000 -0.0306366300000000
vn 0.1163857402865111 -0.0034593363445321 0.9931980630518850
v 0.0161538500000000 -0.3069230900000000 -0.0016710700000000
vn 0.1396344109096851 -0.0025936723853041 -0.9901997294250604
v 0.0161538500000000 -0.2746153800000000 -0.0306366300000000
vn 0.1153168547647695 -0.0027093081968422 0.9933250639424416
v 0.0161538500000000 -0.2746153800000000 -0.0016710700000000
vn 0.1359731766645706 -0.0017254471860776 -0.9907110164219198
v 0.0161538500000000 -0.2423076900000000 -0.0307587000000000
vn 0.1119507798971100 -0.0018386161884200 0.9937120520407008
v 0.0161538500000000 -0.2423076900000000 -0.0015490500000000
vn 0.1329173903088177 0.0005484156512634 -0.9911269679479855
v 0.0161538500000000 -0.2099999900000000 -0.0308191500000000
vn 0.1097189228095284 0.0001711651024414 0.9939626394789820
v 0.0161538500000000 -0.2099999900000000 -0.0014885400000000
vn 0.1323052987110135 0.0012004453130952 -0.9912082863172804
v 0.0161538500000000 -0.1776923100000000 -0.0308191500000000
vn 0.1095710163285220 0.0011520974205131 0.9939783021033550
v 0.0161538500000000 -0.1776922500000000 -0.0014885400000000
vn 0.1322935570759485 0.0027299081134245 -0.9912068211820805
v 0.0161538500000000 -0.1453846100000000 -0.0307587000000000
vn 0.1087605152724048 0.0031683587521845 0.9940629315191762
v 0.0161538500000000 -0.1453846100000000 -0.0015490500000000
vn 0.1336014357068098 0.0057757096614953 -0.9910183134306778
v 0.0161538500000000 -0.1130769300000000 -0.0305749400000000
vn 0.1096642193273050 0.0057900433525446 0.9939518270003374
v 0.0161538500000000 -0.1130769300000000 -0.0017328100000000
vn 0.1383245871030060 0.0032766750372624 -0.9903815285047894
v 0.0161538500000000 -0.0807692300000000 -0.0303238900000000
vn 0.1124202332877484 0.0043036137711476 0.9936514328757530
v 0.0161538500000000 -0.0807692300000000 -0.0019838600000000
vn 0.1392930321047918 0.0006906846002478 -0.9902509652415575
v 0.0161538500000000 -0.0484615400000000 -0.0302599900000000
vn 0.1143008508327309 -0.0002706471322488 0.9934461446143136
v 0.0161538500000000 -0.0484616000000000 -0.0020477000000000
vn 0.1375619465586890 -0.0012542637312091 -0.9904923713393643
v 0.0161538500000000 -0.0161538500000000 -0.0303238900000000
vn 0.1136111666674783 -0.0013108792130152 0.9935244256706242
v 0.0161538500000000 -0.0161538500000000 -0.0019838600000000
vn 0.1368579173991097 -0.0006406303308018 -0.9905904804902770
v 0.0161538500000000 0.0161538500000000 -0.0303873000000000
vn 0.1128456749150552 -0.0005902190216005 0.9936123516213313
v 0.0161538500000000 0.0161538500000000 -0.0019203900000000
vn 0.1384501370687569 -0.0014164453002518 -0.9903683926844363
v 0.0161538500000000 0.0484615400000000 -0.0303556300000000
vn 0.1131312763931537 -0.0007799036871154 0.9935797431771114
v 0.0161538500000000 0.0484615400000000 -0.0019520600000000
vn 0.1383863179873545 -0.0010740963426244 -0.9903777427380672
v 0.0161538500000000 0.0807692300000000 -0.0304502800000000
vn 0.1122225306203368 -0.0009735205002609 0.9936826233154141
v 0.0161538500000000 0.0807692300000000 -0.0018574100000000
vn 0.1360516896817365 -0.0002403395479249 -0.9907017108956895
v 0.0161538500000000 0.1130769300000000 -0.0304502800000000
vn 0.1101978744319194 -0.0004581139515480 0.9939095625872075
v 0.0161538500000000 0.1130769300000000 -0.0018574100000000
vn 0.1335532484117747 0.0003108351557687 -0.9910415900557195
v 0.0161538500000000 0.1453846100000000 -0.0304815800000000
vn 0.1091475466401111 -0.0003210010643351 0.9940255077314473
v 0.0161538500000000 0.1453846100000000 -0.0018261100000000
vn 0.1329780980346096 -0.0002587911182501 -0.9911189426452583
v 0.0161538500000000 0.1776923100000000 -0.0304815800000000
vn 0.1085710692826372 0.0000558658934522 0.9940886880926806
v 0.0161538500000000 0.1776923100000000 -0.0018261100000000
vn 0.1325892834784440 0.0010963623290826 -0.9911704595559313
v 0.0161538500000000 0.2099999900000000 -0.0304502800000000
vn 0.1078729836430606 0.0010997526580591 0.9941640759673601
v 0.0161538500000000 0.2099999900000000 -0.0018574100000000
vn 0.1329289830993856 0.0020167438821753 -0.9911235130881907
v 0.0161538500000000 0.2423076900000000 -0.0303873000000000
vn 0.1082207965548659 0.0020217389034849 0.9941248270538446
v 0.0161538500000000 0.2423076900000000 -0.0019203900000000
vn 0.1339806718400181 0.0018966247934251 -0.9909821302060349
v 0.0161538500000000 0.2746153800000000 -0.0302920400000000
vn 0.1092858980630711 0.0019014908648589 0.9940085396097152
v 0.0161538500000000 0.2746153800000000 -0.0020156600000000
vn 0.1342132893217035 0.0012987866902167 -0.9909516164387554
v 0.0161538500000000 0.3069230900000000 -0.0302279500000000
vn 0.1101483405684776 0.0009882633255804 0.9939146675673973
v 0.0161538500000000 0.3069230900000000 -0.0020797400000000
vn 0.1342726119499043 0.0018627476281890 -0.9909426804066036
v 0.0161538500000000 0.3392307800000000 -0.0301957200000000
vn 0.1105244009777609 0.0018677460897756 0.9938716558555492
v 0.0161538500000000 0.3392307800000000 -0.0021120300000000
vn 0.1346530915969725 0.0005694717714863 -0.9908926382940177
v 0.0161538500000000 0.3715384600000000 -0.0300984200000000
vn 0.1120518861621541 -0.0000035407845313 0.9937023572453506
v 0.0161538500000000 0.3715384600000000 -0.0022092700000000
vn 0.1344233526181983 -0.0019197232675106 -0.9909221346470466
v 0.0161538500000000 0.4038461400000000 -0.0301309600000000
vn 0.1129125611721677 -0.0021881257939843 0.9936025189355405
v 0.0161538500000000 0.4038461400000000 -0.0021767400000000
vn 0.1334589412222593 -0.0015857799429022 -0.9910530744162022
v 0.0161538500000000 0.4361538600000000 -0.0302599900000000
vn 0.1121957315618440 -0.0015898996925720 0.9936848544877145
v 0.0161538500000000 0.4361538600000000 -0.0020477000000000
vn 0.1307087565926701 -0.0002397818615006 -0.9914207802213231
v 0.0161538500000000 0.4684615400000000 -0.0302599900000000
vn 0.1106535509400832 -0.0008586703987824 0.9938586692027679
v 0.0161538500000000 0.4684614200000000 -0.0020477000000000
vn 0.1290267160803305 0.0001323253146294 -0.9916411089842619
v 0.0161538500000000 0.5007692600000000 -0.0302920400000000
vn 0.1090525235440237 0.0003962846667381 0.9940359098479004
v 0.0161538500000000 0.5007692600000000 -0.0020156600000000
vn 0.1301527962065331 -0.0005760694244950 -0.9914937810110755
v 0.0161538500000000 0.5330769400000001 -0.0302599900000000
vn 0.1104436126858325 -0.0008423083733336 0.9938820347171519
v 0.0161538500000000 0.5330769400000001 -0.0020477000000000
vn 0.1325245554012748 0.0001795842651166 -0.9911797061911559
v 0.0161538500000000 0.5653846300000001 -0.0303873000000000
vn 0.1130750374598363 0.0001774140926006 0.9935864353078179
v 0.0161538500000000 0.5653846300000001 -0.0019203900000000
vn 0.1352751337999973 0.0215141680277206 -0.9905744690579642
v 0.0161538500000000 0.5976923100000000 -0.0303873000000000
vn 0.1159902819507630 0.0214693644803170 0.9930182882917079
v 0.0161538500000000 0.5976923100000000 -0.0019203900000000
vn 0.1469057964572136 0.0448404917945252 -0.9881336029418780
v 0.0161538500000000 0.6300000000000000 -0.0291373000000000
vn 0.1384874204320611 0.0394757044941283 0.9895771334952955
v 0.0161538500000000 0.6299998800000000 -0.0031704500000000
vn 0.1669774549120088 0.0397758354184151 -0.9851580647123970
v 0.0161538500000000 0.6623076800000000 -0.0279079400000000
vn 0.1664611732523095 0.0384737845199601 0.9852971357434144
v 0.0161538500000000 0.6623076800000000 -0.0043998100000000
vn 0.1615388400947507 0.0347946786566348 -0.9862527736224747
v 0.0161538500000000 0.6946153600000000 -0.0263707800000000
vn 0.1617898350510965 0.0350488992365639 0.9862026282344030
v 0.0161538500000000 0.6946152400000000 -0.0059369100000000
vn 0.1424939812504449 0.0811715055583380 -0.9864616829825631
v 0.0161538500000000 0.7269230500000000 -0.0246127000000000
vn 0.1424934918302576 0.0811711985234925 0.9864617789434521
v 0.0161538500000000 0.7269230500000000 -0.0076949900000000
vn 0.3057636883937816 0.1257176140228669 -0.9437709724208665
v 0.0161538500000000 0.7592307900000000 -0.0203679300000000
vn 0.8664683090913986 0.4944884385265429 -0.0686575087217263
v 0.0278577200000000 0.7592307900000000 -0.0161538500000000
vn 0.2489623493273235 0.1560369868021720 0.9558609770082251
v 0.0161538500000000 0.7592309100000000 -0.0119397600000000
vn 0.4870375868078299 0.0149094603802729 -0.8732537414907392
v 0.0161538500000000 0.7915384800000000 -0.0176349900000000
vn 0.9952416409351486 0.0734371274747273 -0.0640395538473960
v 0.0176994500000000 0.7915384800000000 -0.0161538500000000
vn 0.4186922994783573 0.0599398993772481 0.9061478724911132
v 0.0161538500000000 0.7915384800000000 -0.0146727000000000
vn 0.3591887171293415 0.1564064677294092 -0.9200654772022409
v 0.0161538500000000 0.8238461600000000 -0.0191948300000000
vn 0.9741530954628559 0.1012536520102469 -0.2019243535453908
v 0.0191947700000000 0.8238460399999999 -0.0161538500000000
vn 0.7878043566829002 0.5168264144098125 0.3350444044596752
v 0.0161538500000000 0.8329304500000000 -0.0161538500000000
vn 0.4266954149925097 0.1043164979722571 0.8983591103089977
v 0.0161538500000000 0.8238460399999999 -0.0131129200000000
vn 0.3142931212417191 -0.8271744467957793 -0.4658350228441766
v 0.0484615400000000 -0.7057810400000000 -0.0484615400000000
vn 0.4430763714056700 -0.8959671629828662 -0.0304330734303850
v 0.0484615400000000 -0.7081258900000000 -0.0161538500000000
vn 0.4207019333127484 -0.8491404093680512 0.3193281204109249
v 0.0484615400000000 -0.7043992300000000 0.0161538500000000
vn 0.4518141594204950 -0.3071255561016495 -0.8375785683363706
v 0.0484615400000000 -0.6946153600000000 -0.0596272100000000
vn 0.8097183475116478 -0.4833452596005173 -0.3327665213399853
v 0.0603054200000000 -0.6946153600000000 -0.0484615400000000
vn 0.9003724252773628 -0.4349756384442252 0.0112111444642472
v 0.0625350300000000 -0.6946153600000000 -0.0161538500000000
vn 0.8465020228767580 -0.2888351477434450 0.4472231911401499
v 0.0587850800000000 -0.6946154200000000 0.0161538500000000
vn 0.3399483755159531 -0.4571880254625079 0.8218358786021438
v 0.0484615400000000 -0.6946153600000000 0.0259377000000000
vn 0.3250087169765296 0.3152779253992691 -0.8916104326695617
v 0.0484615400000000 -0.6623076800000000 -0.0604179400000000
vn 0.8655223725620916 0.2186789298851212 -0.4506113050277213
v 0.0626196900000000 -0.6623076800000000 -0.0484615400000000
vn 0.5200551904841751 0.7921696420897858 -0.3193898198155488
v 0.0484615400000000 -0.6503512900000000 -0.0484615400000000
vn 0.9256632082859440 0.3776511645789632 0.0229613309267077
v 0.0658189900000000 -0.6623076800000000 -0.0161538500000000
vn 0.5969975402149845 0.7984053423171042 0.0783763123447742
v 0.0484615400000000 -0.6474048500000000 -0.0161538500000000
vn 0.7974427044789945 0.4601888978385830 0.3902708179960900
v 0.0611205500000000 -0.6623076800000000 0.0161538500000000
vn 0.4038456222682044 0.7647763882772698 0.5020217020292861
v 0.0484615400000000 -0.6514046800000000 0.0161538500000000
vn 0.4184410594652582 0.2090152538709161 0.8838663379736037
v 0.0484615400000000 -0.6623076800000000 0.0270568800000000
vn 0.5923646520253251 -0.7292099643651704 -0.3425740020805178
v 0.0484615400000000 -0.5677148700000000 -0.0484615400000000
vn 0.7307350601094759 -0.6806348927041805 -0.0525586792106620
v 0.0484615400000000 -0.5679306400000000 -0.0161538500000000
vn 0.6082386755037176 -0.7545441152922204 0.2463917443815108
v 0.0484615400000000 -0.5675729500000000 0.0161538500000000
vn 0.6359155885377628 -0.2892317103112478 -0.7155112731502568
v 0.0484615400000000 -0.5653846300000001 -0.0523091000000000
vn 0.7773992514499916 -0.6015543539057510 -0.1838008790567315
v 0.0507918400000000 -0.5653846300000001 -0.0484615400000000
vn 0.7788637144288653 -0.6265512994619008 -0.0283687061508719
v 0.0510076400000000 -0.5653846300000001 -0.0161538500000000
vn 0.7894745849828344 -0.5125233187328140 0.3377124922493745
v 0.0506498600000000 -0.5653846300000001 0.0161538500000000
vn 0.6102582124075401 -0.4051102165357672 0.6807867703234969
v 0.0484615400000000 -0.5653846300000001 0.0196273600000000
vn 0.2820163441404281 -0.2175425078175485 -0.9344206969722574
v 0.0484615400000000 -0.5330769400000001 -0.0637141000000000
vn 0.7172441257973001 -0.6196693970371243 -0.3187015882999545
v 0.0668277400000000 -0.5330769400000001 -0.0484615400000000
vn 0.8833949148379051 -0.4394435737067666 0.1627967136227138
v 0.0742111700000000 -0.5330769400000001 -0.0161538500000000
vn 0.7693207691412499 0.1305381319159393 0.6253841621625962
v 0.0679856200000000 -0.5330769400000001 0.0161538500000000
vn 0.6103970503262255 0.3593639116332388 0.7058845656116168
v 0.0484615400000000 -0.5086278900000000 0.0161538500000000
vn 0.5448230898852640 -0.0499377866403318 0.8370627325316413
v 0.0484615400000000 -0.5330769400000001 0.0301427900000000
vn 0.1528895853396296 0.1414437657821664 -0.9780687275524331
v 0.0484615400000000 -0.5007692600000000 -0.0487461100000000
vn 0.1890480049158593 0.1249083372374726 0.9739911494084036
v 0.0484615400000000 -0.5007692600000000 0.0125243100000000
vn -0.5791945947112046 0.0232482770958432 0.8148577416146934
v 0.0524690700000000 -0.5007692600000000 0.0161538500000000
vn 0.3939553217717510 0.1606728959875699 -0.9049770300635722
v 0.0484615400000000 -0.4684615400000000 -0.0487801800000000
vn 0.3283319490804018 0.4331724424248784 -0.8393805849176700
v 0.0491961900000000 -0.4684615400000000 -0.0484615400000000
vn 0.5025414799831971 0.0281723653059767 0.8640939640625692
v 0.0484615400000000 -0.4684615400000000 0.0119016800000000
vn 0.5460182758322393 -0.0527007215942912 -0.8361140331322214
v 0.0484615400000000 -0.4361538600000000 -0.0493214100000000
vn 0.5345080267760984 -0.0147060782268674 -0.8450354433839488
v 0.0493320100000000 -0.4361538600000000 -0.0484615400000000
vn 0.5410933915891984 -0.0661815191155059 0.8383543094098475
v 0.0484615400000000 -0.4361538600000000 0.0130715100000000
vn 0.5609714073906772 -0.0992797587013063 0.8218604562833847
v 0.0484615400000000 -0.4121893300000000 0.0161538500000000
vn 0.4083083333172707 0.2677370896043438 -0.8726976313671695
v 0.0484615400000000 -0.4038461400000000 -0.0529027600000000
vn 0.5152547379745395 0.2356618716658983 -0.8240000225957002
v 0.0546792000000000 -0.4038461400000000 -0.0484615400000000
vn 0.3685820021853539 0.5672307926365098 -0.7364757535384262
v 0.0484615400000000 -0.3976284300000000 -0.0484615400000000
vn 0.5272588585413553 0.2853873024073908 0.8003450404133828
v 0.0498846400000000 -0.4038461400000000 0.0161538500000000
vn 0.3802482191539534 0.5787268445083296 0.7214475249633051
v 0.0484615400000000 -0.4022494600000000 0.0161538500000000
vn 0.5317344557826398 0.1283104531931916 0.8371349330513556
v 0.0484615400000000 -0.4038461400000000 0.0172981700000000
vn 0.3344407283257395 0.3693565542648309 -0.8670208388836798
v 0.0484615400000000 -0.3715384600000000 -0.0261947300000000
vn 0.7301955123908879 0.6797828201662302 0.0686282091494120
v 0.0673567100000000 -0.3715384600000000 -0.0161538500000000
vn 0.3694341930397662 0.3911735997067055 0.8429125648046509
v 0.0484615400000000 -0.3715384600000000 -0.0064865800000000
vn 0.3299055904542741 0.0252010795437887 -0.9436774909771051
v 0.0484615400000000 -0.3392307800000000 -0.0249916800000000
vn 0.9990470409234431 0.0434857629113067 -0.0037414497368971
v 0.0653512800000000 -0.3392307800000000 -0.0161538500000000
vn 0.3254437064821243 0.0235732068655125 0.9452675271208953
v 0.0484615400000000 -0.3392307800000000 -0.0073160100000000
vn 0.3344681478442577 -0.0043005216747564 -0.9423972429877736
v 0.0484615400000000 -0.3069230900000000 -0.0250183000000000
vn 0.9999868112689194 0.0029031797849667 -0.0042366065848302
v 0.0642565000000000 -0.3069230900000000 -0.0161538500000000
vn 0.3303957855321966 -0.0000764061805971 0.9438424757684190
v 0.0484616600000000 -0.3069230900000000 -0.0072893900000000
vn 0.3298245951704956 -0.0065878897135875 -0.9440192456352468
v 0.0484615400000000 -0.2746153800000000 -0.0252551100000000
vn 0.9998315362828181 -0.0182301228885205 0.0021358075309616
v 0.0648108500000000 -0.2746153800000000 -0.0161538500000000
vn 0.3318486856823805 -0.0059726486050492 0.9433137215579540
v 0.0484615400000000 -0.2746154400000000 -0.0070526400000000
vn 0.3242794512191795 -0.0046355471407819 -0.9459499718376724
v 0.0484615400000000 -0.2423076900000000 -0.0254871800000000
vn 0.9998932393446820 -0.0144700311367591 0.0020317755043086
v 0.0656044200000000 -0.2423076900000000 -0.0161538500000000
vn 0.3261819114011962 -0.0058678819247718 0.9452888069983582
v 0.0484615400000000 -0.2423076900000000 -0.0068205700000000
vn 0.3233445209852945 0.0006916798316624 -0.9462810588444646
v 0.0484615400000000 -0.2099999900000000 -0.0255888000000000
vn 0.9999993163473716 0.0010873745994170 -0.0004300247315759
v 0.0659037800000000 -0.2099999900000000 -0.0161538500000000
vn 0.3229392997346399 -0.0010569761803629 0.9464190887171785
v 0.0484615400000000 -0.2099999900000000 -0.0067189000000000
vn 0.3263327478779732 0.0020772653415670 -0.9452526766061612
v 0.0484615400000000 -0.1776923100000000 -0.0254871800000000
vn 0.9999669070136601 0.0080031005827489 -0.0014612524068854
v 0.0655000300000000 -0.1776923100000000 -0.0161538500000000
vn 0.3249473751385210 0.0025069328796530 0.9457287764883345
v 0.0484615400000000 -0.1776923100000000 -0.0068205700000000
vn 0.3246424807624615 -0.0001693382466608 -0.9458367887796250
v 0.0484615400000000 -0.1453846100000000 -0.0254359700000000
vn 0.9999905372657003 -0.0033755103857417 0.0027443229933463
v 0.0652667300000000 -0.1453846100000000 -0.0161538500000000
vn 0.3272780836541267 0.0021538159266824 0.9449256145520855
v 0.0484615400000000 -0.1453846100000000 -0.0068717200000000
vn 0.3139900872068896 0.0033522270125088 -0.9494203430040177
v 0.0484615400000000 -0.1130769300000000 -0.0253588200000000
vn 0.9999475241200078 -0.0077072011791459 0.0067489300078393
v 0.0659529500000000 -0.1130769300000000 -0.0161538500000000
vn 0.3203961395041315 0.0025845461383204 0.9472801243096511
v 0.0484615400000000 -0.1130769300000000 -0.0069488700000000
vn 0.3033428835350032 0.0028138068502369 -0.9528773150304709
v 0.0484615400000000 -0.0807692300000000 -0.0250977900000000
vn 0.9999306727482502 -0.0091914910693821 0.0073597682812187
v 0.0663292200000000 -0.0807692300000000 -0.0161538500000000
vn 0.3103559913568293 0.0040087703179909 0.9506119546846954
v 0.0484615400000000 -0.0807692300000000 -0.0072099000000000
vn 0.2901880132829228 -0.0038510796740965 -0.9569619042220301
v 0.0484615400000000 -0.0484615400000000 -0.0249916800000000
vn 0.9994987095630677 -0.0299801097746218 0.0101746056269438
v 0.0672233600000000 -0.0484615400000000 -0.0161538500000000
vn 0.3000018882611222 -0.0011406404230402 0.9539379256425370
v 0.0484615400000000 -0.0484615400000000 -0.0073160100000000
vn 0.2754088077603297 -0.0040101952691668 -0.9613188372969381
v 0.0484615400000000 -0.0161538500000000 -0.0250448600000000
vn 0.9992749953252484 -0.0368359707832871 0.0096226282364633
v 0.0693413000000000 -0.0161538500000000 -0.0161538500000000
vn 0.2844824434359237 -0.0056900031561279 0.9586643642280700
v 0.0484615400000000 -0.0161538500000000 -0.0072629000000000
vn 0.2677837819631050 -0.0021547570171216 -0.9634766230374942
v 0.0484615400000000 0.0161538500000000 -0.0250977900000000
vn 0.9997654940277484 -0.0210850782964265 0.0049372486959469
v 0.0706335200000000 0.0161538500000000 -0.0161538500000000
vn 0.2724949047951954 -0.0033599082142013 0.9621513591309059
v 0.0484615400000000 0.0161538500000000 -0.0072099000000000
vn 0.2629914115071668 -0.0012366463572916 -0.9647973819301413
v 0.0484615400000000 0.0484615400000000 -0.0250977900000000
vn 0.9999044916341836 -0.0134898515293373 0.0030052479932931
v 0.0713053200000000 0.0484615400000000 -0.0161538500000000
vn 0.2658828596757288 -0.0013710719918005 0.9640043698512212
v 0.0484615400000000 0.0484615400000000 -0.0072099000000000
vn 0.2573699663855175 -0.0046631086943409 -0.9663016898567560
v 0.0484615400000000 0.0807692300000000 -0.0251241700000000
vn 0.9996543459818239 -0.0258120667177157 0.0049925716231332
v 0.0719060100000000 0.0807692300000000 -0.0161538500000000
vn 0.2622538266642704 -0.0023828903719385 0.9649959856048221
v 0.0484615400000000 0.0807692300000000 -0.0071835300000000
vn 0.2469990649248042 -0.0043658987646181 -0.9690058827758733
v 0.0484615400000000 0.1130769300000000 -0.0251767300000000
vn 0.9992192089449069 -0.0389165388928585 0.0068172924328338
v 0.0737369200000000 0.1130769300000000 -0.0161538500000000
vn 0.2535581797332602 -0.0044951200056581 0.9673096936278941
v 0.0484615400000000 0.1130769300000000 -0.0071310200000000
vn 0.2382635539866874 -0.0030072720012609 -0.9711958788816719
v 0.0484615400000000 0.1453846100000000 -0.0252551100000000
vn 0.9994631026294252 -0.0323348657335564 0.0052879996554461
v 0.0754922900000000 0.1453846100000000 -0.0161538500000000
vn 0.2433601564326707 -0.0038424043074474 0.9699283840522477
v 0.0484615400000000 0.1453846100000000 -0.0070526400000000
vn 0.2322634113289347 -0.0021752353145389 -0.9726504902117575
v 0.0484615400000000 0.1776923100000000 -0.0252551100000000
vn 0.9996919033334761 -0.0245405522983741 0.0037228621224347
v 0.0767413700000000 0.1776923100000000 -0.0161538500000000
vn 0.2358618930940346 -0.0025017651800330 0.9717833650341428
v 0.0484615400000000 0.1776923100000000 -0.0070526400000000
vn 0.2271311518548071 -0.0014454918696479 -0.9738631066070650
v 0.0484615400000000 0.2099999900000000 -0.0253070600000000
vn 0.9997912216773708 -0.0202158165929610 0.0029721736743154
v 0.0777847500000000 0.2099999900000000 -0.0161538500000000
vn 0.2300229137402502 -0.0017085900387294 0.9731837133216548
v 0.0484615400000000 0.2099998700000000 -0.0070006300000000
vn 0.2217857916237788 0.0000656288407186 -0.9750954098582707
v 0.0484615400000000 0.2423076900000000 -0.0252811200000000
vn 0.9998634668267025 -0.0162139721796054 0.0031866614891841
v 0.0786573200000000 0.2423076900000000 -0.0161538500000000
vn 0.2248949945172907 0.0000632029028195 0.9743830034675588
v 0.0484615400000000 0.2423076900000000 -0.0070266400000000
vn 0.2163938802015567 0.0001999750259381 -0.9763061244411526
v 0.0484615400000000 0.2746153800000000 -0.0252029200000000
vn 0.9998306506835350 -0.0180703734760734 0.0034830383538079
v 0.0795292700000000 0.2746153800000000 -0.0161538500000000
vn 0.2197931498284389 0.0005390443579765 0.9755463498571831
v 0.0484615400000000 0.2746153800000000 -0.0071047700000000
vn 0.2193601646449307 -0.0021582530584764 -0.9756415633370098
v 0.0484615400000000 0.3069230900000000 -0.0251504800000000
vn 0.9994827211045209 -0.0282161879492221 -0.0154316865933965
v 0.0806379800000000 0.3069230900000000 -0.0161538500000000
vn 0.2208094487357140 -0.0022042725551130 0.9753144767363667
v 0.0484615400000000 0.3069230900000000 -0.0071571500000000
vn 0.2047133228508419 -0.0006331970155627 -0.9788217685099296
v 0.0484615400000000 0.3392307800000000 -0.0251504800000000
vn 0.2047129683239479 -0.0006315204553661 0.9788218437396626
v 0.0484615400000000 0.3392307800000000 -0.0071571500000000
vn 0.1990267680714690 -0.0007640109881132 -0.9799937560404332
v 0.0484615400000000 0.3715384600000000 -0.0250448600000000
vn 0.1990265329600590 -0.0007642480397717 0.9799938036043045
v 0.0484615400000000 0.3715383400000000 -0.0072629000000000
vn 0.1951146788354594 -0.0031734176749533 -0.9807753012403992
v 0.0484615400000000 0.4038461400000000 -0.0251241700000000
vn 0.1951140669560166 -0.0031731720805387 0.9807754237616428
v 0.0484615400000000 0.4038461400000000 -0.0071835300000000
vn 0.1925390879623669 -0.0024151317156472 -0.9812863327008157
v 0.0484615400000000 0.4361538600000000 -0.0251767300000000
vn 0.1925390534795168 -0.0024151795860979 0.9812863393489072
v 0.0484615400000000 0.4361538600000000 -0.0071310200000000
vn 0.1896805343496728 -0.0040814276562006 -0.9818373779995900
v 0.0484615400000000 0.4684615400000000 -0.0252290500000000
vn 0.1896805460960771 -0.0040814271173654 0.9818373757325495
v 0.0484615400000000 0.4684615400000000 -0.0070786500000000
vn 0.1837861170842144 -0.0020102994540408 -0.9829642017200894
v 0.0484615400000000 0.5007692600000000 -0.0253330000000000
vn 0.1837861326464861 -0.0020102999224350 0.9829641988094328
v 0.0484615400000000 0.5007692600000000 -0.0069747500000000
vn 0.1804451507054811 0.0009424927387042 -0.9835845969179844
v 0.0484615400000000 0.5330769400000001 -0.0253070600000000
vn 0.1804454956474691 0.0009419344131132 0.9835845341708565
v 0.0484615400000000 0.5330769400000001 -0.0070006300000000
vn 0.1779524267220702 0.0012464864720350 -0.9840383021484485
v 0.0484615400000000 0.5653846300000001 -0.0252290500000000
vn 0.1779525257230132 0.0012464358103800 0.9840382843093916
v 0.0484615400000000 0.5653846300000001 -0.0070786500000000
vn 0.1718785378408850 0.0237282728367757 -0.9848323396892809
v 0.0484615400000000 0.5976923100000000 -0.0249383100000000
vn 0.1718788863361082 0.0237275598787777 0.9848322960454019
v 0.0484615400000000 0.5976923100000000 -0.0073693800000000
vn 0.1701869940353980 0.0604765412611074 -0.9835542562656566
v 0.0484615400000000 0.6300000000000000 -0.0233376800000000
vn 0.1701861968536390 0.0604769376004177 0.9835543698337015
v 0.0484615400000000 0.6300000000000000 -0.0089699500000000
vn 0.3414578263054102 0.1034246008822451 -0.9341894373129749
v 0.0484615400000000 0.6623076800000000 -0.0205950700000000
vn 0.9086585604251404 0.4158196698415333 -0.0378632108911785
v 0.0576665100000000 0.6623078000000000 -0.0161538500000000
vn 0.2987055010177001 0.1431984936389844 0.9435407861249510
v 0.0484615400000000 0.6623076800000000 -0.0117126200000000
vn 0.4811897527732744 0.0115618990111410 -0.8765402126070720
v 0.0484615400000000 0.6946153600000000 -0.0190700500000000
vn 0.9974782053060721 0.0506638248961951 -0.0497031868823852
v 0.0514112600000000 0.6946154800000000 -0.0161538500000000
vn 0.4295904653209335 0.0391387798338287 0.9021752534948311
v 0.0484615400000000 0.6946153600000000 -0.0132376400000000
vn 0.3802044031497023 0.1490523782415537 -0.9128132341098674
v 0.0484615400000000 0.7269230500000000 -0.0198825300000000
vn 0.9728898191735301 0.1191485177068051 -0.1982146071226007
v 0.0521902900000000 0.7269230500000000 -0.0161538500000000
vn 0.8148066584269578 0.4892465863726264 0.3110110723203071
v 0.0484615400000000 0.7376070000000000 -0.0161538500000000
vn 0.4400155291648803 0.1012795418047607 0.8922604936371262
v 0.0484615400000000 0.7269230500000000 -0.0124251000000000
vn 0.5795294489582109 -0.7011204621718428 -0.4154223336727746
v 0.0807692300000000 -0.5258153100000000 -0.0484615400000000
vn 0.5755407127399548 -0.8100139349892682 0.1123846657777925
v 0.0807692300000000 -0.5264860400000000 -0.0161538500000000
vn 0.1288077649895968 -0.8555764983338324 0.5013954678466915
v 0.0807692300000000 -0.5258438600000001 0.0161538500000000
vn 0.2193190575652937 0.2165284691335884 -0.9513225389127160
v 0.0807692300000000 -0.5007692600000000 -0.0655971500000000
vn 0.9160829268353945 -0.0159233924391424 -0.4006725804618110
v 0.1007362500000000 -0.5007692600000000 -0.0484615400000000
vn 0.4272620822090308 0.6346389984852192 -0.6439568733293256
v 0.0807692300000000 -0.4788760200000000 -0.0484615400000000
vn 0.9565912554584778 -0.2914292078017841 -0.0014787901805347
v 0.1012350200000000 -0.5007692600000000 -0.0161538500000000
vn 0.8666848768897955 0.1356423371356080 0.4800609133713242
v 0.1009439200000000 -0.5007692600000000 0.0161538500000000
vn -0.0613411917570117 0.6940550609743943 0.7173038620624173
v 0.0807692300000000 -0.4780943700000000 0.0161538500000000
vn 0.0857314028326051 0.0255399323392941 0.9959908827014721
v 0.0807692300000000 -0.5007692600000000 0.0320301500000000
vn -0.6076245166037882 0.1215278331519604 -0.7848716026149768
v 0.0924477100000000 -0.4684616000000000 -0.0484616000000000
vn 0.2238761221514908 0.0565563927481841 -0.9729752598960180
v 0.0807692300000000 -0.4684615400000000 -0.0354050600000000
vn -0.0148908392052095 0.2526759321682115 0.9674363732105021
v 0.0807692300000000 -0.4684615400000000 0.0040197300000000
vn -0.6437093268221210 -0.0597297184409381 0.7629355564509875
v 0.0916277700000000 -0.4684615400000000 0.0161538500000000
vn 0.3236780508262592 0.0233693485301101 -0.9458786354298271
v 0.0807692300000000 -0.4361538600000000 -0.0307371900000000
vn 0.8110857938930445 0.3792916368505290 0.4452838298884613
v 0.1097848300000000 -0.4361538600000000 -0.0161538500000000
vn 0.3608162230290974 -0.0431268843246667 0.9316392676607526
v 0.0807692300000000 -0.4361538600000000 -0.0016710700000000
vn 0.2153337426146820 0.2012389052660112 -0.9555805995827307
v 0.0807692300000000 -0.4038462000000000 -0.0355142600000000
vn 0.0005023947950857 0.9315415416106405 -0.3636345746118502
v 0.0807692300000000 -0.3772349400000000 -0.0161538500000000
vn 0.2231176094538043 0.2684892810100232 0.9370869961398143
v 0.0807692300000000 -0.4038461400000000 0.0018261100000000
vn -0.4144059998633766 0.8759217408547096 0.2470400193800391
v 0.0927642100000000 -0.3715384600000000 -0.0161538500000000
vn 0.9187233028201106 -0.0193605312686826 -0.3944270055210491
v 0.0807692300000000 0.3110700000000000 -0.0161538500000000
vn 0.5016199316838912 -0.0082465864527892 -0.8650488066862616
v 0.0807692300000000 0.3392307800000000 -0.0164956600000000
vn 0.9805111585462177 -0.0115686381049868 0.1961224989101193
v 0.0811109800000000 0.3392306600000000 -0.0161538500000000
vn 0.4386277146943444 -0.0086655440280116 0.8986270840836679
v 0.0807692300000000 0.3392306600000000 -0.0158120900000000
vn 0.4959657622440071 -0.0066825494335335 -0.8683163629776819
v 0.0807692300000000 0.3715384600000000 -0.0168695900000000
vn 0.9999448337774023 -0.0105037627715011 0.0000192229974784
v 0.0814849100000000 0.3715383400000000 -0.0161538500000000
vn 0.4959509166136119 -0.0069443905361238 0.8683227877639743
v 0.0807692300000000 0.3715383400000000 -0.0154381700000000
vn 0.4920344613995649 -0.0074096058041650 -0.8705441898818618
v 0.0807692300000000 0.4038461400000000 -0.0171743700000000
vn 0.9999511861321072 -0.0098805528578199 -0.0000053118626994
v 0.0817896900000000 0.4038461400000000 -0.0161538500000000
vn 0.4920450120186650 -0.0073008806413802 0.8705391451792460
v 0.0807692300000000 0.4038461400000000 -0.0151332600000000
vn 0.4886901969976117 -0.0050461201840743 -0.8724427935569893
v 0.0807692300000000 0.4361538600000000 -0.0175080500000000
vn 0.9999733069598546 -0.0073065255580597 0.0000072139975213
v 0.0821234400000000 0.4361537100000000 -0.0161538500000000
vn 0.4886974614068578 -0.0057856165197543 0.8724341338209890
v 0.0807692300000000 0.4361537100000000 -0.0147996400000000
vn 0.4867496133967266 -0.0078849813739319 -0.8735059478485936
v 0.0807692300000000 0.4684615400000000 -0.0176464500000000
vn 0.9999516487907752 -0.0098336134362704 -0.0000112869974226
v 0.0822618400000000 0.4684615400000000 -0.0161538500000000
vn 0.4867572728658463 -0.0065252550634819 0.8735128953590557
v 0.0807692300000000 0.4684615400000000 -0.0146612400000000
vn 0.4830166817483434 -0.0077211046983322 -0.8755771066531245
v 0.0807692300000000 0.5007692600000000 -0.0181435000000000
vn 0.9999402008104610 -0.0109359388301923 0.0000067110006000
v 0.0827588800000000 0.5007692600000000 -0.0161538500000000
vn 0.4830104493784023 -0.0088119198967547 0.8755702461019372
v 0.0807692300000000 0.5007692600000000 -0.0141641900000000
vn 0.4793038674945738 -0.0024644984559054 -0.8776455599227430
v 0.0807692300000000 0.5330769400000001 -0.0183531400000000
vn 0.9999916308371360 -0.0040912410112482 0.0000016348275447
v 0.0829685200000000 0.5330769400000001 -0.0161538500000000
vn 0.4793028619266163 -0.0030536770385039 0.8776442568635082
v 0.0807692300000000 0.5330769400000001 -0.0139545600000000
vn 0.4771300525874061 -0.0048066934476227 -0.8788195540701401
v 0.0807692300000000 0.5653846300000001 -0.0184078600000000
vn 0.9999787256458040 -0.0065229000289334 -0.0000055683414656
v 0.0830232400000000 0.5653846300000001 -0.0161538500000000
vn 0.4771338493177243 -0.0036195763921593 0.8788231838669212
v 0.0807692300000000 0.5653846300000001 -0.0138998400000000
vn 0.4708035039743428 0.0096917529133963 -0.8821848619030745
v 0.0807692300000000 0.5976923100000000 -0.0187746300000000
vn 0.9999673582133328 0.0080797130705445 -0.0000272863631875
v 0.0833900100000000 0.5976923100000000 -0.0161538500000000
vn 0.4708275363003744 0.0049040651798920 0.8822116419578869
v 0.0807692300000000 0.5976923100000000 -0.0135330600000000
vn 0.4098088450733529 0.1737888993359684 -0.8954630807393666
v 0.0807692300000000 0.6300000000000000 -0.0178856700000000
vn 0.9641800378070992 0.1784458746816095 -0.1962496484160322
v 0.0825010500000000 0.6300000000000000 -0.0161538500000000
vn 0.8186121447029809 0.5091815691794240 0.2657221973278956
v 0.0807692300000000 0.6340073899999999 -0.0161538500000000
vn 0.4558969862356828 0.1274036353659843 0.8808667615688270
v 0.0807692300000000 0.6300000000000000 -0.0144220200000000
vn -0.0626007490007507 -0.8556982897215347 -0.5136745888129813
v 0.1130769300000000 -0.4870769400000000 -0.0484615400000000
vn 0.4196937369307682 -0.9076618511414102 -0.0026704238682047
v 0.1130769300000000 -0.4876753400000000 -0.0161538500000000
vn 0.1328483303918343 -0.8867161011921743 0.4428158499858059
v 0.1130769300000000 -0.4872815300000000 0.0161538500000000
vn 0.0652469643752232 -0.0739877719713606 -0.9951224262564543
v 0.1130769300000000 -0.4684615400000000 -0.0623733900000000
vn 0.9106061220678215 -0.2197695152342763 -0.3499969294526666
v 0.1292641600000000 -0.4684615400000000 -0.0484615400000000
vn 0.3336647415661819 0.7927431784275828 -0.5101236058957739
v 0.1130769300000000 -0.4435619700000000 -0.0484615400000000
vn 0.9963119880416236 -0.0853511491124692 -0.0088093035893186
v 0.1289950000000000 -0.4684615400000000 -0.0161538500000000
vn 0.6268961088706845 0.7239538709319614 -0.2879098147778633
v 0.1130769300000000 -0.4393360600000000 -0.0161538500000000
vn 0.9287251961398628 0.0719094946946013 0.3637286552194375
v 0.1290313600000000 -0.4684615400000000 0.0161538500000000
vn 0.0897074977047590 0.8061850068862867 0.5848233062449790
v 0.1130769300000000 -0.4439240700000000 0.0161538500000000
vn 0.0789374010205592 -0.0671729832083148 0.9946138331267140
v 0.1130768000000000 -0.4684616000000000 0.0299999500000000
vn -0.8407120553067734 0.0032096164034124 -0.5414729341568271
v 0.1233696500000000 -0.4361538600000000 -0.0484615400000000
vn -0.9980347351596037 -0.0095731694424925 0.0619275531708209
v 0.1178067800000000 -0.4361538600000000 -0.0161538500000000
vn 0.8134033560805791 -0.5101989794187283 -0.2794136391032808
v 0.1130769300000000 -0.4315159900000000 -0.0161538500000000
vn -0.7004955220350064 0.0143985709667196 0.7135115309250580
v 0.1247693400000000 -0.4361538600000000 0.0161538500000000
vn 0.4824004364895591 -0.0999216052443329 -0.8702330099921965
v 0.1130769300000000 -0.4038461400000000 -0.0276178900000000
vn 0.9638559829404093 -0.1231402247356961 0.2362586066199912
v 0.1269455900000000 -0.4038461400000000 -0.0161538500000000
vn 0.4380407406138989 -0.1614798675072449 0.8843328343741792
v 0.1130769300000000 -0.4038462000000000 -0.0046898100000000
vn 0.0947380987471436 0.5059369548616354 -0.8573520224220107
v 0.1130769300000000 -0.3715384600000000 -0.0249101500000000
vn 0.8766097932945296 0.4251638499703950 -0.2253685225990392
v 0.1233727300000000 -0.3715384600000000 -0.0161538500000000
vn 0.1695973362779427 0.9854991443429291 0.0053084862984646
v 0.1130769300000000 -0.3629428700000000 -0.0161538500000000
vn 0.2633538616500336 0.3968388964297121 0.8792972386141464
v 0.1130769300000000 -0.3715384600000000 -0.0075581900000000
vn 0.1802012386748838 -0.8783628525703856 -0.4427258890153736
v 0.1453846100000000 -0.4487497500000000 -0.0484615400000000
vn 0.1943995987208111 -0.9809010918454246 -0.0064686964406619
v 0.1453846100000000 -0.4485026000000000 -0.0161538500000000
vn 0.1949002541929226 -0.9222545235777397 0.3338569823381420
v 0.1453846100000000 -0.4475465400000000 0.0161538500000000
vn 0.1963500228801472 0.0132827183013126 -0.9804438983998491
v 0.1453846100000000 -0.4361538600000000 -0.0589581100000000
vn 0.9272927412842380 -0.1713628561835345 -0.3328106721278401
v 0.1558812000000000 -0.4361538600000000 -0.0484616000000000
vn 0.3411149045545072 0.8652479378914253 -0.3674052637965406
v 0.1453846100000000 -0.4241360100000000 -0.0484615400000000
vn 0.9998827495939263 -0.0130930440370434 0.0079409862318144
v 0.1567252900000000 -0.4361538600000000 -0.0161538500000000
vn 0.1967330634601437 0.9804366977411968 0.0063232478936130
v 0.1453846100000000 -0.4224668400000000 -0.0161538500000000
vn 0.9176500548642325 0.1782663499154996 0.3551612102911519
v 0.1548786000000000 -0.4361538600000000 0.0161538500000000
vn 0.0303497587616051 0.9181378409578663 0.3950971996159175
v 0.1453846100000000 -0.4253846700000000 0.0161538500000000
vn 0.2041010479329050 0.0159120120114650 0.9788204994310432
v 0.1453846100000000 -0.4361538600000000 0.0256896100000000
# 946 vertices, 0 vertices normals

f 5//5 1//1 10//10
f 7//7 2//2 5//5
f 5//5 2//2 1//1
f 9//9 3//3 7//7
f 7//7 3//3 2//2
f 17//17 3//3 9//9
f 1//1 12//12 10//10
f 2//2 14//14 1//1
f 1//1 14//14 12//12
f 3//3 16//16 2//2
f 2//2 16//16 14//14
f 17//17 16//16 3//3
f 21//21 4//4 26//26
f 23//23 6//6 21//21
f 21//21 6//6 4//4
f 25//25 8//8 23//23
f 23//23 8//8 6//6
f 32//32 8//8 25//25
f 28//28 26//26 4//4
f 10//10 11//11 5//5
f 11//11 13//13 5//5
f 13//13 7//7 5//5
f 4//4 29//29 28//28
f 4//4 6//6 29//29
f 13//13 15//15 7//7
f 15//15 9//9 7//7
f 6//6 31//31 29//29
f 6//6 8//8 31//31
f 8//8 32//32 31//31
f 17//17 9//9 15//15
f 10//10 12//12 11//11
f 11//11 12//12 13//13
f 12//12 14//14 13//13
f 35//35 34//34 18//18
f 16//16 15//15 14//14
f 15//15 13//13 14//14
f 36//36 18//18 34//34
f 16//16 17//17 15//15
f 35//35 18//18 37//37
f 37//37 18//18 19//19
f 40//40 19//19 36//36
f 36//36 19//19 18//18
f 19//19 39//39 37//37
f 40//40 39//39 19//19
f 73//73 20//20 78//78
f 75//75 22//22 73//73
f 73//73 22//22 20//20
f 77//77 24//24 75//75
f 75//75 24//24 22//22
f 83//83 24//24 77//77
f 80//80 78//78 20//20
f 26//26 27//27 21//21
f 84//84 23//23 21//21
f 27//27 84//84 21//21
f 84//84 22//22 23//23
f 20//20 84//84 80//80
f 84//84 20//20 22//22
f 85//85 22//22 24//24
f 82//82 85//85 24//24
f 85//85 23//23 22//22
f 25//25 85//85 30//30
f 85//85 25//25 23//23
f 24//24 83//83 82//82
f 32//32 25//25 30//30
f 26//26 28//28 27//27
f 28//28 29//29 27//27
f 29//29 86//86 27//27
f 86//86 84//84 27//27
f 86//86 29//29 33//33
f 85//85 87//87 33//33
f 31//31 85//85 33//33
f 29//29 31//31 33//33
f 30//30 85//85 31//31
f 31//31 32//32 30//30
f 34//34 35//35 33//33
f 35//35 86//86 33//33
f 35//35 89//89 86//86
f 33//33 87//87 34//34
f 87//87 36//36 34//34
f 87//87 91//91 36//36
f 90//90 89//89 38//38
f 89//89 37//37 38//38
f 89//89 35//35 37//37
f 38//38 40//40 90//90
f 40//40 91//91 90//90
f 40//40 36//36 91//91
f 37//37 39//39 38//38
f 39//39 40//40 38//38
f 103//103 41//41 104//104
f 105//105 41//41 103//103
f 104//104 41//41 106//106
f 106//106 41//41 42//42
f 107//107 42//42 105//105
f 105//105 42//42 41//41
f 106//106 42//42 108//108
f 108//108 42//42 43//43
f 109//109 43//43 107//107
f 107//107 43//43 42//42
f 108//108 43//43 110//110
f 110//110 43//43 44//44
f 111//111 44//44 109//109
f 109//109 44//44 43//43
f 110//110 44//44 112//112
f 112//112 44//44 45//45
f 113//113 45//45 111//111
f 111//111 45//45 44//44
f 112//112 45//45 114//114
f 114//114 45//45 46//46
f 115//115 46//46 113//113
f 113//113 46//46 45//45
f 114//114 46//46 116//116
f 116//116 46//46 47//47
f 117//117 47//47 115//115
f 115//115 47//47 46//46
f 116//116 47//47 118//118
f 118//118 47//47 48//48
f 119//119 48//48 117//117
f 117//117 48//48 47//47
f 118//118 48//48 120//120
f 120//120 48//48 49//49
f 121//121 49//49 119//119
f 119//119 49//49 48//48
f 120//120 49//49 122//122
f 122//122 49//49 50//50
f 123//123 50//50 121//121
f 121//121 50//50 49//49
f 122//122 50//50 124//124
f 124//124 50//50 51//51
f 125//125 51//51 123//123
f 123//123 51//51 50//50
f 124//124 51//51 126//126
f 126//126 51//51 52//52
f 127//127 52//52 125//125
f 125//125 52//52 51//51
f 126//126 52//52 128//128
f 128//128 52//52 53//53
f 129//129 53//53 127//127
f 127//127 53//53 52//52
f 128//128 53//53 130//130
f 130//130 53//53 54//54
f 131//131 54//54 129//129
f 129//129 54//54 53//53
f 130//130 54//54 132//132
f 132//132 54//54 55//55
f 133//133 55//55 131//131
f 131//131 55//55 54//54
f 132//132 55//55 134//134
f 134//134 55//55 56//56
f 135//135 56//56 133//133
f 133//133 56//56 55//55
f 134//134 56//56 136//136
f 136//136 56//56 57//57
f 137//137 57//57 135//135
f 135//135 57//57 56//56
f 136//136 57//57 138//138
f 138//138 57//57 58//58
f 139//139 58//58 137//137
f 137//137 58//58 57//57
f 138//138 58//58 140//140
f 140//140 58//58 59//59
f 141//141 59//59 139//139
f 139//139 59//59 58//58
f 140//140 59//59 142//142
f 142//142 59//59 60//60
f 143//143 60//60 141//141
f 141//141 60//60 59//59
f 142//142 60//60 144//144
f 144//144 60//60 61//61
f 145//145 61//61 143//143
f 143//143 61//61 60//60
f 144//144 61//61 146//146
f 146//146 61//61 62//62
f 148//148 62//62 145//145
f 145//145 62//62 61//61
f 62//62 147//147 146//146
f 148//148 147//147 62//62
f 157//157 63//63 160//160
f 158//158 64//64 157//157
f 157//157 64//64 63//63
f 159//159 65//65 158//158
f 158//158 65//65 64//64
f 161//161 65//65 159//159
f 160//160 63//63 162//162
f 162//162 63//63 66//66
f 64//64 66//66 63//63
f 67//67 66//66 64//64
f 65//65 67//67 64//64
f 68//68 67//67 65//65
f 166//166 68//68 161//161
f 161//161 68//68 65//65
f 66//66 163//163 162//162
f 67//67 164//164 66//66
f 66//66 164//164 163//163
f 68//68 165//165 67//67
f 67//67 165//165 164//164
f 166//166 165//165 68//68
f 168//168 69//69 173//173
f 170//170 70//70 168//168
f 168//168 70//70 69//69
f 171//171 71//71 170//170
f 170//170 71//71 70//70
f 174//174 71//71 171//171
f 173//173 69//69 175//175
f 175//175 69//69 72//72
f 70//70 72//72 69//69
f 74//74 72//72 70//70
f 71//71 74//74 70//70
f 76//76 74//74 71//71
f 178//178 76//76 174//174
f 174//174 76//76 71//71
f 176//176 175//175 72//72
f 78//78 79//79 73//73
f 180//180 75//75 73//73
f 79//79 180//180 73//73
f 180//180 74//74 75//75
f 72//72 180//180 176//176
f 180//180 72//72 74//74
f 181//181 74//74 76//76
f 177//177 181//181 76//76
f 181//181 75//75 74//74
f 77//77 181//181 81//81
f 181//181 77//77 75//75
f 76//76 178//178 177//177
f 83//83 77//77 81//81
f 78//78 80//80 79//79
f 180//180 79//79 80//80
f 84//84 180//180 80//80
f 184//184 180//180 84//84
f 85//85 82//82 81//81
f 181//181 85//85 81//81
f 185//185 85//85 181//181
f 82//82 83//83 81//81
f 84//84 189//189 184//184
f 84//84 86//86 189//189
f 190//190 85//85 185//185
f 87//87 85//85 190//190
f 188//188 88//88 193//193
f 89//89 88//88 188//188
f 189//189 89//89 188//188
f 86//86 89//89 189//189
f 190//190 192//192 92//92
f 91//91 190//190 92//92
f 87//87 190//190 91//91
f 196//196 92//92 192//192
f 88//88 194//194 193//193
f 90//90 93//93 197//197
f 90//90 197//197 194//194
f 89//89 90//90 194//194
f 88//88 89//89 194//194
f 195//195 198//198 93//93
f 195//195 93//93 90//90
f 92//92 195//195 90//90
f 91//91 92//92 90//90
f 196//196 195//195 92//92
f 197//197 93//93 199//199
f 199//199 93//93 94//94
f 200//200 94//94 198//198
f 198//198 94//94 93//93
f 199//199 94//94 201//201
f 201//201 94//94 95//95
f 202//202 95//95 200//200
f 200//200 95//95 94//94
f 201//201 95//95 203//203
f 203//203 95//95 96//96
f 204//204 96//96 202//202
f 202//202 96//96 95//95
f 203//203 96//96 205//205
f 205//205 96//96 97//97
f 206//206 97//97 204//204
f 204//204 97//97 96//96
f 205//205 97//97 207//207
f 207//207 97//97 98//98
f 208//208 98//98 206//206
f 206//206 98//98 97//97
f 207//207 98//98 209//209
f 209//209 98//98 99//99
f 210//210 99//99 208//208
f 208//208 99//99 98//98
f 209//209 99//99 211//211
f 211//211 99//99 100//100
f 212//212 100//100 210//210
f 210//210 100//100 99//99
f 211//211 100//100 213//213
f 213//213 100//100 101//101
f 214//214 101//101 212//212
f 212//212 101//101 100//100
f 213//213 101//101 215//215
f 215//215 101//101 102//102
f 216//216 102//102 214//214
f 214//214 102//102 101//101
f 103//103 104//104 102//102
f 104//104 215//215 102//102
f 104//104 217//217 215//215
f 102//102 216//216 103//103
f 216//216 105//105 103//103
f 216//216 218//218 105//105
f 104//104 219//219 217//217
f 104//104 106//106 219//219
f 220//220 105//105 218//218
f 107//107 105//105 220//220
f 106//106 221//221 219//219
f 106//106 108//108 221//221
f 222//222 107//107 220//220
f 109//109 107//107 222//222
f 108//108 223//223 221//221
f 108//108 110//110 223//223
f 224//224 109//109 222//222
f 111//111 109//109 224//224
f 110//110 225//225 223//223
f 110//110 112//112 225//225
f 226//226 111//111 224//224
f 113//113 111//111 226//226
f 112//112 227//227 225//225
f 112//112 114//114 227//227
f 228//228 113//113 226//226
f 115//115 113//113 228//228
f 114//114 229//229 227//227
f 114//114 116//116 229//229
f 230//230 115//115 228//228
f 117//117 115//115 230//230
f 116//116 231//231 229//229
f 116//116 118//118 231//231
f 232//232 117//117 230//230
f 119//119 117//117 232//232
f 118//118 233//233 231//231
f 118//118 120//120 233//233
f 234//234 119//119 232//232
f 121//121 119//119 234//234
f 120//120 235//235 233//233
f 120//120 122//122 235//235
f 236//236 121//121 234//234
f 123//123 121//121 236//236
f 122//122 237//237 235//235
f 122//122 124//124 237//237
f 238//238 123//123 236//236
f 125//125 123//123 238//238
f 124//124 239//239 237//237
f 124//124 126//126 239//239
f 240//240 125//125 238//238
f 127//127 125//125 240//240
f 126//126 241//241 239//239
f 126//126 128//128 241//241
f 242//242 127//127 240//240
f 129//129 127//127 242//242
f 128//128 243//243 241//241
f 128//128 130//130 243//243
f 244//244 129//129 242//242
f 131//131 129//129 244//244
f 130//130 245//245 243//243
f 130//130 132//132 245//245
f 246//246 131//131 244//244
f 133//133 131//131 246//246
f 132//132 247//247 245//245
f 132//132 134//134 247//247
f 248//248 133//133 246//246
f 135//135 133//133 248//248
f 134//134 249//249 247//247
f 134//134 136//136 249//249
f 250//250 135//135 248//248
f 137//137 135//135 250//250
f 136//136 251//251 249//249
f 136//136 138//138 251//251
f 252//252 137//137 250//250
f 139//139 137//137 252//252
f 138//138 253//253 251//251
f 138//138 140//140 253//253
f 254//254 139//139 252//252
f 141//141 139//139 254//254
f 140//140 255//255 253//253
f 140//140 142//142 255//255
f 256//256 141//141 254//254
f 143//143 141//141 256//256
f 142//142 257//257 255//255
f 142//142 144//144 257//257
f 258//258 143//143 256//256
f 145//145 143//143 258//258
f 144//144 259//259 257//257
f 144//144 146//146 259//259
f 260//260 145//145 258//258
f 148//148 145//145 260//260
f 149//149 261//261 147//147
f 261//261 146//146 147//147
f 261//261 259//259 146//146
f 147//147 148//148 149//149
f 148//148 262//262 149//149
f 148//148 260//260 262//262
f 261//261 149//149 263//263
f 263//263 149//149 150//150
f 264//264 150//150 262//262
f 262//262 150//150 149//149
f 263//263 150//150 265//265
f 265//265 150//150 151//151
f 267//267 151//151 264//264
f 264//264 151//151 150//150
f 151//151 266//266 265//265
f 267//267 266//266 151//151
f 271//271 152//152 274//274
f 275//275 152//152 271//271
f 273//273 153//153 278//278
f 274//274 152//152 273//273
f 152//152 153//153 273//273
f 152//152 154//154 153//153
f 277//277 155//155 275//275
f 155//155 152//152 275//275
f 155//155 154//154 152//152
f 281//281 155//155 277//277
f 153//153 279//279 278//278
f 279//279 153//153 283//283
f 153//153 156//156 283//283
f 153//153 154//154 156//156
f 285//285 156//156 280//280
f 156//156 155//155 280//280
f 156//156 154//154 155//155
f 281//281 280//280 155//155
f 156//156 284//284 283//283
f 285//285 284//284 156//156
f 296//296 292//292 160//160
f 160//160 292//292 157//157
f 294//294 157//157 292//292
f 294//294 158//158 157//157
f 295//295 158//158 294//294
f 295//295 159//159 158//158
f 295//295 297//297 159//159
f 159//159 297//297 161//161
f 160//160 298//298 296//296
f 160//160 162//162 298//298
f 301//301 161//161 297//297
f 166//166 161//161 301//301
f 162//162 163//163 298//298
f 298//298 163//163 299//299
f 164//164 167//167 303//303
f 299//299 164//164 303//303
f 163//163 164//164 299//299
f 300//300 304//304 167//167
f 164//164 300//300 167//167
f 165//165 300//300 164//164
f 165//165 166//166 300//300
f 300//300 166//166 301//301
f 303//303 167//167 309//309
f 309//309 167//167 169//169
f 310//310 169//169 304//304
f 304//304 169//169 167//167
f 306//306 172//172 313//313
f 172//172 306//306 173//173
f 306//306 168//168 173//173
f 306//306 308//308 168//168
f 308//308 309//309 169//169
f 170//170 308//308 169//169
f 168//168 308//308 170//170
f 170//170 169//169 310//310
f 312//312 170//170 310//310
f 171//171 170//170 312//312
f 312//312 315//315 171//171
f 171//171 315//315 174//174
f 172//172 314//314 313//313
f 319//319 314//314 172//172
f 173//173 319//319 172//172
f 175//175 319//319 173//173
f 320//320 174//174 315//315
f 178//178 174//174 320//320
f 179//179 325//325 176//176
f 325//325 175//175 176//176
f 325//325 319//319 175//175
f 180//180 179//179 176//176
f 182//182 181//181 177//177
f 177//177 178//178 182//182
f 178//178 326//326 182//182
f 178//178 320//320 326//326
f 325//325 179//179 330//330
f 330//330 179//179 183//183
f 184//184 183//183 179//179
f 184//184 179//179 180//180
f 181//181 182//182 186//186
f 181//181 186//186 185//185
f 331//331 186//186 326//326
f 326//326 186//186 182//182
f 330//330 183//183 333//333
f 333//333 183//183 187//187
f 189//189 187//187 183//183
f 189//189 183//183 184//184
f 185//185 186//186 191//191
f 185//185 191//191 190//190
f 334//334 191//191 331//331
f 331//331 191//191 186//186
f 188//188 193//193 187//187
f 193//193 333//333 187//187
f 193//193 335//335 333//333
f 189//189 188//188 187//187
f 192//192 190//190 191//191
f 191//191 334//334 192//192
f 334//334 196//196 192//192
f 334//334 338//338 196//196
f 193//193 194//194 335//335
f 335//335 194//194 336//336
f 339//339 336//336 194//194
f 339//339 194//194 197//197
f 337//337 340//340 198//198
f 337//337 198//198 195//195
f 195//195 196//196 337//337
f 337//337 196//196 338//338
f 197//197 341//341 339//339
f 197//197 199//199 341//341
f 342//342 198//198 340//340
f 200//200 198//198 342//342
f 199//199 343//343 341//341
f 199//199 201//201 343//343
f 344//344 200//200 342//342
f 202//202 200//200 344//344
f 201//201 345//345 343//343
f 201//201 203//203 345//345
f 346//346 202//202 344//344
f 204//204 202//202 346//346
f 203//203 347//347 345//345
f 203//203 205//205 347//347
f 348//348 204//204 346//346
f 206//206 204//204 348//348
f 205//205 349//349 347//347
f 205//205 207//207 349//349
f 350//350 206//206 348//348
f 208//208 206//206 350//350
f 207//207 351//351 349//349
f 207//207 209//209 351//351
f 352//352 208//208 350//350
f 210//210 208//208 352//352
f 209//209 353//353 351//351
f 209//209 211//211 353//353
f 354//354 210//210 352//352
f 212//212 210//210 354//354
f 211//211 355//355 353//353
f 211//211 213//213 355//355
f 356//356 212//212 354//354
f 214//214 212//212 356//356
f 213//213 357//357 355//355
f 213//213 215//215 357//357
f 358//358 214//214 356//356
f 216//216 214//214 358//358
f 215//215 359//359 357//357
f 215//215 217//217 359//359
f 360//360 216//216 358//358
f 218//218 216//216 360//360
f 217//217 361//361 359//359
f 217//217 219//219 361//361
f 362//362 218//218 360//360
f 220//220 218//218 362//362
f 219//219 363//363 361//361
f 219//219 221//221 363//363
f 364//364 220//220 362//362
f 222//222 220//220 364//364
f 221//221 365//365 363//363
f 221//221 223//223 365//365
f 366//366 222//222 364//364
f 224//224 222//222 366//366
f 223//223 367//367 365//365
f 223//223 225//225 367//367
f 368//368 224//224 366//366
f 226//226 224//224 368//368
f 225//225 369//369 367//367
f 225//225 227//227 369//369
f 370//370 226//226 368//368
f 228//228 226//226 370//370
f 227//227 371//371 369//369
f 227//227 229//229 371//371
f 372//372 228//228 370//370
f 230//230 228//228 372//372
f 229//229 373//373 371//371
f 229//229 231//231 373//373
f 374//374 230//230 372//372
f 232//232 230//230 374//374
f 231//231 375//375 373//373
f 231//231 233//233 375//375
f 376//376 232//232 374//374
f 234//234 232//232 376//376
f 233//233 377//377 375//375
f 233//233 235//235 377//377
f 378//378 234//234 376//376
f 236//236 234//234 378//378
f 235//235 379//379 377//377
f 235//235 237//237 379//379
f 380//380 236//236 378//378
f 238//238 236//236 380//380
f 237//237 381//381 379//379
f 237//237 239//239 381//381
f 382//382 238//238 380//380
f 240//240 238//238 382//382
f 239//239 383//383 381//381
f 239//239 241//241 383//383
f 384//384 240//240 382//382
f 242//242 240//240 384//384
f 241//241 385//385 383//383
f 241//241 243//243 385//385
f 386//386 242//242 384//384
f 244//244 242//242 386//386
f 243//243 387//387 385//385
f 243//243 245//245 387//387
f 388//388 244//244 386//386
f 246//246 244//244 388//388
f 245//245 389//389 387//387
f 245//245 247//247 389//389
f 390//390 246//246 388//388
f 248//248 246//246 390//390
f 247//247 391//391 389//389
f 247//247 249//249 391//391
f 392//392 248//248 390//390
f 250//250 248//248 392//392
f 249//249 393//393 391//391
f 249//249 251//251 393//393
f 394//394 250//250 392//392
f 252//252 250//250 394//394
f 251//251 395//395 393//393
f 251//251 253//253 395//395
f 396//396 252//252 394//394
f 254//254 252//252 396//396
f 253//253 397//397 395//395
f 253//253 255//255 397//397
f 398//398 254//254 396//396
f 256//256 254//254 398//398
f 255//255 399//399 397//397
f 255//255 257//257 399//399
f 400//400 256//256 398//398
f 258//258 256//256 400//400
f 257//257 401//401 399//399
f 257//257 259//259 401//401
f 402//402 258//258 400//400
f 260//260 258//258 402//402
f 259//259 403//403 401//401
f 259//259 261//261 403//403
f 404//404 260//260 402//402
f 262//262 260//260 404//404
f 261//261 405//405 403//403
f 261//261 263//263 405//405
f 406//406 262//262 404//404
f 264//264 262//262 406//406
f 263//263 407//407 405//405
f 263//263 265//265 407//407
f 408//408 264//264 406//406
f 267//267 264//264 408//408
f 268//268 409//409 266//266
f 409//409 265//265 266//266
f 409//409 407//407 265//265
f 266//266 267//267 268//268
f 267//267 410//410 268//268
f 267//267 408//408 410//410
f 409//409 268//268 411//411
f 411//411 268//268 269//269
f 412//412 269//269 410//410
f 410//410 269//269 268//268
f 411//411 269//269 413//413
f 413//413 269//269 270//270
f 415//415 270//270 412//412
f 412//412 270//270 269//269
f 270//270 414//414 413//413
f 415//415 414//414 270//270
f 419//419 272//272 422//422
f 272//272 419//419 274//274
f 419//419 271//271 274//274
f 419//419 420//420 271//271
f 275//275 271//271 276//276
f 271//271 421//421 276//276
f 271//271 420//420 421//421
f 425//425 276//276 421//421
f 273//273 278//278 272//272
f 278//278 422//422 272//272
f 278//278 426//426 422//422
f 274//274 273//273 272//272
f 277//277 275//275 276//276
f 276//276 425//425 277//277
f 425//425 281//281 277//277
f 425//425 427//427 281//281
f 282//282 428//428 279//279
f 428//428 278//278 279//279
f 428//428 426//426 278//278
f 283//283 282//282 279//279
f 286//286 285//285 280//280
f 280//280 281//281 286//286
f 281//281 431//431 286//286
f 281//281 427//427 431//431
f 428//428 282//282 432//432
f 432//432 282//282 287//287
f 282//282 283//283 284//284
f 288//288 282//282 284//284
f 287//287 282//282 288//288
f 288//288 284//284 285//285
f 286//286 288//288 285//285
f 289//289 288//288 286//286
f 437//437 289//289 431//431
f 431//431 289//289 286//286
f 287//287 434//434 432//432
f 434//434 287//287 438//438
f 287//287 290//290 438//438
f 287//287 288//288 290//290
f 440//440 290//290 436//436
f 290//290 289//289 436//436
f 290//290 288//288 289//289
f 437//437 436//436 289//289
f 438//438 290//290 441//441
f 441//441 290//290 291//291
f 443//443 291//291 440//440
f 440//440 291//291 290//290
f 441//441 291//291 445//445
f 445//445 291//291 293//293
f 447//447 293//293 443//443
f 443//443 293//293 291//291
f 449//449 444//444 296//296
f 296//296 444//444 292//292
f 444//444 445//445 293//293
f 294//294 444//444 293//293
f 292//292 444//444 294//294
f 294//294 293//293 447//447
f 448//448 294//294 447//447
f 295//295 294//294 448//448
f 448//448 450//450 295//295
f 295//295 450//450 297//297
f 296//296 451//451 449//449
f 296//296 298//298 451//451
f 452//452 297//297 450//450
f 301//301 297//297 452//452
f 302//302 453//453 299//299
f 453//453 298//298 299//299
f 453//453 451//451 298//298
f 303//303 302//302 299//299
f 305//305 304//304 300//300
f 300//300 301//301 305//305
f 301//301 456//456 305//305
f 301//301 452//452 456//456
f 453//453 302//302 458//458
f 458//458 302//302 307//307
f 309//309 307//307 302//302
f 309//309 302//302 303//303
f 304//304 305//305 311//311
f 304//304 311//311 310//310
f 461//461 311//311 456//456
f 456//456 311//311 305//305
f 464//464 457//457 313//313
f 313//313 457//457 306//306
f 457//457 458//458 307//307
f 308//308 457//457 307//307
f 306//306 457//457 308//308
f 309//309 308//308 307//307
f 312//312 310//310 311//311
f 316//316 315//315 312//312
f 316//316 312//312 311//311
f 462//462 316//316 311//311
f 461//461 462//462 311//311
f 465//465 316//316 462//462
f 463//463 317//317 467//467
f 318//318 317//317 463//463
f 313//313 318//318 463//463
f 464//464 313//313 463//463
f 314//314 318//318 313//313
f 319//319 318//318 314//314
f 315//315 316//316 321//321
f 315//315 321//321 320//320
f 466//466 322//322 465//465
f 322//322 316//316 465//465
f 322//322 321//321 316//316
f 472//472 322//322 466//466
f 467//467 317//317 473//473
f 473//473 317//317 323//323
f 318//318 323//323 317//317
f 324//324 323//323 318//318
f 325//325 324//324 318//318
f 325//325 318//318 319//319
f 320//320 321//321 327//327
f 320//320 327//327 326//326
f 322//322 327//327 321//321
f 328//328 327//327 322//322
f 480//480 328//328 472//472
f 472//472 328//328 322//322
f 323//323 475//475 473//473
f 475//475 323//323 481//481
f 323//323 329//329 481//481
f 323//323 324//324 329//329
f 330//330 329//329 324//324
f 330//330 324//324 325//325
f 326//326 327//327 332//332
f 326//326 332//332 331//331
f 486//486 332//332 479//479
f 332//332 328//328 479//479
f 332//332 327//327 328//328
f 480//480 479//479 328//328
f 329//329 483//483 481//481
f 487//487 483//483 329//329
f 330//330 487//487 329//329
f 333//333 487//487 330//330
f 331//331 332//332 485//485
f 488//488 331//331 485//485
f 334//334 331//331 488//488
f 486//486 485//485 332//332
f 333//333 489//489 487//487
f 333//333 335//335 489//489
f 492//492 334//334 488//488
f 338//338 334//334 492//492
f 335//335 336//336 489//489
f 489//489 336//336 490//490
f 493//493 490//490 336//336
f 493//493 336//336 339//339
f 491//491 494//494 340//340
f 491//491 340//340 337//337
f 337//337 338//338 491//491
f 491//491 338//338 492//492
f 339//339 495//495 493//493
f 339//339 341//341 495//495
f 496//496 340//340 494//494
f 342//342 340//340 496//496
f 341//341 497//497 495//495
f 341//341 343//343 497//497
f 498//498 342//342 496//496
f 344//344 342//342 498//498
f 343//343 499//499 497//497
f 343//343 345//345 499//499
f 500//500 344//344 498//498
f 346//346 344//344 500//500
f 345//345 501//501 499//499
f 345//345 347//347 501//501
f 502//502 346//346 500//500
f 348//348 346//346 502//502
f 347//347 503//503 501//501
f 347//347 349//349 503//503
f 504//504 348//348 502//502
f 350//350 348//348 504//504
f 349//349 505//505 503//503
f 349//349 351//351 505//505
f 506//506 350//350 504//504
f 352//352 350//350 506//506
f 351//351 507//507 505//505
f 351//351 353//353 507//507
f 508//508 352//352 506//506
f 354//354 352//352 508//508
f 353//353 509//509 507//507
f 353//353 355//355 509//509
f 510//510 354//354 508//508
f 356//356 354//354 510//510
f 355//355 511//511 509//509
f 355//355 357//357 511//511
f 512//512 356//356 510//510
f 358//358 356//356 512//512
f 357//357 513//513 511//511
f 357//357 359//359 513//513
f 514//514 358//358 512//512
f 360//360 358//358 514//514
f 359//359 515//515 513//513
f 359//359 361//361 515//515
f 516//516 360//360 514//514
f 362//362 360//360 516//516
f 361//361 517//517 515//515
f 361//361 363//363 517//517
f 518//518 362//362 516//516
f 364//364 362//362 518//518
f 363//363 519//519 517//517
f 363//363 365//365 519//519
f 520//520 364//364 518//518
f 366//366 364//364 520//520
f 365//365 521//521 519//519
f 365//365 367//367 521//521
f 522//522 366//366 520//520
f 368//368 366//366 522//522
f 367//367 523//523 521//521
f 367//367 369//369 523//523
f 524//524 368//368 522//522
f 370//370 368//368 524//524
f 369//369 525//525 523//523
f 369//369 371//371 525//525
f 526//526 370//370 524//524
f 372//372 370//370 526//526
f 371//371 527//527 525//525
f 371//371 373//373 527//527
f 528//528 372//372 526//526
f 374//374 372//372 528//528
f 373//373 529//529 527//527
f 373//373 375//375 529//529
f 530//530 374//374 528//528
f 376//376 374//374 530//530
f 375//375 531//531 529//529
f 375//375 377//377 531//531
f 532//532 376//376 530//530
f 378//378 376//376 532//532
f 377//377 533//533 531//531
f 377//377 379//379 533//533
f 534//534 378//378 532//532
f 380//380 378//378 534//534
f 379//379 535//535 533//533
f 379//379 381//381 535//535
f 536//536 380//380 534//534
f 382//382 380//380 536//536
f 381//381 537//537 535//535
f 381//381 383//383 537//537
f 538//538 382//382 536//536
f 384//384 382//382 538//538
f 383//383 539//539 537//537
f 383//383 385//385 539//539
f 540//540 384//384 538//538
f 386//386 384//384 540//540
f 385//385 541//541 539//539
f 385//385 387//387 541//541
f 542//542 386//386 540//540
f 388//388 386//386 542//542
f 387//387 543//543 541//541
f 387//387 389//389 543//543
f 544//544 388//388 542//542
f 390//390 388//388 544//544
f 389//389 545//545 543//543
f 389//389 391//391 545//545
f 546//546 390//390 544//544
f 392//392 390//390 546//546
f 391//391 547//547 545//545
f 391//391 393//393 547//547
f 548//548 392//392 546//546
f 394//394 392//392 548//548
f 393//393 549//549 547//547
f 393//393 395//395 549//549
f 550//550 394//394 548//548
f 396//396 394//394 550//550
f 395//395 551//551 549//549
f 395//395 397//397 551//551
f 552//552 396//396 550//550
f 398//398 396//396 552//552
f 397//397 553//553 551//551
f 397//397 399//399 553//553
f 554//554 398//398 552//552
f 400//400 398//398 554//554
f 399//399 555//555 553//553
f 399//399 401//401 555//555
f 556//556 400//400 554//554
f 402//402 400//400 556//556
f 401//401 557//557 555//555
f 401//401 403//403 557//557
f 558//558 402//402 556//556
f 404//404 402//402 558//558
f 403//403 559//559 557//557
f 403//403 405//405 559//559
f 560//560 404//404 558//558
f 406//406 404//404 560//560
f 405//405 561//561 559//559
f 405//405 407//407 561//561
f 562//562 406//406 560//560
f 408//408 406//406 562//562
f 407//407 563//563 561//561
f 407//407 409//409 563//563
f 564//564 408//408 562//562
f 410//410 408//408 564//564
f 409//409 565//565 563//563
f 409//409 411//411 565//565
f 566//566 410//410 564//564
f 412//412 410//410 566//566
f 411//411 567//567 565//565
f 411//411 413//413 567//567
f 568//568 412//412 566//566
f 415//415 412//412 568//568
f 416//416 569//569 414//414
f 569//569 413//413 414//414
f 569//569 567//567 413//413
f 414//414 415//415 416//416
f 415//415 571//571 416//416
f 415//415 568//568 571//571
f 569//569 416//416 572//572
f 572//572 416//416 417//417
f 574//574 417//417 571//571
f 571//571 417//417 416//416
f 572//572 417//417 575//575
f 575//575 417//417 418//418
f 578//578 418//418 574//574
f 574//574 418//418 417//417
f 418//418 577//577 575//575
f 578//578 577//577 418//418
f 422//422 423//423 419//419
f 581//581 579//579 423//423
f 579//579 419//419 423//423
f 579//579 420//420 419//419
f 424//424 421//421 583//583
f 421//421 579//579 583//583
f 421//421 420//420 579//579
f 424//424 425//425 421//421
f 423//423 422//422 580//580
f 422//422 585//585 580//580
f 422//422 426//426 585//585
f 580//580 581//581 423//423
f 584//584 424//424 583//583
f 584//584 591//591 424//424
f 591//591 425//425 424//424
f 591//591 427//427 425//425
f 587//587 585//585 429//429
f 585//585 428//428 429//429
f 585//585 426//426 428//428
f 429//429 592//592 587//587
f 430//430 590//590 594//594
f 430//430 431//431 590//590
f 431//431 591//591 590//590
f 431//431 427//427 591//591
f 429//429 428//428 433//433
f 433//433 428//428 432//432
f 433//433 595//595 592//592
f 433//433 592//592 429//429
f 430//430 594//594 598//598
f 430//430 598//598 435//435
f 435//435 437//437 430//430
f 430//430 437//437 431//431
f 432//432 434//434 433//433
f 438//438 439//439 434//434
f 434//434 439//439 433//433
f 439//439 597//597 433//433
f 597//597 595//595 433//433
f 440//440 436//436 435//435
f 440//440 435//435 598//598
f 439//439 440//440 598//598
f 597//597 439//439 598//598
f 436//436 437//437 435//435
f 439//439 438//438 442//442
f 442//442 438//438 441//441
f 442//442 443//443 439//439
f 439//439 443//443 440//440
f 442//442 441//441 446//446
f 446//446 441//441 445//445
f 446//446 447//447 442//442
f 442//442 447//447 443//443
f 602//602 599//599 449//449
f 449//449 599//599 444//444
f 600//600 446//446 445//445
f 444//444 600//600 445//445
f 599//599 600//600 444//444
f 448//448 447//447 446//446
f 600//600 448//448 446//446
f 601//601 448//448 600//600
f 601//601 603//603 448//448
f 448//448 603//603 450//450
f 449//449 604//604 602//602
f 449//449 451//451 604//604
f 607//607 450//450 603//603
f 452//452 450//450 607//607
f 605//605 604//604 454//454
f 604//604 453//453 454//454
f 604//604 451//451 453//453
f 454//454 608//608 605//605
f 455//455 606//606 610//610
f 455//455 456//456 606//606
f 456//456 607//607 606//606
f 456//456 452//452 607//607
f 454//454 453//453 459//459
f 459//459 453//453 458//458
f 459//459 613//613 608//608
f 459//459 608//608 454//454
f 455//455 610//610 615//615
f 455//455 615//615 460//460
f 460//460 461//461 455//455
f 455//455 461//461 456//456
f 618//618 611//611 464//464
f 464//464 611//611 457//457
f 612//612 459//459 458//458
f 457//457 612//612 458//458
f 611//611 612//612 457//457
f 612//612 613//613 459//459
f 616//616 460//460 615//615
f 462//462 461//461 460//460
f 616//616 462//462 460//460
f 617//617 462//462 616//616
f 617//617 623//623 462//462
f 462//462 623//623 465//465
f 467//467 468//468 463//463
f 618//618 464//464 620//620
f 464//464 468//468 620//620
f 468//468 469//469 620//620
f 468//468 464//464 463//463
f 469//469 624//624 620//620
f 470//470 622//622 625//625
f 470//470 471//471 622//622
f 471//471 465//465 622//622
f 465//465 623//623 622//622
f 471//471 466//466 465//465
f 471//471 472//472 466//466
f 468//468 467//467 474//474
f 474//474 467//467 473//473
f 474//474 469//469 468//468
f 474//474 476//476 469//469
f 476//476 626//626 624//624
f 476//476 624//624 469//469
f 470//470 625//625 628//628
f 470//470 628//628 477//477
f 477//477 471//471 470//470
f 477//477 478//478 471//471
f 478//478 480//480 471//471
f 471//471 480//480 472//472
f 473//473 475//475 474//474
f 481//481 482//482 475//475
f 482//482 474//474 475//475
f 482//482 476//476 474//474
f 482//482 629//629 626//626
f 482//482 626//626 476//476
f 477//477 628//628 631//631
f 477//477 631//631 484//484
f 479//479 478//478 486//486
f 478//478 484//484 486//486
f 478//478 477//477 484//484
f 479//479 480//480 478//478
f 481//481 483//483 482//482
f 629//629 482//482 483//483
f 487//487 629//629 483//483
f 632//632 629//629 487//487
f 488//488 485//485 484//484
f 631//631 488//488 484//484
f 634//634 488//488 631//631
f 485//485 486//486 484//484
f 487//487 635//635 632//632
f 487//487 489//489 635//635
f 638//638 488//488 634//634
f 492//492 488//488 638//638
f 489//489 490//490 635//635
f 635//635 490//490 636//636
f 639//639 636//636 490//490
f 639//639 490//490 493//493
f 637//637 640//640 494//494
f 637//637 494//494 491//491
f 491//491 492//492 637//637
f 637//637 492//492 638//638
f 493//493 641//641 639//639
f 493//493 495//495 641//641
f 642//642 494//494 640//640
f 496//496 494//494 642//642
f 495//495 643//643 641//641
f 495//495 497//497 643//643
f 644//644 496//496 642//642
f 498//498 496//496 644//644
f 497//497 645//645 643//643
f 497//497 499//499 645//645
f 646//646 498//498 644//644
f 500//500 498//498 646//646
f 499//499 647//647 645//645
f 499//499 501//501 647//647
f 648//648 500//500 646//646
f 502//502 500//500 648//648
f 501//501 649//649 647//647
f 501//501 503//503 649//649
f 650//650 502//502 648//648
f 504//504 502//502 650//650
f 503//503 651//651 649//649
f 503//503 505//505 651//651
f 652//652 504//504 650//650
f 506//506 504//504 652//652
f 505//505 653//653 651//651
f 505//505 507//507 653//653
f 654//654 506//506 652//652
f 508//508 506//506 654//654
f 507//507 655//655 653//653
f 507//507 509//509 655//655
f 656//656 508//508 654//654
f 510//510 508//508 656//656
f 509//509 657//657 655//655
f 509//509 511//511 657//657
f 658//658 510//510 656//656
f 512//512 510//510 658//658
f 511//511 659//659 657//657
f 511//511 513//513 659//659
f 660//660 512//512 658//658
f 514//514 512//512 660//660
f 513//513 661//661 659//659
f 513//513 515//515 661//661
f 662//662 514//514 660//660
f 516//516 514//514 662//662
f 515//515 663//663 661//661
f 515//515 517//517 663//663
f 664//664 516//516 662//662
f 518//518 516//516 664//664
f 517//517 665//665 663//663
f 517//517 519//519 665//665
f 666//666 518//518 664//664
f 520//520 518//518 666//666
f 519//519 667//667 665//665
f 519//519 521//521 667//667
f 668//668 520//520 666//666
f 522//522 520//520 668//668
f 521//521 669//669 667//667
f 521//521 523//523 669//669
f 670//670 522//522 668//668
f 524//524 522//522 670//670
f 523//523 671//671 669//669
f 523//523 525//525 671//671
f 672//672 524//524 670//670
f 526//526 524//524 672//672
f 525//525 673//673 671//671
f 525//525 527//527 673//673
f 674//674 526//526 672//672
f 528//528 526//526 674//674
f 527//527 675//675 673//673
f 527//527 529//529 675//675
f 676//676 528//528 674//674
f 530//530 528//528 676//676
f 529//529 677//677 675//675
f 529//529 531//531 677//677
f 678//678 530//530 676//676
f 532//532 530//530 678//678
f 531//531 679//679 677//677
f 531//531 533//533 679//679
f 680//680 532//532 678//678
f 534//534 532//532 680//680
f 533//533 681//681 679//679
f 533//533 535//535 681//681
f 682//682 534//534 680//680
f 536//536 534//534 682//682
f 535//535 683//683 681//681
f 535//535 537//537 683//683
f 684//684 536//536 682//682
f 538//538 536//536 684//684
f 537//537 685//685 683//683
f 537//537 539//539 685//685
f 686//686 538//538 684//684
f 540//540 538//538 686//686
f 539//539 687//687 685//685
f 539//539 541//541 687//687
f 688//688 540//540 686//686
f 542//542 540//540 688//688
f 541//541 689//689 687//687
f 541//541 543//543 689//689
f 690//690 542//542 688//688
f 544//544 542//542 690//690
f 543//543 691//691 689//689
f 543//543 545//545 691//691
f 692//692 544//544 690//690
f 546//546 544//544 692//692
f 545//545 693//693 691//691
f 545//545 547//547 693//693
f 694//694 546//546 692//692
f 548//548 546//546 694//694
f 547//547 695//695 693//693
f 547//547 549//549 695//695
f 696//696 548//548 694//694
f 550//550 548//548 696//696
f 549//549 697//697 695//695
f 549//549 551//551 697//697
f 698//698 550//550 696//696
f 552//552 550//550 698//698
f 551//551 699//699 697//697
f 551//551 553//553 699//699
f 700//700 552//552 698//698
f 554//554 552//552 700//700
f 553//553 701//701 699//699
f 553//553 555//555 701//701
f 702//702 554//554 700//700
f 556//556 554//554 702//702
f 555//555 703//703 701//701
f 555//555 557//557 703//703
f 704//704 556//556 702//702
f 558//558 556//556 704//704
f 557//557 705//705 703//703
f 557//557 559//559 705//705
f 706//706 558//558 704//704
f 560//560 558//558 706//706
f 559//559 707//707 705//705
f 559//559 561//561 707//707
f 708//708 560//560 706//706
f 562//562 560//560 708//708
f 561//561 709//709 707//707
f 561//561 563//563 709//709
f 711//711 562//562 708//708
f 564//564 562//562 711//711
f 563//563 712//712 709//709
f 563//563 565//565 712//712
f 714//714 564//564 711//711
f 566//566 564//564 714//714
f 565//565 715//715 712//712
f 565//565 567//567 715//715
f 718//718 566//566 714//714
f 568//568 566//566 718//718
f 717//717 715//715 570//570
f 715//715 569//569 570//570
f 715//715 567//567 569//569
f 570//570 571//571 717//717
f 571//571 718//718 717//717
f 571//571 568//568 718//718
f 570//570 569//569 573//573
f 573//573 569//569 572//572
f 573//573 574//574 570//570
f 570//570 574//574 571//571
f 573//573 572//572 576//576
f 576//576 572//572 575//575
f 576//576 578//578 573//573
f 573//573 578//578 574//574
f 575//575 577//577 576//576
f 577//577 578//578 576//576
f 581//581 582//582 579//579
f 582//582 583//583 579//579
f 585//585 586//586 580//580
f 580//580 586//586 581//581
f 586//586 582//582 581//581
f 586//586 588//588 582//582
f 583//583 582//582 584//584
f 582//582 589//589 584//584
f 582//582 588//588 589//589
f 589//589 591//591 584//584
f 585//585 587//587 586//586
f 592//592 593//593 587//587
f 593//593 586//586 587//587
f 593//593 588//588 586//586
f 590//590 589//589 594//594
f 589//589 593//593 594//594
f 589//589 588//588 593//593
f 590//590 591//591 589//589
f 593//593 592//592 596//596
f 596//596 592//592 595//595
f 596//596 598//598 593//593
f 593//593 598//598 594//594
f 595//595 597//597 596//596
f 597//597 598//598 596//596
f 722//722 719//719 602//602
f 602//602 719//719 599//599
f 720//720 599//599 719//719
f 720//720 600//600 599//599
f 721//721 600//600 720//720
f 721//721 601//601 600//600
f 721//721 726//726 601//601
f 601//601 726//726 603//603
f 602//602 727//727 722//722
f 602//602 604//604 727//727
f 734//734 603//603 726//726
f 607//607 603//603 734//734
f 604//604 605//605 727//727
f 727//727 605//605 729//729
f 605//605 608//608 609//609
f 731//731 605//605 609//609
f 729//729 605//605 731//731
f 731//731 609//609 610//610
f 606//606 731//731 610//610
f 733//733 731//731 606//606
f 606//606 607//607 733//733
f 733//733 607//607 734//734
f 609//609 608//608 614//614
f 614//614 608//608 613//613
f 614//614 615//615 609//609
f 609//609 615//615 610//610
f 618//618 619//619 611//611
f 738//738 735//735 619//619
f 735//735 611//611 619//619
f 735//735 612//612 611//611
f 736//736 614//614 613//613
f 612//612 736//736 613//613
f 735//735 736//736 612//612
f 616//616 615//615 614//614
f 736//736 616//616 614//614
f 737//737 616//616 736//736
f 621//621 617//617 742//742
f 617//617 737//737 742//742
f 617//617 616//616 737//737
f 621//621 623//623 617//617
f 618//618 620//620 619//619
f 738//738 619//619 620//620
f 624//624 738//738 620//620
f 743//743 738//738 624//624
f 625//625 622//622 621//621
f 742//742 625//625 621//621
f 748//748 625//625 742//742
f 622//622 623//623 621//621
f 624//624 749//749 743//743
f 624//624 626//626 749//749
f 627//627 747//747 750//750
f 627//627 628//628 747//747
f 628//628 748//748 747//747
f 628//628 625//625 748//748
f 626//626 752//752 749//749
f 626//626 629//629 752//752
f 627//627 750//750 754//754
f 627//627 754//754 630//630
f 630//630 631//631 627//627
f 627//627 631//631 628//628
f 629//629 755//755 752//752
f 629//629 632//632 755//755
f 630//630 754//754 757//757
f 630//630 757//757 633//633
f 633//633 634//634 630//630
f 630//630 634//634 631//631
f 632//632 759//759 755//755
f 632//632 635//635 759//759
f 758//758 633//633 757//757
f 758//758 764//764 633//633
f 764//764 634//634 633//633
f 764//764 638//638 634//634
f 635//635 636//636 759//759
f 759//759 636//636 761//761
f 765//765 761//761 636//636
f 765//765 636//636 639//639
f 763//763 767//767 640//640
f 763//763 640//640 637//637
f 637//637 638//638 763//763
f 763//763 638//638 764//764
f 639//639 768//768 765//765
f 639//639 641//641 768//768
f 770//770 640//640 767//767
f 642//642 640//640 770//770
f 641//641 771//771 768//768
f 641//641 643//643 771//771
f 773//773 642//642 770//770
f 644//644 642//642 773//773
f 643//643 774//774 771//771
f 643//643 645//645 774//774
f 776//776 644//644 773//773
f 646//646 644//644 776//776
f 645//645 777//777 774//774
f 645//645 647//647 777//777
f 779//779 646//646 776//776
f 648//648 646//646 779//779
f 647//647 780//780 777//777
f 647//647 649//649 780//780
f 782//782 648//648 779//779
f 650//650 648//648 782//782
f 649//649 783//783 780//780
f 649//649 651//651 783//783
f 785//785 650//650 782//782
f 652//652 650//650 785//785
f 651//651 786//786 783//783
f 651//651 653//653 786//786
f 788//788 652//652 785//785
f 654//654 652//652 788//788
f 653//653 789//789 786//786
f 653//653 655//655 789//789
f 791//791 654//654 788//788
f 656//656 654//654 791//791
f 655//655 792//792 789//789
f 655//655 657//657 792//792
f 794//794 656//656 791//791
f 658//658 656//656 794//794
f 657//657 795//795 792//792
f 657//657 659//659 795//795
f 797//797 658//658 794//794
f 660//660 658//658 797//797
f 659//659 798//798 795//795
f 659//659 661//661 798//798
f 800//800 660//660 797//797
f 662//662 660//660 800//800
f 661//661 801//801 798//798
f 661//661 663//663 801//801
f 803//803 662//662 800//800
f 664//664 662//662 803//803
f 663//663 804//804 801//801
f 663//663 665//665 804//804
f 806//806 664//664 803//803
f 666//666 664//664 806//806
f 665//665 807//807 804//804
f 665//665 667//667 807//807
f 809//809 666//666 806//806
f 668//668 666//666 809//809
f 667//667 810//810 807//807
f 667//667 669//669 810//810
f 812//812 668//668 809//809
f 670//670 668//668 812//812
f 669//669 813//813 810//810
f 669//669 671//671 813//813
f 815//815 670//670 812//812
f 672//672 670//670 815//815
f 671//671 816//816 813//813
f 671//671 673//673 816//816
f 818//818 672//672 815//815
f 674//674 672//672 818//818
f 673//673 819//819 816//816
f 673//673 675//675 819//819
f 821//821 674//674 818//818
f 676//676 674//674 821//821
f 675//675 822//822 819//819
f 675//675 677//677 822//822
f 824//824 676//676 821//821
f 678//678 676//676 824//824
f 677//677 825//825 822//822
f 677//677 679//679 825//825
f 827//827 678//678 824//824
f 680//680 678//678 827//827
f 679//679 828//828 825//825
f 679//679 681//681 828//828
f 830//830 680//680 827//827
f 682//682 680//680 830//830
f 681//681 831//831 828//828
f 681//681 683//683 831//831
f 832//832 682//682 830//830
f 684//684 682//682 832//832
f 683//683 833//833 831//831
f 683//683 685//685 833//833
f 834//834 684//684 832//832
f 686//686 684//684 834//834
f 685//685 835//835 833//833
f 685//685 687//687 835//835
f 836//836 686//686 834//834
f 688//688 686//686 836//836
f 687//687 837//837 835//835
f 687//687 689//689 837//837
f 838//838 688//688 836//836
f 690//690 688//688 838//838
f 689//689 839//839 837//837
f 689//689 691//691 839//839
f 840//840 690//690 838//838
f 692//692 690//690 840//840
f 691//691 841//841 839//839
f 691//691 693//693 841//841
f 842//842 692//692 840//840
f 694//694 692//692 842//842
f 693//693 843//843 841//841
f 693//693 695//695 843//843
f 844//844 694//694 842//842
f 696//696 694//694 844//844
f 695//695 845//845 843//843
f 695//695 697//697 845//845
f 846//846 696//696 844//844
f 698//698 696//696 846//846
f 697//697 847//847 845//845
f 697//697 699//699 847//847
f 848//848 698//698 846//846
f 700//700 698//698 848//848
f 699//699 849//849 847//847
f 699//699 701//701 849//849
f 850//850 700//700 848//848
f 702//702 700//700 850//850
f 701//701 851//851 849//849
f 701//701 703//703 851//851
f 853//853 702//702 850//850
f 704//704 702//702 853//853
f 703//703 854//854 851//851
f 703//703 705//705 854//854
f 856//856 704//704 853//853
f 706//706 704//704 856//856
f 705//705 857//857 854//854
f 705//705 707//707 857//857
f 860//860 706//706 856//856
f 708//708 706//706 860//860
f 859//859 857//857 710//710
f 857//857 709//709 710//710
f 857//857 707//707 709//709
f 710//710 711//711 859//859
f 711//711 860//860 859//859
f 711//711 708//708 860//860
f 710//710 709//709 713//713
f 713//713 709//709 712//712
f 713//713 714//714 710//710
f 710//710 714//714 711//711
f 713//713 712//712 716//716
f 716//716 712//712 715//715
f 716//716 718//718 713//713
f 713//713 718//718 714//714
f 715//715 717//717 716//716
f 717//717 718//718 716//716
f 722//722 723//723 719//719
f 719//719 723//723 720//720
f 720//720 723//723 724//724
f 720//720 724//724 721//721
f 721//721 724//724 725//725
f 725//725 726//726 721//721
f 723//723 722//722 728//728
f 728//728 722//722 727//727
f 728//728 724//724 723//723
f 728//728 730//730 724//724
f 730//730 725//725 724//724
f 730//730 732//732 725//725
f 732//732 734//734 725//725
f 725//725 734//734 726//726
f 727//727 729//729 728//728
f 728//728 729//729 730//730
f 730//730 729//729 731//731
f 730//730 731//731 732//732
f 732//732 731//731 733//733
f 733//733 734//734 732//732
f 738//738 739//739 735//735
f 735//735 739//739 736//736
f 736//736 739//739 740//740
f 736//736 740//740 737//737
f 737//737 740//740 741//741
f 741//741 742//742 737//737
f 739//739 738//738 744//744
f 744//744 738//738 743//743
f 744//744 740//740 739//739
f 744//744 745//745 740//740
f 745//745 741//741 740//740
f 745//745 746//746 741//741
f 746//746 748//748 741//741
f 741//741 748//748 742//742
f 744//744 743//743 861//861
f 743//743 864//864 861//861
f 743//743 749//749 864//864
f 862//862 745//745 744//744
f 862//862 744//744 861//861
f 750//750 862//862 863//863
f 751//751 750//750 863//863
f 750//750 745//745 862//862
f 746//746 750//750 747//747
f 750//750 746//746 745//745
f 747//747 748//748 746//746
f 870//870 751//751 863//863
f 866//866 864//864 753//753
f 864//864 752//752 753//753
f 864//864 749//749 752//752
f 753//753 872//872 866//866
f 750//750 751//751 869//869
f 873//873 750//750 869//869
f 754//754 750//750 873//873
f 870//870 869//869 751//751
f 753//753 752//752 756//756
f 756//756 752//752 755//755
f 756//756 875//875 872//872
f 756//756 872//872 753//753
f 877//877 754//754 873//873
f 757//757 754//754 877//877
f 756//756 755//755 760//760
f 760//760 755//755 759//759
f 760//760 878//878 875//875
f 760//760 875//875 756//756
f 880//880 762//762 758//758
f 757//757 880//880 758//758
f 877//877 880//880 757//757
f 762//762 764//764 758//758
f 759//759 761//761 760//760
f 765//765 766//766 761//761
f 761//761 766//766 760//760
f 766//766 879//879 760//760
f 879//879 878//878 760//760
f 767//767 763//763 762//762
f 767//767 762//762 880//880
f 766//766 767//767 880//880
f 879//879 766//766 880//880
f 763//763 764//764 762//762
f 766//766 765//765 769//769
f 769//769 765//765 768//768
f 769//769 770//770 766//766
f 766//766 770//770 767//767
f 769//769 768//768 772//772
f 772//772 768//768 771//771
f 772//772 773//773 769//769
f 769//769 773//773 770//770
f 772//772 771//771 775//775
f 775//775 771//771 774//774
f 775//775 776//776 772//772
f 772//772 776//776 773//773
f 775//775 774//774 778//778
f 778//778 774//774 777//777
f 778//778 779//779 775//775
f 775//775 779//779 776//776
f 778//778 777//777 781//781
f 781//781 777//777 780//780
f 781//781 782//782 778//778
f 778//778 782//782 779//779
f 781//781 780//780 784//784
f 784//784 780//780 783//783
f 784//784 785//785 781//781
f 781//781 785//785 782//782
f 784//784 783//783 787//787
f 787//787 783//783 786//786
f 787//787 788//788 784//784
f 784//784 788//788 785//785
f 787//787 786//786 790//790
f 790//790 786//786 789//789
f 790//790 791//791 787//787
f 787//787 791//791 788//788
f 790//790 789//789 793//793
f 793//793 789//789 792//792
f 793//793 794//794 790//790
f 790//790 794//794 791//791
f 793//793 792//792 796//796
f 796//796 792//792 795//795
f 796//796 797//797 793//793
f 793//793 797//797 794//794
f 796//796 795//795 799//799
f 799//799 795//795 798//798
f 799//799 800//800 796//796
f 796//796 800//800 797//797
f 799//799 798//798 802//802
f 802//802 798//798 801//801
f 802//802 803//803 799//799
f 799//799 803//803 800//800
f 802//802 801//801 805//805
f 805//805 801//801 804//804
f 805//805 806//806 802//802
f 802//802 806//806 803//803
f 805//805 804//804 808//808
f 808//808 804//804 807//807
f 808//808 809//809 805//805
f 805//805 809//809 806//806
f 808//808 807//807 811//811
f 811//811 807//807 810//810
f 811//811 812//812 808//808
f 808//808 812//812 809//809
f 811//811 810//810 814//814
f 814//814 810//810 813//813
f 814//814 815//815 811//811
f 811//811 815//815 812//812
f 814//814 813//813 817//817
f 817//817 813//813 816//816
f 817//817 818//818 814//814
f 814//814 818//818 815//815
f 817//817 816//816 820//820
f 820//820 816//816 819//819
f 820//820 821//821 817//817
f 817//817 821//821 818//818
f 820//820 819//819 823//823
f 823//823 819//819 822//822
f 823//823 824//824 820//820
f 820//820 824//824 821//821
f 823//823 822//822 826//826
f 826//826 822//822 825//825
f 826//826 827//827 823//823
f 823//823 827//827 824//824
f 826//826 825//825 829//829
f 829//829 825//825 828//828
f 829//829 830//830 826//826
f 826//826 830//830 827//827
f 829//829 828//828 882//882
f 828//828 883//883 882//882
f 828//828 831//831 883//883
f 882//882 885//885 829//829
f 885//885 830//830 829//829
f 885//885 832//832 830//830
f 831//831 886//886 883//883
f 831//831 833//833 886//886
f 888//888 832//832 885//885
f 834//834 832//832 888//888
f 833//833 889//889 886//886
f 833//833 835//835 889//889
f 891//891 834//834 888//888
f 836//836 834//834 891//891
f 835//835 892//892 889//889
f 835//835 837//837 892//892
f 894//894 836//836 891//891
f 838//838 836//836 894//894
f 837//837 895//895 892//892
f 837//837 839//839 895//895
f 897//897 838//838 894//894
f 840//840 838//838 897//897
f 839//839 898//898 895//895
f 839//839 841//841 898//898
f 900//900 840//840 897//897
f 842//842 840//840 900//900
f 841//841 901//901 898//898
f 841//841 843//843 901//901
f 903//903 842//842 900//900
f 844//844 842//842 903//903
f 843//843 904//904 901//901
f 843//843 845//845 904//904
f 906//906 844//844 903//903
f 846//846 844//844 906//906
f 845//845 907//907 904//904
f 845//845 847//847 907//907
f 909//909 846//846 906//906
f 848//848 846//846 909//909
f 847//847 910//910 907//907
f 847//847 849//849 910//910
f 913//913 848//848 909//909
f 850//850 848//848 913//913
f 912//912 910//910 852//852
f 910//910 851//851 852//852
f 910//910 849//849 851//851
f 852//852 853//853 912//912
f 853//853 913//913 912//912
f 853//853 850//850 913//913
f 852//852 851//851 855//855
f 855//855 851//851 854//854
f 855//855 856//856 852//852
f 852//852 856//856 853//853
f 855//855 854//854 858//858
f 858//858 854//854 857//857
f 858//858 860//860 855//855
f 855//855 860//860 856//856
f 857//857 859//859 858//858
f 859//859 860//860 858//858
f 864//864 865//865 861//861
f 861//861 865//865 862//862
f 862//862 865//865 867//867
f 862//862 867//867 863//863
f 863//863 867//867 868//868
f 868//868 870//870 863//863
f 871//871 917//917 914//914
f 864//864 866//866 865//865
f 872//872 867//867 865//865
f 866//866 872//872 865//865
f 872//872 915//915 867//867
f 914//914 872//872 871//871
f 872//872 914//914 915//915
f 873//873 915//915 916//916
f 874//874 873//873 916//916
f 873//873 867//867 915//915
f 868//868 873//873 869//869
f 873//873 868//868 867//867
f 869//869 870//870 868//868
f 924//924 874//874 916//916
f 871//871 919//919 917//917
f 872//872 875//875 871//871
f 875//875 921//921 871//871
f 921//921 919//919 871//871
f 875//875 876//876 921//921
f 923//923 921//921 876//876
f 873//873 923//923 876//876
f 877//877 873//873 876//876
f 923//923 873//873 874//874
f 924//924 923//923 874//874
f 876//876 875//875 927//927
f 875//875 929//929 927//927
f 875//875 878//878 929//929
f 927//927 931//931 876//876
f 931//931 877//877 876//876
f 931//931 880//880 877//877
f 881//881 932//932 879//879
f 932//932 878//878 879//879
f 932//932 929//929 878//878
f 879//879 880//880 881//881
f 880//880 935//935 881//881
f 880//880 931//931 935//935
f 881//881 934//934 932//932
f 935//935 934//934 881//881
f 883//883 884//884 882//882
f 884//884 885//885 882//882
f 884//884 883//883 887//887
f 887//887 883//883 886//886
f 887//887 888//888 884//884
f 884//884 888//888 885//885
f 887//887 886//886 890//890
f 890//890 886//886 889//889
f 890//890 891//891 887//887
f 887//887 891//891 888//888
f 890//890 889//889 893//893
f 893//893 889//889 892//892
f 893//893 894//894 890//890
f 890//890 894//894 891//891
f 893//893 892//892 896//896
f 896//896 892//892 895//895
f 896//896 897//897 893//893
f 893//893 897//897 894//894
f 896//896 895//895 899//899
f 899//899 895//895 898//898
f 899//899 900//900 896//896
f 896//896 900//900 897//897
f 899//899 898//898 902//902
f 902//902 898//898 901//901
f 902//902 903//903 899//899
f 899//899 903//903 900//900
f 902//902 901//901 905//905
f 905//905 901//901 904//904
f 905//905 906//906 902//902
f 902//902 906//906 903//903
f 905//905 904//904 908//908
f 908//908 904//904 907//907
f 908//908 909//909 905//905
f 905//905 909//909 906//906
f 908//908 907//907 911//911
f 911//911 907//907 910//910
f 911//911 913//913 908//908
f 908//908 913//913 909//909
f 910//910 912//912 911//911
f 912//912 913//913 911//911
f 917//917 918//918 914//914
f 914//914 918//918 915//915
f 915//915 918//918 920//920
f 915//915 920//920 916//916
f 916//916 920//920 922//922
f 922//922 924//924 916//916
f 925//925 939//939 936//936
f 917//917 919//919 918//918
f 937//937 925//925 936//936
f 926//926 925//925 937//937
f 920//920 918//918 919//919
f 921//921 920//920 919//919
f 938//938 926//926 937//937
f 928//928 926//926 938//938
f 922//922 920//920 921//921
f 923//923 922//922 921//921
f 923//923 924//924 922//922
f 946//946 928//928 938//938
f 925//925 941//941 939//939
f 941//941 925//925 943//943
f 925//925 926//926 943//943
f 929//929 930//930 927//927
f 928//928 945//945 926//926
f 945//945 943//943 926//926
f 931//931 927//927 930//930
f 946//946 945//945 928//928
f 930//930 929//929 933//933
f 933//933 929//929 932//932
f 933//933 935//935 930//930
f 930//930 935//935 931//931
f 932//932 934//934 933//933
f 934//934 935//935 933//933
f 939//939 940//940 936//936
f 936//936 940//940 937//937
f 937//937 940//940 942//942
f 937//937 942//942 938//938
f 938//938 942//942 944//944
f 944//944 946//946 938//938
f 939//939 941//941 940//940
f 940//940 941//941 942//942
f 942//942 941//941 943//943
f 942//942 943//943 944//944
f 944//944 943//943 945//945
f 945//945 946//946 944//944
# 1880 faces, 0 coords texture

# End of File
